entity1,entity2,count
Osmanlı Devleti,Rusya,85
Fransa,İngiltere,75
Avrupa,Osmanlı Devleti,51
Rusya,İngiltere,51
Osmanlı,Osmanlı Devleti,50
Osmanlı Devleti,İngiltere,40
Fransa,Rusya,40
ABD,SSCB,37
Avusturya,Osmanlı Devleti,36
Almanya,Fransa,36
Almanya,İtalya,32
Türkiye,Yunanistan,30
Osmanlı,Rusya,29
Fransa,Osmanlı Devleti,28
Avusturya,Rusya,27
Anadolu,Osmanlı Devleti,25
Fransa,İtalya,25
ABD,Türkiye,21
Almanya,İngiltere,20
Anadolu,Rumeli,20
Avusturya,Fransa,19
Avrupa,Osmanlı,19
Fransa,Türkiye,18
Anadolu,İstanbul,18
Türkistan,Türkiye,18
Gazneli,Karahanlı,18
Almanya,Avrupa,18
Anadolu,Türkistan,17
Asya,Avrupa,17
Anadolu,Balkanlar,17
Osmanlı Devleti,İstanbul,16
Balkanlar,Osmanlı Devleti,16
Lehistan,Osmanlı Devleti,16
Osmanlı Devleti,Venedik,16
Bulgaristan,Yunanistan,16
Almanya,Japonya,16
İngiltere,İtalya,16
Akdeniz,Osmanlı Devleti,15
Anadolu,Avrupa,14
SSCB,Türkiye,14
Avusturya,Osmanlı,14
Büyük Selçuklu,Türkiye Selçuklu,14
Milletler Cemiyeti,Türkiye,14
Mısır,Osmanlı Devleti,14
Akdeniz,Karadeniz,14
Osmanlı Devleti,Yunanistan,14
Osmanlı,İngiltere,14
Hükûmet,İstanbul,13
Japonya,İtalya,13
Bulgaristan,Sırbistan,13
Hollanda,İngiltere,13
ABD,Fransa,13
Almanya,Avusturya,13
Osmanlı Devleti,Rumeli,13
Irak,Türkiye,13
Bursa,İznik,13
Türkiye,İngiltere,13
Avusturya,Macaristan,12
Osmanlı Devleti,İtilaf Devletleri,12
Karadeniz,Osmanlı Devleti,12
Suriye,Türkiye,12
Irak,İran,12
Avrupalı,Osmanlı Devleti,12
Mısır,Suriye,12
Avusturya,İngiltere,12
Hatay,Türkiye,12
ABD,Avrupa,12
Lehistan,Rusya,12
Bursa,Edirne,12
Dünya Savaşı,Türkiye,12
Anadolu,Osmanlı,11
Sırbistan,Yunanistan,11
Mısır,İsrail,11
Anadolu,Doğu Roma,11
Irak,Suriye,11
Balkan,Osmanlı Devleti,11
Ardahan,Kars,11
Almanya,Rusya,11
Avrupa,Fransa,11
Mustafa Kemal,İstanbul,11
Amerika,Avrupa,11
Avusturya,İtalya,11
Almanya,Dünya Savaşı,11
ABD,İngiltere,10
Edirne,İstanbul,10
Avrupa,Rusya,10
Avusturya,Lehistan,10
Osmanlı Devleti,İstanbul Antlaşması,10
Bulgaristan,Osmanlı Devleti,10
Avrupa,İngiltere,10
Avusturya,Venedik,10
Almanya,SSCB,10
Millî Mücadele,Mustafa Kemal,10
Kıbrıs,Osmanlı Devleti,9
Boğdan,Eflak,9
Fransa,Hollanda,9
Dünya Savaşı,Osmanlı Devleti,9
Karahanlı,Türkiye Selçuklu,9
Mısır,Osmanlı,9
Kıbrıs,Yunanistan,9
Afrika,Amerika,9
Karadağ,Sırbistan,9
Büyük Selçuklu,Karahanlı,9
Büyük Selçuklu,Gazneli,9
Ankara,İstanbul,9
Bursa,Orhan Gazi,9
Anadolu,Suriye,9
Almanya,Türkiye,9
Almanya,Osmanlı Devleti,9
Türk,Türkiye,8
Kırım,Osmanlı,8
Romanya,Yunanistan,8
Afrika,Osmanlı Devleti,8
Bulgaristan,Romanya,8
Rus,Rusya,8
Anadolu,Ankara,8
Boğdan,Osmanlı Devleti,8
Kıbrıs,Türkiye,8
Karadeniz,İstanbul,8
ABD,Almanya,8
Kavalalı Mehmet Ali Paşa,Osmanlı Devleti,8
Batum,Kars,8
Portekiz,İspanyol,8
Karadeniz,Rusya,8
Gazneli,Türkiye Selçuklu,8
Osmanlı,İstanbul,8
ABD,Dünya Savaşı,8
SSCB,İngiltere,8
Lehistan,Venedik,8
Ardahan,Batum,8
Medine,Mekke,8
Anadolu,Türkiye,8
Macaristan,Osmanlı Devleti,7
Kavalalı Mehmet Ali Paşa,Mısır,7
Almanya,Polonya,7
Kırım,Rus,7
Osmanlı,Rus,7
Avrupa,İtalya,7
Osmanlı Devleti,Trablusgarp,7
Anadolu,Türkiye Selçuklu Devleti,7
Anadolu,Bizans,7
Karadeniz,Kırım,7
Fransa,SSCB,7
Dünya Savaşı,SSCB,7
Mezopotamya,Mısır,7
Hacı Bektaş Veli,Yunus Emre,7
Amerika,İngiltere,7
Avrupa,Dünya Savaşı,7
Avrupalı,Osmanlı,7
Osmanlı,Rumeli,7
Dünya Savaşı,İtalya,7
Erzurum,Van,7
Fransa,Osmanlı,7
ABD,New York,7
Fransa,Prusya,7
İstanbul,İtilaf Devletleri,7
Bursa,İstanbul,7
Ankara,Mustafa Kemal,7
Kuzey Afrika,Osmanlı Devleti,7
Portekiz,İspanya,7
Anadolu,Selçuklu,7
Bursa,Osmanlı,7
TBMM,Türkiye,7
Eflak,Osmanlı Devleti,7
Avrupa,Katolik Kilisesi,7
Osmanlı Devleti,Rus,7
Osmanlı Devleti,İran,7
Anadolu,Mısır,7
ABD,Japonya,7
Macar,Osmanlı Devleti,7
Avrupa,İspanya,6
Mora,Osmanlı Devleti,6
Balkan Savaşları,Osmanlı Devleti,6
Anadolu,İran,6
İzmit,İznik,6
Hatay,Suriye,6
Japonya,İngiltere,6
NATO,Türkiye,6
Afrika,Portekiz,6
İngiltere,İspanya,6
Osmanlı,İran,6
İstanbul,İzmir,6
Fransa,Fransız,6
Milletler Cemiyeti,Musul Sorunu,6
Mısır,İngiltere,6
Ege Adaları,Yunanistan,6
Avusturya,Prusya,6
Anadolu,Türkiye Selçuklu,6
Batı,Türkiye,6
Bursa,Panorama 1326 Fetih Müzesi,6
Orhan Gazi,İznik,6
Yugoslavya,Yunanistan,6
Anadolu,Mezopotamya,6
Almanya,Versay Antlaşması,6
Fransa,Hatay,6
Abdülhamit,İstanbul,6
Osmanlı Devleti,Sırbistan,6
Akdeniz,İngiltere,6
Bağdat,Osmanlı Devleti,6
Aydın,İzmir,6
Rumeli,Süleyman Paşa,6
Balkanlar,Rusya,6
Rusya,Venedik,6
Erzurum,Trabzon,6
Sovyet Rusya,Türkiye,6
Arapça,Farsça,6
Diyarbakır,Van,6
Trablusgarp,İtalya,6
Polonya,Çekoslovakya,6
Rusya,İstanbul,6
ABD,İtalya,6
Almanya,Macaristan,6
Rusya,İtalya,6
Erdel,Osmanlı Devleti,6
Lehistan,Osmanlı,6
Filistin,Suriye,6
Doğu Akdeniz,Osmanlı Devleti,6
Romanya,Sırbistan,6
Fransa,Macaristan,6
Hiroşima,Nagazaki,6
Amerika,Fransa,6
Osmanlı Devleti,Çarlık Rusya,6
Irak,Musul,6
Azerbaycan,Ermenistan,6
Avrupa,Batı,6
Fransa,Japonya,6
Akdeniz,Türkiye,6
Avrupalı,Rusya,6
Diyarbakır,Erzurum,6
Balkan,Osmanlı,5
Sovyet,Türkiye,5
Mısır,Ürdün,5
Bulgar,Sırp,5
Türkiye,İran,5
Osmanlı Devleti,Viyana,5
Mustafa Kemal,Osmanlı Devleti,5
Doğu Roma İmparatorluğu,İstanbul,5
Adana,Fransa,5
Türkiye,İtalya,5
Yunanistan,İtalya,5
Bitlis,Muş,5
Dünya Savaşı,İngiltere,5
Osmanlı Devleti,Safevi,5
Ermenistan,Türkiye,5
Yunanistan,İngiltere,5
Adana,Mersin,5
Irak,Mısır,5
Anadolu,Bursa,5
Kutsal İttifak,Osmanlı Devleti,5
Mustafa Kemal,Şam,5
Osmanlı Devleti,Türk,5
Macaristan,İtalya,5
Balkanlar,İstanbul,5
Anadolu,Horasan,5
Safevi,İran,5
Batı,Doğu,5
Romanya,Yugoslavya,5
Edirne,Murad,5
Mustafa Kemal,Selanik,5
Macaristan,Çekoslovakya,5
Millî Mücadele,Türkiye,5
Edirne,Osmanlı Devleti,5
Anadolu,Karadeniz,5
Makedonya,Osmanlı Devleti,5
Rusya,Yunanistan,5
Girit,Osmanlı Devleti,5
Belçika,Fransa,5
Akdeniz,İtalya,5
Afrika,Asya,5
Musul Sorunu,Türkiye,5
Bursa ' nın Fethi,İznik ' in Fethi,5
Bursa ' nın Fethi,Koyunhisar Savaşı,5
Anadolu,Yıldırım Bayezid,5
Afrika,Avrupa,5
Osmanlı Devleti,İspanya,5
Anadolu,Türk - İslam,5
Kanuni Sultan Süleyman,Osmanlı Devleti,5
Metropolitan Museum,New York,5
ABD,Metropolitan Museum,5
Koyunhisar Savaşı,İznik ' in Fethi,5
ABD,Çin,5
Azerbaycan,Türkiye,5
Emîr Timur,Yıldırım Bayezid,5
Kırım,Rusya,5
Selanik,İstanbul,5
Karadağ,Yunanistan,5
Bulgaristan,Fransa,5
Karadağ,Romanya,5
Suriye,Ürdün,5
Karadağ,Osmanlı Devleti,5
Mustafa Kemal,İzmir,5
Arap,İsrail,5
Boğdan,Erdel,5
Celâli İsyanları,Osmanlı Devleti,5
Avrupa,Türkistan,5
Avrupa,Balkanlar,5
Doğu Akdeniz,Venedik,5
Amerika,Hindistan,5
Osmanlı,Türkiye Selçuklu,4
Anadolu,Balkan,4
Kıbrıs,İngiltere,4
Rusya,İran,4
Doğu Roma,Osmanlı,4
Hollanda,Osmanlı Devleti,4
Panslavizm,Rusya,4
Doğu Roma,Osmanlı Devleti,4
Batı,İslam,4
Fransa,İspanya,4
Osmanlı Devleti,Çanakkale Boğazı,4
Anadolu,Hacı Bektaş Veli,4
Birleşmiş Milletler,Türkiye,4
Rusya,Ukrayna,4
Rumeli,İstanbul,4
Erzurum,Sivas,4
Fransa,Mısır,4
Anadolu,Celâli İsyanları,4
Ermenistan,Gürcistan,4
Habeşistan,İtalya,4
Almanya,Çekoslovakya,4
Misak - ı Millî,Türkiye,4
Fransa,Suriye,4
Cenova,Venedik,4
Avrupa,SSCB,4
Anadolu,Doğu Roma İmparatorluğu,4
Abdülhamit,Osmanlı Devleti,4
Topkapı Sarayı Müzesi,İstanbul,4
Akdeniz,SSCB,4
Rusya,Sırbistan,4
Osmanlı Devleti,Tanzimat Fermanı,4
Akdeniz,Rusya,4
Osmanlı Devleti,Türkiye,4
Kudüs,Selahaddin Eyyubi,4
Almanya,Nazi Partisi,4
1961,1982 Anayasa,4
Fransa,Yunanistan,4
Almanya,Belçika,4
Osmanlı Devleti,İtalya,4
Anadolu,Erzurum,4
Azerbaycan,Gürcistan,4
Anadolu,Doğu Akdeniz,4
Batı Blok,Türkiye,4
Avusturya,Çekoslovakya,4
Avrupa,Fransız İhtilali,4
Doğu Roma,İznik,4
Fransız İhtilali ',Osmanlı Devleti,4
Avrupa,Türkiye,4
Macar,Macaristan,4
Rusya,Üçlü İtilaf,4
Abdülhamit,Osmanlı,4
Anadolu,Moğol istila,4
Balta Limanı Antlaşması,Osmanlı Devleti,4
Batı,Türk,4
Osman Gâzi,İznik,4
Doğu Akdeniz,Kıbrıs,4
Devletleri,İtilaf,4
Balkanlar,Osmanlı,4
S,âsânî,4
Asya,Osmanlı Devleti,4
Fahreddin Paşa,Medine,4
Batı Bloku,Türkiye,4
Bitlis,Erzurum,4
Horasan,Maveraünnehir,4
Osmanlı Devleti,Portekiz,4
Dursun Fakih,Şeyh Edebali,4
Dursun Fakih,Osman Gazi,4
Kuzey Afrika,Tunus,4
SSCB,Çin,4
Ankara,Millî Mücadele,4
Yunus Emre,İbnülarabi,4
Lozan Antlaşması,Türkiye,4
Osmanlı,İtalya,4
Amerika,Rusya,4
Kırım,Osmanlı Devleti,4
Akdeniz,Anadolu,4
Halep,Şam,4
Akdeniz,Ege,4
Roma,İtalya,4
Montreux Boğazlar Sözleşmesi,Türkiye,4
Mevlana Celaleddin Rumi,Yunus Emre,4
Girit,Yunanistan,4
Belçika,İtalya,4
Avrupa,Orta Çağ,4
Prusya,İngiltere,4
Amerika,İspanyol,4
Polonya,İtalya,4
Anadolu,Millî Mücadele,4
ABD,Mısır,4
Balkan,Balkan Savaşı ',4
Güneydoğu Asya,Orta Amerika,4
Güneydoğu Asya,Mezopotamya,4
Mezopotamya,Orta Amerika,4
Hindistan,Portekiz,4
Papalık,Venedik,4
Dünya Savaşı,Japonya,4
Basra Körfezi,Kızıldeniz,4
Adana,İngiltere,4
Osmanlı Devleti,İngiliz,4
Irak,Kerkük,4
Adana,Türkiye,4
Macaristan,Yugoslavya,4
Irak,İngiltere,4
Osmanlı Devleti,İsveç,4
SSCB,İtalya,4
Bağdat,Safevi,4
âsânî,İmparatorluğu,4
Balkanlar,Türkiye,4
Hindistan,Çin,4
İngiliz,İngiltere,4
Macaristan,İngiltere,4
Bağdat,Revan,4
Karadeniz,Osmanlı,4
Osman Gazi,Şeyh Edebali,4
Asya,Orta Çağ,4
Eflak,Erdel,4
93 Harbi,Osmanlı Devleti,4
Malta,Venedik,4
Batı Trakya,İstanbul,4
Londra,Osmanlı Devleti,4
Marshall Planı,Türkiye,4
Bitlis,Van,4
Avrupa,Doğu,4
Fransa,Napolyon,4
Hollandalı,Portekiz,4
Hollandalı,İngiliz,4
Suriye,İsrail,4
Hacı Bektaş Veli,İbnülarabi,4
Mısır,Süveyş Kanalı,4
Bursa,İzmit,4
Adnan Menderes,Fuat Köprülü,4
Bursa,Osmanlı Devleti,4
Yugoslavya,Çekoslovakya,4
Dünya Savaşı ',Türkiye,4
Kavalalı Mehmet Ali Paşa,Osmanlı,4
Arnavutluk,Bulgaristan,4
Anadolu,Osmanlı Beyliği,4
Hoca Ahmed Yesevi,Mevlana Celaleddin Rumi,4
Topkapı Sarayı Müzesi Kütüphanesi,İstanbul,4
Akdeniz,Venedik,4
Orhan Gazi,Osmanlı Beyliği,4
Osmanlı,Selçuklu,4
Ceneviz,Venedik,4
Batı,Osmanlı Devleti,4
Çanakkale Boğazı,İstanbul Boğazı,4
Kerkük,Musul,4
Avrupa,Avusturya,4
Hollanda,İspanya,4
Azerbaycan,Bağdat,4
Osmanlı,Türk,4
Fransa,Polonya,4
Bursa,Osman Gazi,4
Rusya,İsveç,4
Basra,Bağdat,4
Türkistan,İran,4
Bulgaristan,Türkiye,4
Avusturya,Viyana,4
Avrupa,İstanbul,4
Bulgaristan,Karadağ,4
Türkistan,Çin,4
Bursa,Halil İnalcık,4
Bulgaristan,Yugoslavya,4
Japonya,Mançurya,4
Kars,Rusya,4
Hükûmeti,İstanbul,4
Hacı Bektaş Veli,Mevlana Celaleddin Rumi,4
Küçük Kaynarca Antlaşması ',Osmanlı Devleti,4
Azerbaycan,Osmanlı Devleti,3
Karlofça Antlaşması,Osmanlı Devleti,3
Yugoslavya,İngiltere,3
Anadolu,Kafkasya,3
Azerbaycan,Dağlık Karabağ,3
Fransa,İsveç,3
Fransa,Üçlü İtilaf,3
Fransa,Kırım Savaşı,3
Azerbaycan,Revan,3
Azerbaycan,SSCB,3
Akdeniz,İstanbul,3
Papalık,İspanya,3
Bizans,İstanbul,3
Danimarka,Fransa,3
Islahat Fermanı,Tanzimat Fermanı,3
Bizans,Bursa,3
Hareket Ordusu,İstanbul,3
Osmanlı Devleti,Panslavizm,3
Fransa,Fransız İhtilali ',3
Osmanlı Devleti,Paris Barış Konferansı,3
Kars,Türkiye,3
Afganistan,El Kaide,3
Diyarbakır,Sivas,3
Azerbaycan,Türkmenistan,3
Azerbaycan,Özbekistan,3
Kars,Sovyet Rusya,3
Azerbaycan,Kırgızistan,3
Maarif Kongresi,Mustafa Kemal,3
Azerbaycan,Safevi,3
Bizans,Osmanlı,3
Bizans,Orhan Gazi,3
Bizans,Selçuklu,3
Edirne,Üsküp,3
Basra,Van,3
Azerbaycan,Kazakistan,3
Marco Polo,Marko Polo,3
Antalya,Konya,3
Edirne,Osmanlı,3
Kars,Osmanlı Devleti,3
Akdeniz,İspanya,3
Cumhuriyet,Dönemi,3
Akdeniz,Kıbrıs,3
Metropolitan Art Museum,New York,3
Horasan,Türkistan,3
Horasan,İran,3
Libya,Mısır,3
Lehistan,Rus,3
Lehistan,Ukrayna,3
Lehistan,Polonya,3
Amerika,SSCB,3
Kürk Yolu,İpek Yolu,3
Bitlis,Diyarbakır,3
Baharat Yolu,İpek Yolu,3
Ankara Savaşı,Osmanlı Devleti,3
Ege Denizi,Türkiye,3
Ankara Savaşı,Yıldırım Bayezid,3
Halep,Mısır,3
Avrupa,Mezopotamya,3
Avrupa,Mısır,3
Ankara,İtilaf Devletleri,3
Hacı Bektaş Veli,Mevlana,3
Amerika,Portekiz,3
Amerika,İspanya,3
Ankara,Eskişehir,3
Amerika,Kolomb,3
Avrupa,Doğu Avrupa,3
Hacı Bektaş Veli,Hoca Ahmed Yesevi,3
Bulgaristan,Rusya,3
Bursa,Orhan Bey,3
Bulgaristan,Edirne,3
Boğaz,İstanbul,3
Bayezid,Timur,3
Avrupa,Venedik,3
Bayezid,Osmanlı Devleti,3
Irak,Sadabat Paktı,3
Dünya Savaşı,Fransa,3
Ürdün,İsrail,3
Dünya Savaşı,Mustafa Kemal,3
Dünya Savaşı,İtilaf Devletleri,3
Irak,Ürdün,3
Bucaş Antlaşması,Lehistan,3
Bağdat,Mısır,3
Macaristan,Romanya,3
Macaristan,Osmanlı İmparatorluğu,3
Macaristan,Polonya,3
Macaristan,İspanya,3
Nişabur,Rey,3
Karadeniz,Venedik,3
Merv,Nişabur,3
Kosova Savaşı,Osmanlı Devleti,3
Antakya,İskenderun,3
Eflak,Osmanlı,3
Eflak,Rusya,3
Polonya,SSCB,3
Balkan,Edirne,3
Karahanlı,Selçuklu,3
Bağdat,Van,3
Balkan,Üsküp,3
Kırgızistan,Özbekistan,3
Kırgızistan,Türkmenistan,3
Bayezid,İspanya,3
Bulgaristan,İstanbul Antlaşması,3
Bursa,Sultan,3
TBMM,İsmet Paşa,3
Doğu Roma,Sultan Alp Arslan,3
Avrupa,İsveç,3
Selçuklu,Türkistan,3
Fransa,Yugoslavya,3
Fransa,Çekoslovakya,3
Mustafa Kemal,Sofya,3
Doğu Roma,Selçuklu,3
Gürcistan,Kars,3
Avrupa,Sanayi İnkılabı,3
Sakarya,İznik,3
Yunanistan,İzmir,3
Mustafa Kemal,Samsun,3
Yunanistan,İstanbul,3
Kızıldeniz,Portekiz,3
Batı Blok,u,3
Almanya,Bulgaristan,3
Venedik,İstanbul,3
Venedik,İspanya,3
Doğu Roma,Edirne,3
Hatay,Musul,3
Akdeniz,Fransa,3
Erzurum,İngiltere,3
Erzurum,İstanbul,3
Avrupa,Dünya Savaşı ',3
Almanya,Hollanda,3
Akdeniz,Rus,3
Osmanlı Devleti,Üçlü İttifak,3
Kıbrıs,Osmanlı,3
Avrupa,Lehistan,3
Kerkük,Türkiye,3
Bozcaada,Yunanistan,3
İngiltere,İsveç,3
Bozcaada,Gökçeada,3
Sovyetler Birliği,Türkiye,3
Balta Limanı Antlaşması,İngiltere,3
Bulgaristan,İngiltere,3
Brezilya,Portekiz,3
Bulgaristan,İtalya,3
Bulgaristan,Japonya,3
Mehmet Gönlübol,Türk Dış Politikası,3
Hoca Ahmed Yesevi,Yunus Emre,3
Fransa,Çin,3
NATO ',Türkiye,3
Girit Adası,Osmanlı Devleti,3
Girit Adası,Venedik,3
Osmanlı,Ukrayna Kazak,3
Avrupa,Haçlı Seferleri,3
Bursa,Doğu Roma,3
Dünya Savaşı ',Osmanlı Devleti,3
Çin,İngiltere,3
Avrupa,Viyana,3
Avrupa,Hollanda,3
Avrupa,İslam,3
Osmanlı,İspanyol,3
Milletler Cemiyeti,İngiltere,3
Avrupa,Portekiz,3
Revan,Safevi,3
Balkanlar,Doğu,3
Avrupa,esans,3
Arnavutluk,Osmanlı Devleti,3
Büyük Selçuklu Devleti,Türkiye Selçuklu,3
Mevlana,Yunus Emre,3
Anadolu,Hindistan,3
Londra Protokolü,Osmanlı,3
Avusturya,Yunanistan,3
Emevîler,Suriye,3
Afrika,İspanyol,3
Rusya,İtilaf Devletleri,3
Edirne ' nin Fethi,Rumeli,3
Gelibolu,Rumeli,3
Batı Afrika,Portekiz,3
Anadolu,Van,3
Aksaray,Konya,3
Edirne ' nin Fethi,Koyunhisar Savaşı,3
Anadolu,Moğol istilası,3
Türkiye,İstanbul,3
Gelibolu,Trakya,3
Edirne ' nin Fethi,İznik ' in Fethi,3
Anadolu,Hoca Ahmed Yesevi,3
Osmanlı Devleti,Yeniçeri Ocağı,3
Rusya,Türkiye,3
Japonya,SSCB,3
Ferdinand,Jan Zapolya,3
Japonya,Yunanistan,3
Mısır,Türkiye,3
Çanakkale,İtilaf Devletleri,3
Karacahisar,Osman Gazi,3
Ege,Türkiye,3
Osman Gazi,İznik,3
Gökçeada,Yunanistan,3
Bilecik,Osman Gazi,3
Kuzey Afrika,İspanya,3
Avusturya,İspanya,3
Kuzey Afrika,Osmanlı,3
Fransa,Paris,3
Fransız,İngiliz,3
Anadolu,Konya,3
ABD,Monroe Doktrini,3
Osmanlı Hük,ûmet,3
ABD,Milletler Cemiyeti,3
İnönü,İsmet Paşa,3
Batı,Haçlı seferleri,3
Ferdinand,Kanuni Sultan Süleyman,3
Almanca,Fransızca,3
Boğdan,Lehistan,3
Anadolu,Bağdat,3
Alman,Almanya,3
Kazakistan,Özbekistan,3
Belçika,Polonya,3
Kavalalı,Mahmut,3
Trabzon,Van,3
Kazakistan,Türkmenistan,3
Avusturya,Yugoslavya,3
Üçlü İtilaf,Üçlü İttifak,3
Sevr Antlaşması,İtilaf Devletleri,3
Üçlü İtilaf,İngiltere,3
Türkiye,Yugoslavya,3
ABD,Anadolu,3
Mısır,Türkistan,3
Göktürk,Uygur,3
Rumeli,Çimpe Kalesi,3
Arap Baharı,Orta Doğu,3
Kazakistan,Kırgızistan,3
Devleti,Osmanlı,3
Koyunhisar,İznik,3
Belçika,İngiltere,3
Türkiye,u,3
Mehmet Han,İstanbul,3
Asâkir - i Mansûre - i Muhammediye,Mahmut,3
Jan Zapolya,Macar,3
Hükûmet,İtilaf Devletleri,3
Türkmenistan,Özbekistan,3
Kudüs,Ömer,3
Konya,Malatya,3
Anadolu,İzmir,3
Körfez Savaşı,Türkiye,3
Anadolu,Türk,3
S,İmparatorluğu,3
Mora,Rusya,3
Boğdan,Osmanlı,3
Bursa ' nın Fethi,Edirne ' nin Fethi,3
Misak - ı Millî,İstanbul,3
Mevlana,İbnülarabi,3
Anadolu,Büyük Selçuklu,3
Boğdan,Rusya,3
Asya,Japonya,3
Çanakkale,İstanbul,3
Trakya,İstanbul,3
Doğu Akdeniz,Suriye,3
Papa,Venedik,3
British Museum,Londra,3
Anadolu,Kıbrıs,3
Avusturya,Papalık,3
Japonya,Yugoslavya,3
Avusturya,Erdel,3
Osmanlı Devleti,Selçuklu,3
Anadolu,Ankara Savaşı,3
Mezopotamya,Türkistan,3
Fransa,Lehistan,3
Anadolu,Emîr Timur,3
Adana,Antep,3
Halil İnalcık,Osmanlı Devleti,3
Doğu Akdeniz,Mısır,3
Orta Amerika,Tarım Devrimi,3
Halil İnalcık,Paul Wittek,3
Habsburg,Venedik,3
ABD,Batı Bloku,3
Sadabat Paktı,Türkiye,3
Çekoslovakya,İngiltere,3
Japonya,Türkiye,3
Çekoslovakya,İtalya,3
Amasya,Bursa,3
Edirne Antlaşması,Yunanistan,3
Budin,Kanuni Sultan Süleyman,3
Batum,Gürcistan,3
Balkanlar,Yunanistan,3
Fransız,Osmanlı Devleti,3
Batum,Rusya,3
Eski Çağ,Mezopotamya,3
Mahmut,Yeniçeri Ocağı,3
Mahmut,Osmanlı Devleti,3
Ardahan,Rusya,3
ûmet,İstanbul Hük,3
Fransız,Mısır,3
Mezopotamya,Tarım Devrimi,3
Hindistan,Ümit Burnu,3
',Türkiye,3
Doğu Cephesi,Millî Mücadele,3
Avusturya,Karlofça,3
Ardahan,Sovyet Rusya,3
Osmanlı Devleti,Ukrayna,3
Cezayir,Tunus,3
Portekiz,İngiltere,3
Balkanlar,Macaristan,3
Kırım Savaşı,Osmanlı Devleti,3
Anadolu,Edirne,3
Eskişehir,Kütahya,3
Anadolu,Selçuk,3
Avusturya,Zitvatorok Antlaşması,3
Amasya,Tokat,3
Balkanlar,Orta Doğu,3
Avusturya,İstanbul Antlaşması,3
Millî İktisat Politikası,İttihat ve Terakki,2
Kaşgarlı Mahmud,Ömer Hayyam,2
Bulgar Prensliği,Osmanlı Devleti,2
Güney Asya,Uzak Doğu,2
Kaşgarlı Mahmud,İbni Bibi,2
Musul Sorunu,İngiltere,2
Avrupa,Batı Roma İmparatorluğu,2
İzmir,İzmir Müdâfaa - i Hukuk - ı Osmaniye Cemiyeti,2
Güney Asya,İngiltere,2
Bulgar,Osmanlı Devleti,2
Mısır,Sina Yarımadası,2
Cezeri,Ömer Hayyam,2
Musul,Türkiye,2
Mısır,İskenderiye,2
Mısır,İran,2
BM,İngiltere,2
Avrupa,Rumeli,2
Mısır,SSCB,2
Bilecik,Şeyh Edebali,2
Arnavutluk,İtalya,2
Cezeri,Kaşgarlı Mahmud,2
Arnavutluk,Yugoslavya,2
Atlantik Bildirisi,Dünya Savaşı,2
Birleşmiş Milletler Teşkilatı,Japonya,2
Atlantik Bildirisi,İngiltere,2
Musul Sorunu,Sovyet Rusya,2
Avrupa,Kavimler Göçü ' nün,2
Avrupa,Kavimler Göçü,2
Birleşmiş Milletler Teşkilatı,San Francisco Konferansı,2
Mısır,İstanbul,2
Bilecik,Yenişehir,2
Kaynak A,Kaynak B,2
Avrupa,Roma İmparatorluğu,2
Mısır,Tunus,2
Emîr Timur,Semerkand,2
Bosna - Hersek,Yugoslavya,2
Bilecik,İznik,2
Trabzon,Trabzon Komnenos Krallığı,2
Trabzon,İstanbul,2
Dört Halife Dönemi,İslam Devleti,2
Afrika,Hint,2
Balta Limanı Antlaşması ',Osmanlı Devleti,2
Atatürk ' ün İhtilal Hukuku,Taha Akyol,2
Nadir Şah,İran,2
Afrika,Atlantik Okyanusu,2
Mısır,Napolyon,2
Avrupa,Sicilya,2
Mısır,İbrahim Paşa,2
Bitlis,Harput,2
Sovyetler Birliği,İngiltere,2
Güvenlik Konseyi,İngiltere,2
Halil İnalcık,İznik,2
Güvenlik Konseyi,Çin,2
Avrupa,Çin,2
Kuvây - ı Milliye,Millî Mücadele,2
Memlûk,Yavuz Sultan Selim,2
Afrika,Çaldıran Savaşı,2
Katolik,Protestanlı,2
Afrika,Mısır Seferi,2
Afrika,Fransız,2
Halil İnalcık,İstanbul,2
Afrika,Hindistan,2
Avrupa,Karadeniz,2
Mısır,Portekiz,2
Mısır,Rusya,2
Memlûk,Osmanlı,2
Bosna - Hersek,Osmanlı Devleti,2
Tuğrul,Çağrı Beyler,2
Bilecik,Bursa,2
Megali İdea,Yunanistan,2
Doğu Roma,Roma İmparatorluğu,2
Arap,Mısır,2
Bitinya,İznik,2
Gazneli Devleti,Karahanlı Devleti,2
Küçük Kaynarca Antlaşması ',Kırım,2
Gazneli Devleti,Türkiye Selçuklu,2
Avrupa,Paris,2
Bitinya,Bursa,2
Düyûn - ı Umûmiye İdaresi,Osmanlı Devleti,2
Mısır,Yemen,2
Mısır,Trablusgarp,2
Afrika,Osmanlı,2
Musul,Süleymaniye,2
Balkanlar,Karadeniz,2
Sevr Antlaşması ',Türkiye,2
Konstantin,İstanbul,2
Kadıköy,İstanbul,2
Cumhuriyet Halk Fırkası,Müdafaa - i Hukuk Cemiyeti,2
Eskişehir,TBMM,2
Irak,Yemen,2
Eski Çağ,Tarım Devrimi,2
Eski Çağ,Güneydoğu Asya,2
Eski Çağ,Orta Amerika,2
Kastamonu,İnebolu,2
Dünya Savaşı,Sovyet Rusya,2
Mehmet,Osmanlı,2
Büyük Selçuklu,Türkiye,2
Büyük Selçuklu,Türkistan,2
Mehmet,New York,2
Büyük Selçuklu,Gazneli Devleti,2
Büyük Selçuklu,Karahanlı Devleti,2
Abbasi Devleti,Emevi Devleti,2
Nişabur,Tuğrul Bey,2
Gibbons,Osmanlı Devleti,2
Mehmet Ali Paşa,Mısır,2
Kâtip Çelebi,Osmanlı Devleti,2
Kuzey Afrika,Mısır,2
Adalar,Ege ) Denizi,2
Kuzey Afrika,İtalya,2
Irak,Maveraünnehir,2
Avusturya -,Osmanlı Devleti,2
Hattuşaş,Zeynep,2
Osman Gazi,Osmanlı Beyliği,2
Merv,Rey,2
Karacahisar,Osmanlı Devleti,2
Irak,Osmanlı Devleti,2
Ege,Karadeniz,2
Karadeniz,Kefe,2
Karacahisar,Osman Bey,2
Ali,Zeynep,2
Adana,Konya,2
Adana,Churchill,2
Irak,Mu,2
Davud - i Kayseri,Hacı Bayram Veli,2
Belgrad,Osmanlı Devleti,2
Adana,Urfa,2
Adana,Şam,2
Gazneli,Selçuklu,2
Davud - i Kayseri,Dursun Fakih,2
Fuat Köprülü,Refik Koraltan,2
Adana,Erzurum,2
Davud - i Kayseri,Şeyh Edebali,2
Hristiyan,Katolik Kilisesi,2
Mussolini,İtalya,2
İspanya,İtalya,2
Adana,Trabzon,2
Sâsânî,İran,2
Sâsânî,İmparatorluğu,2
Güneydoğu Asya,Tarım Devrimi,2
Adana,Fransız,2
Dünya Savaşı,Milletler Cemiyeti,2
Belgrad,Macaristan,2
Doğu Roma İmparatorluğu,Orta Çağ,2
Doğu Roma İmparatorluğu,Rumeli,2
KARAÇAY,TÜRK CUMHURIYETLERi,2
Dünya Savaşı,Polonya,2
Adana,Mustafa Kemal,2
Mezopotamya,Sümer,2
Doğu Roma İmparatorluğu,İslam Devleti,2
Davud - i Kayseri,Emir Sultan,2
Belgrad,Mora,2
Adana,Halep,2
Adana,Maraş,2
Fuat Köprülü,Halil İnalcık,2
Dünya Savaşı,Türk dış politikası,2
Irak,TBMM,2
Irak,Milletler Cemiyeti,2
Adalar,Akdeniz,2
Nakkaş Osman,Topkapı Sarayı Müzesi Kütüphanesi,2
Bitlis,Trabzon,2
Mihver,Türkiye,2
Antep,Fransa,2
Üçlü İttifak,İngiltere,2
Balkan İttifakı,Osmanlı Devleti,2
Üçlü İttifak,İtalya,2
Filistin,Kudüs,2
Avustralya,Fransa,2
Avustralya,Kanada,2
Antep,İngiltere,2
Aydın,Manisa,2
Fahreddin Paşa,Mekke,2
Horasan,Irak,2
Büyük Millet Meclisi,Fevzi Paşa,2
Filistin,Mısır,2
Evliya Çelebi,Kâtip Çelebi,2
Antep,Maraş,2
Antep,Urfa,2
Filistin,Osmanlı Devleti,2
Londra Boğazlar Sözleşmesi,Osmanlı Devleti,2
Ankara Antlaşması,Türkiye,2
Roma,Yunan,2
Ankara Savaşı,Emîr Timur,2
Koyunhisar,Yalakdere,2
Filistin,İsrail,2
Ankara Antlaşması,Hatay,2
Baharat Yolu,Kürk Yolu,2
Bitlis,Elâzığ,2
Kahire,Mısır,2
Kahire,Şam,2
Afyon,Eskişehir,2
Bitlis,Sivas,2
Haçlı Seferi,Kudüs,2
Filistin,İsrail Devleti,2
Malazgirt Zaferi ',Miryokefalon Zaferi ',2
Karadağ,Rusya,2
Boğaz,Karadeniz,2
Lüksemburg,Norveç,2
Büyük Millet Meclisi,ûmet,2
Eski Yunan,Roma,2
Kuzey Afrika,Trablusgarp,2
Matrakçı Nasuh,Piri Reis,2
Londra,Metropolitan Art Museum,2
Londra,New York,2
Antakya,Suriye,2
Kırgızistan,Türkiye,2
Süleyman Çelebi,İsa Çelebi,2
Karadeniz,Türk gölü,2
Asya,Balkanlar,2
Karadeniz,Rus,2
Asya,Orta Avrupa,2
Londra,Paris,2
Londra,Yunanistan,2
Asya,Doğu,2
CHP,DP,2
Berlin,Japonya,2
Asya,İslam,2
Antakya,Urfa,2
Batı Avrupa,Türkiye,2
Asur,Sümer,2
Ankara Antlaşması,Fransa,2
Avrupa Birliği,Türkiye,2
Boğaz,İtilaf Devletleri,2
Antep,Şahin Bey,2
Yeni Zelanda,İtalya,2
Büyük Millet Meclisi,Türkiye,2
Asya,Batı,2
Konstantinopolis,İstanbul,2
Büyük Millet Meclisi,Millî Mücadele,2
Asur,Nimrud,2
Berlin,İtalya,2
Amerika Birleşik Devletleri,Büyük Britanya,2
Doğu Roma ( Bizans ) İmparatorluğu,Konstantinopolis,2
Cezeri,İbni Bibi,2
Orhan Gazi,İstanbul,2
Doğu Roma,Orta Çağ,2
Elâzığ,Harput,2
Akdeniz,Portekiz,2
Demokrat Parti,Fuat Köprülü,2
Alaşehir,Balıkesir,2
Celâli İsyanları,Safevi,2
Hitit,Mezopotamya,2
Alman,Osmanlı,2
Lâlâ Şahin,Murad,2
Musta,fa Kemal,2
Piyemonte Krallığı,İtalya,2
Enver,Talat beyler,2
Orta Çağ,İslam,2
Enver,Niyazi,2
Maarif Kongresi,Millî Mücadele,2
Mançurya,Milletler Cemiyeti,2
Alman,Fransız,2
Birleşmiş Milletler,Dünya Savaşı,2
Elâzığ,Van,2
Kırım Savaşı ',Osmanlı Devleti,2
Elâzığ,Erzurum,2
Alman,Avusturya,2
Akdeniz,Balkanlar,2
Meşrutiyet,Osmanlı Devleti,2
Akdeniz,Kuzey Afrika,2
Leonardo da Vinci,Leonardo da Vinçi,2
Paris Barış Konfe,ransı,2
Paris Barış Konferansı,İzmir,2
Edirne,Yunanistan,2
Batı Roma,Doğu Roma,2
Alman,Papalık,2
Osman,İslam Devleti,2
Elâzığ,Sivas,2
Balkan Savaşı,Edirne,2
Sultan Ahmet Meydanı,Çınar Vakası,2
Doğu,Erzurum,2
Hüseyin,Mekke,2
- i Temsil,İstanbul Hük,2
- i Temsil,ûmet,2
Alman,İtalyan,2
Buhara,Semerkant,2
Birleşmiş Milletler,Yunanistan,2
Karlofça,Lehistan,2
Karlofça,Venedik,2
Kudüs,Suriye,2
Karlofça,Rusya,2
Kudüs,Yafa,2
Kudüs,Papa,2
Akdeniz,Çeşme,2
Süleyman Paşa,Şehzade Halil,2
Süleyman Paşa,Çimpe Kalesi,2
Demokrat Parti ( DP ),Millî Kalkınma Partisi,2
TBMM,Türkiye Cumhuriyeti,2
Makedonya,Sırbistan,2
Alemdar Mustafa Paşa,İstanbul,2
Karlofça,Osmanlı Devleti,2
Cumhuriyet Halk Partisi ( CHP ),Millî Kalkınma Partisi,2
Cumhuriyet Halk Partisi ( CHP ),Demokrat Parti ( DP ),2
TBMM,İstanbul Hükûmet,2
SO,Türkiye,2
Akdeniz,Mısır,2
Alman,Rus,2
Katolik Kilisesi,Çağ,2
Katolik Kilisesi,Reform hareketini,2
Katolik Kilisesi,Martin Luther,2
Avrupa,Orta Doğu,2
Mart 1921,Millî Mücadele,2
TBMM,İtalya,2
TBMM,İtilaf Devletleri,2
Ermenistan,Kars,2
Karamanoğulları,Osmanlı,2
Mart 1921,Moskova Antlaşması,2
Islahat Fermanı ',Osmanlı,2
Osman,Yeniçeri Ocağı,2
Rey,Selçuklu,2
Mısır,Yunanistan,2
Edirne,Rumeli,2
Sadabat Paktı,İran,2
Dimetoka,Edirne,2
Batı Bloku,SSCB,2
Doğu Akdeniz,Portekiz,2
Basra,Musul,2
Kâmil Paşa,raz,2
Balkanlar,Kafkasya,2
Hürriyet ve İtilaf Fırkası,İttihat ve Terakki Fırkası,2
Sovyet Rusya,TBMM,2
Doğu Akdeniz,Doğu Roma İmparatorluğu,2
Edirne,Selçuklu,2
Basra,Kızıldeniz,2
Basra,Basra Körfezi,2
Balkanlar,Bulgaristan,2
Edirne,Filibe,2
Mahmut Nedim Paşa,Sadraz,2
Mahmut Nedim Paşa,Sultan Abdülaziz,2
Mithat Paşa,Osmanlı Devleti,2
1699,Karlofça Antlaşması,2
Kars,Moskova,2
Talha,Zübeyir,2
Edirne,Lâlâ Şahin,2
Kars,SSCB,2
Balkan Seferi,Doğu Roma,2
Balkanlar,Bizans,2
Edirne,Orhan Gazi,2
Edirne,Trakya,2
Balkanlar,Doğu Roma,2
Edirne,Serez,2
Balkanlar,Venedik,2
93 Harbi,Rusya,2
Kılıç Arslan,İstanbul,2
Akdeniz,Roma,2
Papa,Roma,2
Balkanlar,Sırbistan,2
Balkanlar,Kafkas,2
Edirne,Selanik,2
Bizans,Kantakuzenos,2
Basra,Revan,2
Kafkasya,Osmanlı Devleti,2
Bizans,Türkiye Selçukluları,2
Basra,Safevi,2
Akdeniz,Bizans,2
1876,Osmanlı Devleti,2
Bizans,Roma,2
Suriye,İran,2
Islahat Fermanı,Osmanlı Devleti,2
Karahanlı Devleti,Türkiye Selçuklu,2
Bolayır,Rumeli,2
Genç Osman,Osman,2
Basra,Diyarbakır,2
Mehmet Âkif,Millî Mücadele,2
Meclis,Mustafa Kemal,2
Danimarka,Norveç,2
Adnan Menderes,Celal Bayar,2
Adnan Menderes,Demokrat Parti,2
Doğu,Orta Avrupa,2
Truman Doktrini,Türkiye,2
Suriye,Suudi Arabistan,2
esans,İslam,2
Türkiye Selçuklu Sultan,ı II,2
Celal Bayar,Fuat Köprülü,2
Bizans,İznik,2
Bizans,Kastamonu,2
Danimarka,Hollanda,2
Bizans,Orta Anadolu,2
Balkanlar,Yugoslavya,2
Bükreş Antlaşması,Rusya,2
Danimarka,Lüksemburg,2
Menderes,Serhan Yücel,2
Kafkasya,Şeyh Şamil,2
Makedonya,Romanya,2
Tevfik Paşa,İstanbul,2
Sevr ',TBMM,2
Paris,Viyana,2
Beyşehir,Karaman,2
İngiltere,İsrail,2
Avrupa,Otuz Yıl Savaşları,2
Bolu,Bursa,2
Selçuklu,Tuğrul Bey,2
Abbâsî,Emevîler,2
Avrupa Konseyi,Türkiye,2
Avrupa,Yeniçeri Ocağı,2
Göktürkler,Uygurlar,2
Çanakkale Boğaz,İstanbul,2
Avrupa,Osmanlı İmparatorluğu,2
1921,TBMM,2
Doğu Roma,Tuğrul Bey,2
Ardahan,Osmanlı Devleti,2
Doğu Roma,Doğu Romalı,2
NATO,SSCB,2
Avrupa,Papalık,2
Kudüs,Osmanlı Devleti,2
Hatay Meclisi,Türkiye,2
Avrupalı,Hollandalı,2
Doğu Bloku,SSCB,2
Romanya,Türkiye,2
Avrupa,Vestfalya Barışı,2
Faşist Parti,İtalya,2
Melikşah,Selçuklu,2
Romanya,SSCB,2
Avrupalı,Avusturya,2
Avrupa,Çağ,2
Avrupalı,Fransa,2
Aztek,İnka,2
Panorama 1326 Fetih Müzesi,akova,2
Maraş,İngiltere,2
Avrupa,Hindistan,2
Romanya,İngiltere,2
Selânik,İstanbul,2
Orhan Gazi,Osmanlı,2
Musee du Louvre,Paris,2
İngiltere,İstanbul,2
Türkiye Selçuklu Devleti,İznik,2
Avrupa,İspanyol,2
Batum,Sovyet Rusya,2
Arnavutluk,Sırbistan,2
Balkan Savaşı ',Osmanlı Devleti,2
Batum,Osmanlı Devleti,2
Arnavutluk,Yunanistan,2
Arap,Yemen,2
British Museum,Metropolitan Art Museum,2
Orta Doğu,SSCB,2
Avrupa,Kanuni Sultan Süleyman,2
British Museum,New York,2
Ömer Hayyam,İbni Bibi,2
Mahmut,Musevi,2
Millî Mücadele ',İstanbul Hükûmet,2
Çin,İpek Yolu,2
Avrupa,Macaristan,2
Kâşgar,Turfan,2
Avrupa,Rönesans,2
1921,İnönü Muharebesi,2
Ardahan,Gürcistan,2
Roosevelt,İngiltere,2
Balkanlar,Orta Avrupa,2
Kutsal İttifak,İngiltere,2
Orhan Gazi,Osmanlı Devleti,2
Avrupa,Güney Amerika,2
Ardahan,SSCB,2
Çin,İran,2
Churchill,Roosevelt,2
Arnavutluk,Balkan,2
Doğu Roma,Türkistan,2
Churchill,İngiltere,2
Churchill,İsmet İnönü,2
Avrupalı,Fransız,2
Avrupalı,İngiliz,2
Balkan Savaşları,Yunanistan,2
Rus,İngiltere,2
Doğu Avrupa,Osmanlı Devleti,2
Anadolu ve Rumeli Müdâfaa - i Hukuk Cemiyeti,İstanbul,2
Akdeniz,Çanakkale Boğazı,2
Evrenos Gazi,Rumeli,2
Alman,Stalin,2
Alman,Fransa,2
Erzurum,Şam,2
Balkan Antantı,İtalya,2
Rumeli,Trakya,2
Niş,Sofya,2
Rumeli,Şehzade Halil,2
Rumeli,Timur,2
Belh,Herat,2
Gıyaseddin Keyhüsrev,Kösedağ Savaşı,2
Erzurum,Tokat,2
Akdeniz,İngiliz,2
Akad,Sümer,2
Doğu Avrupa,Orta,2
Erzurum,Mustafa Kemal,2
Makedonya,Mustafa Kemal,2
Kantakuzenos,Orhan Gazi,2
Akdeniz,Avrupa,2
Avrupa,Japonya,2
Doğu Roma,Venedik,2
Mebusan Meclisi,İstanbul,2
Sevr ',İtilaf Devletleri,2
Buhara,İslam,2
Uzak Doğu,İngiltere,2
Doğu Avrupa,Kanuni Sultan Süleyman,2
Mebusan Meclisi,Nisan 1920,2
Doğu Roma,İstanbul,2
Erzurum,Fransa,2
Doğu Roma,Yıldırım Bayezid,2
Erzurum,Malatya,2
Lübnan,Suriye,2
Batı Blokları,Doğu,2
Belh,Merv,2
Rus,İstanbul,2
Avarlar,Avrupa,2
Batı Blok,Doğu,2
Balkan Savaşları,Osmanlı,2
Yunanistan,İtilaf Devletleri,2
Doğu Roma,Osman Gazi,2
Doğu Roma,Osmanlı Beyliği,2
İstanbul Antlaşması,İsveç,2
Avrupa,devlet,2
Girit Meclisi,Yunanistan,2
Romanya,Çekoslovakya,2
Macar,Mohaç Savaşı,2
Selçuklu,Türkiye,2
Güney Amerika,Karayipler,2
Moskova Antlaşması,Sovyet Rusya,2
Rus,İngiliz,2
Romanya,İtalya,2
Akdeniz,Çanakkale Boğaz,2
Erzurum,Konya,2
Belh,Nişabur,2
Belh,Rey,2
Avrupa,Mustafa Kemal,2
Kellogg Paktı,SSCB,2
Bosna,Kosova,2
Atina Antlaşması,Yunanistan,2
CB,Türkiye,2
Misak - ı Millî,TBMM,2
Lübnan,İngiltere,2
Meriç Nehri,İstanbul Antlaşması,2
Bosna,Hersek,2
Hersek,Sırbistan,2
Baycu Noyan,Erzurum,2
Avrupa,Avrupalı,2
Basra Körfezi,Bağdat,2
Balkan,Murad Han,2
Hristiyan,Reform hareketini,2
Prusya,Rusya,2
Anadolu,Trakya,2
Anadolu,Gelibolu,2
Anadolu,Süleyman Paşa,2
Atlanta Olimpiyatları,Barcelona,2
Sadraz,Tevfik Paşa,2
Sadraz,İngiltere,2
Sadraz,İstanbul,2
Anadolu,bons,2
Kafkas,Rusya,2
Pakistan,İngiltere,2
Osmanlı Devleti,Yıldırım Bayezid,2
Abdülhamit,Selanik,2
Osmanlı Devleti,Sırp,2
Ferdinand,İbrahim Paşa,2
Osmanlı Devleti,Türkiye Cumhuriyeti,2
Osmanlı Devleti,Osmanlı Dönemi,2
Ferdinand,Macaristan,2
Selanik,Sofya,2
Ferdinand,Osmanlı Devleti,2
Ferdinand,Macar,2
Fransa,Kanuni Sultan Süleyman,2
Amasya,Konya,2
Başbakanlık Devlet Arşivleri Genel Müdürlüğü,Osmanlı Arşivi Daire Başkanlığı,2
Kazakistan,Türkiye,2
Anadolu,Bayezid,2
Anadolu,Diyarbakır,2
Fransa,Viyana,2
Hindistan,İspanyol,2
Anadolu,Safevi,2
Hindistan,İngiltere,2
Hindistan,Hollanda,2
Amasya,Edirne,2
Fransa,İsviçre,2
Hindistan,ra,2
Floransa,Venedik,2
Anadolu,Şam,2
Hindistan,Osmanlı Devleti,2
Anadolu,Selçuklular,2
Floransa,İtalyan,2
Osmanlı Devleti,İspanyol,2
Hindistan,Osmanlı,2
Amasya,Erzurum,2
Osmanlı Devleti,Roma,2
Amasya,Antalya,2
Fatih Sultan Mehmet,İstanbul,2
Anadolu,Timur,2
Aksaray,Türkiye,2
Selanik,İzmir,2
Osmanlı Devleti,Paul Wittek,2
Hınçak,Taşnaksutyun,2
Avusturya,Romanya,2
Fransız İhtilali ',Rusya,2
Avusturya,Polonya,2
Ferhat Paşa Antlaşması,Kasr - ı Şirin Antlaşması,2
Ferhat Paşa Antlaşması,Girit ' in Fethi ve Bucaş Antlaşması,2
Girit ' in Fethi ve Bucaş Antlaşması,Kasr - ı Şirin Antlaşması,2
Mihail Gorbaçov,SSCB,2
Abdülhamit,İslam,2
Rusya,İttifak Devletleri,2
Kasr - ı Şirin Antlaşması,Safevi,2
Rusya,Üçlü İttifak,2
Kasr - ı Şirin Antlaşması,Türkiye,2
Kasr - ı Şirin Antlaşması,İran,2
Avusturya,Bulgaristan,2
Anadolu,Haçlı Sefer,2
Rusya,Uzak Doğu,2
Anadolu,Kars,2
Panslav,Rusya,2
Anadolu,Malazgirt,2
Anadolu,Devleti,2
Kanuni Sultan Süleyman,Macaristan,2
Rusya,Şeyh Şamil,2
Hint Deniz Seferleri,Kıbrıs ' ın Fethi,2
Abdülhamit,Dönemi,2
Rusya,cu,2
Anadolu,Haçlı Seferleri,2
Anadolu,Yunus Emre,2
Anadolu,Mevlana Celaleddin Rumi,2
Anadolu,Sivas,2
Osmanlı Devleti,Tanzimat ',2
Jan Zapolya,Macaristan,2
Anadolu,Azerbaycan,2
Anadolu,Irak,2
Rusya,İstanbul Antlaşması,2
Anadolu,Antalya,2
Rusya,İngiliz,2
Anadolu,Malazgirt Savaşı,2
Rusya,Viyana Kongresi,2
Fethi Bey,Türkiye,2
Mısır Seferi,Çaldıran Savaşı,2
Fransa,Roma,2
Viyana Kuşatması,İstanbul Antlaşması,2
Rusya,Slav,2
Preveze Deniz Savaşı,Viyana Kuşatması,2
Preveze Deniz Savaşı,İstanbul Antlaşması,2
Osmanlı Devleti,Suriye,2
Harp Akademisi,Mustafa Kemal,2
Osmanlı Devleti,Revan,2
Habeş,Yemen,2
Diyarbakır,Şam,2
Türk,Çin,2
Türk,İslamiyet,2
Fransa,Piyemonte Krallığı,2
Afganistan,SSCB,2
Türk,Türkistan,2
Osmanlı Devleti,Yanya,2
Osmanlı Devleti,Şark Meselesi,2
Azerbaycan,Buhara,2
Osmanlı Devleti,Şark Mesel,2
Antalya,İtalya,2
Fransızca,İngilizce,2
Azerbaycan,Nahçıvan,2
Azerbaycan,Kerkük,2
Lahsa,Yemen,2
Azerbaycan,Şehrizor,2
Osmanlı Devleti,Yunan,2
1990,Türkiye,2
Yugoslavya,İtalya,2
Habeş,Mısır,2
Habeş,Lahsa,2
Afganistan,Sadabat Paktı,2
Afganistan,Irak,2
Afganistan,İran,2
27,Osmanlı Devleti,2
Boğazlar,İstanbul,2
1924,Milletler Cemiyeti,2
Cenova,İtalyan,2
Fransa,Sivas,2
Fransa,İtilaf Devletleri,2
Almanya,Münster Üniversitesi,2
Eurovision,Türkiye,2
Mondros Ateşkes Antlaşması ' nın,İtilaf Devletleri,2
Osmanlı Devleti,İttifak Devletleri,2
Diyarbakır,Elâzığ,2
Afganistan,Türkiye,2
Kıbrıs,Tunus,2
Osmanlı Devleti,Türk Boğazları,2
Diyarbakır,Trabzon,2
Endülüs,İslam,2
Batı Anadolu,İtalya,2
Kıbrıs,Mısır,2
Kıbrıs,Suriye,2
Yunan,İzmir,2
Fransa,Üçlü İttifak,2
Antalya,Erzurum,2
Kayseri,Sivas,2
Türki,ye,2
Antalya,Tokat,2
Anadolu,Mustafa Kemal,2
Anadolu,İtilaf Devletleri,2
Anadolu,Hükûmet,2
Malta,Papalık,2
Anadolu,Mustafa Kemal Paşa,2
Anadolu,Dünya Savaşı,2
Ankara,Avrupa,2
Anadolu,Rusya,2
Hindistan,İran,2
Papalık,Portekiz,2
Hindistan,Türkistan,2
SSCB,Yugoslavya,2
Aziz Sancar,Nobel Kimya Ödülü,2
SSCB,Çekoslovakya,2
Amasya,Haliliye Medres,2
Osmanlı Devleti,Papalık,2
Anadolu,Üsküp,2
Amasya,Anadolu,2
Anadolu,Kuyucu Murad Paşa,2
Osmanlı Devleti,Van,2
Anadolu,Avusturya,2
Kırım Savaşı,Rusya,2
Suriye iç,savaşın,2
Osmanlı Devleti,Şam,2
Emir Sultan,Şeyh Edebali,2
Kayseri,Konya,2
Fransa,Mora,2
Alanya,Konya,2
Antalya,Denizli,2
Osmanlı Devleti,Pasarofça,2
Fransa,Fransız İhtilali,2
Güney Afrika,Yeni Zelanda,2
Güney Afrika,İtalya,2
Amasya,Mustafa Kemal Paşa,2
Emir Sultan,Hacı Bayram Veli,2
Osmanlı donanması,İnebahtı,2
Hacı Bayram Veli,Şeyh Edebali,2
Hacı Bayram Veli,Sultan II,2
Etibank,Sümerbank,2
Amerikan Bağımsızlık Savaşı ',Fransa,2
Osmanlı Devleti,Zitvatorok Antlaşması,2
Azerbaycan,Bakü,2
Tokat,Çankırı,2
Amasya,Çankırı,2
Osmanlı Devleti,Tunus,2
Anadolu,Malazgirt Zaferi ',2
Anadolu,Gazneli,2
Fransa,Lübnan,2
Mardin,Urfa,2
Türkiye,İsmet İnönü,2
Konya,Selçuklu,2
Konya,Sivas,2
Leh,Çek,2
Körfez Savaşı ',Türkiye,2
ABD,Kıbrıs,2
Türkiye,Şeyh Said İsyanı,2
Timur,Yel,2
Türkiye,çok partili,2
Aynur öğretmen,Yel,2
ABD,Mehmet,2
Sivas,İtilaf Devletleri,2
Aynur öğretmen,Timur,2
ABD,Rusya,2
ABD,Amerika,2
ABD,Arjantin,2
ABD,Kanada,2
Türkiye,İstanbul Hükûmet,2
Türkiye,İsmet Paşa,2
Sivas,Trabzon,2
ABD,İtilaf,2
Konya,İznik,2
Japonya,San Francisco Konferansı,2
Anadolu,Karahanlı,2
Japonya,Mihver,2
Ege Adaları,Meis,2
Ege Adaları,İtalya,2
Türkçe,İngilizce,2
Japonya,Sovyetler Birliği,2
Türkistan,Türkiye Selçuklu,2
Asâkir - i Mansûre - i Muhammediye,İstanbul,2
Japonya,Pasifik,2
Ebû Ubeyde,Kudüs,2
Belçika,Çekoslovakya,2
Japonya,Çin,2
Türkiye,İKA,2
Türkiye,Özbekistan,2
Türkiye,Türkmenistan,2
Arap Baharı,Mısır,2
Belçika,Danimarka,2
Arapça,Fransızca,2
Kırım,İstanbul,2
Belçika,Norveç,2
Belçika,Hollanda,2
Belçika,Lüksemburg,2
İtalya,İtilaf Devletleri,2
ABD,Devletleri,2
ABD,Irak,2
Sivas,Van,2
Türkiye,İslam,2
Budin,Jan Zapolya,2
Budin,Ferdinand,2
Budin,Macar,2
Batı Akdeniz,Doğu Akdeniz,2
Varna,İstanbul,2
Batı Akdeniz,İspanyol,2
Aragon,Fernando,2
Mustafa Kemal ATATÜRK,Osmanlı Devleti,2
ABD,Doğu Bloku,2
ABD,Orta Doğu,2
1774 Küçük Kaynarca Antlaşması ',Osmanlı Devleti,2
Kosova,Yugoslavya,2
Kanuni Sultan Süleyman Han,Yavuz Sultan Selim,2
Isabella,İspanya,2
Oxford,Paris,2
Cambridge,Paris,2
Kosova,Sırbistan,2
ABD,Pasifik,2
Millî Mücadele,İstanbul,2
Cambridge,Oxford,2
ABD,Müttefik Devletler,2
ABD,Japon,2
Budin,Viyana,2
Millî Mücadele,TBMM,2
Safevi,Van,2
ABD,İsrail,2
Türkiye,Türkiye Selçuklu,2
Hırvatistan,Slovenya,2
Cem Sultan,Rodos,2
Millî Mücadele,İngiltere,2
Millî Mücadele,Mustafa Kemal Paşa,2
Cem Sultan,Osmanlı Devleti,2
ABD,Avusturya,2
Konya,İzmir,2
ABD,Çekoslovakya,2
Budin,Erzurum,2
Manisa,İzmir,2
Rodos,İki Ada,2
Manisa,Mehmet,2
Millî Mücadele,İstanbul Hükûmet,2
ABD,Lübnan,2
Mersin,Türkiye,2
Koron,Modon,2
Türk Tarih Tezi,Türk Tarihi,2
İspanyol,İstanbul,2
Hükûmet,İzmir,2
Farsça,İngilizce,2
Farsça,Türkçe,2
Derne,Mustafa Kemal,2
Habsburg Hanedanı,Kanuni Sultan Süleyman,2
Vinkovci,Yunus Emre Enstitüsü,2
Fransız,Türkiye,2
Rusya,Çin,2
Ceneviz,Osmanlı Devleti,2
Avusturya,Osmanlı İmparatorluğu,2
1960,1980,2
1960,Türkiye,2
Avusturya,Pasarofça Antlaşması,2
Batı,İngiltere,2
Avusturya,Belgrad Antlaşması,2
Avusturya,Rus,2
Habsburg,Papa,2
Avusturya,Sırbistan,2
AB,Türkiye,2
Fatih,İstanbul,2
AB,ABD,2
Habsburg,Şarlken,2
Bosna - Hersek Savaşı,Sırbistan,2
Avusturya,Belgrad,2
Avusturya,Mora,2
Batı,Fransa,2
Çanakkale,Çanakkale Boğazı,2
Hollanda,İtalya,2
Hollanda,Norveç,2
Kanuni Sultan Süleyman,Macar,2
Mora,Venedik,2
Anadolu,İslamlaşma,2
Avusturya,Bosna - Hersek,2
Anadolu,Kuzey Afrika,2
Anadolu,Kadıköy,2
Kanuni Sultan Süleyman,Orta,2
Anadolu,Herakleios,2
Hollanda,Lüksemburg,2
Hollanda,İsveç,2
Turgut Özal,Türkiye,2
Avusturya,Bosna Hersek,2
Anadolu,Hitit,2
Türk cumhuriyet,Türkiye,2
Anadolu,Kuzey Suriye,2
Batı,Orta Çağ,2
Batı,Türk - İslam,2
Avusturya,Balkanlar,2
Fatih Sultan Mehmet Han,İstanbul,2
Avusturya,Fransız İhtilali ',2
Avusturya,Malta,2
Avusturya,Roma,2
Ege Adaları,Türkiye,2
Portekiz,İngiliz,2
Hicaz,Irak,2
Gökçeada,Türkiye,2
Türkistan,Türkleri,2
Avusturya,Türkiye,2
Hicaz,Osmanlı,2
Hicaz,Mısır,2
Hicaz,Suriye,2
Japonya,Milletler Cemiyeti,2
',Avrupa,2
Ege Adaları,Gökçeada,2
Hükûmet,TBMM Hükûmet,2
Ege Adaları,Lozan Antlaşması,2
Ege Adaları,Kıbrıs,2
Hükûmet,Kuvây - ı Milliye ',2
Kefe,Trabzon,2
Ege Adaları,Lozan,2
Kefe,Venedik,2
Hükûmet,Mustafa Kemal,2
Gelibolu Yarımadası,Rumeli,2
Gelibolu Yarımadası,Süleyman Paşa,2
Japonya,Romanya,2
Avusturya,Hollanda,2
Fransız,Hollandalı,2
Fransız,Portekiz,2
Fransız,Rus,2
Derne,Tobruk,2
Avusturya,Kutsal İttifak,2
Fransız,Urfa,2
Kavalalı Mehmet Ali Paşa,Suriye,2
Portekiz,Ümit Burnu,2
Portekiz,Venedik,2
Osmanlı İmparatorluğu,İlber Ortaylı,2
',Rusya,2
',Osmanlı Devleti,2
Avusturya,Celâli İsyanları,2
Akkoyunlu Devleti,Yakup Bey,2
Japonya,Macaristan,2
Avusturya,İspanyol,2
Fransız,Nizam - ı Cedit,2
Hükûmeti,İtilaf Devletleri,2
Avusturya,Ferdinand,2
Cezayir,Yemen,2
Enez,Midye,2
Cezayir,Mısır,2
Avusturya,Macar,2
Aristoteles,Platon,2
Fransa,Kutsal İttifak,2
Almanya,İsviçre,2
Bulgaristan,Hersek,2
Bursa,Selçuklu,2
Fransa,Norveç,2
Yeşil Hat,İngiltere,2
Bozcaada,Ege Adaları,2
Ankara,Hükûmet,2
Güneydoğu Anadolu,Neolitik,2
Güneydoğu Anadolu,Kuzey Suriye,2
Bozcaada,Limni,2
Bulgaristan,Çekoslovakya,2
Bozcaada,Çanakkale Boğazı,2
Bülent Ecevit,Necmettin Erbakan,2
Bulgaristan,Macaristan,2
Fransa,Mihver Devletler,2
Bursa,akova,2
Limni,Çanakkale Boğazı,2
Bulgaristan,SSCB,2
Hollandalı,İspanyol,2
Bozcaada,Türkiye,2
Bulgaristan,Meriç Nehri,2
Rauf Denktaş,Türkiye,2
Bursa,Halep,2
1739 Belgrad Antlaşması,Osmanlı Devleti,2
Girit,Romanya,2
Amerika,Aztek,2
Amerika,İnka,2
Ankara,Kütahya,2
Ankara,TBMM,2
Amerika,Atlantik Okyanusu,2
Amerika,Kristof Kolomb,2
Girit,Venedik,2
Fransa,Güvenlik Konseyi,2
Hacı Bektaş Veli,Türkiye Selçuklu Devleti,2
Bulgaristan,Rumeli,2
Girit,Kıbrıs,2
Girit,Osmanlı,2
Osmanlı,İsveç,2
Bulgaristan,Trakya,2
Fransa,Lüksemburg,2
Hollandalı,Osmanlı Devleti,2
Avusturya - Macaristan,Osmanlı Devleti,2
Fransa,İsrail,2
Bursa,Yıldırım Bayezid,2
Sinan Paşa,Yanya,2
Fransa,Versay Antlaşması,2
Osmanlı,İslam,2
Bursa,Muradiye Camisi ',2
Osmanlı,Tebriz,2
Osmanlı,Şeyh Edebali,2
Kaynak F,Osmanlı Devleti,2
Fransa,Sovyetler Birliği,2
Fransa,Romanya,2
Kerkük,Süleymaniye,2
Musevi,Osmanlı,2
Meis,İtalya,2
Meis,Yunanistan,2
Osmanlı,Osmanlı Dönemi,2
Bursa,Molla Fenari,2
Bursa,Emir Sultan,2
Bursa,Hacı Bayram Veli,2
Revan,Van,2
Milletler Cemiyeti,Sovyet Rusya,2
Bursa,Koyunhisar,2
Bursa,Konya,2
Avusturya - Macaristan,Franz Ferdinand,2
Ankara,Lozan,2
Bursa,Sakarya,2
Arşidük,Franz Ferdinand,2
Arşidük,Avusturya - Macaristan,2
Topkapı Sarayı,İstanbul,2
Filibe,Üsküp,2
Babilli,Sümer,2
Lâle Devr,i,2
Osmanlı,Suriye,2
1923 Lozan Barış Antlaşması,Türkiye,2
Osmanlı,Safevi,2
Milletler Cemiyeti,İtalya,2
Osmanlı,Selanik,2
Kasr - ı Şirin Antlaşması ',Osmanlı Devleti,2
Bursa,Osmanlı Dönemi,2
Milletler Cemiyeti,Paris Barış Konferansı,2
Osmanlı,İngiliz,2
1919,Yugoslavya,2
Almanya,Birleşmiş Milletler Teşkilatı,2
Batı Şeria,İsrail,2
Bağdat,Sivas,2
Macaristan,Rusya,2
Batı Şeria,Doğu Kudüs,2
Balkan,Rusya,2
Karadeniz,Orta Avrupa,2
Federasyonu,Türkleri,2
Macaristan,Osmanlı,2
Murad Han,Osmanlı,2
Macaristan,Venedik,2
Ankara,Fransa,2
Macaristan,Türkiye,2
Macaristan,Orta Avrupa,2
Doğu Kudüs,İsrail,2
Eflak,Lehistan,2
Bağdat,Kerkük,2
Bağdat,Şehrizor,2
Polonya,İngiltere,2
Irak,Saddam Hüseyin,2
Ankara,Orhan Gazi,2
Lozan Barış Antlaşması,Türkiye,2
Macaristan,SSCB,2
Dünya Savaşı,Çanakkale Cephesi,2
Dünya Savaşı,Orta Doğu,2
Basra Körfezi,Portekiz,2
Kilise,Papa,2
Lozan,İstanbul,2
re,İngilte,2
Ankara,Eratna Beyliği,2
Süveyş Kanalı,İsrail,2
Lozan,Türkiye,2
Akşehir,Beyşehir,2
Bağdat,Şam,2
Hab,Osmanlı,2
Bağdat,Halep,2
Macar Krallığı,Osmanlı Devleti,2
Hab,s,2
Ankara,Sivrihisar,2
Lozan,Yunanistan,2
Polonya,Romanya,2
Ankara,Hacı Bayram Veli,2
Ege Denizi,Yunan kara suyu,2
Libya,Suriye,2
Libya,Suudi Arabistan,2
Libya,Ürdün,2
Lehistan,Prusya,2
Lehistan,Mehmet,2
Attila,Roma,2
Suudi Arabistan,Ürdün,2
Osmanlı,İtilaf Devletleri,2
Lehistan,İsveç,2
Lehistan,Ukrayna Kazak,2
Lehistan,Viyana,2
Ankara,Erzurum,2
Amerika,Türkiye,2
Alsas,Fransa,2
Kapitülasyonların,Osmanlı Devleti,2
Kıta Sahanlığı,Türkiye,2
Alsas,Loren,2
Ege Denizi,Yunanistan,2
Osmanlı,Yunanistan,2
Libya,Türkiye,2
Balkan,Filibe,2
Lehistan,İspanya,2
Polonya,Rusya,2
Batı Trakya,Türkiye,2
Attila,Doğu Roma İmparatorluğu,2
1648,Vestfalya Barış Antlaşması,2
Dursun Fakih,Osmanlı Devleti,2
Sina Yarımadası,İsrail,2
Batı Trakya,Yunanistan,2
Dursun Fakih,Emir Sultan,2
Dursun Fakih,Hacı Bayram Veli,2
Erdel,Lehistan,2
Medine,İstanbul,2
Bağdat,Diyarbakır,2
Lehistan,Malta,2
Bağdat,Erzurum,2
Balkan,Hindistan,2
Balkan,Türkistan,2
Lehistan,Papalık,2
Kerkük,Revan,2
Ankara,Maarif Kongresi,2
Adana,Sivas,2
Almanya,Avusturya - Macaristan İmparatorluğu,2
Doğu Anadolu,İstanbul,2
Almanya,Avusturya -,2
Mustafa Kemal,Çanakkale Savaşları,2
Fransa,Yeni Zelanda,2
Mustafa Kemal,TBMM,2
Ada,Türkiye,2
Venedik,İtalyan,2
Gürcistan,Osmanlı Devleti,2
Mustafa Kemal,Tobruk,2
Cumhuriyeti,Türkiye,2
Almanya,Berlin,2
Gürcistan,TBMM,2
Almanya,Asya,2
Almanya,Katolik Kilisesi,2
Mustafa Kemal Paşa,İzmir,2
Fransa,Güney Afrika,2
Almanya,Üçlü İttifak,2
Osmanlı Devleti,Selanik,2
Sakarya,İzmit,2
Maveraünnehir,İran,2
Van,Şam,2
Almanya,San Francisco Konferansı,2
Çukurova,İstanbul,2
Karahan,Selçuklu,2
Moskova,Türkiye,2
Fransa,Urfa,2
Kızıldeniz,Yemen,2
Venedik,İspanyol,2
Lozan Konferansı,Türkiye,2
Doğu Anadolu,SSCB,2
Mustafa Kemal,Çanakkale Cephesi,2
Fransa,Loren,2
Almanya,Üçlü İtilaf,2
Osmanlı Devleti,Sovyet Rusya,2
Mustafa Kemal,Terakkiperver Cumhuriyet Fırkası,2
Wilson İlkeleri,İtilaf Devletleri,2
Mustafa Kemal,Ömer Naci,2
Mustafa Kemal,Serbest Cumhuriyet Fırkası,2
Gürcistan,Türkiye,2
Manastır,Mustafa Kemal,2
Manastır,Selanik,2
Fransa,Mersin,2
Manastır,Şam,2
Osmanlı Devleti,Romanya,2
Almanya,Martin Luther,2
Almanya,Mihver,2
Doğu Beyazıt,Kars,1
Doğu Beyazıt,Rusya,1
Beyrut,İngiltere,1
Düzenli Ordu,Mondros Ateşkes Antlaşması ' nın,1
Tanzimat kanunları,ticaret kanunları,1
Piyemonte Krallığı,İtalyan,1
Kavalalı,Rusya,1
Arabistan Yarımada,Karadeniz,1
Doğu Beyazıt,Osmanlı Devleti,1
Batum,Misak - ı Millî ',1
Kavalalı,Londra Antlaşması,1
Amerika Birleşik Devletleri,Osmanlı İmparatorluğu,1
Kavalalı,Mısır,1
Batum,Çarlık Rusyası,1
Hay,Yeniçeri Ocağı,1
Deniz Harp Okulu,Mühendishane - i Bahrî - i Hümâyun,1
Tanzimat kanunları,devletler hukuku,1
Amerika Birleşik Devletleri,Hollanda,1
Cumhuriyet Dönemi,Türk kara,1
Asâkir - i Mansûre - i Muhammediye,Sultan Ahmet Meydanı,1
Piyemonte Krallığı,Rusya,1
Ayastefanos Antlaşması,Berlin,1
Berlin Antlaşması ',Bulgaristan,1
Kavalalı,Suriye,1
Amerika Birleşik Devletleri,Uzak Doğu,1
93 Harbi ( 1877 - 1878 ),Berlin Antlaşması ( 1878 ),1
Berrî - i Hümâyun,Selim,1
Arabistan Yarımada,Balkanlar,1
Fırtına,KAMUS - I TÜRKÎ Millî,1
Rus ordusu,Taşnak Ermeni Komi tes,1
Fırtına,Yunus Emre,1
Mekteb - i Mülkiye ( 1859 ),Tanzimat,1
1821 ' deki Rum İsyanı ' nı,Yeniçeriler,1
Kavalalı,İbrahim,1
Ermenilerin Sevk ve İskânı 93 Harbi ' nden,Osmanlı Devleti,1
Müslüman,Osmanlı,1
Kavalalı,Osmanlı Devleti,1
Doğu Rumeli,özerk Bulgar Prensliği,1
Cumhuriyet Dönemi,Türk Tarih Kurumu,1
Ortodoks Rusya,Osmanlı,1
Arabistan Yarımada,Kafkasya,1
Eyüp,İstanbul,1
Arabistan Yarımada,Mezopotamya,1
Berlin Antlaşması ',Fransa,1
Arabistan Yarımada,Kuzey Afrika,1
Berlin Antlaşması ',Rusya,1
Cumhuriyet Dönemi,Yeni,1
Eyüp,Selim,1
Berlin Antlaşması ',İngiltere,1
Adana,Diyarbakır,1
Asâkir - i Mansûre - i Muhammediye,Avrupa,1
Cumhuriyet Dönemi,TBMM,1
Amerika Birleşik Devletleri,Türkiye,1
Karadağ,Londra,1
KAMUS - I TÜRKÎ Millî,Yunus Emre,1
Besarabya,Osmanlı Devleti,1
Besarabya,Dakya Projesi,1
Dakya Projesi,Eflak,1
Ayurma beni senden Yaradan Düşüp ölürüm ben bu yara,Yunus Emre,1
- i Tıbbi,Mekt,1
Paris Barış Konferansı,Yunanistan,1
Fransızca,Poz,1
Dakya Projesi,Osmanlı Devleti,1
Karadağ,Ukrayna,1
Asâk,Halil Rifat Paşa,1
Karadağ,Leh,1
Batum,Selâs,1
Besarabya,Boğdan,1
Ulus devlet,ulus devleti,1
Batum,Wilson İlke,1
Yakın Çağ,Zorunlu,1
Mühendishane - i Bahrî - i Hümâyun,Çeşme,1
- i Mansûre,Halil Rifat Paşa,1
Adana,Bitlis,1
Batum,Ermenistan,1
Batum,Mondros Ateşkes Antlaşması ' nın,1
Aşı Memurları Mektebi,Dişçi Mekt,1
Yunanistan,re,1
- i Mansûre,Asâk,1
Vatan Savunması :,Zorunlu Askerlik ve Asâkir - i Nizamiye Beyin Fırtınası ',1
Aşı Memurları Mektebi,Demir Yolları Memurları Mektebi,1
Asâkir - i Mansûre - i Muhammediye,Yeniçeri Ocağı,1
98,Osmanlı Devleti,1
Paris Barış Konferansı,İngiltere,1
Cumhuriyet Dönemi,Meşrutiyet Dönemi,1
Batum,Karadeniz,1
Batı için Şark Meselesi,Türkiye,1
Tanzimat kanunları,ceza kanunları,1
devletler hukuku,ticaret kanunları,1
Piyemonte Krallığı,Roma,1
Batum,Misak - ı Millî,1
Avrupa Birliği,Batı için Şark Meselesi,1
Cumhuriyet Dönemi,Osmanlı Devleti,1
Osmanlı ordusu,Rusya,1
Osmanlı ordusu,Yunan,1
Paris Barış Konferansı,Rusya,1
Fransızca,Türkçe,1
Besarabya,Eflak,1
Avrupa Birliği,Maastricht ( Mastriht ) Antlaşması,1
Grek Projesi,Küçük Kaynarca Antlaşması,1
Düzenli Ordu,Kuvây - ı Milliye ',1
ceza kanunları,ticaret kanunları,1
Düzenli Ordu,Osmanlı Devleti,1
Fransızca,İslam,1
ceza kanunları,devletler hukuku,1
Cumhuriyet Dönemi,Osmanlı Dönemi,1
Fransızca,ndese ( geometri,1
Türk bayrağı,ay yıldızlı,1
Grek Projesi,Kırım,1
Batum,TBMM,1
Fırtına,Yahya Kemal,1
Arabistan Yarımada,Osmanlı Devleti,1
Fırtına,Muhammediye,1
27,Mekteb - i Tıbbiye (,1
Beyrut,Trabzon,1
- i Harbiye,Kara Harp Okulu,1
Mekteb - i Tıbbiye (,Osmanlı Devleti,1
27,İngiltere,1
27,Navarin Baskını,1
Beyrut,Erzurum,1
Darbe Denge Politikası,Unite Karekodu,1
Kara Harp Okulu,Mekt,1
Cerrah,Poz,1
Nizam - ı Cedit ',Yeniçeri Ocağı,1
Beyrut,Van,1
diferansiyel hesap,integral hesap,1
Kara Mühendishanesi,Nizam - ı Cedit ordusu,1
Yunanistan,İngiliz,1
Beyrut,Osmanlı Devleti,1
Paris Konferansı ( 1856 ),Türk Boğazları Şark Meselesi,1
Beyrut,Trablusşam,1
Nizam - ı Cedit ordusu,İstanbul,1
Beyrut,Kudüs,1
Navarin Baskını,Rusya,1
Nizam - ı Cedit,İstanbul,1
Navarin Baskını,İngiltere,1
1853,Rus,1
Navarin Baskını,Osmanlı Devleti,1
1853,Kırım Savaşı,1
Cerrah,Fransızca,1
Türk Boğazları Şark Meselesi,Unite Karekodu,1
Darbe Denge Politikası,Paris Konferansı ( 1856 ),1
Beyrut,Bitlis,1
Beyrut,Diyarbakır,1
Batı Asya,Kuzey Afrika,1
Denge Politikasi,Paris Konferansı ( 1856 ),1
Beyrut,Güney Irak,1
Batı Asya,Doğu Avrupa,1
Denge Politikasi,Unite Karekodu,1
Beyrut,Fransa,1
Denge Politikasi,Türk Boğazları Şark Meselesi,1
Beyrut,Harput,1
27,Rusya,1
Yeni Düzen,Yeni Ordu : Nizam - ı Cedit,1
Beyrut,Şam,1
Beyrut,Lübnan,1
Beyrut,Halep,1
Yeni Düzen,İtalya,1
Beyrut,Rusya,1
Beyrut,Sivas,1
Beyrut,Elâzığ,1
Cedit,İrad,1
Berri,Kara Mühendishanesi,1
27,Fransa,1
Berri,Hümayun,1
Mekt,Millî Savunma Üniversitesi,1
Denge Politikasi,Panslavizm Tanzimat Türk Bogazlari Sark Meselesi,1
Hümayun,Kara Mühendishanesi,1
Levent,Nizam - ı Cedit,1
Katolik Fransa,Kudüs,1
Batı Asya,Osmanlı Devleti,1
Paris Konferansı ( 1856 ),Unite Karekodu,1
Helmuth von Moltke,Mısır,1
1853,Osmanlı Devleti,1
Cezzar Ahmet Paşa,Fransız,1
Helmuth von Moltke,İbrahim Paşa,1
Helmuth von Moltke,Prusya,1
Tahran,p,1
Cezzar Ahmet Paşa,Filistin,1
Katolik Fransa,Osmanlı,1
Cezzar Ahmet Paşa,Mısır,1
Abdülmecit,Tanzimat Fermanı,1
Rus donan,Sinop,1
Muhammediye,âk,1
- i Harbiye,Millî Savunma Üniversitesi,1
Tahran,Türkiye,1
Helmuth von Moltke,Türkiye,1
Panslavizm Tanzimat Türk Bogazlari Sark Meselesi,Unite Karekodu,1
Panslavizm Tanzimat Türk Bogazlari Sark Meselesi,Paris Konferansı ( 1856 ),1
Tahran,İran,1
Katolik Fransa,Ortodoks Rusya,1
Kara Harp Okulu,Millî Savunma Üniversitesi,1
Tra,p,1
Muhammediye,Yahya Kemal,1
Fırtına,âk,1
Fırtına,Mansûre,1
cumhuriyet,devlet,1
98,İngiltere,1
Panslavizm Tanzimat Türk Bogazlari Sark Meselesi,Türk Boğazları Şark Meselesi,1
Berrî - i Hümâyun,İstanbul,1
Nizam - ı Cedit,başlayan Osmanlı - Rus Savaşı ',1
Nap,olyon ',1
Darbe Denge Politikası,Türk Boğazları Şark Meselesi,1
Darbe Denge Politikası,Panslavizm Tanzimat Türk Bogazlari Sark Meselesi,1
1774 Küçük Kaynarca Antlaşması ',Düzenli Ordu,1
Rum İsyanı,alalı,1
Diriye,Kavalalı Mehmet Ali Paşa,1
Diriye,İbrahim Paşa,1
çikof,Şark Meselesi,1
1806,başlayan Osmanlı - Rus Savaşı ',1
1806,Nizam - ı Cedit,1
Kabakçı Mustafa,Nizam - ı Cedit,1
ndese ( geometri,İslam,1
- i Harbiye,Mekt,1
Darbe Denge Politikası,Denge Politikasi,1
Mansûre,âk,1
Mansûre,Muhammediye,1
Mansûre,Yahya Kemal,1
Düzenli Ordu,Hükûmet,1
Berrî - i Hümâyun,Eyüp,1
Diriye,Tosun,1
Küresel güç,OSMANLI DEVLETİ,1
Tosun,İbrahim Paşa,1
Riyad,Vehhabi isyan,1
Fransız işgali,Mısır,1
Tahran,Tra,1
Adana,Van,1
Aşı Memurları Mektebi,Sanat Mekt,1
93 Harbi,Rum,1
Abdülmecit,Samuel Morse,1
Samuel Morse,Semyul Mors,1
Hicaz demir yolu hattı,Suriye,1
1877,Londra Protokolü,1
Londra Protokolü,Rus savaşı ihtimali,1
Semyul Mors,İstanbul,1
Londra Protokolü,Osmanlı Devleti,1
Sanat Mekt,Telgraf Memurları Mektebi,1
Humbaracı Ahmet Paşa,Üsküdar,1
Musevi,Ul,1
Samuel Morse,İstanbul,1
Abdülhamit,Avrupa,1
Abdülhamit,devlet,1
Londra Protokolü,Rusya,1
12,Bükreş Antlaşması,1
Islahat Fermanı,Kanun - ı Esasi,1
Ayastefanos ( Yeşilköy ) Antlaşması,Rusya,1
Abdülhamit,hukuk,1
12,Türkiye Erkek Millî Basket - ere - bol Takımı,1
Kırım Savaşı,borç,1
Islahat Fermanı,Kanun - ı Esasi ' nin İlanı,1
Helen Dost,Mora,1
12,2010 Dünya Şampiyonası,1
Abdülhamit,Hamidiye Etfal ( çocuklar ) Hastanesi,1
Mithat Paşa,Rusya,1
Kırım Savaşı,İngiltere,1
Abdülhamit,İttihat ve Terakki Fırkası,1
Musevi,Sırp,1
Mithat Paşa,manlı Devleti,1
Abdülhamit,Kanun - ı Esasi,1
Musevi,Musul,1
1877,Rusya,1
12,Osmanlı,1
Hicaz demir yolu hattı,Medine,1
Ayastefanos ( Yeşilköy ) Antlaşması,Osmanlı Devleti,1
Plevne,İstanbul,1
Yunanistan,İstanbul Antlaşması,1
Gazi Osman Nuri Paşa,Rus,1
ternich,İngiltere,1
Hristiyanlık,Misyonerlik,1
Hendesehan,Osmanlı Devleti,1
nih,İngiltere,1
1789 Fransız İhtilali,Osmanlı Devleti,1
Ahmet Muhtar Paşa,Sad,1
Abdülhamit,Devlet,1
nih,ternich,1
1789 Fransız İhtilali,Fransa,1
Ahmet Muhtar Paşa,Erzurum,1
Metternich Sistemi,Viyana Kongresi,1
Ahmet Muhtar Paşa,Doğu,1
1789 Fransız İhtilali,Napolyon,1
St,İngiltere,1
1789 Fransız İhtilali,devlet,1
1877,Boğdan,1
Maarif - i Umumiye Nizamnamesi ( 1869,Osmanlı Devleti,1
1877,Eflak,1
Hicaz demir yolu,Osmanlı Devleti,1
Hicaz demir yolu hattı,Mekke,1
12,Rusya,1
1877,Osmanlı Devleti,1
1877,Osmanlı,1
Mithat Paşa,Os,1
Abdülhamit,Dönemi ',1
Mithat Paşa,Osmanlı,1
Musevi,İtalyan,1
93 Harbi,Berlin Antlaşması,1
Abdülham,Devlet Okulları Beyin Fırtınası,1
93 Harbi,Yunanistan,1
93 Harbi,Edirne Antlaşması,1
Musevi,İngiliz,1
Kırım Savaşı,Osmanlı,1
Metternich,Sistemi,1
Devlet Okulları Beyin Fırtınası,Dönemi ',1
93 Harbi,Bulgar Prensliği,1
93 Harbi,manlı Devleti,1
Tepedelenli Ali Paşa,Yanya,1
Ermeniler,Osmanlı,1
Eflak ve Boğdan,Osmanlı Devleti,1
93 Harbi,Os,1
93 Harbi,Mithat Paşa,1
1877 - 1878 Osmanlı - Rus Savaşı ',Osmanlı Devleti,1
Filiki Eterya Cemiyeti,Petersburg,1
Filiki Eterya Cemiyeti,Rus Çar,1
Kırım Savaşı,Rus,1
Filiki Eterya Cemiyeti,ı,1
93 Harbi,Mauritus,1
93 Harbi,İngiltere,1
Ermeniler,Musevi,1
Kırım Savaşı,Piyemonte Krallığı,1
Ermeniler,Osmanlının Son Dönemi,1
Doğu Roma ',Odessa,1
Eflak ve Boğdan,Rusya,1
93 Harbi,Sırbistan,1
Mora Yarımadası,Tripoliçe,1
Abdülhamit,Yıldız Sarayı,1
Mora Yarımadası,Navarin,1
Paris Barış Antlaşması ',Rusya,1
Abdülham,Dönemi ',1
Abdülhamit,Düyûn - ı Umûmiye İdaresi,1
Abdülhamit,Kanun Esasi,1
Helen Dost,Osmanlı Devleti,1
Mithat Paşa,Sadraz,1
Abdülhamit,Sultan Mehmet Reşat,1
Mithat Paşa,İngiltere,1
Musevi,Yunan,1
Abdülhamit,İttihat ve Terakki ',1
Tersane Konferansı,İstanbul,1
93 Harbi,Batum,1
Tu,cili,1
93 Harbi,Ardahan,1
93 Harbi,Kars,1
93 Harbi,Sovyet Rusya,1
Devletler arası eşitlik hukukun,Osmanlı,1
Abdülhamit,Osmanlı Devle,1
Musevi,Mustafa Kemal,1
93 Harbi,Karadağ,1
Abdülhamit,Dünya Siyonist Örgütü,1
Demiryollani Dünya Savaşı ',•,1
93 Harbi,Romanya,1
Metternich,Prusya,1
Navarin,Tripoliçe,1
Musevi,Rus,1
Demiryollani Dünya Savaşı ',Osmanlı,1
ABDURRAHMAN PASA,ISES,1
Ayastefanos Antlaşması ',Karadağ,1
Abdülmecit,Semyul Mors,1
Devlet,Türk,1
devlet,hukuk,1
Ardahan,Dünya Savaşı,1
Ardahan,Çarlık Rusyası,1
Ardahan,Karadeniz,1
Karadağ,Makedon,1
Karadağ,ya,1
Ardahan,Misak - ı Millî,1
Devlet,Teşvik - i Sanayi Kanunu ',1
Islahat Fer,Osmanlı Devleti,1
Aşı Memurları Mektebi,Telgraf Memurları Mektebi,1
Demir Yolları Memurları Mektebi,Dişçi Mekt,1
Ardahan,TBMM,1
Ardahan,Selâs,1
6,Kırım Savaşı,1
ABDURRAHMAN PASA,i MERKEZ,1
Ardahan,Wilson İlke,1
Devlet,Koruyucu,1
Ardahan,Ermenistan,1
Devlet,hukuk,1
Ardahan,Mondros Ateşkes Antlaşması ' nın,1
Demir Yolları Memurları Mektebi,Sanat Mekt,1
Ardahan,Kars İslam Şûrası,1
Yunanistan,runu,1
Ardahan,Osmanlı İmparatorluğu,1
6,Osmanlı Devleti,1
6,Jön Türkler,1
Yunanistan,İsviçre,1
Kont dö Boneval,Üsküdar,1
Ardahan,Doğu Anadolu,1
Ardahan,İstanbul,1
Ardahan,Çanakkale,1
6,Çeşme,1
Karadağ,Makedonya,1
Abdülmecit,Osmanlı,1
Abdülmecit,İstanbul,1
Paris Barış Konferansı,İsviçre,1
Karadağ,Trablusgarp,1
Karadağ,Yugoslavya,1
Abdülmecit,Morse,1
Batum,Kars İslam Şûrası,1
Batum,Yunanistan,1
Batum,İnebolu,1
Abdülmecit,Mahmut,1
Batum,Merzifon Amerikan Ko - leji,1
Abdülmecit,Mustafa Reşit Paşa,1
Karadağ,Slovenya,1
Üsküdar,İstanbul,1
Batum,Pontus Rum Cemiyeti,1
Batum,Osmanlı İmparatorluğu,1
Yunanistan,İngilte,1
Ayurma beni senden Yaradan Düşüp ölürüm ben bu yara,Fırtına,1
Ayurma beni senden Yaradan Düşüp ölürüm ben bu yara,KAMUS - I TÜRKÎ Millî,1
Hamidiye Etfal ( çocuklar ) Hastanesi,İstanbul,1
6,Islahat Fermanı ',1
Hukuk devleti,sosyal devlet,1
Karadağ,Kosova,1
Batum,Doğu Beyazıt,1
6,Mühendishane - i Bahrî - i Hümâyun,1
Yunanistan,ios Venizelos,1
Devlet,devlet,1
Ardahan,Doğu Beyazıt,1
Kız mek,eşitlik,1
Romanya,Triannon,1
Humbaracı Ahmet,Kont dö Boneval,1
Dişçi Mekt,Sanat Mekt,1
Ceza yir,Fransa,1
Romanya,ristan,1
Ceza yir,Tunus,1
Ceza yir,Osmanlı,1
Comte de Bonneval,Üsküdar,1
Islahat Fermanı,Paris Barış Antlaşması ',1
Romanya,Rusya,1
Comte de Bonneval,İstanbul,1
Romanya,Trakya,1
Comte de Bonneval,Kont dö Boneval,1
Comte de Bonneval,Humbaracı Ahmet,1
Güçler,Osmanlı Devleti,1
15,Viyana Kongresi,1
Thomas Tanoweo,linona Voncroci,1
Romanya,Selanik,1
Islahat Fermanı,Sened - i İttifak,1
Romanya,Silistre,1
Viyana Kongresi,İngiltere,1
Abdülhamit,Medine,1
Viyana Kongresi,ternich,1
Ayastefanos Antlaşması ',Sırbistan,1
Viyana Kongresi,nih,1
Ayastefanos Antlaşması ',Romanya,1
Dişçi Mekt,Telgraf Memurları Mektebi,1
ABDURRAHMAN PASA,U,1
Ceza yir,Kuzey Afrika,1
Romanya,iyanon,1
1909,Zorunlu askerlik,1
ISES,i MERKEZ,1
Islahat Fermanı,Paris Barış Konferansı,1
Romanya,Sovyetler Birliği,1
Kont dö Boneval,İstanbul,1
1909,Kanun - ı Esasi ',1
U,i MERKEZ,1
ISES,U,1
1909,1913,1
Karadağ,Yugos - lavya Devleti,1
Sanayi İnkılabı,demir yolu,1
Emperyal,Osmanlı,1
Haydarpaşa ',İstanbul,1
Yunanistan,Çekoslovakya,1
Haydarpaşa ',demir yolu hattı,1
Napolyon,İngiltere,1
Humbaracı Ahmet,Üsküdar,1
Humbaracı Ahmet,İstanbul,1
Yunanistan,İnebolu,1
Haydarpaşa ',demir yolları,1
Napolyon,Waterloo ( Vatırlu ) Muharebesi,1
demir yolu hattı,İstanbul,1
demir yolları,İstanbul,1
Demir Yolları Memurları Mektebi,Telgraf Memurları Mektebi,1
Napolyon,Osmanlı Devleti,1
demir yolları,demir yolu hattı,1
Abdülhamit,Şam,1
- i Harbiye,Ankara,1
Napolyon,Rusya,1
Karadağ,na,1
Tarih Araştırma ve Yazımında Dijital Dönüşüm,dijitalleşme,1
Adana,Elâzığ,1
Mustafa Kemal,Trablusgarp,1
Mustafa Kemal,Trablusgarp Savaşı,1
Mustafa Kemal,Osmanlı,1
Mustafa Kemal,Türk,1
Mustafa Kemal,lu,1
Mustafa Kemal,Rumeli,1
Mustafa Kemal,İtilaf Devletleri donanması,1
Mustafa Kemal,Osmanlı Hükûmeti,1
Mustafa Kemal,İngiltere,1
Mustafa Kemal,Sivas,1
Mustafa Kemal,İtilaf Devletleri,1
Mustafa Kemal,Sivas Kongresi,1
Mustafa Kemal,Müdâfaa - i Hukuk Grubu,1
Mustafa Kemal,İst,1
Mustafa Kemal,Osmanlı Mebusan Meclisi,1
Mustafa Kemal,Sevr,1
Mustafa Kemal,Yörük Selim,1
Mustafa Kemal,Türk - Afgan Dostluk Antlaşması,1
Mustafa Kemal,Sakarya Irmağı,1
Mustafa Kemal,Tekâlif - i Millîye Kütahya - Eskişehir Muharebesi ' nden,1
Mustafa Kemal,besi,1
Mustafa Kemal,feransı,1
Mustafa Kemal,Mustafa Kemal ATATÜRK,1
Mustafa Kemal,Türk Ocakları,1
Mustafa Kemal,Türk Tarihi Tetkik Heyeti,1
Mustafa Kemal,İsmet Paşa,1
Mustafa Kemal,Türkiye İktisat Kongresi,1
Mustafa Kemal,Osmanlı İmparatorluğu,1
Mustafa Kemal,Türk Tarih Tezi,1
Mustafa Kemal,Mustafa Kemal Paşa,1
Mustafa Kemal,Silvan,1
Mustafa Kemal,fartalar,1
Askerî,Mustafa Efendi,1
Mustafa Kemal,Çanakkale,1
Kanun - ı Esasi Emperyalizm Monroe Doktrini,Mustafa Kemal ' in I,1
Dünya Savaşı ',Osmanlı Hük,1
Dünya Savaşı ',ûmet,1
Dünya Savaşı ',Paris Barış Konferansı,1
Dünya Savaşı ',II,1
Dünya Savaşı ',Paris Barış Konferansı ',1
Dünya Savaşı ',İngiltere,1
Avrupa Devletleri,Dünya Savaşı,1
Avrupa Devletleri,Osmanlı Devleti,1
OSMANLI DEVLETI VE DÜNYA ÜNITES,karakterler,1
Mustafa Kemal,Zübeyde Hanım,1
Mustafa Kemal,Yunan,1
Mustafa Kemal,Sırp,1
Mustafa Kemal,Ul,1
Mustafa Kemal,Şemsi Efendi Mekt,1
Mustafa Kemal,Şemsi Efendi Mektebi,1
Mustafa Kemal,Selanik Askerî Rüştiy,1
Mustafa Kemal,Sela,1
Mustafa Kemal,Yüzbaşı Mustafa Efendi,1
Mustafa Kemal,Yüzbaşı,1
Mustafa Kemal,Naki Efendi,1
Mustafa Kemal,Teğmen Hasip Efendi,1
Mustafa Kemal,Namık Kemal,1
Mustafa Kemal,Tevfik Fikret,1
Mustafa Kemal,Ruşen Eşref ( Ünaydın ),1
Mustafa Kemal,Türkiye Cumhuriyeti,1
Mustafa Kemal,İtalya,1
Mustafa Kemal,Çanakkale Boğazı,1
Mustafa Kemal,Muş,1
Mustafa Kemal,çok partili,1
Ali Rıza Efendi,Mustafa Kemal,1
Ali Rıza Efendi,Osmanlı Devleti,1
Ali Rıza Efendi,Zübeyde Hanım,1
Düyûn - ı Umûmiye ( Genel Borçlar ) İdaresinin kurulması,Kanun - ı Esasi ' nin ilanı,1
Düyûn - ı Umûmiye ( Genel Borçlar ) İdaresinin kurulması,Osmanlı - Rus Harbi ( 93 Harbi ) ve Berlin Antlaşması,1
Düyûn - ı Umûmiye ( Genel Borçlar ) İdaresinin kurulması,İngiltere ' nin Mısır ' ı işgali,1
Düyûn - ı Umûmiye ( Genel Borçlar ) İdaresinin kurulması,Osmanlı Devleti,1
Yunan İsyanı,İngiltere ' nin Mısır ' ı işgali,1
Şemsi Efendi Mekt,Şemsi Efendi Mektebi,1
Adam,Şevket Süreyya Aydemir,1
Manastır Askerî İdadis,Selanik Askerî Rüştiy,1
Manastır Askerî İdadis,Mustafa Kemal,1
Mehmet Emin,Namık Kemal,1
Kol,sı Mehmet Tevfik Bey,1
Au,Fransız,1
Au,Jean - Jacques Rousseau,1
Au,Jan Jak Ruso,1
Au,Voltaire ( Volter ),1
Au,guste Comte,1
Au,Ogüst Komt ),1
Au,Montesquieu,1
Au,iyu,1
Jean - Jacques Rousseau,Voltaire ( Volter ),1
Jean - Jacques Rousseau,guste Comte,1
Jean - Jacques Rousseau,Ogüst Komt ),1
Jean - Jacques Rousseau,Montesquieu,1
Jean - Jacques Rousseau,iyu,1
Voltaire ( Volter ),guste Comte,1
Voltaire ( Volter ),iyu,1
Ogüst Komt ),Voltaire ( Volter ),1
Ogüst Komt ),guste Comte,1
Ogüst Komt ),iyu,1
Düyûn - ı Umûmiye ( Genel Borçlar ) İdaresinin kurulması,Kırım Savaşı Islahat Fermanı ' nın ilanı,1
Düyûn - ı Umûmiye ( Genel Borçlar ) İdaresinin kurulması,Tanzimat Fermanı ' nın ilanı,1
Düyûn - ı Umûmiye ( Genel Borçlar ) İdaresinin kurulması,Fransa ' nın Cezayir ' i işgali,1
Kırım Savaşı Islahat Fermanı ' nın ilanı,Yunan İsyanı,1
Ali Rıza Efendi,Makedonya,1
Ali Rıza Efendi,Selanik,1
Kızıl Oğuz,Söke,1
Ul,Yunan,1
Fransa ' nın Cezayir ' i işgali,Yunan İsyanı,1
Fransa ' nın Cezayir ' i işgali,Tanzimat Fermanı ' nın ilanı,1
Fransa ' nın Cezayir ' i işgali,Kırım Savaşı Islahat Fermanı ' nın ilanı,1
Fransa ' nın Cezayir ' i işgali,Kanun - ı Esasi ' nin ilanı,1
Fransa ' nın Cezayir ' i işgali,Osmanlı - Rus Harbi ( 93 Harbi ) ve Berlin Antlaşması,1
Fransa ' nın Cezayir ' i işgali,İngiltere ' nin Mısır ' ı işgali,1
Fransa ' nın Cezayir ' i işgali,Osmanlı Devleti,1
Tanzimat Fermanı ' nın ilanı,Yunan İsyanı,1
Tanzimat Fermanı ' nın ilanı,İngiltere ' nin Mısır ' ı işgali,1
Kırım Savaşı Islahat Fermanı ' nın ilanı,Tanzimat Fermanı ' nın ilanı,1
Düyûn - ı Umûmiye ( Genel Borçlar ) İdaresinin kurulması,Yunan İsyanı,1
Kırım Savaşı Islahat Fermanı ' nın ilanı,Osmanlı - Rus Harbi ( 93 Harbi ) ve Berlin Antlaşması,1
Kırım Savaşı Islahat Fermanı ' nın ilanı,İngiltere ' nin Mısır ' ı işgali,1
Kırım Savaşı Islahat Fermanı ' nın ilanı,Osmanlı Devleti,1
Kanun - ı Esasi ' nin ilanı,Yunan İsyanı,1
Kanun - ı Esasi ' nin ilanı,Tanzimat Fermanı ' nın ilanı,1
Kanun - ı Esasi ' nin ilanı,Kırım Savaşı Islahat Fermanı ' nın ilanı,1
Kanun - ı Esasi ' nin ilanı,Osmanlı - Rus Harbi ( 93 Harbi ) ve Berlin Antlaşması,1
Kanun - ı Esasi ' nin ilanı,İngiltere ' nin Mısır ' ı işgali,1
Kanun - ı Esasi ' nin ilanı,Osmanlı Devleti,1
Osmanlı - Rus Harbi ( 93 Harbi ) ve Berlin Antlaşması,Yunan İsyanı,1
Osmanlı - Rus Harbi ( 93 Harbi ) ve Berlin Antlaşması,Tanzimat Fermanı ' nın ilanı,1
Osmanlı - Rus Harbi ( 93 Harbi ) ve Berlin Antlaşması,İngiltere ' nin Mısır ' ı işgali,1
Osmanlı - Rus Harbi ( 93 Harbi ) ve Berlin Antlaşması,Osmanlı Devleti,1
Dünya Savaşı ' nın Sonuçları,Revizyonist Yatıştırma Politikası,1
Dünya Savaşı ' nın Sonuçları,Mustafa Kemal ' in I,1
Dünya Savaşı ' nın Sonuçları,Kanun - ı Esasi Emperyalizm Monroe Doktrini,1
Mahmud,Nadir Şah,1
Hırvat,Leh,1
Hırvat,Sırp,1
Hırvat,Sloven,1
Hırvat,Slovak,1
Hırvat,Çek,1
Sloven,Ukraynalı,1
Sloven,Sırp,1
Sloven,Çek,1
Slovak,Ukraynalı,1
Slovak,Sırp,1
Slovak,Sloven,1
Slovak,Çek,1
Ukraynalı,Çek,1
genosit,jenosit,1
genosit,pogrom,1
jenosit,pogrom,1
Süregelen düzenin korunması durumu,sürer durum,1
16 Temmuz 2016 TBMM ortak bildirisi,Ortaöğretim Ders Kitabı,1
Atatürk Araştırma Merkezi,"Atatürk Kültür, Dil ve Tarih Yüksek Kurumu",1
Atatürk Araştırma Merkezi,Mardin,1
Protestan Reformu,Rönesans,1
Erken Modern Dönem,Rönesans,1
Erken Modern Dönem,Protestan Reformu,1
Bilim Çağı,Rönesans,1
Bilim Çağı,Protestan Reformu,1
Bilim Çağı,Erken Modern Dönem,1
Boğazlar sorunu,İstanbul ' un feth,1
Boğazlar sorunu,Montrö boğazlar sözleşmesi,1
Montrö boğazlar sözleşmesi,İstanbul ' un feth,1
Hırvat,Ukraynalı,1
Hırvat,Rus,1
Beyaz Rus,Çek,1
Millet,Millî Mücadele,1
Land,Zicberlandt,1
Land,Sran,1
Engellandt,Land,1
Engellandt,Spannian,1
Engellandt,Zicberlandt,1
Engellandt,Sran,1
Spannian,Zicberlandt,1
Spannian,Sran,1
Sran,Zicberlandt,1
' nde Millî İktisat Politikası ',Osmanlı,1
Düyûn - ı Umûmiyenin,Genel Borçlar İdaresi,1
Millet,Ulus devlet,1
Millet,milliyet,1
B,âbıâli,1
Beyaz Rus,Slovak,1
Osmanlı hük,Osmanlı İmparatorluğu,1
Osmanlı hük,ûmeti,1
Milletlerarası ilişkileri düzenleyen antlaşmalar bütünü,milletlerarası dış siyaset,1
modernleşme,Çağdaşlaşma,1
Zarar,zararı,1
Para,para,1
Beyaz Rus,Rus,1
Beyaz Rus,Ukraynalı,1
Beyaz Rus,Leh,1
Beyaz Rus,Sırp,1
Beyaz Rus,Hırvat,1
Beyaz Rus,Sloven,1
Beyaz Rus,Bulgar,1
48,Sermaye Çağı,1
Seçim,Türkiye ',1
Meyrutiyet ',Rusya,1
Kap,Modern dünya sistemi,1
", Dúnya Savag",Megrutiyet,1
Bolgevik,Dúnya Sevag,1
Bolgevik,h Devlet,1
Bolgevik,Mustafa KemaT,1
Bolgevik,Megrutiyet,1
Mustafa KemaT,h Devlet,1
Megrutiyet,h Devlet,1
Megrutiyet,Mustafa KemaT,1
Y,b isyan,1
ONITE IÇER,Y,1
ONITE IÇER,b isyan,1
Dünya Savagé nun Sonuç,Emperyalizm Ordusu,1
Bak,Dünya Savagé nun Sonuç,1
Bak,Emperyalizm Ordusu,1
Nal Ordu,baycam,1
Azerbaycan Oernokratk Cum,baycam,1
Azerbaycan Oernokratk Cum,Nal Ordu,1
Acerbaycan,Azerbaycan,1
Acerbaycan,Medine Müdafaan Inpilclerie,1
fahreddin Pasa,rah,1
fahreddin Pasa,reddin Papa,1
rah,reddin Papa,1
istanbul Müt,met,1
Nuri Pasa,Terakk,1
Osmani itthat ve Terakli Hükümdar,Osmanli Devleti,1
Mustalo Kemari,Osmanli Devleti,1
Mustalo Kemari,Osmani itthat ve Terakli Hükümdar,1
Ikinci inpiltere,Meyrutiyet ',1
Ikinci inpiltere,Rusya,1
", Dúnya Savag",Mustafa KemaT,1
", Dúnya Savag",Bolgevik,1
", Dúnya Savag",h Devlet,1
DÜNYA,geye goe,1
Hamidiye etfal hastanesi,kutup yıldızı,1
RUSYA FEDERASYONU ÖZERK BÖLGE,"TÜRK CUMHURIYETLERi,",1
RUSYA FEDERASYONU ÖZERK BÖLGE,TAN C,1
AGAVUZ YER,RUSYA FEDERASYONU ÖZERK BÖLGE,1
AGAVUZ YER,"TÜRK CUMHURIYETLERi,",1
AGAVUZ YER,TAN C,1
TAN C,"TÜRK CUMHURIYETLERi,",1
KIBRIS,Mogolistan Türkleri Rusya Federasyonu Türkleri,1
KIBRIS,RUM YONETIMI,1
DÜNYA,OSMANLI DEVLET,1
DÜNYA,ITES,1
DÜNYA,s,1
DÜNYA,tan tene,1
DÜNYA,IY,1
", Dúnya Savag",Dúnya Sevag,1
ITES,OSMANLI DEVLET,1
ITES,s,1
ITES,tan tene,1
ITES,geye goe,1
OSMANLI DEVLET,s,1
OSMANLI DEVLET,tan tene,1
OSMANLI DEVLET,geye goe,1
s,tan tene,1
geye goe,s,1
geye goe,tan tene,1
Dúnya Sevag,h Devlet,1
Dúnya Sevag,Mustafa KemaT,1
Dúnya Sevag,Megrutiyet,1
guste Comte,iyu,1
Sela,Selanik,1
sorumluluk,Öz denetim,1
Ege Adaları,Rodos,1
Ege Adaları,Ege Adaları Sorunu,1
Ege Adaları,Paris Antlaşması,1
Midye,Yunanistan,1
Kırklareli,Osmanlı Devleti,1
10 Ağustos 1913,Balkan Savaşı ',1
10 Ağustos 1913,Balkan,1
10 Ağustos 1913,Bükreş Antlaşması,1
1914,Sırbistan,1
1914,İstanbul Antlaşması,1
Balkan Savaşları öncesi,I,1
Abdullah Bey,elli babam,1
Bizim Diyar,Sevinç Çokum,1
Türkiye ' nin 200 Yıllık İktisat Tarihi,Şevket Pamuk,1
it,İlber Ortaylı,1
Alman demiryol,Anadolu,1
İkinci Abdülhamit,İlber Ortaylı,1
Meşrutiyet düzeni,Osmanlı,1
Meşrutiyet ',Mustafa Oral,1
Meşrutiyet ',Mustafa Kemal,1
Meşrutiyet ',Şam,1
Meşrutiyet ',Osmanlı Devleti,1
Süveys Kanali,dünya savaşı,1
Gavrilo Princip,Gavrilo Prinsip,1
İtalya,İttifak Devletleri,1
İtalya,İzmir,1
İtalya,İtilaf,1
Londra Antlaşması,İtilaf Devletleri,1
Londra Antlaşması,Üçlü İtilaf Devletleri,1
Londra Antlaşması,arios,1
Ege Adaları,Kıta Sahanlığı,1
Ege Adaları,Osmanlı Devleti,1
Askerî Rüş,Selanik,1
Ege Adaları,Osmanlı,1
Derne,Doğu Trakya,1
Derne,Trablusgarp Savaşı,1
Bingazi,Mustafa Kemal,1
Bingazi,Derne,1
Bingazi,Tobruk,1
Bingazi,Enver Bey,1
Bingazi,İtalya,1
Bingazi,Çanakkale Boğazı,1
Tobruk,İtalya,1
Tobruk,Çanakkale Boğazı,1
Tobruk,Trablusgarp Savaşı,1
Ouchy ( Uşi ) Antlaşması,İtalya,1
Ouchy ( Uşi ) Antlaşması,Trablusgarp,1
İki Ada,İtalya,1
Fuat Bulca,Mustafa Kemal,1
Har,biye Naz,1
Eşref Bey,Mısır,1
Cemal Kutay,Trablusgarp,1
Bâb - ı Âli Baskını,İttihat ve Terakki Cemiyeti,1
30 Mayıs 1913,Londra Antlaşması,1
Enez,Gökçeada,1
Enez,Yunanistan,1
Gökçeada,Midye,1
Gökçeada,Lozan Antlaşması,1
Gökçeada,Meis,1
Gökçeada,İtalya,1
Gökçeada,İstanbul,1
Ege Adaları,Midye,1
Ege Adaları,Enez,1
Üçlü İtilaf Devletleri,İtilaf Devletleri,1
Dünya Savaşı ' nın Sebepleri,Karadeniz,1
Balık Kılçığı,Dünya Savaşı ' nın Sebepleri,1
Balık Kılçığı,Karadeniz,1
Cephesi,Osmanlı Devleti,1
Cephesi,Rusya,1
Cephesi,İttifak Devletleri,1
Cephesi,Çanakkale Boğazı,1
Mart,Çanakkale Boğazı,1
Mart,İtilaf donanması,1
Anafartalar,Mustafa Kemal,1
Anafartalar,Arıburnu,1
Anafartalar,Conkbayırı,1
Anafartalar,Çanakkale Zaferi,1
Anafartalar,Gazi Mustafa Kemal,1
Arıburnu,Mustafa Kemal,1
Arıburnu,Conkbayırı,1
Conkbayırı,Mustafa Kemal,1
Conkbayırı,Kocaçimen,1
Conkbayırı,Mustafa Ke,1
Galiçya,Makedonya,1
Galiçya,Romanya,1
Galiçya,Osmanlı Devleti,1
Galiçya,ristan,1
Galiçya,Macaristan,1
Bulga,Galiçya,1
Bulga,Makedonya,1
Bulga,Romanya,1
Bulga,Osmanlı Devleti,1
Bulga,ristan,1
Bulga,Macaristan,1
Kanal Cephesi,Osmanlı Devleti,1
Kanal Cephesi,Mısır,1
Cephesi,İtilaf Devletleri,1
Cephesi,Çanakkale,1
Brest - Litovsk Antlaşması ',Kafkas Cephesi,1
I T Rıfat Paşa,K,1
Osmanlı Devle,İttihat ve Terakki ',1
Odesa,Sivastopol,1
Enver Paşa,İttihat ve Terakki ',1
Enver Paşa,Rusya,1
Enver Paşa,Harbiye,1
Enver Paşa,Orta Asya,1
Enver Paşa,Turan,1
Enver Paşa,Gelibolu,1
Enver Paşa,Çanakkale,1
Meşrutiyetin,Rus,1
Meşrutiyetin,İttihat ve Terakki Hükûmet,1
Cihan Harbi,Türk - Rus davası,1
Birinci Dünya Savaşı Anıları,Kâzım Karabekir,1
Ahmet Emin Yalman,Birinci Dünya Savaşı ' nda Türkiye,1
Kafkasya Cephesi,Muş,1
Kafkas Cephesi : Osmanlı orduları I,Osmanlı Devleti ' nin Savaştığı Cepheler,1
Harbiye,Orta Asya,1
Harbiye,Turan,1
Aralık 1914,Ocak 1915,1
Aralık 1914,Sarıkamış Harekâtı ',1
Ocak 1915,Sarıkamış Harekâtı ',1
Bayburt,Erzurum,1
Bayburt,Muş,1
Bayburt,Bitlis,1
Bayburt,Van,1
Bayburt,Trabzon,1
Bayburt,Erzincan,1
Kafkasya Cephesi,Mustafa Kemal,1
Derne,Osmanlı Devleti,1
Derne,Çanakkale Boğazı,1
Derne,İtalya,1
Yusuf Akçura,Üç Tarz - ı Siyaset,1
Balkan Savaş,Sofya,1
Balkan Savaş,tihat,1
Balkan Savaş,Osmanlı Devleti,1
Balkan Savaş,İtilaf Devletleri,1
Mehmet Emin Yurdakul,Mustafa Kemal,1
Turan,Ziya Gökalp,1
Turan,Türkiye,1
Turan,Türkistan,1
Turan,Voltaire,1
Manastır Askerî İdadisi,Mustafa Kemal,1
Manastır Askerî İdadisi,Ömer Naci,1
Japon,Manastır,1
Japon,Mehmet Emin ( Yurdakul ),1
Japon,Namık Kemal,1
Japon,İngiltere,1
Japon,İtalya,1
Japon,ya,1
Japon,Çekoslovakya,1
Japon,Polonya,1
Japon,Pearl Harbor Baskını,1
Mehmet Emin ( Yurdakul ),Namık Kemal,1
Colonel Chabert,Kolone Şaber,1
Colonel Chabert,Maupassant,1
Boule de Suif,Colonel Chabert,1
Boule de Suif,Kolone Şaber,1
Boule de Suif,Maupassant,1
Kolone Şaber,Maupassant,1
Ali Güler,Mustafa Kemal Atatürk,1
Cumalı Ordugâhı,Türkiye Cumhuriyeti,1
Balkan Savaş,Mustafa Kemal,1
Kuzey Ingiltere isgal,Selanik,1
BUL,Girit,1
Abdülhak Hamit,Namık Kemal,1
Askerî Rüş,Mustafa Kemal,1
Askerî Rüş,Sela,1
Yüzbaşı,Yüzbaşı Mustafa Efendi,1
Naki Efendi,Yüzbaşı Mustafa Efendi,1
Naki Efendi,Yüzbaşı,1
Naki Efendi,Teğmen Hasip Efendi,1
Teğmen Hasip Efendi,Yüzbaşı Mustafa Efendi,1
Teğmen Hasip Efendi,Yüzbaşı,1
1899 Harp Okulu ve Akademisi,Mustafa Kemal,1
1899 Harp Okulu ve Akademisi,Namık Kemal,1
1899 Harp Okulu ve Akademisi,Tevfik Fikret,1
1899 Harp Okulu ve Akademisi,Abdülhak Hamit,1
Abdülhak Hamit,Mustafa Kemal,1
Abdülhak Hamit,Tevfik Fikret,1
BUL,Cekoslavakya T,1
Namık Kemal,Tevfik Fikret,1
Namık Kemal,Ziya Gökalp,1
Namık Kemal,Türkiye,1
Namık Kemal,Türkistan,1
Namık Kemal,Turan,1
Namık Kemal,Voltaire,1
Harp Akademisi,Şam,1
Harp Akademisi,Manastır,1
Harp Akademisi,Mehmet Emin ( Yurdakul ),1
Harp Akademisi,Namık Kemal,1
Harp Akademisi,Japon,1
BUL,STAN Selanik,1
BUL,Romanya,1
Cumalı Ordugâhı,Mustafa Kemal,1
Jön Türkler,Osmanlı Devleti,1
Derne,Enver Bey,1
Abdulhamit,Meclis - i Mebusan,1
Meşrutiyet rejimin,Yunanistan,1
13 Nisan 1909 ',31 Mart Vakası,1
Mustafa Ke,Selanik,1
Mustafa Ke,mal Paşa,1
Mustafa Ke,TBMM,1
Mustafa Ke,mal,1
Mustafa Ke,Türkiye Cumhuriyeti,1
Mustafa Ke,İsmet Paşa,1
Hâkimiyet - i milliye,parlâmento,1
Yedinci Edwards,İngiltere,1
Rus Çarı Nikola,İngiltere,1
Rus Çarı Nikola,Yedinci Edwards,1
Uzak,Yakın Doğu,1
Uzak,ya,1
Yakın Doğu,ya,1
Eyüp Sabri Beyler,Niyazi,1
Vahdettin Engin,İmparatorluktan Ulus Devlet,1
Türk İnkılâp Tarihi,Vahdettin Engin,1
Türk İnkılâp Tarihi,İmparatorluktan Ulus Devlet,1
Karadeniz istanbul,Trablusgarp Savaşı,1
Karadeniz istanbul,OSMANLI DEVLETI,1
Karadeniz istanbul,İtalya,1
Karadeniz istanbul,Osmanlı,1
Karadeniz istanbul,Trablusgarp,1
OSMANLI DEVLETI,Trablusgarp Savaşı,1
OSMANLI DEVLETI,İtalya,1
OSMANLI DEVLETI,Osmanlı,1
OSMANLI DEVLETI,Trablusgarp,1
Trablusgarp Savaşı,İtalya,1
İttihat ve Terakki Cemiyeti,İttihâd - ı Muhammedî Fır - kası,1
Osmanlı Ahrar Fırkası,İttihâd - ı Muhammedî Fır - kası,1
Osmanlı Ahrar Fırkası,İttihat ve Terakki Cemiyeti,1
' nde,6 ',1
Abdulhamit,Osmanî,1
Osmanlı Hürriyet Cemiyeti,İttihat ve Terakki Cemiyeti,1
Batı uygar,Rusya,1
Batı uygar,İngiltere,1
Batı uygar,Osmanlı Devleti,1
Batı uygar,Rumeli,1
Mustafa Acar,Ömer Demir,1
Mustafa Acar,Sosyal Bilimler Sözlü,1
Sosyal Bilimler Sözlü,Ömer Demir,1
Mehmet Emin Bars,Ziya Gökalp,1
Mehmet Emin Bars,ülük,1
Ziya Gökalp,ülük,1
' nde,Kanun - ı Esasi Osmanlı,1
' nde,Türk tarihinin,1
Hürri - yet ve İtilâf Fırkası,İttihâd - ı Muhammedî Fır - kası,1
' nde,yazılı anayasası,1
6 ',Kanun - ı Esasi Osmanlı,1
6 ',Türk tarihinin,1
6 ',yazılı anayasası,1
Kanun - ı Esasi Osmanlı,Türk tarihinin,1
Kanun - ı Esasi Osmanlı,yazılı anayasası,1
Türk tarihinin,yazılı anayasası,1
Bâb - ı Âli ( Osmanlı Hükûmeti ),İttihat ve Terakki Cemiyeti,1
Eyup Sabri,Niyazi,1
Eyup Sabri,Makedonya,1
Hürri - yet ve İtilâf Fırkası,Meşrutiyet ' in,1
Hürri - yet ve İtilâf Fırkası,İttihat ve Terakki Cemiyeti,1
Hürri - yet ve İtilâf Fırkası,Osmanlı Ahrar Fırkası,1
Land,Spannian,1
Modernleşen Dünyada,oyu Beyin Fırtınası,1
Adana,Rusya,1
Orta Makedonya,Romanya,1
Orta Makedonya,Yunanistan,1
Orta Makedonya,Trakya,1
Silistre,Sırbistan,1
Silistre,Yunanistan,1
Silistre,Trakya,1
Avusturya - Macaristan Rusya,Bulgaristan,1
Avusturya - Macaristan Rusya,Enver Paşa,1
Balkan Savaşları,Bulga ristan,1
Balkan Savaşları,Fransız İhtilali,1
Balkan Savaşları,Rusya,1
Balkan Savaşları,Panslavizm,1
Balkan Savaşları,Balkanlar,1
Balkan Savaşları,Ege Adaları,1
Balkan Savaşları,Girit,1
Balkan Savaşları,Kıbrıs,1
Balkan Savaşları,Batı Trakya,1
Balkan Savaşları,İstanbul Antlaşması,1
Balkan Savaşları,Bulgaristan,1
Bulga ristan,Osmanlı Devleti,1
Bulga ristan,Yunanistan,1
Meriç Nehri,Osmanlı Devleti,1
Atina Antlaşması,Osmanlı Devleti,1
Atina Antlaşması,Girit,1
Atina Antlaşması,Ege Adaları,1
Balkan Savaşları ',Balkanlar,1
Balkan Savaşları ',İttihat ve Terakki Fırkası,1
İtilaf Devletleri,İttifak,1
İtilaf Devletleri,İttifak Devletleri,1
İtilaf Devletleri,İzmir,1
Orta Makedonya,Selanik,1
Orta Makedonya,Silistre,1
Seçimler,Çok Partili Hayata Geçiş,1
Orta Makedonya,Sırbistan,1
1912,Balkan Savaşları,1
Balkan Savaşı ',Bükreş Antlaşması,1
Balkan Savaşı ',Osmanlı,1
Kuzey,Orta Makedonya,1
Kuzey,Sırbistan,1
Kuzey,Silistre,1
Kuzey,Romanya,1
Kuzey,Selanik,1
Kuzey,Yunanistan,1
Kuzey,Trakya,1
Güney Makedonya,Kuzey,1
Güney Makedonya,Orta Makedonya,1
Güney Makedonya,Sırbistan,1
Güney Makedonya,Silistre,1
Güney Makedonya,Romanya,1
Güney Makedonya,Selanik,1
Güney Makedonya,Yunanistan,1
Güney Makedonya,Trakya,1
Dedeağaç,Kuzey,1
Dedeağaç,Orta Makedonya,1
Dedeağaç,Sırbistan,1
Dedeağaç,Silistre,1
Dedeağaç,Romanya,1
Dedeağaç,Selanik,1
Dedeağaç,Güney Makedonya,1
Dedeağaç,Girit,1
Dedeağaç,Yunanistan,1
Dedeağaç,Trakya,1
Dedeağaç,Edirne,1
İngilizler,İngiltere,1
Mehmet Reşat,Sad,1
Mehmet Reşat,Sait Halim Paşa,1
Hans fon Vangenhaym,Hans von Wangenheim,1
Anayasal Düzene Geçiş :,Islahat Fermanı,1
Anayasal Düzene Geçiş :,Osmanlı Devleti,1
Kanun - ı Esasi ' nin İlanı,Tanzimat Fermanı,1
Kanun - ı Esasi ' nin İlanı,Osmanlı Devleti,1
Kanun - ı Esasi ',Osmanlı Devleti,1
Kanun - ı Esasi ',Tersane Konferansı ',1
- ı Esasi,Osmanlı Devleti,1
- ı Esasi,Meşrutiyet,1
- ı Esasi,Meşruti idarenin,1
Meşrutiyet,Tanzimat ve,1
Meşrutiyet,tihat,1
Meşrutiyet,İstanbul,1
Meşrutiyet,Tanzi - mat,1
Monarş,Osmanlı Devleti,1
Kanun - ı Esasi de Belçika anayasası,Monarş,1
Kanun - ı Esasi de Belçika anayasası,Osmanlı Devleti,1
1876,Monarş,1
1876,Kanun - ı Esasi de Belçika anayasası,1
1876,1909,1
1876,1913,1
1876,SO,1
1876,1908,1
1876,Geçici Seçim Kanunu,1
1876,Türkiye,1
- ı Esas,Meşrutiyet ' in,1
Meşrutiyet Dönemi,Tanzimat Dönemi,1
Ahmet Cevdet Paşa,Fransız Medeni Kanunu,1
Osmanlıcılık,İslamcılık,1
Osmanlıcılık,Türkçülük,1
Anayasal Düzene Geçiş :,Tanzimat Fermanı,1
Anayasal Düzene Geçiş :,Kanun - ı Esasi ' nin İlanı,1
Kı rım Savaşı,İngiltere,1
Moritus,Myanmar,1
Osmanlı - Alman ittifak,Osmanlı Devleti İttifak Devletleri,1
Dünya Müslümanlarının Osmanlılara Yardımı Beyin Fırtınası,Osmanlı Devleti ' nin XI,1
Arakan,Azerbaycan,1
Arakan,Myanmar,1
Arakan,Madagaskar,1
Arakan,Mauritus,1
Arakan,Moritus,1
Arakan,Hint,1
Madagaskar,Myanmar,1
Madagaskar,Mauritus,1
Madagaskar,Moritus,1
Mauritus,Myanmar,1
Mauritus,Moritus,1
Bakü Cemiyet - i Hayriyesi,Balkan Savaşları,1
Kı rım Savaşı,Osmanlı Devleti,1
Sened - i İttifak,Tanzimat Fermanı,1
Kanun - ı Esasi,Sened - i İttifak,1
Kanun - ı Esasi,Tanzimat Fermanı,1
Kanun - ı Esasi,Osmanlı Devleti,1
Hic,Osmanlı Devleti,1
Hic,yolu,1
Alemdar Mustafa Paşa,Kabakçı Mustafa İsyanı,1
Alemdar Mustafa Paşa,Sadraz,1
Kabakçı Mustafa İsyanı,İstanbul,1
- i İttifak,Sen,1
Gülhane Hatt - ı Hümâyunu,Tanzimat Fermanı,1
Gülhane Hatt - ı Hümâyunu,Mustafa Reşit Paşa,1
Mustafa Reşit Paşa,Tanzimat Fermanı,1
Balkan İttifakı,Yunanistan,1
Balkan İttifakı,Bulgaristan,1
Balkan İttifakı,Karadağ,1
Devletleri,Mondros Ateşkes Antlaşması ',1
Petro,Rus,1
Avusturya -,İngiltere,1
Avusturya -,Macaristan,1
Avusturya -,Fransa,1
Avusturya -,Macaristan İmparatorluğu,1
Avusturya -,Çarlık Rusya,1
Türk Boğazları,İstanbul ve Çanakkale Boğazları,1
Kale - i Sultaniye ( Çanakkale ) Antlaşması,İngiltere,1
Hünkar İskelesi Antlaşması,Rusya,1
Hünkar İskelesi Antlaşması,Osmanlı Devleti,1
Londra Boğazlar Sözleşmesi,Rusya,1
1878 Berlin Antlaşması ' nda Londra Boğazlar Sözleşmesi ' nin teyit,Boğazlar Meselesi I,1
ayn,uurouluul ha enole agay ' uan ouruyu,1
CRISTIANITY OHINA CRONIT JNPAN ONU,Osmanlı Devleti,1
CRISTIANITY OHINA CRONIT JNPAN ONU,Çarlık Rusya,1
CRISTIANITY OHINA CRONIT JNPAN ONU,Rusya,1
Kırım Harbi,Paris Antlaşması,1
Kırım Harbi,Osmanlı Devleti,1
Kırım Harbi ',Osmanlı Devleti,1
Kırım Harbi ',Rusya,1
Fransız İhtilali ve Sanayi İnkılabı,İttifak ve İtilaf Devletleri Beyin Fırtınası,1
bir dünya savaşın,yüzyılda,1
Otto von Bismarck,usya,1
Otto fon Bismak,usya,1
Otto fon Bismak,Otto von Bismarck,1
Alman imparator,Wilhelm ( Vilhelm ),1
Devletleri,It,1
Devletleri,Osmanli Devleti It,1
Devletleri,Ittifak,1
Petro,Çanakkale Boğazı,1
Petro,İstanbul Boğazı,1
Mehmet Ali Paşa,Rusya,1
Adana,yolu,1
Adana,Lübnan,1
Adana,Beyrut,1
Adana,Harput,1
Adana,Bağdat,1
Adana,Basra,1
Adana,Güney Irak,1
Adana,Mardin,1
Adana,Kayseri,1
Adana,Sykes - Picot Antlaşması ',1
Adana,İskenderun,1
Adana,Irak,1
Adana,Mu,1
Adana,Ankara Antlaşması,1
Adana,Hatay,1
Mehmet Ali Paşa,Osmanlı Devleti,1
Adana,Gazi,1
Adana,Churchill ( Çörçil ),1
Adana,Majeste Kral Hükûmet,1
Adana,İsmet İnönü,1
Adana,Antalya,1
Adana,Sam,1
Adana,İzmir,1
Adana,Malatya,1
Adana,Bursa,1
Kütahya Antlaşması,Osmanlı Devleti,1
Nizip,Osmanlı,1
Nizip,alalı,1
Mehmet Ali Paşa,Osmanlı,1
Devletleri,Meksika,1
It,Osmanli Devleti It,1
Balkan İttifakı,Sırbistan,1
It,Ittifak,1
Bosna - Hersek,Sırbistan,1
Bosna - Hersek,Hırvatistan,1
Bosna - Hersek,na,1
Bosna - Hersek,Hersek,1
Bosna - Hersek,Slovenya,1
Bosna - Hersek,Kosova,1
Bosna - Hersek,Makedon,1
Bosna - Hersek,ya,1
Bosna - Hersek,Karadağ,1
Bosna - Hersek,Dayton Antlaşması ',1
Bosna - Hersek,Türk İşbirliği ve Koordinasyon Ajansı Başkanlığı,1
Bosna - Hersek,Yurtdışı Türkler ve Akraba Topluluklar Başkanlığı,1
Bosna - Hersek,Uluslararası Türk Kültürü Teşkilatı,1
Bosna - Hersek,Yunus Emre Enstitüsü,1
Bosna - Hersek,İslam Konferansı Örgütü,1
Bosna - Hersek,Orta Doğu,1
Bosna - Hersek,Yarımada,1
Bulgar Prensliği,Osmanlı ',1
Bulgar Prensliği,Meşrutiyet,1
Girit idaresi,Osmanlı Devleti,1
Girit idaresi,Yunanistan,1
Sırbistan,Trakya,1
Sırbistan,Türkiye,1
Sırbistan,İstanbul Antlaşması,1
Sırbistan,Yugoslavya,1
Sırbistan,na,1
Sırbistan,ya,1
Sırbistan,Yugos - lavya Devleti,1
Balkan İttifakı,Rusya,1
Bosna - Hersek,Bosna - Hersek Savaşı,1
Bosna - Hersek,Meşrutiyet rejimin,1
Bosna - Hersek,Yunanistan,1
93 Harbi ',Reval Görüşmesi,1
Ittifak,Osmanli Devleti It,1
Üçlü İtilaf ',İngiltere,1
Üçlü İtilaf ',İtalya,1
Üçlü İtilaf,İtalya,1
Almanya italya,ITTIFAK DEVLETLERI,1
Almanya italya,ITILAF DEVLETLERI,1
ITILAF DEVLETLERI,ITTIFAK DEVLETLERI,1
Balkan Savaşları Sonunda Kurulan Osmanlı - Alman İttifakı İngiliz - Rus rekabet,Reval Görüşmesi,1
Balkan Savaşları Sonunda Kurulan Osmanlı - Alman İttifakı İngiliz - Rus rekabet,Boğazlar Sorunu,1
Boğazlar Sorunu,Reval Görüşmesi,1
Boğazlar Sorunu,Lozan Konferansı,1
Boğazlar Sorunu,Türkiye,1
Boğazlar Sorunu,Lozan Barış Antlaşması ',1
93 Harbi ',Balkan Savaşları Sonunda Kurulan Osmanlı - Alman İttifakı İngiliz - Rus rekabet,1
Bosna - Hersek,Girit Meclisi,1
93 Harbi ',Boğazlar Sorunu,1
93 Harbi ',Osmanlı Devleti,1
93 Harbi ',Abdülhamit,1
Wilhelm ( Vilhelm ) Dönemi,İngiltere,1
Wilhelm ( Vilhelm ) Dönemi,lü İtilaf,1
lü İtilaf,İngiltere,1
Rus ya,İngiltere,1
Rus ya,Uzak Doğu,1
Güney Asya,Rus ya,1
Güney Asya,Rusya,1
Üçlü İtilaf bloğu,İngilte re,1
Bosna - Hersek,Osmanlı,1
Bosna - Hersek,Bulgaristan,1
Türkçülük,İslamcılık,1
Osmanlı - Rus Harbi,Osmanlı Devleti,1
Meclis - i Tıbbiye - i Mülkiye,Sıhhiye - i Umumiye,1
Balta Limanı Antlaşması,İstanbul,1
Balta Limanı Antlaşması,Osmanlı,1
Endüstriyel Üretime Geçiş Sanayi İnkılabı ',Osmanlı,1
Bal,Limanı Antlaşması,1
Bal,Osmanlı Devleti,1
Bal,Rusya,1
Bal,İngiltere,1
1875,Osmanlı maliye,1
1875,Sermaye Çağı,1
1875,48,1
187,II,1
Düyûn - ı Umûmiye İdaresi ',Muharrem Kararnamesi,1
Düyûn - ı Umûmiye İdaresi ',Genel Borçlar İdaresi,1
Genel Borçlar İdaresi,Muharrem Kararnamesi,1
Düyûn - ı Umûmiye,Osmanlı Hükûmet Binası,1
Düyûn - ı Umûmiye,borç,1
Düyûn - ı Umûmiye,Kırım Savaşı,1
Düyûn - ı Umûmiye İdaresi,Osmanlı Bankası,1
Düyûn - ı Umûmiye İdaresi,Türkiye,1
Düyûn - ı Umûmiye İdaresi,Fethi Bey,1
Millî İktisat Politikası Beyin Fırtınası,Mustafa Kemal Atatürk,1
Meşrutiyet ' in,İttihat ve Terakki yönetimi,1
Meşrutiyet ' in,Millî İktisat Politikası,1
Meşrutiyet ' in,İttihat ve Terakki Cemiyeti,1
Meşrutiyet ' in,Osmanlı Ahrar Fırkası,1
Meşrutiyet ' in,İttihâd - ı Muhammedî Fır - kası,1
Millî İktisat Politikası,İttihat ve Terakki yönetimi,1
Millî İk -,Osmanlı Devleti,1
Ziraat Bankası,sat Politikası,1
Pet,Rusya,1
Balta Limanı Antlaşması,tudou le son loucar entolon,1
Balta Lima nı,Balta Limanı Antlaşması,1
1908 genel seçimin,İttihat ve Terakki Fırkası,1
Balta Lima nı,İstanbul,1
Navarin Olayı Kütahya Antlaşması,Vehhabilik İsyanı,1
Navarin Olayı Kütahya Antlaşması,Nizip Savaşı,1
Nizip Savaşı,Vehhabilik İsyanı,1
1840 Londra Antlaşması,Vehhabilik İsyanı,1
1840 Londra Antlaşması,Navarin Olayı Kütahya Antlaşması,1
1840 Londra Antlaşması,Nizip Savaşı,1
1815 Viyana Kongresi,Rum İsyanı ',1
1815 Viyana Kongresi,Tepedelenli Ali Paşa İsyanı,1
Rum İsyanı ',Tepedelenli Ali Paşa İsyanı,1
1768 - 1774 Savaşı,1853 - 1856 Kırım Savaşı,1
1768 - 1774 Savaşı,Çarlık Rusya ',1
1853 - 1856 Kırım Savaşı,Çarlık Rusya ',1
Orta Doğu,Rus,1
Orta Doğu,Rusya,1
Orta Doğu,Osmanlı Devleti,1
Orta Doğu,İtilaf Devletleri,1
Orta Doğu,Osmanlı,1
Orta Doğu,Türk İşbirliği ve Koordinasyon Ajansı Başkanlığı,1
Orta Doğu,Yurtdışı Türkler ve Akraba Topluluklar Başkanlığı,1
Orta Doğu,Uluslararası Türk Kültürü Teşkilatı,1
Orta Doğu,Yunus Emre Enstitüsü,1
Orta Doğu,İslam Konferansı Örgütü,1
Orta Doğu,Yugoslavya,1
Orta Doğu,Yarımada,1
Orta Doğu,Tunus,1
Galata Köprüsü (,Sanayileşme,1
Galata Köprüsü (,IX,1
IX,Sanayileşme,1
Osmanlı Ülke,Sanayi İnkılabı,1
Birinci Dünya Savaşı,Rusya,1
Birinci Dünya Savaşı,Türk Kurtuluş Savaşı,1
Arjantin,Kanada,1
Arjantin,Yeni Zelanda,1
Osmanlı Metropol,İstanbul,1
Osmanlı Metropol,İzmir,1
Osmanlı Metropol,Selanik,1
Berlin,Londra,1
Berlin,Paris,1
Berlin,Roma,1
Berlin,Tokyo Mihver Blok,1
Berlin,SSCB,1
Berlin,Birleşmiş Milletler Teşkilatı,1
Berlin,San Francisco,1
Berlin,Birleşmiş Milletler Güvenlik Konseyi,1
Berlin,Mihver,1
Berlin,San Francisco Konferansı,1
Tıbhâne,Âmir,1
Tıbbiye,Tıbhâne,1
Tıbbiye,Âmir,1
Tıbbiye,Tıbbiye Nezaret,1
Tıbbiye Nezaret,Tıbhâne,1
Tıbbiye Nezaret,Âmir,1
Karantina Nezareti,Osmanlı,1
Dâhiliye Nezareti,Şehremaneti,1
Dâhiliye Nezareti,Harbiye Nezareti ',1
Harbiye Nezareti ',Şehremaneti,1
Sultan Vahdeddin,İspanyol nez,1
Anadolu ve Rumeli Müdafaa - i Hukuk Cemiyetleri,Mustafa Kemal Paşa,1
Anadolu ve Rumeli Müdafaa - i Hukuk Cemiyetleri,Ankara,1
ra,uz,1
ra,tifo,1
Meclis - i Tıbbiye - i Mülkiye,Osmanlı Devleti,1
Birinci Dünya Savaşı ',Kemal Paşa,1
Birinci Dünya Savaşı ',Mustafa,1
Birinci Dünya Savaşı ',Oral Ateş,1
Arjantin,Yugoslavya,1
Arjantin,Finlandiya,1
Arjantin,İngiltere,1
Arjantin,Avusturya,1
Arjantin,Arnavutluk,1
Arjantin,Çekoslovakya,1
Arjantin,Güney Afrika,1
Arjantin,Brezilya,1
Arjantin,Türkiye,1
Arjantin,Bulgaristan,1
Arjantin,Fransa,1
Arjantin,İtalya,1
Arjantin,Macaristan,1
Arjantin,Japonya,1
Arjantin,Pakistan,1
Birinci Dünya Savaşı ',Recep Büyüktolu,1
Arjantin,Lübnan,1
Arjantin,Yunanistan,1
Arjantin,İsviçre,1
Alman uluslaşma anlayışı,Fransız uluslaşma,1
1829 Osmanlı - Rus Savaşı,Edirne Antlaşması,1
1829 Osmanlı - Rus Savaşı,Yunanistan,1
1829 Osmanlı - Rus Savaşı,93 Harbi,1
1829 Osmanlı - Rus Savaşı,Berlin Antlaşması,1
1829 Osmanlı - Rus Savaşı,Sırbistan,1
1829 Osmanlı - Rus Savaşı,Romanya,1
1829 Osmanlı - Rus Savaşı,Karadağ,1
Castin Makkarti,Justin McCarthy,1
Birinci Dünya Savaşı ',Türkiye,1
Mısır Mora İsyanı,otorite,1
Büyük güçler Kavalalı Kütahya Antlaşması,Mısır Mora İsyanı,1
Büyük güçler Kavalalı Kütahya Antlaşması,otorite,1
Enver,Makedonya,1
31 Mart Vakası,İttihatçı,1
31 Mart Vakası,İstanbul,1
31 Mart Vakası ',Derviş Vahdetî,1
Hareket Ordusu,Se lanik,1
Hareket Ordusu,Sadraz,1
Hareket Ordusu,Tevfik Paşa,1
Hareket Ordusu,Selanik,1
Hareket Ordusu,Mahmut Şevket Paşa,1
Hareket Ordusu,Mustafa Ke,1
1876 Darbesi ',1909 Darbesi ' nde,1
Binbaşı Enver Bey,Mustafa Kemal,1
Binbaşı Enver Bey,Mahmut Şevket Paşa,1
Mahmut Şevket Paşa,Mustafa Kemal,1
Mahmut Şevket Paşa,Selanik,1
Mahmut Şevket Paşa,Mustafa Ke,1
:,Osmanlı Devleti Son Savaşı,1
1913 Darbesi Beyin Fırtınası,Osmanlı Devleti Son Savaşı,1
1913 Darbesi Beyin Fırtınası,:,1
Balkan Savaşı,Kâmil Paşa,1
Balkan Savaşı,Osmanlı Devleti,1
Balkan Savaşı,III,1
Balkan Savaşı,Birinci Dünya Savaşı,1
Balkan Savaşı,Türk Kurtuluş Savaşı,1
Balkan Savaşı,Çatalca,1
Bâbıâli,İstanbul,1
Bâbıâli,raz,1
Bâbıâli,Kâmil Paşa,1
raz,İstanbul,1
kuvvetleri,İttihat,1
31 Mart Vakası,Rumi takvim,1
Meclis - i Mebusan,ya Meydanı,1
Hasan Fehmi Bey,İttihatçı,1
Hüseyin Avni Paşa,Serasker,1
1908 genel seçimin,Ahrar Fırkası,1
Ahrar Fırkası,İttihat ve Terakki Fırkası,1
Hürriyet ve İtilaf Fırkası,İttihat,1
Hürriyet ve İtilaf Fırkası,İttihat ve Terakki Partisi,1
Bâbıâli Baskını,İttihat ve Terakki Fırkası,1
1876 Darbesi,Osmanlı Tarihi,1
1876 Darbesi,Yeniçeri Ocağı,1
Osmanlı Tarihi,Yeniçeri Ocağı,1
Mekteb - i Harbiye,Mekteb - i Tıbbiye,1
Mekteb - i Harbiye,Serasker,1
Mahmut Nedim Paşa,Rus,1
Mahmut Nedim Paşa,İngiltere,1
Hüseyin Avni Paşa,Mekteb - i Harbiye,1
Hüseyin Avni Paşa,Mithat Paşa,1
İttihat,İttihat ve Terak ki,1
Hüseyin Avni Paşa,Sultan Abdülaziz,1
Hüseyin Avni Paşa,Sultan Murat,1
Hüseyin Avni Paşa,Çerkez Hasan,1
azi,Şehzade V,1
29 Mayıs 1876,Dolmabahçe Sarayı,1
Abdülaziz,kapı Sarayı,1
Sultan Abdülaziz,Sultan Murat,1
Abdül,Selim,1
1909 Darbesi II,Abdülhamit,1
1909 Darbesi II,Dönemi ',1
anayasal devleti,meşrutiyet,1
- i Mebusan,Osmanlı Devleti,1
Kâmil Paşa,İstanbul,1
Enver,Eyup Sabri,1
Enver,Eyüp Sabri Beyler,1
Makedonya ),Osmanlı,1
Enver,Talat,1
Kıbrıslı Kâmil Paşa,Sadraz,1
15 Temmuz kalkış,Osmanlı Devleti,1
15 Temmuz kalkış,Türk,1
Hersek,Rusya,1
Hersek,Osmanlı Devleti,1
Hersek,Macaristan,1
Hersek,İtalya,1
Hersek,Trablusgarp,1
Hersek,Osmanlı İmparatorluğu,1
Hersek,Yugoslavya,1
Hersek,Hırvatistan,1
Hersek,na,1
Hersek,Slovenya,1
Hersek,Kosova,1
Hersek,Makedon,1
Hersek,ya,1
Hersek,Karadağ,1
Yanya,Yunanistan,1
1897,İstanbul Antlaşması,1
1897,Yunanistan,1
1897,Osmanlı Devleti,1
Girit Meclisi,Meşrutiyet rejimin,1
190,Osmanlı Devleti,1
190,Bosna - Hersek,1
93 Harbi ' nden,Osmanlı Devleti,1
93 Harbi ' nden,Avusturya - Macaristan,1
Balkan Savaş ',Osmanlı,1
Makedonya ),Yahya Kemal Beyatlı,1
Makedonya ),Üsküp,1
Kıbrıslı Kâmil Paşa,Talat Bey,1
Enver Bey,Çanakkale Boğazı,1
Enver Bey,İtalya,1
TBMM,ti,1
Enver,Said Halim Paşa,1
TBMM,muasır medeniyet,1
TBMM,TBMM Ortak Bildirisi,1
TBMM,Urfa,1
TBMM,Şanlıurfa,1
TBMM,Türk - Afgan Dostluk Antlaşması,1
TBMM,Çarlık Rusyası,1
TBMM,İnönü Muharebesi,1
Devletin Silahlanması,Orta Asya,1
TBMM,İslam devleti,1
TBMM,İtilaf Devleti,1
TBMM,İstanbul,1
TBMM,İstiklal Mahkeme,1
TBMM,mal,1
Enver Bey,Tobruk,1
TBMM,Türk Medeni Kanunu,1
TBMM,Tevhid - i Tedrisat Kanunu,1
TBMM,Türk Harflerinin Kabulü ve Tatbiki Hakkındaki,1
TBMM,Türk kara,1
TBMM,Yeni,1
TBMM,Türk Tarih Kurumu,1
TBMM,İskenderun,1
TBMM,İsmet İn,1
Enver Bey,Talat Bey,1
Enver Bey,Sadraz,1
Enver Bey,Kıbrıslı Kâmil Paşa,1
Enver Bey,Fethi Bey,1
Enver Bey,Mustafa Kemal,1
TBMM,İnönü,1
Boğaz,Hatay,1
Devletin Silahlanması,Z,1
Lehistan,Yıl,1
Polonya,ye,1
Polonya,Türki,1
Polonya,Rus,1
Polonya,Sultan Mahmud,1
Polonya,Viyana Kongresi,1
Polonya,Çek,1
Polonya,Ukrayna,1
Erdel,Macaristan,1
Erdel,Vasvar Antlaşması,1
Erdel,Fransa,1
Erdel,Kırım Hanlığı,1
Erdel,Mekke Şerifliği,1
Erdel,Genç Osman (,1
Erdel,Ukrayna,1
Erdel,Polonya,1
Polonya,Yugoslavya,1
Polonya,turya,1
Polonya,ya,1
Kırım Hanlığı,Şahin Giray,1
Lehistan Seferi,Osman ),1
Genç Osman (,Osmanlı Devleti,1
Genç Osman (,Lehistan,1
Kırım Hanlığı,Osmanlı İmparatorluğu,1
Kırım Hanlığı,Lübnan,1
Kırım Hanlığı,Suriye,1
Kırım Hanlığı,Mehmed Giray,1
Polonya,Ren Bölgesi,1
Kırım Hanlığı,Mekke Şerifliği,1
Kırım Hanlığı,Lehistan,1
Kırım Hanlığı,Osmanlı Devleti,1
Polonya,Yıldırım Harekâtı,1
Polonya,Saldırmazlık Paktı,1
Polonya,Südetya,1
Lehistan,Viyana Kongresi,1
Lehistan,Osmanlı - Rus savaşın,1
Christopher Columbus,Kristof Kolomb,1
Lehistan,İstanbul Antlaşması,1
Köprülü Fazıl Ahmet Paşa,s,1
Köprülü Fazıl Ahmet Paşa,Leh,1
Köprülü Fazıl Ahmet Paşa,Rusya,1
Köprülü Fazıl Ahmet Paşa,Lehistan,1
Köprülü Fazıl Ahmet Paşa,prülü Mehmet Paşa,1
K,Köprülü Fazıl Ahmet Paşa,1
K,prülü Mehmet Paşa,1
Girit ' in Fethi ',Venedik,1
Girit Seferi,Osmanlı donan,1
Girit ' in,feth,1
Girit ' in,Kandiye,1
Kandiye,feth,1
Kandiye,Köprülü Fazıl Ahmet Paşa,1
Girit,Türkiye,1
Girit,İsmet Paşa,1
Köprülü Fazıl Ahmet Paşa,burg,1
bucas Antlagmasi,zuravno,1
Izvançe ) Antiasmast,bucas Antlagmasi,1
Lehistan,Otuz Yıl Savaşları,1
Lehistan,İmparatorluğu,1
Lehistan,Roma,1
Lehistan,Papa,1
Lehistan,Portekiz,1
Lehistan,İngiltere,1
Lehistan,aniçe,1
Lehistan,in Kalesi,1
Izvançe ) Antiasmast,zuravno,1
Lehistan,Mehmet ( Avcı Mehmet ),1
Lehistan,burg,1
Lehistan,s,1
Lehistan,lugu,1
Habs,lugu,1
Habs,Lehistan,1
Lehistan Seferi,Osman,1
Hotin Kalesi,Osmanlı ordusu,1
Hotin Kalesi,Leh,1
Hotin Kalesi,Osman,1
Trablusgarp,Tunus,1
Trablusgarp,Yemen,1
Trablusgarp,Şehrizor,1
Divân - i Hümâyun,Misir,1
Temeşvar,Van,1
Temeşvar,Şam,1
Dulkadir,Temeşvar,1
Dulkadir,Van,1
Dulkadir,Şam,1
Dulkadir,Erzurum,1
Dulkadir,Karaman,1
Dulkadir,Rumeli,1
Dulkadir,Osmanlı Devleti,1
Salyaneli Eyaletler,ar,1
Taşra Teşkilatı,Yüzyıl,1
Trablusgarp,Trablusgarp Savaşı,1
Trablusgarp,Çanakkale Boğazı,1
Trablusgarp,İngiliz,1
İngiliz,İspanyol,1
Lev,Mısır,1
1499 - 1502 Türk - Venedik Savaşları,Venedik,1
Yeniçer,İspanyol,1
İngiliz,İngiliz Hükûmet,1
İngiliz,İngiliz Muhipleri Cemiyeti,1
İngiliz,İtalyan,1
balyemez,şayka,1
Trablusgarp,İtilaf Devletleri,1
( 1453,Osmanlı,1
( 1453,İstanbul ' un Fethi ',1
Artileri,Torments Gluis profitas,1
Firentory Lanizari,babitus mililaris,1
Dîvân,ı Hümâyun,1
Dîvân,Kırım,1
danın,İstanbul,1
Haseki Hürrem Sultan,Kanuni Sultan Süleyman,1
Dîvân - ı Hümâyunun,Osmanlı Devleti,1
Hab,Rusya,1
Bucaş Antlaşması,Zuravno ( İzvançe ) Antlaşması,1
Kamani,Podolya,1
Kamani,Osmanlı,1
burg,s,1
Hab,burg,1
Hab,Leh,1
Hab,Lehistan,1
Bucaş Antlaşması,aniçe,1
Hab,Köprülü Fazıl Ahmet Paşa,1
Dinyeper Nehri,Rusya,1
Dinyeper Nehri,Lehistan,1
Dinyeper Nehri,Ukrayna,1
Hotin Antlaşması,Lehistan,1
Hotin Kalesi,Lehistan Seferi,1
Bucaş Antlaşması,Mehmet,1
Podolya,Ukrayna,1
Topkapı Sarayı Sanal Müzesi ',milleti,1
Sejm [ Leh Meclisi,İstanbul,1
Saray,Saray - ı Cedide,1
Beyazıt,Eski Saray,1
Beyazıt,Fatih Sultan Mehmet,1
Kamaniçe,Kandiye,1
1699,Viyana Kuşatması ( 1683 ),1
dolya,İstanbul,1
Sejm [ Leh Meclisi,dolya,1
Podolya,Ukraynası,1
Bucas Antlasmasi,Sultan Mehmed Han,1
Habsburg İmparatorluğu,Osmanlı Devleti,1
Habsburg İmparatorluğu,Lehistan,1
Leh Meclisi,Osmanlı - Leh Savaşı,1
1673,Osmanlı - Leh Savaşı,1
1673,Leh Meclisi,1
Girit,Kerkük,1
Girit,Halep,1
Girit,Hatay,1
) Seferi,Safevi,1
Kerkük,Misak - ı Millî,1
Kerkük,İsmet Paşa,1
Kerkük,Van,1
Kerkük,Safevi,1
Kerkük,Necef,1
Kerkük,Şehrizor,1
Kerkük,Nahçıvan,1
Abbas,Bağdat,1
Abbas,Necef,1
Abbas,Kerbela,1
Abbas,Şehrizor,1
Abbas,Kerkük,1
Abbas,Revan,1
Abbas,Nahçıvan,1
Abbas,Azerbaycan,1
Kerkük,TBMM,1
Kerkük,İngiliz,1
Kerkük,PKK terör,1
Kerbela,Şehrizor,1
) Seferi,Murad Han,1
Necef,Şehrizor,1
Necef,Revan,1
Revan,Şehrizo,1
Revan,Şehrizor,1
Kerbela,Necef,1
Kerbela,Kerkük,1
Kerkük,Kuzey Irak Bölgesel Yönetimi,1
Kerbela,Revan,1
Kerbela,Nahçıvan,1
Kerkük,PKK terör örgütünün,1
Kerkük,Türkmenler,1
Kerkük,l,1
Kerkük,Mu,1
39,Kasr - ı Şirin Antlaşması ',1
Gürcistan,Moskova,1
Gürcistan,ya,1
Irakeyn Seferi ',İran,1
Nahçıvan,Revan,1
Nahçıvan,Tebriz,1
Nahçıvan,İran,1
Nahçıvan,Safevi,1
Irakeyn Seferi ',Nahçıvan,1
Irakeyn Seferi ',Tebriz,1
Irakeyn Seferi ',Safevi,1
Nahçıvan,Necef,1
Oran,ran,1
Oran,Tunus,1
Oran,Uluç Ali,1
Uluç Ali,ran,1
Tunus,Ürdün,1
Tunus,Zeynel Abidin bin Ali,1
Nahçıvan,Şehrizor,1
Amasya Antlaşması,Safeviler,1
Gürcistan,İstanbul Hükûmet,1
Gürcistan,Sovyet Rusya,1
Gürcistan,SSCB,1
Gürcistan,Kars Antlaşması,1
Gürcistan,Misak - ı Millî ',1
Gürcistan,Çarlık Rusyası,1
Gürcistan,Karadeniz,1
Gürcistan,Misak - ı Millî,1
Gürcistan,Wilson İlke,1
90,Osmanlı - Safevi Savaşları,1
Gürcistan,Mondros Ateşkes Antlaşması ' nın,1
Gürcistan,Kars İslam Şûrası,1
Dağıstan,Osmanlı Devleti,1
Dağıstan,Gürcistan,1
Ferhat Paşa ( İstanbul ) Antlaşması ',Osmanlı - Safevi Savaşları,1
90,Ferhat Paşa ( İstanbul ) Antlaşması ',1
) Seferi,Rev,1
Rev,Safevi,1
Girit,Yanya,1
1638,Bağdat Seferi ',1
Köprülü Mehmet Paşa,İsveç,1
Köprülü Mehmet Paşa,Rusya,1
Köprülü Mehmet Paşa,Lehistan,1
Köprülü Mehmet Paşa,Osmanlı Devleti,1
Köprülü Mehmet Paşa,Limni,1
Köprülü Mehmet Paşa,Çanakkale Boğazı,1
Köprülü Mehmet Paşa,Vez,1
Bozcaada,İstanbul,1
Bozcaada,İtalya,1
Bozcaada,Meis,1
Bozcaada,Lozan Antlaşması,1
Bozcaada,Ege Adaları Sorunu,1
Bozcaada,Enez,1
Bozcaada,Midye,1
Bozcaada,Bulgaristan,1
Köprülü Mehmet Paşa,lüler,1
Vez,Çanakkale Boğazı,1
Girit,Kandiye,1
Girit,Kuzey,1
Girit,Trakya,1
Girit,Güney Makedonya,1
Girit,Selanik,1
Girit,Silistre,1
Girit,Sırbistan,1
Girit,Orta Makedonya,1
Girit,Girit Adası,1
Girit,Köprülü Fazıl Ahmet Paşa,1
Girit,Malta,1
Girit,Podolya,1
Girit,Leh eyalet,1
Girit,Ukraynası,1
Girit,Macaristan,1
Girit,Osmanlı İmparatorluğu,1
Bozcaada,Edirne,1
Bozcaada,Köprülü Mehmet Paşa,1
Bozcaada,Vez,1
Batı İran,Kafkaslar,1
Nihavend,Şehrizor,1
Luristan,Şehrizor,1
Luristan,Nihavend,1
Batı İran,Şehrizor,1
Batı İran,Luristan,1
Batı İran,Nihavend,1
Gence,alazade Yusuf Sinan Paşa,1
- ı Şirin,Girit Adasi ' Bağdat,1
Ferhad Paşa,alazade Yusuf Sinan Paşa,1
Ferhad Paşa,Gence,1
Kasr - ı Şirin Antlaşması ',İran,1
Kasr - ı Şirin Antlaşması ',Safevi,1
Bağdat Seferi ',Sultan IV,1
1638,Sultan IV,1
Girit Adasi ' Bağdat,Safevi Devleti,1
- ı Şirin,Safevi Devleti,1
Bozcaada,Venedik donanması,1
Kıbrıs Adası,Venedik,1
Limni,Vez,1
Limni,Venedik donanması,1
Venedik donanması,Çanakkale Boğazı,1
Hollandalı,Türk Boğaz,1
Hollandalı,Venedik,1
Girit Adası,Kıbrıs Adası,1
Ahıska,Osmanlı Devleti,1
Ahıska,Revan,1
Ahıska,Şehrizo,1
Ahıska,Kars,1
Ahıska,Van,1
Ahıska,Basra,1
Ahıska,Bağdat,1
Ahıska,Safevi,1
1571 İnebahtı yenilgi,Malta,1
Christopher Columbus,Karayipler,1
Millî Mücadele,Misak - ı Millî ',1
Vest İndia Kampan,du Sénégal,1
Haiti,Jamaika,1
Dominik,Karayip,1
Dominik,Haiti,1
Dominik,Saint Domingue,1
Dominik,Jamaika,1
Jamaika,Karayip,1
Jamaika,Saint Domingue,1
Barbados,Karayip,1
Barbados,Haiti,1
Barbados,Dominik,1
Barbados,Saint Domingue,1
Barbados,Jamaika,1
Honduras,Köl,1
Cartegena,Köl,1
Cartegena,Honduras,1
Haiti,Saint Domingue,1
Haiti,Karayip,1
Karayip,Saint Domingue,1
Batavia,Sumatra,1
Batavya,Jakarta,1
Batavya,Hindistan,1
Batavya,Hollanda,1
Batavia,Güneydoğu Asya,1
Batavia,Borneo,1
Batavia,Filipinler,1
Batavia,Cava,1
Atlantik Okyanusu,Market Sance lacto Palaer Mall,1
Batavia,Jakarta,1
Batavia,Batavya,1
Batavia,Hindistan,1
Batavia,Hollanda,1
Atlantik Okyanusu,Avrupa,1
Atlantik Okyanusu,Filistin,1
West India Company,du Sénégal,1
Vest İndia Kampan,West India Company,1
Christopher Columbus,Guanahani Adası,1
Toulon,du Sénégal,1
Aztek,Maya,1
Aztek,Hindistan,1
Aztek,Kolomb,1
Aztek,İspanyol,1
İnka,İspanyol,1
İngiltere,İran,1
İngiltere,İrlanda,1
İngiltere,İsmet İnönü,1
İngiltere,İngiltere ( Britanya ),1
İngiltere,İsviçre,1
İngiltere,İskenderun,1
İngiltere,Şam,1
İngiltere,İstanbul Antlaşması ( 1915 ),1
İngiltere,İtilaf Devletleri,1
İngiltere,İr landa,1
Hamilton,İspanya,1
Cadiz,Cebelitarık,1
Cadiz,İspanya,1
Royıl Efrikın Kampani,İngiltere,1
Toulon,Vest İndia Kampan,1
Toulon,West India Company,1
Afrika Kraliyet Şirketi,Batı Afrika,1
Afrika Kraliyet Şirketi,Royıl Efrikın Kampani,1
Afrika Kraliyet Şirketi,Royal African Company,1
Afrika Kraliyet Şirketi,İngiltere,1
Royal African Company,Royıl Efrikın Kampani,1
Cebelitarık,İspanya,1
Royal African Company,İngiltere,1
Güney Amerika,Kuzey,1
Güney Amerika,İspanya,1
V,İspanyol,1
Bati Afrika,Portekiz,1
Guney Amerika,Karayipler,1
Batavya,Cava,1
Batavya,Sumatra,1
Batavya,Filipinler,1
Batavya,Borneo,1
Donatello ( Donatello ),Leonardo da Vinci,1
Donatello ( Donatello ),de Michelangelo ( Mikelanjelo,1
Donatello ( Donatello ),Medici,1
Donatello ( Donatello ),ci,1
ci,de Michelangelo ( Mikelanjelo,1
Medici,Nikolo Makyavelli,1
Medici,Niccolo Machiavelli,1
Medici,de Michelangelo ( Mikelanjelo,1
Medici,ci,1
Dante Aligyeri,Giotto Di Bondone,1
Dante Aligyeri,Floransa,1
Dante Alighieri,Dante Aligyeri,1
Dante Alighieri,Giotto Di Bondone,1
Dante Alighieri,Floransa,1
Cotto di Bondoone,Dante Aligyeri,1
Donatello ( Donatello ),Leonardo da Vinçi,1
Leonardo da Vinci,ci,1
Leonardo da Vinci,Medici,1
Botticelli ( Botiçelli ),de Michelangelo ( Mikelanjelo,1
Kozimo de Medici,Medici,1
Cosimo de ' Medici,Kozimo de Medici,1
Cosimo de ' Medici,Medici,1
Botticelli ( Botiçelli ),Leonardo da Vinçi,1
Botticelli ( Botiçelli ),Leonardo da Vinci,1
Botticelli ( Botiçelli ),Donatello ( Donatello ),1
Botticelli ( Botiçelli ),Medici,1
Leonardo da Vinci,de Michelangelo ( Mikelanjelo,1
Botticelli ( Botiçelli ),ci,1
Leonardo da Vinçi,Mona Lisa,1
Leonardo da Vinçi,de Michelangelo ( Mikelanjelo,1
Leonardo da Vinçi,Medici,1
Leonardo da Vinçi,ci,1
Leonardo da Vinci,Mona Lisa,1
Cotto di Bondoone,Dante Alighieri,1
Cotto di Bondoone,Giotto Di Bondone,1
Cotto di Bondoone,Floransa,1
Filipinler,Hollanda,1
Borneo,Hindistan,1
Borneo,Hollanda,1
Filipinler,Güneydoğu Asya,1
Filipinler,Sumatra,1
Filipinler,Jakarta,1
Filipinler,Hindistan,1
Cava,Güneydoğu Asya,1
Borneo,Cava,1
Cava,Filipinler,1
Cava,Sumatra,1
Cava,Jakarta,1
Cava,Hindistan,1
Cava,Hollanda,1
Batavya,Güneydoğu Asya,1
Borneo,Jakarta,1
Borneo,Sumatra,1
hümanizm,rasyonalizm ( akılcılık ),1
Katolik Kilisesi,Papa,1
Katolik Kilisesi,Rönesans,1
Katolik Kilisesi,ilei,1
Katolik Kilisesi,İngiltere,1
Katolik Kilisesi,Martin Luter,1
Katolik Kilisesi,İtalyan,1
Katolik Kilisesi,İki Kılıç Dok,1
Katolik Kilisesi,Roma Katolik Kilisesi,1
Borneo,Filipinler,1
Gine Körfezi,Portekiz,1
Gine Körfezi,Hollandalı,1
Gine Körfezi,İngiliz,1
Birleşmiş Milletler Genel Kurulu,Uluslararası Kölelik ve Transatlantik Köle Ticareti Mağdurlarını,1
Jakarta,Sumatra,1
Borneo,Güneydoğu Asya,1
İngiltere,İstanbul Antlaşması,1
Makao,Çin,1
Makao,Portekiz,1
misk,sandal,1
Hint cevizi,zerdeçal,1
Hint cevizi,safran,1
Hint cevizi,kakule,1
Hint cevizi,sandal,1
Hint cevizi,muskat,1
Hint cevizi,karanfil,1
Hint cevizi,zencefil,1
muskat,zerdeçal,1
muskat,safran,1
muskat,sandal,1
muskat,zencefil,1
karanfil,misk,1
karanfil,zerdeçal,1
karanfil,safran,1
karanfil,sandal,1
Hint cevizi,misk,1
Hint cevizi,amber,1
Hint cevizi,gül yağı,1
kakule,zerdeçal,1
misk,zencefil,1
zencefil,zerdeçal,1
safran,zerdeçal,1
safran,sandal,1
safran,zencefil,1
kakule,misk,1
kakule,safran,1
Hint cevizi,Venedik,1
kakule,sandal,1
kakule,muskat,1
kakule,karanfil,1
kakule,zencefil,1
sandal,zerdeçal,1
sandal,zencefil,1
karanfil,muskat,1
karanfil,zencefil,1
Kolomb Günü,Yerli Halklar,1
Columbus Quince,tenary,1
PO 92,İspanya,1
Seviya,İspanya,1
Sevilla,Seviya,1
Sevilla,İspanya,1
tenary,us,1
Columbus Quince,us,1
Guanahani Adası,Karayipler,1
PO 92,Seviya,1
Guanahani Adası,Kristof Kolomb,1
Karayipler,Ticaret,1
Karayipler,Transatlantik Köl,1
Karayipler,Kuzey,1
Karayipler,İspanya,1
Karayipler,Kristof Kolomb,1
PO 92,Sevilla,1
Kristofır Kolombus,National Christopher Columbus Quincentenary Jubilee Commission,1
Indigenous Peoples Day,İndicenyus Pipıls Dey ( Yerli Halklar Günü,1
Beş Yüzüncü,un,1
Columbus Day ( Kolombus Dey ),Kolomb Günü,1
Amerika ',Columbus Day ( Kolombus Dey ),1
Amerika ',Kolomb Günü,1
Pinta,Santa Maria,1
Nina,Pinta,1
Nina,Santa Maria,1
Beş Yüzüncü,Kristof Kolomb,1
Kristofır Kolombus,un,1
Beş Yüzüncü,Kristofır Kolombus,1
Beş Yüzüncü,National Christopher Columbus Quincentenary Jubilee Commission,1
National Christopher Columbus Quincentenary Jubilee Commission,un,1
Kristof Kolomb,un,1
Kristof Kolomb,Kristofır Kolombus,1
Kristof Kolomb,National Christopher Columbus Quincentenary Jubilee Commission,1
misk,muskat,1
misk,safran,1
Makao,Malakka Boğazı,1
misk,zerdeçal,1
Brezilya,İngiltere,1
Brezilya,Finlandiya,1
Brezilya,Yeni Zelanda,1
Brezilya,İspanyol sömür,1
Brezilya,Peru,1
Brezilya,Meksika,1
Brezilya,Pedro Alvares Kabral,1
Brezilya,Pedro Alvares Cabral,1
Pedro Alvares Cabral,Portekiz,1
Pedro Alvares Cabral,Pedro Alvares Kabral,1
Vasko dö Gama,Ümit Burnu,1
Kalikut Limanı,Portekiz,1
Kalikut Limanı,Ümit Burnu,1
Kalikut Limanı,Vasko dö Gama,1
Kalikut Limanı,Vasco de Gama,1
Brezilya,Çekoslovakya,1
Brezilya,Güney Afrika,1
Brezilya,Türkiye,1
Brezilya,Yunanistan,1
Malakka Boğazı,Çin,1
Malakka Boğazı,Portekiz,1
Pedro Alvares Kabral,Portekiz,1
Brezilya,sı,1
Brezilya,Dünya Gençler Halter Şampiyona,1
Brezilya,İsviçre,1
Brezilya,Lübnan,1
Brezilya,Bulgaristan,1
Brezilya,Pakistan,1
Brezilya,Yugoslavya,1
Brezilya,Japonya,1
Brezilya,Macaristan,1
Brezilya,İtalya,1
Brezilya,Fransa,1
Vasco de Gama,Ümit Burnu,1
Vasco de Gama,Vasko dö Gama,1
Bartolomeu Dias,Hindistan,1
amber,misk,1
gül yağı,kakule,1
gül yağı,sandal,1
gül yağı,muskat,1
gül yağı,karanfil,1
gül yağı,zencefil,1
amber,gül yağı,1
amber,zerdeçal,1
gül yağı,zerdeçal,1
amber,safran,1
amber,kakule,1
amber,sandal,1
amber,muskat,1
amber,karanfil,1
amber,zencefil,1
gül yağı,safran,1
gül yağı,misk,1
Bartolomeu Dias,Ümit Burnu,1
Henrike (,Henrique,1
Senegal Nehri,Yeşil Burun Adaları,1
Bojador Burnu,Portekiz,1
) ] Bölgesi,C,1
) ] Bölgesi,Fas,1
) ] Bölgesi,Henrique,1
Henrike (,ci Henri ),1
Henrike (,Portekiz,1
Ferdinand Magellan,Portekiz,1
Henrique,ci Henri ),1
Henrique,Portekiz,1
Nao Victoria,o Viktorya,1
Nao Victoria,Portekiz,1
Ferdinand Magellan,o Viktorya,1
Ferdinand Magellan,Nao Victoria,1
Tunus,Yasemin Devrimi,1
Tunus,Yemen,1
Tunus,Şehrizor,1
Cezayir,Libya,1
Abdülmelik,Fas,1
Fas,Ürdün,1
Fas,Suudi Arabistan,1
Fas,Suriye,1
Fas,Libya,1
Fas,Mısır,1
Fas,Tunus,1
Fas,Henrique,1
Fas,Osmanlı Devleti,1
Trablusgar,Tunus,1
Garp Ocakları,Trablusgar,1
Garp Ocakları,Tunus,1
Cezayir,Ürdün,1
Cezayir,Suudi Arabistan,1
Cezayir,Fas,1
Abdülmelik,Osmanlı Devleti,1
1578,Sultan Abdülmelik,1
1578,Vadiüsseyl Savaşı,1
Portekiz,ci Henri ),1
kapitülasyonlar,İstanbul Antlaşması,1
Portekiz,İsveç,1
Portekiz,th,1
Portekiz,Çin,1
Portekiz,Vasko dö Gama,1
Portekiz,Vasco de Gama,1
Portekiz,o Viktorya,1
1578,Osmanlı Devleti,1
Portekiz,Süveyş,1
Portekiz,İstanbul,1
Sultan Abdülmelik,Vadiüsseyl Savaşı,1
1578,Ferhat Paşa ( İstanbul ) Antlaşması ',1
1578,90,1
1578,Osmanlı - Safevi Savaşları,1
Cezayir,Suriye,1
Cezayir,Irak,1
Tunus,ran,1
Cezayir,Macaristan,1
Hicaz,Mac Mahon (,1
Hicaz,Yemen,1
Hicaz,Sudan,1
Hicaz,Riyad,1
Hicaz,Vehhabi isyan,1
Hicaz,Vehhabil,1
Hicaz,İslam,1
Porto - Nova,Saint - Louis,1
Lagos,Saint - Louis,1
Lagos,Porto - Nova,1
Batı Afrika,Hollandalı,1
Batı Afrika,Fransız,1
Batı Afrika,İngiliz,1
Batı Afrika,Gine Körfezi,1
Batı Afrika,Royıl Efrikın Kampani,1
Hicaz,Mehın ) Antlaş,1
Hicaz,ması,1
Hicaz,Osmanlı Devleti,1
Cezayir,Garp Ocakları,1
Cezayir,Osmanlı Devleti,1
Cezayir,Trablusgarp,1
Cezayir,Lahsa,1
Cezayir,Habeş,1
Cezayir,Şehrizor,1
Cezayir,Trablusgar,1
Hayra,İstanbul,1
Hicaz,Çanakkale,1
Hayra,Mısır,1
Hayra,Memlûk,1
Hicaz,Rusya ',1
Hicaz,Makedonya,1
Hicaz,Kanal,1
Hicaz,Kafkas,1
Kutsal Roma Germen,Yavuz Sultan Selim,1
Kanuni,Osmanlı,1
Kanuni,Yavuz,1
ARAL N,Habsburg,1
Kanuni Sultan Süleyman,ço,1
Kanuni Sultan Süleyman,Macaristan Sefer,1
Hollanda,İrlanda,1
Hollanda,Strazburg,1
Hollanda,Türkiye,1
Hollanda,Polonya,1
Hollanda,Yıldırım Harekâtı,1
Hollanda,Uzak Doğu,1
Hollanda,İstanbul Antlaşması,1
Hollanda,Rusya,1
Hollanda,Pasa rofça Antlaşması,1
Hollanda,Karlofça Antlaşması,1
Hollanda,Osmanlı,1
Hollanda,Rijks Müzesi,1
Hollanda,Jean Baptiste Vanmour,1
Kanuni Sultan Süleyman,Layoş,1
Kanuni Sultan Süleyman,Viyana,1
Kanuni Sultan Süleyman,Macar Krallığı,1
Kanuni Sultan Süleyman,Zünnun,1
Kutsal Roma - Germen,lı Habsburg Hanedanı,1
Kanuni Sultan Süleyman,Mimar Sinan,1
Kanuni Sultan Süleyman,İbn - i Sina,1
Kanuni Sultan Süleyman,Semendire,1
Kanuni Sultan Süleyman,Manisa,1
Kanuni Sultan Süleyman,ber,1
Kanuni Sultan Süleyman,Osmanlı,1
Kanuni Sultan Süleyman,Şarlken,1
Kanuni Sultan Süleyman,Sultan II,1
Kanuni Sultan Süleyman,Portekiz,1
Kanuni Sultan Süleyman,Karadeniz,1
Kanuni Sultan Süleyman,Kefe,1
Kanuni Sultan Süleyman,Venedik,1
Kanuni Sultan Süleyman,İbrahim Paşa,1
Hollanda,İsviçre,1
Hollanda,İskoçya,1
Hollanda,İskandinavya,1
Habsburg,İnebahtı,1
Habsburg,Rusya,1
Habsburg,Lehistan,1
Habsburg,Köprülü Mehmet Paşa,1
Habsburg,Osmanlı Devleti,1
Habsburg,Osmanlı donanması,1
Habsburg,Lepanto,1
Habsburg,Kuzey Afrika,1
Habsburg,Osmanlı,1
Habsburg,Orta Avrupa,1
Habsburg,Kutsal Roma - Germen imparator,1
Habsburg,Habsburg ) Hanedanı,1
ARAL N,Kutsal Roma - Germen imparator,1
ARAL N,Şarlken,1
ARAL N,Habsburg ) Hanedanı,1
Habsburg,İsveç,1
Habsburg,İspanyol,1
Hollanda,Sumatra,1
Hollanda,Portekiz,1
Hollanda,Jakarta,1
Hollanda,Senegal,1
Hollanda,du Sénégal,1
Hollanda,Vest İndia Kampan,1
Hollanda,West India Company,1
Hollanda,Toulon,1
Hollanda,itülasyon,1
Habsburg,Kutsal Roma İmparatoru,1
Hollanda,Macaristan,1
Habsburg Hanedanı,Orta,1
Habsburg Hanedanı,Kutsal Roma - Germen İmparatorluğu,1
Kutsal Roma - Germen imparator,Şarlken,1
Habsburg ) Hanedanı,Kutsal Roma - Germen imparator,1
Habsburg ) Hanedanı,Şarlken,1
Batı Afrika,Royal African Company,1
Batı Afrika,İngiltere,1
Batı Afrika,İspanyol,1
Harput,Lübnan,1
KUTS,Çaldıran muharebe,1
KUTS,ROMA,1
Memlük,Memlük Devletin,1
Şah Tahmasb,Şah İsmail,1
Ağustos 1514,Safevi,1
Ağustos 1514,Çaldıran Savaşı,1
Safevi,İstanbul Antlaşması,1
Safevi,Şehrizo,1
Safevi,İstanbul,1
Safevi,Tebriz,1
Safevi,Çaldıran Savaşı,1
Safevi,Yavuz Sultan Selim,1
Safevi,Şahkulu İsyanı,1
Deniz Devleti,Kemal Paşazade,1
Kemal Reis,Osmanlı Donanma,1
Diyarbekir,KUTS,1
Diyarbekir,ROMA,1
Diyarbekir,Çaldıran muharebe,1
Harput,Urfa,1
Harput,Sivas,1
Harput,Trabzon,1
Harput,Van,1
Harput,Musul,1
Harput,Rakka,1
Harput,Mardin,1
Harput,Hısnıkeyfâ,1
Diyarbekir,Doğu Anadolu,1
Harput,âfârikîn,1
Harput,Mey,1
Bıyıklı Mehmed Paşa,İdrîs - i Bitlisî,1
Bıyıklı Mehmed Paşa,Diyarbekir,1
ROMA,Çaldıran muharebe,1
Diyarbekir,İdrîs - i Bitlisî,1
Afrika İslam,Batı Akdeniz,1
Afrika İslam,Doğu Akdeniz,1
Afrika İslam,İspanyol,1
Benî Ahmer,Osmanlı,1
Ahmet,Nevşehirli Damat İbrahim Paşa,1
Ahmet,Endülüs,1
Kanuni Sultan Süleyman Han,Kutsal Roma Germen,1
Kanuni Sultan Süleyman Han,Kuzey Afrika,1
Kanuni Sultan Süleyman Han,İspanya,1
Benî Ahmer,Memlûk,1
Benî Ahmer,Gırnata,1
Ahmet,İstanbul,1
Benî Ahmer,İspanyol,1
nata,İslam,1
Benî Ahmer Devleti,İspanyol,1
Benî Ahmer Devleti,Cem Sultan,1
Benî Ahmer Devleti,Osmanlı Devleti,1
Benî Ahmer Devleti,nata,1
Ahmet,Edirne,1
Ahmet,Avrupa,1
Afrika İslam,Gırnata Müslüman devleti,1
Batı Akdeniz,Venedik,1
Gırnata Müslüman devleti,İspanyol,1
Endülüs Müslüman,İspanyol,1
Batı Akdeniz,Hollanda,1
Batı Akdeniz,İngiltere,1
Batı Akdeniz,Fransa,1
Batı Akdeniz,Osmanlı Devleti,1
Batı Akdeniz,Papa,1
Gırnata Müslüman,İspanyol,1
Batı Akdeniz,Habsburg,1
Batı Akdeniz,Kuzey Afrika,1
Batı Akdeniz,Ege ) Denizi,1
Batı Akdeniz,Gırnata Müslüman devleti,1
Batı Akdeniz,Bayezid Kemal Reis,1
Bayezid Kemal Reis,İspanyol,1
Harput,Rusya,1
Harput,Şam,1
Batı Afrika,Bojador Burnu,1
Harput,İngiltere,1
Mali,Sonray,1
Mali,Nijerya,1
Memlük Sultan,Yavuz Sultan Selim,1
Ridaniye,Yavuz Sultan Selim,1
Mercidabık,Ridaniye,1
Mercidabık,Yavuz Sultan Selim,1
Doğu Seferi,Memlûk Devleti,1
Doğu Seferi,Memlûk,1
Doğu Seferi,Ridaniye,1
Doğu Seferi,Mercidabık,1
Doğu Seferi,Yavuz Sultan Selim,1
Trablusgarp Osmanlı Devleti,lû,1
Safevi Devleti,İran,1
Safevi Devleti,lû,1
Safevi Devleti,Trablusgarp Osmanlı Devleti,1
Mali,İstanbul,1
Bomu,Mali,1
Bomu,Nijerya,1
Nijerya,İstanbul,1
Batı Afrika,Saint - Louis,1
Batı Afrika,Porto - Nova,1
Batı Afrika,Lagos,1
Batı Afrika,Kuzey Afrika,1
Endülü,s,1
Sonray,İstanbul,1
Nijerya,Sonray,1
Bomu,Gao,1
Gao,İstanbul,1
Gao,Sonray,1
Gao,Nijerya,1
Gao,Mali,1
Bomu,İstanbul,1
Bomu,Sonray,1
Dulkadiroğulları Beyliği,lû,1
Dulkadiroğulları Beyliği,Safevi Devleti,1
Dulkadiroğulları Beyliği,Memlûk Devleti,1
Cezîre,Güneydoğu Anadolu,1
Hısnıkeyfâ,Mey,1
Mey,Musul,1
Mey,Rakka,1
Mey,Urfa,1
Mey,âfârikîn,1
Cezîre,Musul,1
Cezîre,Rakka,1
Hısnıkeyfâ,Urfa,1
Cezîre,Mardin,1
Cezîre,Urfa,1
Cezîre,Hısnıkeyfâ,1
Cezîre,âfârikîn,1
Cezîre,Mey,1
Cezîre,Harput,1
Hısnıkeyfâ,âfârikîn,1
Hısnıkeyfâ,Mardin,1
Dulkadiroğulları Beyliği,Trablusgarp Osmanlı Devleti,1
Urfa,İngiltere,1
Sultan Selim Şah,Yavuz Sultan Selim,1
Safevî tehlikesi,Şiî,1
Rakka,Urfa,1
Rakka,âfârikîn,1
Urfa,Şanlıurfa,1
Urfa,savaş,1
Urfa,âfârikîn,1
Hısnıkeyfâ,Rakka,1
Mardin,Sivas,1
Mardin,Musul,1
Mardin,Rakka,1
Mardin,âfârikîn,1
Mardin,Mey,1
Hısnıkeyfâ,Musul,1
Fransuva,Şarlken,1
Orta,Osmanlı Devleti,1
Layoş,Macar,1
Kurtoğlu Hızır Reis,Süveyş,1
Piri Reis,İstanbul,1
Piri Reis,Topkapı Sarayı Müzesi,1
Piri Reis,çı Nasuh,1
Piri Reis,Sabuncuoğlu Şerefeddin,1
Piri Reis,Seydi Ali Reis,1
Murad Reis,Seydi Ali Reis,1
Murad Reis,Piri Reis,1
Gücerat,Kaliküt,1
Gücerat,Hindistan,1
Hint Denizi,Osmanlı İmparatorluğu,1
Hint Denizi,Uzakdoğu,1
Hint Denizi,Süveyş,1
Süveyş,İstanbul,1
Süveyş,Uzakdoğu,1
Lahsa,Osmanlı Devleti,1
Açe Sultanlığı,Osmanlı Devleti,1
Hint Deniz Seferleri ',Portekiz,1
Hint Deniz Seferleri ',Mısır,1
Açe,Kurtoğlu Hızır Reis,1
Kurtoğlu Hızır Reis,Portekiz,1
Açe,Endonezya,1
Açe,İskender Muda,1
Açe,Sultan,1
Açe,Osmanlı,1
Açe,Süveyş,1
Açe,İstanbul,1
Hint Deniz Seferleri ',u Akdeniz,1
Açe,Portekiz,1
Baharat Ticaret Yolu,Doğu Akdeniz,1
Baharat Ticaret Yolu,Mısır,1
Baharat Ticaret Yolu,Portekiz,1
Baharat Ticaret Yolu,Hint Deniz Seferleri ',1
Hint Deniz Seferleri ',Suriye,1
Lahsa,Tunus,1
Lahsa,Trablusgarp,1
Lahsa,Şehrizor,1
Hint Okyanusu,Memlûk,1
Güney Afrika,Çekoslovakya,1
Güney Afrika,İngiltere,1
Güney Afrika,Kanada,1
Güney Afrika,Hindistan,1
Güney Afrika,Portekiz,1
Hint Okyanusu,Kızıldeniz,1
Hint Okyanusu,Yavuz Sultan Selim,1
Güney Afrika,Macaristan,1
Memlûklar II,Portekiz,1
Baharat,Basra Körfezi,1
Baharat,Kızıldeniz,1
Baharat,Portekiz,1
Baharat,Hindistan,1
Baharat,Ümit Burnu,1
Güney Afrika,Türkiye,1
Güney Afrika,Japonya,1
Lahsa,Mısır,1
Habeş,Şehrizor,1
Lahsa,Osmanlı,1
Habeş,Sudan,1
Habeş,Hicaz,1
Habeş,Osmanlı Devleti,1
Habeş,Tunus,1
Habeş,Trablusgarp,1
Habeş,Osmanlı,1
Güney Afrika,Yugoslavya,1
Habeş,Kızıldeniz,1
Hadım Süleyman Paşa,Mısır,1
Güney Afrika,İsviçre,1
Güney Afrika,Yunanistan,1
Güney Afrika,Lübnan,1
Güney Afrika,Pakistan,1
Kurtoğlu Hızır Reis,İstanbul,1
Uzakdoğu,Yemen isyan,1
Kıbrıs ' ın Fethi,Mekke,1
donezya,n,1
Ada,Bozcaada,1
Ada,Lozan Antlaşması,1
Ada,Ege Adaları Sorunu,1
Ada,Lefkoşa,1
Ada,Lozan Barış Antlaşması,1
Ada,Kıbrıs,1
Ada,Osmanlı Devleti,1
Magosa,Mağusa,1
Lefkoşa,Yeşil Hat,1
Lefkoşa,İngiltere,1
Lefkoşa,Limasol,1
Sarı Selim,Selim Han,1
Kıbrıs,Kıbrıs Barış Harekâtı ' nın,1
Kıbrıs,İngiliz,1
Kıbrıs,ımadası,1
Ada,Gökçeada,1
Ada,Meis,1
Ada,İtalya,1
Sokullu Mehmed Paşa,Uluç Ali ',1
Tunus,Uluç Ali,1
Koca Sinan Paşa,Kuzey Afrika,1
Koca Sinan Paşa,Oran,1
Koca Sinan Paşa,ran,1
Koca Sinan Paşa,Tunus,1
Koca Sinan Paşa,Uluç Ali,1
Uluç Ali Reis,İstanbul,1
Ada,Ege Adaları,1
Lepanto,Osmanlı donanması,1
Lepanto,İnebahtı,1
Lepanto,Papa,1
Lepanto,Venedik,1
Haçlı ittifak,Kıbrıs ' ın Fethi,1
Ada,Yunanistan,1
Kıbrıs,Londra Konferansı,1
Kıbrıs,R,1
Kıbrıs,Lozan,1
Kıbrıs,Mağusa,1
Kıbrıs,Kıbrıs Sorunu ve Kıbrıs Barış Harekâtı,1
Kıbrıs,Kıta Sahanlığı,1
Kıbrıs,Lozan Antlaşması,1
Kıbrıs,İslam,1
Kıbrıs,Rusya,1
Kıbrıs,Lepanto,1
Kıbrıs,Magosa,1
Kıbrıs,OSİS,1
Kıbrıs,Sarı Selim,1
Kıbrıs,Selim Han,1
Kıbrıs,Venedik,1
Sultan,İskender Muda,1
Deli,Portekiz,1
Kib,iyan,1
Kıbrıs,Süveyş Kanal,1
Kıbrıs,Taksim,1
Kıbrıs,Rauf Denktaş,1
Kıbrıs,Kıbrıs Türk Mukavemet Birliği,1
Kıbrıs,Türk Federe Devleti,1
Kıbrıs,Necmettin Erbakan,1
Kıbrıs,Türk Yönetimi,1
Kıbrıs,SSCB,1
Kıbrıs,VOLKAN Teşkilatı,1
Kıbrıs,MB,1
Kıbrıs,Kıbrıs Türk Güvenlik Kuvvetleri Komutanlığı,1
Kıbrıs,Ya Taksim Ya Ölüm Mitingi,1
Kıbrıs,Türk Mukavemet Teşkilatı,1
Kıbrıs,Yorgo Girivas,1
Kıbrıs,Yorgo Grivas,1
Kıbrıs,Türk,1
Kıbrıs,re,1
Kıbrıs,İngilte,1
Kıbrıs ' ın Fethi,Medine,1
Doju Akdeniz,Güney Af,1
Layoş,Osmanlı Devleti,1
Fatih Sultan Mehmet,Kanuni Sultan Süleyman,1
Sadraz,Talat Bey,1
Sadraz,İbrahim Paşa,1
Cihan Devleti Osmanli,Osmanlı ordusu,1
Cihan Devleti Osmanli,Ferdinand,1
Kutsal Roma - Germen ordusu,Şarlken,1
Arşidükü Ferdinand,Macar,1
Arşidükü Ferdinand,Osmanlı Devleti,1
Mohaç Meydan Savaşı ',Osmanlı Devleti,1
Mohaç Meydan Savaşı ',Viyana,1
Luther,Wiesner,1
Luther,Orta Avrupa,1
Luther,Protestan,1
27 Eylül 1529,Budin,1
27 Eylül 1529,Viyana Kuşatması,1
Ferdinand,Sadraz,1
Sadraz,Talat Paşa,1
İbrahim Paşa,İstanbul,1
Andre Doria,Macaristan,1
Fatih Sultan Mehmet,Venedik,1
Fatih Sultan Mehmet,Trabzon Komnenos Krallığı,1
Fatih Sultan Mehmet,Trabzon,1
Fatih Sultan Mehmet,Topkapı Sarayı,1
Fatih Sultan Mehmet,Napoli,1
Fatih Sultan Mehmet,Floransa,1
Fatih Sultan Mehmet,İtalyan,1
Adriyatik,Avrupa,1
Andre Doria,Avusturya,1
Adriyatik,Asya,1
Adriyatik,Dubrovnik,1
Dubrovnik Cumhuriyeti,Osmanlı,1
Dubrovnik Cumhuriyeti,Osmanlı Devleti,1
Andre Doria,Osmanlı,1
Andre Doria,Şarlken,1
Ferdinand,İstanbul,1
Ferdinand,İstanbul Antlaşması,1
Ferdinand,Kutsal Roma - Germen ordusu,1
Bohemya,Macar,1
Jan Zapolya,Mohaç Savaşı,1
Mohaç,İtalyan,1
Mohaç Meydan Muharebesi,Osmanlı,1
Bohemya,Otuz Yıl Savaşı,1
Bohemya,Kutsal Roma Germen ',1
Bohemya,Macaristan,1
Arşidük Ferdinand,Macaristan,1
Jan Zapolya,Kanuni Sultan Süleyman,1
Arşidük Ferdinand,Macar,1
Arşidük Ferdinand,Bohemya,1
Arşidük Ferdinand,Avusturya,1
Layoş ',Macar,1
Mohaç Savaşı,Osmanlı Devleti,1
Layoş,Macaristan,1
Jan Zapolya,Osmanlı Devleti,1
Jan Zapol,Kutsal Roma - Germen İmparator,1
Ferdinand,Şarlken,1
Kutsal Roma - Germen İmparator,Şarlken,1
Ferdinand,Viyana,1
ü Ferdinand,Şarlken,1
lk,ü Ferdinand,1
lk,Şarlken,1
Kutsal Roma - Germen İmparator,ü Ferdinand,1
Kutsal Roma - Germen İmparator,lk,1
Avusturya Arşidük,ü Ferdinand,1
Jan Zapol,Şarlken,1
Avusturya Arşidük,lk,1
Avusturya Arşidük,Şarlken,1
Avusturya Arşidük,Kutsal Roma - Germen İmparator,1
Avusturya Arşidük,Jan Zapol,1
Jan Zapol,ü Ferdinand,1
Jan Zapol,lk,1
Fatih Sultan Mehmet,Osmanlı Devleti,1
Fatih Sultan Mehmet,İbn - i Sina,1
Haçlı donanmasının,Osmanlı donan,1
Fatih Sultan Mehmet,Mimar Sinan,1
Andriya Dorya ),Narda Körfezi,1
Andrea Doria,Preve,1
Andrea Doria,Narda Körfezi,1
Andrea Doria,Andriya Dorya ),1
Malta,Osmanlı,1
Malta,Rusya,1
Malta,İmparatorluğu,1
Malta,Roma,1
Malta,Osmanlı Devleti,1
Malta,Papa,1
Malta,Portekiz,1
Malta,İspanya,1
Papalık,Roma İmparatorluğu,1
Papalık,İsveç,1
Papalık,İngiltere,1
Andriya Dorya ),Preve,1
Narda Körfezi,Preve,1
Osmanlı donanması,Preveze,1
Deniz Müzesi,Preveze Deniz Savaşı,1
Haçlı donan,Osmanlı donanması,1
Osmanlı donan,İstanbul,1
Osmanlı donan,İstanbul Preveze Deniz Savaşı ',1
Osmanlı donan,Preveze Deniz Savaşı,1
Deniz Müzesi,Osmanlı donan,1
Deniz Müzesi,İstanbul Preveze Deniz Savaşı ',1
Deniz Müzesi,Osman Nuri Paşa,1
Osmanlı donanması,Venedik,1
Osman Nuri Paşa,Osmanlı donan,1
Osman Nuri Paşa,İstanbul Preveze Deniz Savaşı ',1
Osman Nuri Paşa,Preveze Deniz Savaşı,1
Preveze,İnebahtı,1
Braudel,Preveze Deniz Muharebesi,1
Osmanlı donanması,Papa,1
Papalık,İspanyol,1
Papalık,Çek,1
Barbaros Hayrettin Paşa,Mimar Sinan,1
Floransa,İspanya,1
Katalan,Memlûk Devleti,1
Napoli,İtalyan,1
Floransa,Portekiz,1
Floransa,Papalık,1
Floransa,Lehistan,1
Floransa,İsveç,1
Floransa,İngiltere,1
Kanunî,Mısır,1
Floransa,Osmanlı Devleti,1
Floransa,İtalya,1
Floransa,Fransa,1
Floransa,Medici Bankası,1
Floransa,Giotto Di Bondone,1
Floransa,Napoli,1
Kanunî,Yavuz Sultan Selim,1
de La Forest,İbrahim Paşa,1
Barbaros Hayrettin Paşa,İstanbul,1
Barbaros Hayrettin Paşa,Osman Nuri Paşa,1
Barbaros Hayrettin Paşa,Fatih,1
Barbaros Hayrettin Paşa,Zeyrek Çinili Hamam,1
Barbaros Hayrettin Paşa,Osmanlı donan,1
Barbaros Hayrettin Paşa,İstanbul Preveze Deniz Savaşı ',1
Barbaros Hayrettin Paşa,Deniz Müzesi,1
Barbaros Hayrettin Paşa,Preveze Deniz Savaşı,1
Barbaros Hayrettin Paşa,Venedik,1
156,Fransız - Osmanlı kapitülasyon anlaşması,1
Barbaros Hayrettin Paşa,Papa,1
Barbaros Hayrettin Paşa,Habsburg,1
Barbaros Hayrettin Paşa,Batı Akdeniz,1
Barbaros Hayrettin Paşa,Kuzey Afrika,1
Barbaros Hayrettin Paşa,Ege ) Denizi,1
itülasyon,İngiltere,1
Raffaello Sanzio,İtalyan,1
Raffaello Sanzio,Raphael ( Rafael ),1
Raffaello Sanzio,Vatikan,1
Küçük Kaynarca Antlaşması,Türk Boğaz,1
Ekber ve Erged Modern Devlet,Kapitülasyon,1
Kapitülasyon,Rönesans Reform İltizam,1
1768 - 1774 Osmanlı - Rus savaşında,Osmanlı İmparatorluğu,1
Boğaz,Musul,1
Kanal Cephesi,Sina Yarımadası,1
Boğaz,Osmanlı Devleti,1
Boğaz,Trakya,1
Boğaz,Misak - ı Millî,1
Boğaz,Ekim 1922,1
Boğaz,Mudanya Ateşkes Antlaşması,1
Boğaz,Çanakkale,1
Boğaz,Mondros Ateşkes Antlaşması ' nın,1
Boğaz,Kibris IR,1
Boğaz,Petro,1
Boğaz,Osmanlı,1
Ekber ve Erged Modern Devlet,Rönesans Reform İltizam,1
Ekber ve Erged Modern Devlet,Ekber ve Erşed Modern Devlet,1
Ekber ve Erşed Modern Devlet,Kapitülasyon,1
' deki Luther Evi,Wi,1
Wi,Özgür düşünce,1
Wi,enberg,1
' deki Luther Evi,sanatı,1
' deki Luther Evi,Özgür düşünce,1
' deki Luther Evi,Almanya,1
' deki Luther Evi,enberg,1
' deki Luther Evi,Julius Hübner,1
Ekber ve Erşed Modern Devlet,Rönesans Reform İltizam,1
' deki Luther Evi,Martin Luther,1
Julius Hübner,sanatı,1
Julius Hübner,Özgür düşünce,1
Julius Hübner,enberg,1
Julius Hübner,Wi,1
Julius Hübner,Martin Luther,1
Boğaz,Kırım,1
Küçük Kaynarca Antlaşması,Osmanlı Devleti,1
1606,Zitvatorok Antlaşması,1
Küçük Kaynarca Antlaşması,İstanbul ve Çanakkale Boğazları,1
Zitvatorok,kabiliyet,1
Habsburglar Kutsal İttifak,Zitvatorok,1
Habsburglar Kutsal İttifak,kabiliyet,1
Antlaşma,Tarihsel Önem Kriter,1
Selim Giray,Şâhin Giray,1
Baht Giray,İstanbul,1
Balta,Osmanlı - Rus savaşın,1
Balta,Lehistan,1
Kırım yarıma,Rus,1
1768 - 1774 Osmanlı - Rus savaşı,Küçük Kaynarca Antlaşması ',1
1768 - 1774 Osmanlı - Rus savaşı,Osmanlı Devleti,1
Küçük Kaynarca Antlaşması ',Osmanlı,1
Küçük Kaynarca Antlaşması ',Petersburg,1
Osmanlı donanmasının,Çeşme,1
Baltık Denizi,Çeşme,1
Küçük,Osmanlı Devleti,1
Kaynarca,Osmanlı Devleti,1
Kaynarca,Küçük,1
Büyük Petro,İsveç,1
Küçük Kaynarca Antlaşması,Türk Boğazları,1
Küçük Kaynarca Antlaşması,Kırım,1
Küçük Kaynarca Antlaşması,Temmuz 1774,1
Osmanlıların Küçük,Yenilgisi,1
Büyük Petro,Karadeniz,1
Büyük Petro,Rusya,1
Belgrad Antlaşması ',Devleti,1
1711 Prut Antlaşması,III · 1699 Karlofça Antlaşması,1
1739 Belgrad Antlaşması ',Osmanlı Devleti,1
1739 Belgrad Antlaşması ',Rusya,1
1739 Belgrad Antlaşması ',Avusturya,1
1774 Küçük Kaynarca Antlaşması,Osmanlı Devleti,1
1774 Küçük Kaynarca Antlaşması,III · 1699 Karlofça Antlaşması,1
1711 Prut Antlaşması,1774 Küçük Kaynarca Antlaşması,1
Wi,sanatı,1
enberg,Özgür düşünce,1
enberg,sanatı,1
sanatı,Özgür düşünce,1
Kapitülasyonların,TBMM,1
Kapitülasyonların,İstanbul Hükûmet,1
Kapitülasyonların,Manda ve himay,1
Kapitülasyonların,Millî Mücadele,1
Kapitülasyonların,Millî Mücadele ',1
avarız vergisi,iyye,1
Liticles de la Capitu anon faite,Osmanlı Devleti,1
Fâtih ',Fâtih Sultan Mehmed,1
Fâtih ',Yeniçeri Ocağı,1
Fâtih Sultan Mehmed,Yeniçeri Ocağı,1
Amerika kıta,Kristof Kolomb,1
Avrupa devletler,Vestfalya Barışı ',1
Kuzey Almanya,Wiesner,1
Kuzey Almanya,Orta Avrupa,1
Kuzey Almanya,Luther,1
Kapitülasyonların,İslam devleti,1
Kapitülasyonların,İtilaf Devleti,1
Kapitülasyonların,Misak - ı Millî,1
1699 Karlofça Antlaşması ',17351739 Osmanlı - Rusya / Avusturya Savaşı ',1
Yeniçeri İsyan,İstanbul,1
Yavuz Sultan Selim,oklu Celal,1
1768 - 1774 Rus Savaşı ',Osmanlı Devleti,1
17351739 Osmanlı - Rusya / Avusturya Savaşı ',Rusya,1
17351739 Osmanlı - Rusya / Avusturya Savaşı ',Osmanlı Devleti,1
1699 Karlofça Antlaşması ',Rusya,1
1699 Karlofça Antlaşması ',Osmanlı Devleti,1
Kapitülasyonların,Türkiye,1
1739 Belgrad Antlaşması,Rusya,1
1739 Belgrad Antlaşması,Çarlık Rusya,1
1739 Belgrad Antlaşması,CRISTIANITY OHINA CRONIT JNPAN ONU,1
1739 Belgrad Antlaşması,Fransa,1
Osmanlı padişah,itülasyon,1
Kapitülasyonların,İstanbul,1
Münster,arin,1
Vestfalya Barışı,X,1
Vestfalya Barışı,s,1
natüralizm,rasyonalizm,1
Nicolaus Copernicus,sistemi,1
Nicolaus Copernicus,Nikolas Kopernik,1
Galilei,Orta Çağ Avrupası,1
Natür,İncil,1
rasyonalizm,sekülarizm,1
natüralizm,sekülarizm,1
Kal,Katolik Kilisesi,1
Copernicus,Dünya,1
Kal,İngiltere,1
Kutsal Roma,Şarlken,1
Martin Luter,Martin Luther,1
Reform,Rönesans,1
Hristiyan,Papalık,1
Hristiyan,İncil,1
Nikolas Kopernik,sistemi,1
Copernicus,Güneş,1
1648,Otuz Yıl Savaşları ',1
Kutsal Roma İmparatorluğu,İspanya,1
Otuz Yıl Savaşları ',Vestfalya Barış Antlaşması,1
Yıl,İspanya,1
Kutsal Roma İmparatorluğu,s,1
Kutsal Roma İmparatorluğu,Vestfalya Barışı,1
Kutsal Roma İmparatorluğu,Yıl,1
Kutsal Roma İmparatorluğu,Lehistan,1
1555,Augsburg Barışı,1
Copernicus,Roma Katolik Kilisesi,1
Kutsal devlet,Vestfalya Barışı ve Etkileri,1
Newton ',yer çekimi kanunun,1
Johanes Kepla,Johannes Kepler,1
Isaac Newton,çekimi,1
Ayzek Nivtın,çekimi,1
Ayzek Nivtın,Isaac Newton,1
Baltık Denizi,Rus,1
Kuban,Rusya,1
Nadir Şah ',İran,1
Azak,Karadeniz,1
Felemenk,Lehistan,1
Felemenk,İsveç,1
Felemenk,İspanya,1
Felemenk,İngiltere,1
Felemenk,Floransa,1
Felemenk,Osmanlı Devleti,1
Bağdat Köşk,Topkapı Sarayı,1
Bağdat Köşk,Murat,1
Kasr,Safevi,1
Kasr,Murat,1
Murat,Topkapı Sarayı,1
Murat,Safevi,1
Osmanlı Devleti ' nin Doğu Siyaseti,VII,1
Osmanlı - İran savaşları,VII,1
Osmanlı - İran savaşları,Osmanlı Devleti ' nin Doğu Siyaseti,1
Felemenk,Papalık,1
Felemenk,Portekiz,1
Felemenk,Venedik,1
Kara Mustafa Paşa,Lehistan,1
Azak,Rusya,1
Azak,Macaristan,1
Azak,Belgrad,1
Azak,Mora,1
Azak,Venedik,1
Kara Mustafa Paşa,Rusya,1
Kara Mustafa Paşa,Venedik,1
Karlofça Antlaşması,İngiltere,1
Kara Mustafa Paşa,Osmanlı Devleti,1
Karlofça Antlaşması,Kaçarlar,1
Karlofça Antlaşması,Safevi,1
Karlofça Antlaşması,İran,1
Karlofça Antlaşması,Venedik,1
Karlofça Antlaşması,Viyana Kuşatması ( 1683 ),1
8,Bucaş Antlaşması,1
8,Lehistan,1
Kazak meselesi,Osmanlı Devleti,1
Kırım han,Lehistan,1
21,İbrahim Çolak,1
21,lama,1
21,Emre Sakçı,1
21,Hotin Muharebesi,1
21,Osman Dönemi,1
Hotin Muharebesi,Osman Dönemi,1
Osmanlı ve Habsburg,Zitvatorok Antlaşması ' nın,1
Ukrayna,in Kalesi,1
Kayzer,Roma,1
Madrid,Viyana,1
Osmanlı Barışı,Pax Ottomana,1
Nemçe,Viyana,1
eşitlik,mütekabiliyet,1
1606,Avrupa,1
21,Avustralya Dünya Kupası,1
Ukrayna,Özi Nehri,1
Bahçesaray Antlaşması,Kırım,1
Ukrayna Kazak,Çehrin,1
Bahçesaray Antlaşması,Ukrayna,1
Bahçesaray Antlaşması,Özi Nehri,1
81,Kırım,1
81,Ukrayna,1
81,Özi Nehri,1
81,Bahçesaray Antlaşması,1
Rus çar,Çehrin,1
Ukrayna,Çerkask,1
Rus çar,Ukrayna Kazak,1
Bükreş Antlaşması,Osmanlı,1
1812,Rusya,1
1812,Bükreş Antlaşması,1
Hotin Seferi,II,1
Hotin Seferi,Osman,1
Azak,İstanbul Antlaşması,1
Azak,Osmanlı Devleti,1
1639,Kasr - ı Şirin Antlaşması,1
Azak,ut Yenil,1
Azak Denizi,Rusya,1
Azak Denizi,Osmanlı Devleti,1
Belgrad Antlaşması,ut,1
Belgrad Antlaşması,Pasarofça,1
36,Osmanlı - Rus savaşı,1
36,Kırım,1
36,Azak Kalesi,1
36,Mahmut,1
Azak Kalesi,Belgrad Antlaşması,1
Azak Kalesi,ut,1
Azak Kalesi,Osmanlı - Rus savaşı,1
Azak Kalesi,Kırım,1
Azak Kalesi,Mahmut,1
Pasarofça,Prut Zaferi,1
Pasa rofça Antlaşması,İngiltere,1
Azak Denizi,Karadeniz,1
1736,Osmanlı,1
1736,1739,1
Afgan,Rusya,1
1639,İran,1
1639,Türkiye,1
Nadir Şah,Osmanlı Devleti,1
Nadir Şah,Safevi Devleti,1
Nadir Şah,İstanbul Antlaşması,1
Nadir Şah,Safevi,1
Afgan,İran,1
1739,Osmanlı,1
Afgan,Osmanlı,1
Kaçarlar,Safevi,1
Kaçarlar,İran,1
Prut Antlaşması,Rusya,1
Prut Antlaşması,İsveç,1
1739,Afyoncu,1
16,ncı Kolordu,1
16,Miralay Mustafa Kemal,1
16,Çanakkale,1
Maya,İnka,1
Beyin Fırtınası,Kavalalı Mehmet Ali Paşa,1
Beyin Fırtınası,Mısır,1
Beyin Fırtınası,Kutsal devlet,1
Beyin Fırtınası,Vestfalya Barışı ve Etkileri,1
Beyin Fırtınası,Osmanlı Devleti,1
Ticaret,Transatlantik Köl,1
Doğu Hindistan,Hollandalı,1
0,İstanbul Antlaşma sı,1
Uzak Doğu,Üçüncü Dünya,1
Uzak Doğu,Çin,1
Uzak Asya,Yeni Ticaret Yolları,1
Karlofça,İstanbul Antlaşması,1
Azak,Japon,1
Azak,Pearl Harbor Baskını,1
Beyin Fırtınası,Osmanlı Nüfus,1
0,Osmanlı Devleti,1
16,Osmanlı Devleti,1
ça,İsveç,1
16,Peter - varadin Muharebesi ',1
Baltacı Mehmet Paşa,Osmanlı,1
Kuzey Avrupa,İsveç,1
Kuzey Avrupa,Rusya,1
Kuzey Avrupa,Osmanlı Devleti,1
ça,İstanbul Antlaşması,1
Karlof,İstanbul Antlaşması,1
Küçük Kaynarca Ant laşması ',Kırım,1
Karlof,ça,1
Karlof,Osmanlı Devleti,1
Karlof,İsveç,1
Carıd Daymınd,Jared Diamond,1
Küçük Kaynarca Ant laşması ',Rus,1
Küçük Kaynarca Ant laşması ',Osmanlı,1
Süleymaniye,İstanbul,1
Süleymaniye,Türkiye,1
Süleymaniye,İngiliz,1
Edirne Antlaşması,Sırbistan,1
Kavalalı Mehmet Ali Paşa,Tosun,1
Kavalalı Mehmet Ali Paşa,lı,1
Kavalalı Mehmet Ali Paşa,Vehhabi İsyanı ',1
Kavalalı Mehmet Ali Paşa,manlı Devleti,1
Kavalalı Mehmet Ali Paşa,Mahmut,1
Kavalalı Mehmet Ali Paşa,Mora ' daki Rum İsyanı ',1
Mora ' daki Rum İsyanı ',Osmanlı Devleti,1
Mora ' daki Rum İsyanı ',Mısır,1
Yunan ( Mora ) İsyanı ',İngiltere,1
Ulusçu ayaklanma,çı,1
Berlin Antlaşması,Karadağ,1
Berlin Antlaşması,Romanya,1
Berlin Antlaşması,Sırbistan,1
Berlin Antlaşması,Yunanistan,1
Berlin Antlaşması,Edirne Antlaşması,1
Kavalalı Mehmet Ali Paşa,İbrahim Paşa,1
Kavalalı Mehmet Ali Paşa,Mora,1
Kavalalı Mehmet Ali Paşa,Kütahya,1
1829 Osmanlı - Rus savaşları,Edirne Antlaşması,1
Edirne Antlaşması,Osmanlı Devleti,1
Edirne Antlaşması,Rus,1
1829,Yunanistan,1
1829,Edirne Antlaşması,1
1829,1829 Osmanlı - Rus savaşları,1
1829 Osmanlı - Rus savaşları,Yunanistan,1
1828,Yunanistan,1
Kavalalı Mehmet Ali Paşa,Kütahya Antlaşması,1
1828,1829,1
1828,Edirne Antlaşması,1
1828,1829 Osmanlı - Rus savaşları,1
Fransiz Ihtilali,ari,1
Kavalalı Mehmet Ali Paşa,İngiltere,1
Kavalalı Mehmet Ali Paşa,Kütahya Antlaşması ',1
Berlin Antlaşması,Osmanlı Devleti,1
Berlin Antlaşması,Osmanlı,1
Berlin Antlaşması,Sırbistan Prensliği,1
Avusturya İmparatorluğu,Fransız İhtilali ',1
Mari Tereza,İmparator,1
Marie Theresa,İmparator,1
Kraliçe Marie,Mari Tereza,1
Kraliçe Marie,Marie Theresa,1
Kraliçe Marie,İmparator,1
Konvansiyon Meclisi,Kurucu Meclis,1
Avusturya İmparatorluğu,Osmanlı Devleti,1
Avusturya Krallığı,Fransa Krallığı,1
Avusturya İmparatorluğu,Rus Çarlığı,1
Kriz,İmparatorluklar,1
Fransız ulus,bert,1
Fransız İhtilali ' ni insan hakları açısından,Vendee Katliamı bağlamında,1
cu,İngiltere,1
Prusya,Sistemi,1
Mari Tereza,Marie Theresa,1
La,Lajos Kossuth,1
1878,Ayastefanos ( Yeşilköy ) Antlaşması,1
Fransız İhtilali ',Panslav,1
1878,Rusya,1
1878,Osmanlı Devleti,1
1878,Berlin Antlaşması,1
1878,Osmanlı,1
1878,Sırbistan Prensliği,1
Fransız İhtilali ',Napolyon,1
Fransız İhtilali ',Osmanlı,1
La,yoş Koşut,1
Avusturya - Macaristan İmparatorluğu,Üçlü İttifak,1
Avusturya - Macaristan İmparatorluğu,İtalya,1
Avusturya - Macaristan İmparatorluğu,Avusturya İmparatorluğu,1
Lajos Kossuth,Osmanlı Devleti,1
Lajos Kossuth,yoş Koşut,1
La,Laiklik,1
Edirne Antlaşması,Rusya,1
Edirne Antlaşması,Romanya,1
Prusya,ternich,1
Edirne Antlaşması,Karadağ,1
Millî Mücadele,TUSU ANADOLU AJANS,1
Millî Mücadele,İtilaf Devletleri,1
Millî Mücadele,İrade - i Millîye,1
Millî Mücadele,Sivas,1
Millî Mücadele,Mustafa Ke,1
Millî Mücadele,Samsun,1
Millî Mücadele,Wilson Prensipleri Cemiyeti,1
Millî Mücadele,Mudanya Ateşkes Antlaşması ',1
Millî Mücadele,Sevr Antlaşması ',1
Millî Mücadele,Sine - i Millete Dönmek Manda ve Himaye Güçler Birliği Tekâlif - i Millîye,1
Millî Mücadele,Millî Mücadele ' nin Sona Ermesi ve Lozan Barış Konferansı,1
Millî Mücadele,İngiliz Ordusu,1
Millî Mücadele,bi ],1
Millî Mücadele,Refet ( Bele ),1
Millî Mücadele,Mustafa Fevzi ( Çakmak ),1
Millî Mücadele,Yunus Nadi ( Abalıoğlu ),1
Millî Mücadele,Sevr Antlaşması,1
Millî Mücadele,İnönü Muharebesi,1
Millî Mücadele,İtilaf Devleti,1
Millî Mücadele,Sovyet Rusya,1
Millî Mücadele,Terakkiperver Cumhuri - yet Fırkası,1
Millî Mücadele,ât - ı Esasiye ),1
Millî Mücadele,milliyet,1
Millî Mücadele,İstiklal Harbi,1
Millî Mücadele,Misak - ı Millî,1
Millî Mücadele,İslam devleti,1
Millî Mücadele,İnönü,1
Millî Mücadele,Millî Mücadele ',1
Millî Mücadele,fa Şekip Efendi,1
Millî Mücadele,Piyade Mülazım Mus,1
Millî Mücadele,Tekâlif - i Millîye,1
Millî Mücadele,İstiklâl Marşı ' nın Kabul,1
Millî Mücadele,Türk - Afgan Dostluk Antlaşması,1
Millî Mücadele,Mustafa İsmet ( İnönü ),1
Millî Mücadele,Mustafa Kemal ( Atatürk ),1
Millî Mücadele,Mustafa Kemal Atatürk,1
XV,sömürgecilik dalga,1
Belçika,Namibya Soykırımı,1
Belçika,Kongo Katliamı ',1
Herodot,Homeros,1
Herodot,Yunan,1
Homeros,Yunan,1
lasyon,sosyolog,1
Castillalı,bel,1
Belçika,Lokarno,1
1848 ihtilal,Avrupa,1
Anayasal Monarş,Fransız İhtilali,1
Anayasal Monarş,Avrupa,1
Anayasal Monarş,Monarş,1
Demir yolu,yolu,1
Bağımsız Yunanistan,Osmanlı Devleti,1
Belçika,Locarno,1
Belçika,Briand - Kellogg ( Birian - Kellog ) Paktı,1
Jan Jak Ruso,iyu,1
Kongo Katliamı ',Namibya Soykırımı,1
Jan Jak Ruso,Montesquieu,1
Jan Jak Ruso,Ogüst Komt ),1
Jan Jak Ruso,guste Comte,1
Jan Jak Ruso,Voltaire ( Volter ),1
Jan Jak Ruso,Jean - Jacques Rousseau,1
Jan Jak Ruso,Jean Jacques Rousseau,1
Belçika,Benelüks,1
Belçika,Japon,1
Belçika,İsveç,1
Belçika,İrlanda,1
Belçika,Strazburg,1
Belçika,Türkiye,1
Belçika,Yıldırım Harekâtı,1
Belçika,ya,1
Prusya,nih,1
Prusya,Viyana Kongresi,1
Cem Sultan Olayı,Fetret Devri,1
Endüstriyel Üretim,Modernleşme,1
Aristokrat burjuva hümanist Rönesans sanat zenginlik,ezim özelleşme,1
Aristokrat burjuva hümanist Rönesans sanat zenginlik,Malikân,1
Ekber ve Erşed Sistemi,Osmanlı,1
Hümanist felsefe,skolastik,1
Sad,Sait Halim Paşa,1
Sad,Sultan III,1
Moskova,han,1
Moskova,Rusya,1
Moskova,ya,1
Moskova,İstanbul Hükûmet,1
Moskova,Türk - Afgan Dostluk Antlaşması,1
Moskova,TBMM,1
Moskova,Viyana,1
Moskova,Paris,1
Moskova,Osmanlı Devleti,1
Malikân,ezim özelleşme,1
Pençik,İm,1
Pençik,Topçu Ocağı,1
Modernlegme,te,1
Endüstriyel Üretim,ihtilal,1
Yurttaşlık,te,1
Yurttaşlık,ihtilal,1
Modernleşme,te,1
Modernleşme,Yurttaşlık,1
Modernleşme,ihtilal,1
Modernlegme,Yurttaşlık,1
Topçu Ocağı,İm,1
Modernlegme,Modernleşme,1
Modernlegme,ihtilal,1
Petrarca,Raffaello,1
Lâle Devri,İlk Türk matbaa,1
Lâle Devri,Tulumbacılar Ocağının,1
Tulumbacılar Ocağının,İlk Türk matbaa,1
- Zunûn,Kâtip Çelebi,1
III,Osmanlı,1
III,Patrona Halil Ayaklanması ( 1730 ),1
Ahlak,Osmanlı,1
Fırtınası,Osmanlı Devleti,1
Fırtınası,Osmanlı Toplumu,1
Fırtınası,Lâle Devr,1
Lâle Devr,Osmanlı,1
Lâle Devr,İstanbul,1
Lâle Devr,Osmanlı Toplumu,1
Ahlak,çür,1
Yirmisekiz Mehmet Çelebi,İstanbul,1
Kadîm,Kanuni,1
Kadîm,Yavuz,1
Gelibolulu Mustafa Ali ',Koçi Bey,1
Gelibolulu Mustafa Ali ',Selatin,1
Islahat,Türk,1
Kanuni Dönemi,Şehzade Bayezid İsyanından,1
Lâl,Osmanlı Devleti,1
David (,Osmanlı,1
Nevşehirli Damat İbrahim Paşa,Sultan III,1
Lady Montagu,İstanbul,1
Nevşehirli Damat İbrahim Paşa,Sad,1
Nevşehirli Damat İbrahim Paşa,Sadraz,1
Leydi Montegü,İngiltere,1
Leydi Montegü,İstanbul,1
Lady Montagu,Leydi Montegü,1
Lady Montagu,İngiltere,1
Lale,lale,1
David (,yvit ),1
Sadabad Sarayı,Topkapı Sarayı,1
Kâğıthane,Sadabad Sarayı,1
Kâğıthane,Topkapı Sarayı,1
Tulumbacılar Teşkilatı,İstanbul,1
Samuel,yvit ),1
David (,Samuel,1
Endüstriyel Üretim,Modernlegme,1
Endüstriyel Üretim,Yurttaşlık,1
Prusya,İbrahim Paşa,1
Endüstriyel Üretim,te,1
Amerikan,Pearl Harbor Baskını,1
Amerikan,Japonya,1
Amerikan,Millî Mücadele,1
Amerikan,Wilson Prensipleri Cemiyeti,1
Amerikan,İngiliz,1
Amerikan,Bencamin Frenklın,1
Amerikan,Benjamin Franklin,1
Amerikan,Fransa,1
Louis,İngiltere,1
Mari Ontion,Marie Antoinette,1
Eta Jenero,Etats Genereux,1
Eta Jenero,Fransa,1
Etats Genereux,Fransa,1
Rousseau,Voltaire,1
Fransız İhtilali,Panslavizm,1
Amerikan,Türkiye,1
Amerikan,Truman Doktrini,1
Benjamin Franklin,Fransa,1
Bastille (,Fransa,1
Prusya,Türkiye,1
Prusya,cu,1
Vendee,İhtilal Komitesi,1
Bastille Hapishanesi,Bastille Hapishanesi Baskını,1
Bastil ) Hapishanesi,Bastille (,1
Bastil ) Hapishanesi,Fransa,1
89,Bastil ) Hapishanesi,1
Bencamin Frenklın,Fransa,1
89,Bastille (,1
89,Fransa,1
89,Ulusal Meclis,1
Amerikan Bağımsızlık Savaşı,Fransa,1
Amerikan Bağımsızlık Savaşı,Versailles Sarayı,1
Bencamin Frenklın,Benjamin Franklin,1
Fransız İhtilali,Rusya,1
Fransız İhtilali,Osmanlı Devleti,1
Fransız İhtilali,Thomas Tanoweo,1
1848 İhtilalleri,Avrupa ' da,1
Montesquieu,Voltaire,1
Aydınlanma Çağ,Mustafa Kemal,1
Aydınlanma Çağ,Rönesans,1
Aydınlanma Çağ,Reform hareketleri,1
Reform hareketleri,Rönesans,1
1789 Devrimi,Devlet - Toplum İlişkilerinde Büyük Kırılma,1
1848 İhtilalleri,te,1
Montesquieu,Voltaire ( Volter ),1
1848 İhtilalleri,Endüstriyel Üretim,1
1848 İhtilalleri,Yurttaşlık,1
1848 İhtilalleri,Modernleşme,1
1848 İhtilalleri,Modernlegme,1
1848 İhtilalleri,ihtilal,1
ihtilal,te,1
Montesquieu,Rousseau,1
Montesquieu,guste Comte,1
Fransız İhtilali,linona Voncroci,1
Fransız İhtilali,Prusya,1
Fransız İhtilali,Mısır,1
Fransız İhtilali,Napolyon,1
Fransız İhtilali,İngiltere,1
Fransız İhtilali,devlet,1
Fransız İhtilali,cumhuriyet,1
Fransız İhtilali,Monarş,1
Fransız İhtilali,Kriz,1
Montesquieu,Ogüst Komt ),1
Fransız İhtilali,İmparatorluklar,1
Fransız İhtilali,ve gözyaşı ihtilali,1
Fransız İhtilali,Rousseau,1
Fransız İhtilali,Voltaire,1
Fransız İhtilali,Montesquieu,1
Montesquieu,iyu,1
1606,Osmanlı Devleti,1
Haçova Meydan Muharebesi ',Kepçe Kazan Savaşı,1
Raphael ( Rafael ),İtalyan,1
Afyonkarahisar,Balıkesir,1
Bolu,Isparta,1
Bolu,Muğla,1
Bolu,Manisa,1
Bolu,Edirne,1
Afyonkarahisar,Manavgat,1
Afyonkarahisar,Silifke,1
Afyonkarahisar,Tarsus,1
Afyonkarahisar,Çorum,1
Afyonkarahisar,Amasya,1
Afyonkarahisar,Tokat,1
Afyonkarahisar,Bolu,1
Afyonkarahisar,Çankırı,1
Afyonkarahisar,Kastamonu,1
Afyonkarahisar,Isparta,1
Afyonkarahisar,Muğla,1
Bolu,Kastamonu,1
Bolu,Çankırı,1
Bolu,Tokat,1
Isparta,Çankırı,1
Isparta,Türkiye,1
Isparta,Manavgat,1
Isparta,Silifke,1
Isparta,Tarsus,1
Isparta,Çorum,1
Isparta,Tokat,1
Isparta,Kastamonu,1
Bolu,Çorum,1
Isparta,Muğla,1
Isparta,Manisa,1
Bolu,İzmit,1
Bolu,Manavgat,1
Bolu,Silifke,1
Bolu,Tarsus,1
Afyonkarahisar,Manisa,1
Afyonkarahisar,Bursa,1
Kepçe Kazan Savaşı,Papalık,1
Afyonkarahisar,Edirne,1
Lübnan,Şahin Giray,1
Lübnan,Mehmed Giray,1
Mehmed Giray,Suriye,1
Mehmed Giray,Şahin Giray,1
YP,YPH,1
Katırcıoğlu isyan,Tavil Halil,1
Katırcıoğlu isyan,Osmanlı Devleti,1
Abaza Ahmet Paşa,Katırcıoğlu isyan,1
Abaza Ahmet Paşa,Gürcü Nebi,1
Abaza Ahmet Paşa,Karahaydaroğlu,1
Abaza Ahmet Paşa,Tavil Halil,1
Abaza Ahmet Paşa,Deli Hasan,1
Abaza Ahmet Paşa,Celâli İsyanları,1
Abaza Ahmet Paşa,Osmanlı Devleti,1
Gürcü Nebi,Katırcıoğlu isyan,1
Lübnan,Van,1
Lübnan,Trabzon,1
Lübnan,Sivas,1
Lübnan,Pakistan,1
Lübnan,Ürdün,1
Lübnan,Mısır,1
Lübnan,Çoğunluk Planı,1
Lübnan,İsrail,1
Lübnan,İsviçre,1
Lübnan,Yunanistan,1
Lübnan,Yugoslavya,1
Lübnan,Rusya,1
Lübnan,Macaristan,1
Lübnan,İtalya,1
Lübnan,Türkiye,1
Lübnan,Çekoslovakya,1
Lübnan,Yeni Zelanda,1
Lübnan,Şam,1
Isparta,S,1
Isparta,ÜLEYMAN DEMİREL,1
Isparta,İslamköy,1
Manavgat,Manisa,1
Başçarşı,Saraybosna Saat Kulesi,1
Saraybosna,Varna,1
Saraybosna,Üsküp,1
Saraybosna,Selânik,1
Saraybosna,İstanbul,1
Saraybosna,Saraybosna Saat Kulesi,1
Bosna Hersek,ya,1
Bosna Hersek,Yunanistan,1
Bosna Hersek,Teselya,1
Bosna Hersek,Gazi Hüsrev Bey,1
Bosna Hersek,Saraybosna,1
Bosna Hersek,Saraybosna Saat Kulesi,1
Mimar Sinan,İbn - i Sina,1
Mimar Sinan,Nabi,1
Mimar Sinan,Sabuncuoğlu Şerefeddin,1
Başçarşı,Bosna Hersek,1
Başçarşı,Saraybosna,1
Başçarşı,Gazi Hüsrev Bey,1
Bayram,Kurban Bayramı,1
Merkez Bankası,ri,1
Tekbir,vah,1
Segâh,Segâh Bayram Tekbiri,1
Zekai Kaplan,İslam,1
Kurban Bayramı,Mevlid,1
Bayram,Mevlid,1
Belediyesi,Osmangazi,1
Gazi Hüsrev Bey,Saraybosna Saat Kulesi,1
Belediyesi,Bursa Eski Eserleri Sevenler Kurumu,1
Bursa Eski Eserleri Sevenler Kurumu,Osmangazi,1
Sitti Hatun Sıbyan Mekt,Sitti Nefise Hatun,1
Oruç Bey,Sitti Nefise Hatun,1
Oruç Bey,Sitti Hatun Sıbyan Mekt,1
Gazi Hüsrev Bey,Saraybosna,1
Mimar Sinan,Piri Reis,1
Mimar Sinan,Osmanlı Devleti,1
Mimar Sinan,İstanbul,1
Muğla,Tokat,1
Tarsus,Çankırı,1
Çankırı,Çorum,1
Muğla,İtalyan,1
Muğla,Silifke,1
Muğla,Tarsus,1
Muğla,Çorum,1
Muğla,Çankırı,1
Tarsus,Çorum,1
Manavgat,Silifke,1
Manavgat,Tarsus,1
Manavgat,Çorum,1
Manavgat,Tokat,1
Manavgat,Çankırı,1
Manavgat,Muğla,1
Tarsus,Tokat,1
Ahmet Han,Kardeş katli,1
Mimar Sinan,Zeyrek Çinili Hamam,1
Ayşe Hafsa Sultan Külliyesi,Manisa,1
Zeyrek Çinili Hamam,İstanbul,1
Manisa Celal Bayar Üniversitesi,Tıp Tarihi Müzesi,1
Ayşe Hafsa Sultan,Kanuni Sultan Süleyman,1
Ayşe Hafsa Sultan,Manisa,1
Ayşe Hafsa Sultan,Ayşe Hafsa Sultan Külliyesi,1
Ayşe Hafsa Sultan Külliyesi,Kanuni Sultan Süleyman,1
Spe,lum Romanae Magnificentiae,1
Köprülüler,Tarhuncu Ahmet Paşa,1
Metropolitan Müzesi,New York,1
Tobias Stimmer,Tobyas Stimır ),1
Paolo Jiovyo,Topkapı Sarayı Müzesi Koleksiyonu,1
Paolo Giovio ',Paolo Jiovyo,1
Paolo Giovio ',Topkapı Sarayı Müzesi Koleksiyonu,1
Girit Kuşatması ',Uyvar Kalesi,1
Gürcü Nebi,Karahaydaroğlu,1
Gürcü Nebi,Tavil Halil,1
Gürcü Nebi,Osmanlı Devleti,1
Mustafa,Oral Ateş,1
İskoçya,İsviçre,1
İskandinavya,İsviçre,1
İskandinavya,İskoçya,1
Augsburg ( Oksburg ) Barışı,Kutsal Roma - Germen İmparatoru,1
Martin Luther,ernicus,1
Martin Luther,sanatı,1
Martin Luther,Özgür düşünce,1
Martin Luther,enberg,1
Martin Luther,Wi,1
Martin Luther,Saksonya,1
Frederick ( Frederik ),Martin Luther,1
Frederick ( Frederik ),Saksonya,1
Wittenberg ( Vit,berg ) Ş,1
Martin Luther ( Martin Luter,berg ) Ş,1
Martin Luther ( Martin Luter,Wittenberg ( Vit,1
Anglikan Kilisesi,İngiltere,1
Katolik Habsburg Hanedanı,Kutsal Roma Germen İmparatorluğu,1
Kutsal Roma Germen ',Otuz Yıl Savaşı,1
Yeniçeri İsyanları,İstanbul,1
Mustafa,Yedikule,1
Mustafa,Osman,1
Yeniçeri,Şehzade Mehmed,1
Yeniçeri,Üçüncü Murad,1
Üçüncü Murad,Şehzade Mehmed,1
Murad Ocak,Üçüncü Murad,1
Yeniçeri İsyanları,İstanbul İsyanları,1
Ekim 1648,Westphalia ( Vestfalya ) Antlaşması,1
Yeniçeri Ocağı,İstanbul,1
Yeniçeri Ocağı,Yeniçeri İsyanları,1
Yeniçeri Ocağı,İstanbul İsyanları,1
Hind,İran,1
Hind,Rusya,1
Osmanhi Devletin,Osmanlı Devleti,1
Hümanizm,Reform,1
Hümanizm,Rönesans,1
Hümanizm,Katolik Kilisesi,1
Avrasya,Avrupa,1
Mainz,Maynz,1
Mainz,Yohannes Gutenberg,1
Johannes Gutenberg,Maynz,1
Johannes Gutenberg,Mainz,1
Johannes Gutenberg,Yohannes Gutenberg,1
İslam dünyasında,İtalya,1
Antik,Rönesans,1
George Purbach,Viyana Üniversitesi,1
Vatikan,İtalyan,1
Apostolik Sarayı,Vatikan,1
Apostolik Sarayı,Raphael ( Rafael ),1
Apostolik Sarayı,Raffaello Sanzio,1
Apostolik Sarayı,İtalyan,1
Raphael ( Rafael ),Vatikan,1
Maynz,Yohannes Gutenberg,1
George Purbach,Johannes Müller,1
Çek,İspanyol,1
Güney Almanya,Macaristan,1
Çek,İtalya,1
Güney Almanya,Wiesner,1
Güney Almanya,Kuzey Almanya,1
Güney Almanya,Orta Avrupa,1
Güney Almanya,Luther,1
Güney Almanya,İtalya,1
Güney Almanya,Çek,1
Johannes Müller,Viyana Üniversitesi,1
Güney Almanya,Polonya,1
Niccolo Machiavelli,Nikolo Makyavelli,1
Albrecht Dürer,th,1
th,İspanyol,1
Bernhard Walther,Nürnberg,1
ll,İtalya,1
Mustafa,Recep Büyüktolu,1
IV,Osman,1
Karahaydaroğlu,Katırcıoğlu isyan,1
IV,Mustafa,1
Teke,Şahkulu,1
Teke,Şah İsmail,1
11,Pentagon,1
11,ABD Savunma Bakanlığı,1
11,İkiz Kuleler,1
11,Dünya Ticaret Merkezi,1
11,ABD,1
11,El Kaide,1
11,2001,1
11,Şahkulu İsyanı ',1
11,Celâli İsyanları,1
11,Osmanlı,1
levent,sarıca,1
ban,levent,1
ban,sarıca,1
Şah İsmail,Şahkulu,1
Yavuz Sultan Selim Han,oklu Şeyh Celâl,1
Ahmet Paşa,Kanuni Sultan Süleyman,1
Deli Hasan,Osmanlı Devleti,1
Karahaydaroğlu,Tavil Halil,1
Karahaydaroğlu,Osmanlı Devleti,1
Deli Hasan,Katırcıoğlu isyan,1
Deli Hasan,Gürcü Nebi,1
Deli Hasan,Karahaydaroğlu,1
Deli Hasan,Tavil Halil,1
Zünnun,ber,1
Ahmet Paşa,Zünnun,1
Kalender Şah,ber,1
Kalender Şah,Zünnun,1
Kalender Şah,Kanuni Sultan Süleyman,1
Ahmet Paşa,Kalender Şah,1
Ahmet Paşa,ber,1
Ahmet Paşa,Can,1
Celâli isyan,İstanbul,1
Celâli isyan,Haçova Meydan Savaşı,1
Celâli isyan,Osmanlı Devleti,1
83,Versailles Sarayı,1
Genç Osman,Yedikule,1
Genç Osman,Mustafa,1
Genç Osman,İstanbul,1
Genç Osman,Topkapı Sarayı Müzesi,1
Sultan III,İsyan,1
83,Fransa,1
83,Amerikan Bağımsızlık Savaşı,1
Genç Osman,Yeniçeri Ocağı,1
83,İstanbul İsyanları,1
83,Osmanlı Devleti,1
83,Sultan III,1
83,İsyan,1
46,Buçuktepe Vakası,1
IV,Mehmet ( Avcı Mehmet ),1
Genç Osman,Murad Han,1
1621,Osman,1
Haçova Meydan Savaşı,Osmanlı Devleti,1
Celâli İsyanları,Deli Hasan,1
Celâli İsyanları,oklu Celal,1
Celâli İsyanları,Yavuz Sultan Selim,1
Celâli İsyanları,Katırcıoğlu isyan,1
Celâli İsyanları,Gürcü Nebi,1
Celâli İsyanları,Karahaydaroğlu,1
Celâli İsyanları,Tavil Halil,1
Celâli İsyanları,Şahkulu İsyanı ',1
1621,Lehistan Seferi,1
Celâli İsyanları,Osmanlı,1
Sultan Ahmet Meydanı,İstanbul,1
Kösem Sultan,Turhan Valide Sultan,1
Kösem Sultan,Mehmet,1
Kösem Sultan,Murad Han,1
1621,Hotin Kalesi,1
Merkez Bankası,Osmanlı Devleti,1
Buhurizade Mustafa Efendi ( Itri ),Merkez Bankası,1
Itri,Segâh Bayram,1
Mahmut,Petersburg,1
Madame Deficit,Marie Antoinette,1
Kraliçe,Madame Deficit,1
Kraliçe,Marie Antoinette,1
Haçova Muharcbesi,LISK,1
Haçova Muharcbesi,LET,1
Haçova Muharcbesi,Z,1
Haçova Muharcbesi,KUZEY KIBRIS TÜRK CUMHURIYETI,1
Haçova Muharcbesi,Mogolistan Türkleri Rusya Federasyonu Türkleri,1
Haçova Muharcbesi,Türkleri,1
ERI OSMANLI SIYASETI,Haçova Muharcbesi,1
ERI OSMANLI SIYASETI,LISK,1
ERI OSMANLI SIYASETI,LET,1
ERI OSMANLI SIYASETI,EY,1
ERI OSMANLI SIYASETI,Z,1
ERI OSMANLI SIYASETI,KUZEY KIBRIS TÜRK CUMHURIYETI,1
Max Weber,Protestan Ahlakı,1
Max Weber,italiz,1
Kapitaliz,Max Weber,1
Osmanli Devleti,Türkiye,1
Mahmut,Mekteb - i Tıbbiye,1
Mahmut,Sultan Ahmet Meydanı,1
Mahmut,İstanbul,1
Mahmut,Osmanlı - Rus savaşı,1
Mahmut,Osmanli Devletin,1
Iran,Nadir Sah ',1
Harita Analizi,ve Süreklilik,1
Kapitaliz,Protestan Ahlakı,1
Protestan Ahlakı,italiz,1
Luther ',italiz,1
Luther ',Protestan Ahlakı,1
Luther ',Max Weber,1
Kapitaliz,Luther ',1
Kapitaliz,italiz,1
ERI OSMANLI SIYASETI,Mogolistan Türkleri Rusya Federasyonu Türkleri,1
ERI OSMANLI SIYASETI,Türkleri,1
LISK,Z,1
BALKARYA,KARAÇAY,1
Mogolistan Türkleri Rusya Federasyonu Türkleri,Z,1
Mogolistan Türkleri Rusya Federasyonu Türkleri,Türkleri,1
TÜRK CUMHURIYETLERi,ÇERKESYA KABARDIN,1
TÜRK CUMHURIYETLERi,ÇERKESYA,1
BALKARYA,DIN,1
BALKARYA,ÇERKESYA,1
BALKARYA,TÜRK CUMHURIYETLERi,1
KUZEY KIBRIS TÜRK CUMHURIYETI,Türkleri,1
BALKARYA,TÜRK,1
KARAÇAY,ÇERKESYA KABARDIN,1
KARAÇAY,RUSYA FEDERASYONU,1
KARAÇAY,ÇERKESYA,1
KARAÇAY,TÜRK,1
TÜRK,ÇERKESYA,1
Mogolistan Türkleri Rusya Federasyonu Türkleri,RUM YONETIMI,1
KUZEY KIBRIS TÜRK CUMHURIYETI,Mogolistan Türkleri Rusya Federasyonu Türkleri,1
LISK,Mogolistan Türkleri Rusya Federasyonu Türkleri,1
EY,LISK,1
LISK,Türkleri,1
LET,LISK,1
LET,Z,1
LET,Mogolistan Türkleri Rusya Federasyonu Türkleri,1
LET,Türkleri,1
EY,Haçova Muharcbesi,1
EY,LET,1
KUZEY KIBRIS TÜRK CUMHURIYETI,Z,1
EY,Z,1
EY,KUZEY KIBRIS TÜRK CUMHURIYETI,1
EY,Mogolistan Türkleri Rusya Federasyonu Türkleri,1
EY,Türkleri,1
KUZEY KIBRIS TÜRK CUMHURIYETI,LISK,1
KUZEY KIBRIS TÜRK CUMHURIYETI,LET,1
Mahmut,Mısır,1
Mahmut,Sened - i İttifak,1
APA 7,Ortaöğretim Tarih 10 Ders Kitabı,1
Mahmut,Tanzimat Dönemi,1
Rus,Slovak,1
Rus,Sloven,1
Rus,Sırp,1
Rus,Ukraynalı,1
Rus,Sadraz,1
Rus,Türk Boğaz,1
Rus,Çanakkale Boğazı,1
Rus,İstanbul Boğazı,1
Rus,Şeyh Şamil,1
Rus,Yunanistan,1
Rus,İtalyan,1
Rus,Çeşme,1
Rus,Ukrayna Kazak,1
Rus,İç Asya,1
Don - Volga Kanalı Projesi,İç Asya,1
Rus,Çek,1
Rus,İttihat ve Terakki Hükûmet,1
Rus,Türkiye,1
Haçova Muharebesi ',Leh,1
Kepçe Kazan Savaşı,Macar,1
Kepçe Kazan Savaşı,Leh,1
Kepçe Kazan Savaşı,İspanyol,1
Kepçe Kazan Savaşı,Çek,1
Haçova Muharebesi ',Papalık,1
Haçova Muharebesi ',Macar,1
Haçova Muharebesi ',İspanyol,1
Rus,Trabzon,1
Haçova Muharebesi ',Çek,1
Haçova Muharebesi ',Kepçe Kazan Savaşı,1
Herman Ofto,Macaristan,1
Herman Ofto,Osmanlı Devleti,1
Herman Ofto,vatorok,1
Değiştiren Osmanlı - Avusturya Savaşları Beyin Fırtınası,Diplo,1
Don - Volga Kanalı Projesi,Osmanlı Devleti,1
Don - Volga Kanalı Projesi,Rus,1
Safevi hane,İran,1
Kutsal ittifak,Mütekabiliyet,1
Kutsal İttifak,Viyana,1
Kutsal İttifak,Sultan III,1
Kutsal İttifak,Stratejik tehdit,1
Kutsal İttifak,Mütekabiliyet,1
Kutsal ittifak,Sultan III,1
Kutsal ittifak,Stratejik tehdit,1
Kutsal ittifak,Kutsal İttifak,1
Kutsal İttifak,Papa,1
Diplomasi,Sultan III,1
Diplomasi,Stratejik tehdit,1
Diplomasi,Mütekabiliyet,1
Diplomasi,Kutsal İttifak,1
Diplomasi,Kutsal ittifak,1
Mahmut,Meşrutiyet,1
Kutsal İttifak,İspanya,1
Kutsal İttifak,Roma,1
1700 İstanbul Antla / uni,Fması,1
Ahmet ',Jean Baptiste Vanmour,1
1699 Karlofça Antla / uni,Fması,1
1699 Karlofça Antla / uni,Viyana Ku / uni015Fatması 1681 Bahçesaray Antla,1
Fması,Viyana Ku / uni015Fatması 1681 Bahçesaray Antla,1
Jean Baptiste Vanmour,Rijks Müzesi,1
Ahmet ',Hollanda,1
Ahmet ',Rijks Müzesi,1
Stratejik tehdit,Sultan III,1
Kutsal İttifak,İmparatorluğu,1
Mütekabiliyet,Sultan III,1
Mütekabiliyet,Stratejik tehdit,1
Kutsal İttifak,Rusya,1
Kutsal İttifak,Lehistan,1
Kutsal İttifak,Malta,1
Kutsal İttifak,Venedik,1
TÜRK,TÜRK CUMHURIYETLERi,1
' nin teşkilat tarihi,Karahanlı Devleti,1
Üsküp,İstanbul,1
Akbıyık Sultan,Akşemseddin,1
Matrakçı Nasuh,Mimar Sinan,1
Matrakçı Nasuh,Osmanlı Devleti,1
Evliya Çelebi,Türk,1
Evliya Çelebi,Osmanlı,1
Evliya Çelebi,İbn Battuta,1
Evliya Çelebi,Marko Polo,1
Evliya Çelebi,Marco Polo,1
Evliya Çelebi,Nabi,1
Evliya Çelebi,Matrakçı Nasuh,1
Evliya Çelebi,Sabuncuoğlu Şerefeddin,1
Evliya Çelebi,Piri Reis,1
Evliya Çelebi,Mimar Sinan,1
Evliya Çelebi,Osmanlı Devleti,1
Buhurizade Mustafa Itri Efendi,Nabi,1
Buhurizade Mustafa Itri Efendi,Matrakçı Nasuh,1
Matrakçı Nasuh,Sabuncuoğlu Şerefeddin,1
Matrakçı Nasuh,Nabi,1
Nabi,Osmanlı Devleti,1
Hacıbayram Camii,seddin,1
Akbıyık Sultan,İstanbul,1
seddin,İstanbul,1
Akş,seddin,1
Akş,Edirne,1
Akş,İstanbul,1
Akşemseddin ( Temsilî ),Göynük,1
AKŞEMSEDDİN,Şemseddin Muhammed b,1
Nabi,Piri Reis,1
Köseda,p,1
Akşemseddin ' in Fatih ',Hacibayram Camii,1
Akşemseddin ' in Fatih ',Ankara,1
Akşemseddin ',Piri Reis,1
Akşemseddin ',Matrakçı Nasuh,1
Nabi,Sabuncuoğlu Şerefeddin,1
Buhurizade Mustafa Itri Efendi,Evliya Çelebi,1
Buhurizade Mustafa Itri Efendi,Kâtip Çelebi,1
Buhurizade Mustafa Itri Efendi,Sabuncuoğlu Şerefeddin,1
Devlet - i ' Aliyye,Halil Inalcik,1
Halil Inalcik,YYÉ OSMANLI IMPARATORLUGU,1
Halil Inalcik,Istanbul,1
Devlet - i ' Aliyye,İstanbul,1
Devlet - i ' Aliyye,Halil İnalcık,1
Devlet - i ' Aliyye,YYÉ OSMANLI IMPARATORLUGU,1
Devlet - i ' Aliyye,Istanbul,1
M61B Kiricham Keliea Ac,un,1
TULUS VE RARGASA DONEMII,sel Kaynak Analiz Formu,1
Ko,Osmanlı Devleti,1
Rusçuk,Varna,1
Rusçuk,Saraybosna,1
Rusçuk,Üsküp,1
Rusçuk,Selânik,1
Rusçuk,İstanbul,1
TULUS VE RARGASA DONEMII,VVOR VE FESAD,1
VVOR VE FESAD,sel Kaynak Analiz Formu,1
Buhurizade Mustafa Itri Efendi,Piri Reis,1
DIN,TÜRK,1
Buhurizade Mustafa Itri Efendi,Mimar Sinan,1
Buhurizade Mustafa Itri Efendi,Osmanlı Devleti,1
Aks,Aksemseddin,1
DIN,ÇERKESYA,1
DIN,KARAÇAY,1
DIN,TÜRK CUMHURIYETLERi,1
DIN,Semseddin Muhammed b,1
Ayşe Sultan,Murad,1
Filipe,Rumeli,1
Filipe,İstanbul,1
Ayşe Sultan,Filipe,1
Ayşe Sultan,Rumeli,1
Ayşe Sultan,İstanbul,1
Ayşe Sultan,Vakıflar Genel Müdürlüğü Arşivi,1
Akbıyık Sultan,Edirne,1
Göynük,ülâh,1
Mev,lâna ' nın Rubaileri,1
- sûfiyye,Akşemseddin,1
Meksika,Portekiz,1
Kreiser,Osmanlı,1
Hazine,Topçu Ocağı,1
Amire,Topçu Ocağı,1
Amire,Hazine,1
Leh eyalet,Podolya,1
Leh eyalet,Ukraynası,1
Leh eyalet,Macaristan,1
Leh eyalet,Osmanlı İmparatorluğu,1
Süleyman,Viyana,1
Avusturya Habsburg İmparatorluğu,Viyana,1
Avusturya Habsburg İmparatorluğu,Orta Macaristan,1
Avusturya Habsburg İmparatorluğu,Irak,1
Avusturya Habsburg İmparatorluğu,Süleyman,1
Orta Macaristan,Viyana,1
Meksika,Peru,1
Meksika,Osmanlı,1
Meksika,İtilaf,1
En,çu,1
Kur ' an ayetlerini yorumlama,ilmi,1
Büyük şehir,şehristan,1
Pi,a katedral,1
geometri,hende,1
fıkıh,İslam hukukun,1
demografi,nüfus bilimi,1
Kalyon türünden,barça,1
Peru,Portekiz,1
Babıali,Osmanlı hükûmeti,1
Koçi Bey,Selatin,1
Koçi Bey,Kâtip Çelebi,1
Koçi Bey,Murad,1
çeri isyanları,İstanbul İsyanları,1
Güney Amerika ',Günümüzde sömürgeciliğin,1
Orta Macaristan,Süleyman,1
Mem,k Sultanlığı,1
Mem,Suriye,1
Def ',Evliyâ,1
Mat,PIRI KEIS,1
Mat,Nice ( Nis ) Kuşatması,1
Mat,Nasuh,1
' Köprülü,Akşemseddin,1
Evliyâ,ûriyye,1
Evliyâ,Risâlet,1
Def ',ûriyye,1
Mat,çı Nasuh,1
Def ',Risâlet,1
Risâlet,ûriyye,1
- sûfiyye,Evliyâ,1
- sûfiyye,Def ',1
- sûfiyye,ûriyye,1
- sûfiyye,Risâlet,1
Mat,Topkapr Sarayr Müzesi,1
Mat,Piri Reis,1
Mem,Mısır,1
Osmanlı Klasik Dönemi,Piri Reis,1
Mem,Selim,1
Selim,İstanbul,1
Selim,k Sultanlığı,1
Selim,Suriye,1
Sorulari,Unite Olcme ve,1
Osmanlı Klasik Dönemi,Türk,1
Osmanlı Klasik Dönemi,çı Nasuh,1
Mat,Osmanlı Klasik Dönemi,1
PIRI KEIS,Topkapr Sarayr Müzesi,1
Nice ( Nis ) Kuşatması,Topkapr Sarayr Müzesi,1
Nice ( Nis ) Kuşatması,PIRI KEIS,1
Nasuh,Topkapr Sarayr Müzesi,1
Nasuh,PIRI KEIS,1
Nasuh,Nice ( Nis ) Kuşatması,1
Kanal Cephesi,Süveyş Kanalı,1
Limni Adası,p,1
Mac Mahon (,Yemen,1
1917,Filistin,1
1917,İngiliz Hükûmeti,1
1917,Osmanlı Devleti,1
1917,Dünya Savaşı,1
Balfour ( Balfur ) Deklarasyonu,İsrail Devleti,1
Balfour ( Balfur ) Deklarasyonu,Filistin,1
Balfour ( Balfur ) Deklarasyonu,İngiliz Hükûmeti,1
Balfour ( Balfur ) Deklarasyonu,Osmanlı Devleti,1
Balfour ( Balfur ) Deklarasyonu,Dünya Savaşı,1
Soykırım Suçunun Önlenmesi ve Cezalandırılmasına İlişkin Sözleşme,İnsan Hakları Evrensel Beyannamesi,1
1948,Arap - İsrail Savaş,1
1948,1973,1
1948,1967,1
1948,1956,1
1948,demir yolu,1
1948,Maraş,1
1917,Balfour ( Balfur ) Deklarasyonu,1
1917,İsrail Devleti,1
Fet Men,Na,1
İngiliz Hükûmeti,İsrail Devleti,1
Balfour Deklarasy,İngiliz Dışişleri Bakanı,1
So,uk Savaş Dönemi,1
İsrail,İsrail Devleti,1
Yahudi Geçici Konseyi,İsrail Devleti,1
Ben Goryın,İsrail Devleti,1
Ben Goryın,Ben Gurion,1
Ben Goryın,Yahudi Geçici Konseyi,1
Ben Gurion,İsrail Devleti,1
Ben Gurion,Yahudi Geçici Konseyi,1
194,Amerikan,1
194,Pearl Harbor Baskını,1
194,Japonya,1
194,BM Genel Kurulu,1
Filistin Federal Devleti,Kudüs,1
Dünya Siyonist Örgütü,Yahudi Ajansı,1
1948,Köprüağzı,1
1948,Ankara,1
1948,Filistin coğrafya,1
1948,İnsan Hakları Evrensel Beyannamesi,1
Nazi,İngiltere,1
Potsdam Konferansı,Çin,1
Potsdam Konferansı,İngiltere,1
Potsdam Konferansı,SSCB,1
Potsdam Konferansı,rulunun,1
rulunun,Çin,1
rulunun,İngiltere,1
Birleşmiş Milletler Genel Ku,Müttefik Devletler,1
Birleşmiş Milletler Genel Ku,Potsdam,1
Birleşmiş Milletler Genel Ku,Potsdam Konferansı,1
Birleşmiş Milletler Genel Ku,Çin,1
Birleşmiş Milletler Genel Ku,Fransa,1
Birleşmiş Milletler Genel Ku,İngiltere,1
Birleşmiş Milletler Genel Ku,SSCB,1
Birleşmiş Milletler Genel Ku,Güvenlik Konseyi,1
Nazi,SSCB,1
Nazi,Uluslararası Savaş Suçları Mahkemesi,1
Nazi,İtalya,1
Ç,Ö,1
1948,Soykırım Suçunun Önlenmesi ve Cezalandırılmasına İlişkin Sözleşme,1
1948,BMGK,1
hakları,uluslararası savaş hukuku,1
slovakya,Ç,1
slovakya,İtalya,1
slovakya,İngiltere,1
Ç,İtalya,1
Nazi,Ç,1
Ç,İngiltere,1
Uluslararası Savaş Suçları Mahkemesi,slovakya,1
Uluslararası Savaş Suçları Mahkemesi,Ç,1
Uluslararası Savaş Suçları Mahkemesi,İtalya,1
Uluslararası Savaş Suçları Mahkemesi,İngiltere,1
Nazi,slovakya,1
Balfour Deklarasy,Lord Balfour,1
Balfour Deklarasy,Kasım 1917,1
Balfour Deklarasy,Siyonizm Hareke,1
Müttefik Devletleri,Türkiye,1
Arda,Moskova,1
Arda,Brest Litovsk,1
Arda,Montr,1
Arda,Rusya,1
Brest Litovsk,Türkiye,1
Brest Litovsk,han,1
Brest Litovsk,Kars,1
Brest Litovsk,Moskova,1
Brest Litovsk,Montr,1
Brest Litovsk,Rusya,1
Montr,Türkiye,1
Montr,han,1
Montr,Moskova,1
Montr,Rusya,1
Türk - Rus Dostluk Antlaşması,Türkiye,1
Arda,Kars,1
Arda,han,1
Arda,Türkiye,1
Millî Korunma Kanunu ',Roosevelt,1
Aşar vergisi,İngiltere,1
Aşar vergisi,Dünya Savaşı,1
Aşar vergisi,Karne uygulamasının,1
Aşar vergisi,Millî Korunma Kanunu ',1
Aşar vergisi,Varlık Vergisi ',1
Aşar vergisi,Toprak Mahsulleri Vergisi ',1
Millî Korunma Kanunu ',İngiltere,1
ver,İtalya,1
Millî Korunma Kanunu ',Varlık Vergisi ',1
Millî Korunma Kanunu ',Toprak Mahsulleri Vergisi ',1
Toprak Mahsulleri Vergisi ',İngiltere,1
Toprak Mahsulleri Vergisi ',Varlık Vergisi ',1
Hitler,Stalin,1
Leh ( Polonya,İngiltere,1
Müttefik Devletleri,nya,1
ABD ' nin attığı atom bombalarının,üzerindeki etkileri neler olmuştur,1
Balfour Deklarasy,ti ',1
ABD ' nin attığı atom bombalarının,Japonya,1
Kasım 1917,Lord Rotşa,1
Kasım 1917,Lord Rothschild,1
Kasım 1917,ti ',1
Kasım 1917,Siyonizm Hareke,1
Kasım 1917,Lord Balfour,1
Kasım 1917,İngiliz Dışişleri Bakanı,1
Lord Balfour,ıd,1
Lord Balfour,Lord Rotşa,1
Lord Balfour,Lord Rothschild,1
Lord Balfour,ti ',1
Lord Balfour,Siyonizm Hareke,1
Lord Balfour,İngiliz Dışişleri Bakanı,1
Balfour Deklarasy,ıd,1
Balfour Deklarasy,Lord Rotşa,1
Balfour Deklarasy,Lord Rothschild,1
Kasım 1917,ıd,1
Siyonizm Hareke,İngiliz Dışişleri Bakanı,1
Siyonizm Hareke,ti ',1
Lord Rotşa,İngiliz Dışişleri Bakanı,1
Naga - zaki,Nagazaki,1
Marshall [ Marşal ] Plânı ',Milletlerarası,1
İngiliz Dışişleri Bakanı,ıd,1
Lord Rotşa,ıd,1
Lord Rotşa,ti ',1
Lord Rotşa,Siyonizm Hareke,1
Lord Rothschild,ıd,1
Siyonizm Hareke,ıd,1
Lord Rothschild,Lord Rotşa,1
Lord Rothschild,ti ',1
Lord Rothschild,Siyonizm Hareke,1
Lord Rothschild,İngiliz Dışişleri Bakanı,1
ti ',ıd,1
ti ',İngiliz Dışişleri Bakanı,1
Birleşmiş Milletler Genel Ku,rulunun,1
Birleşmiş Milletler Güvenlik Konseyi,San Francisco Konferansı,1
Birleşmiş Milletler Güvenlik Konseyi,Japonya,1
Yalta Konferansı,chill,1
BM,Filistin Özel Komitesi,1
BM,Soğuk Savaş Dönemi,1
BMGK,İnsan Hakları Evrensel Beyannamesi,1
BMGK,Soykırım Suçunun Önlenmesi ve Cezalandırılmasına İlişkin Sözleşme,1
BMGK,Birleşmiş Milletler Güvenlik Konseyi,1
Birleşmiş Milletler Teşkilatı,Mihver,1
Birleşmiş Milletler Teşkilatı,San Francisco,1
Birleşmiş Milletler Teşkilatı,SSCB,1
Birleşmiş Milletler Teşkilatı,Türkiye,1
Birleşmiş Milletler Teşkilatı,Ekim 1945,1
Konferansı,San Fıransisko,1
Konferansı,San Francisco,1
San Francisco,San Francisco Konferansı,1
San Francisco,Yalta,1
San Francisco,San Fıransisko,1
BM,Kudüs,1
BM,Fransa,1
BM,İsrail,1
Lozan Barış Antlaşması ',Türkiye,1
Churchill ( Çörçil ),Türkiye,1
Churchill ( Çörçil ),İngiltere,1
Ankara Paktı,Fransa,1
Ankara Paktı,İngiltere,1
Ankara Paktı,Türkiye,1
İsmet İnönü,İtalya,1
Dünya Savaşı Dönemi,Lozan Barış Antlaşması ',1
BM,Mısır,1
Dünya Savaşı Dönemi,Türkiye,1
BM,Kuzey Makedonya,1
BM,Makedonya,1
BM,NATO,1
BM,İKA,1
BM,Türkiye,1
Yalta Konferansı,dası,1
Yalta Konferansı,Çin,1
Moskova Konferansı,SSCB,1
Yalta Konferansı,İngiltere,1
Dumbarton Oaks,Çin,1
Ocak 1942,İngiltere,1
Birleşmiş Milletler Bildirisi,Ocak 1942,1
Birleşmiş Milletler Bildirisi,İngiltere,1
Birleşmiş Milletler Bildirisi,Dünya Savaşı,1
Atlantik Bildirisi,Roosevelt,1
Atlantik Bildirisi,Churchill,1
Atlantik Bildirisi,Karne uygulamasının,1
Atlantik Bildirisi,Aşar vergisi,1
Atlantik Bildirisi,Millî Korunma Kanunu ',1
Atlantik Bildirisi,Varlık Vergisi ',1
Atlantik Bildirisi,Toprak Mahsulleri Vergisi ',1
Atlantik Bildirisi,Birleşmiş Milletler Bildirisi,1
Atlantik Bildirisi,Ocak 1942,1
Hiroşima ve Nagazaki ',atom bombası,1
Dumbarton Oaks,SSCB,1
Dumbarton Oaks,İngiltere,1
Dumbarton Oaks,Dumbartın Oaks,1
Güvenlik Konseyi,Yalta Konferansı,1
Güvenlik Konseyi,Müttefik Devletler,1
Güvenlik Konseyi,Potsdam,1
Güvenlik Konseyi,Potsdam Konferansı,1
Güvenlik Konseyi,SSCB,1
Güvenlik Konseyi,rulunun,1
Güvenlik Konseyi,Rusya,1
Birleşmiş Milletler Ana Sözleşmesi,Dumbartın Oaks,1
Dumbartın Oaks,Çin,1
Birleşmiş Milletler Ana Sözleşmesi,Dumbarton Oaks,1
Birleşmiş Milletler Ana Sözleşmesi,İngiltere,1
Birleşmiş Milletler Ana Sözleşmesi,SSCB,1
Birleşmiş Milletler Ana Sözleşmesi,Çin,1
Dumbartın Oaks,İngiltere,1
Dumbartın Oaks,SSCB,1
Moskova Konferansı,İngiltere,1
Moskova Konferansı,Sovyetler,1
Birleşmiş Milletler Güvenlik Konseyi,Mihver,1
Franklin Roosevelt,Kırım Yarıma,1
Kırım Yarıma,dası,1
Kırım Yarıma,chill,1
Kırım Yarıma,Winston Chur,1
Kırım Yarıma,Yalta Konferansı,1
Joseph Stalin,Yalta,1
Joseph Stalin,dası,1
Joseph Stalin,Kırım Yarıma,1
Joseph Stalin,chill,1
Joseph Stalin,Winston Chur,1
Joseph Stalin,Yalta Konferansı,1
Winston Chur,Yalta,1
Winston Chur,dası,1
Winston Chur,chill,1
Winston Chur,Yalta Konferansı,1
Franklin Roosevelt,Yalta,1
Kırım Yarıma,Yalta,1
Yalta,Yalta Konferansı,1
Yalta,chill,1
1 Mart 1945,Mihver,1
Birleşmiş Milletler Güvenlik Konseyi,San Francisco,1
Birleşmiş Milletler Güvenlik Konseyi,Birleşmiş Milletler Teşkilatı,1
Birleşmiş Milletler Güvenlik Konseyi,SSCB,1
1 Mart 1945,ABD,1
1 Mart 1945,San Francisco Konferansı,1
1 Mart 1945,Japonya,1
1 Mart 1945,Birleşmiş Milletler Güvenlik Konseyi,1
Yalta,dası,1
1 Mart 1945,San Francisco,1
1 Mart 1945,Birleşmiş Milletler Teşkilatı,1
1 Mart 1945,SSCB,1
1 Mart 1945,Berlin,1
1 Mart 1945,Almanya,1
chill,dası,1
Franklin Roosevelt,dası,1
Franklin Roosevelt,Joseph Stalin,1
Moskova Konferansı,Türkiye,1
Franklin Roosevelt,chill,1
Dünya Savaşı Süreci,İç Politik Gelişmeler II,1
San Francisco Konferansı,Türkiye,1
Roosevelt,Varlık Vergisi ',1
Roosevelt,Toprak Mahsulleri Vergisi ',1
Roosevelt,İsmet İnönü,1
Churchill,Türkiye,1
Churchill,Majeste Kral Hükûmet,1
Churchill,Dünya Savaşı,1
Churchill,Karne uygulamasının,1
Churchill,Millî Korunma Kanunu ',1
Churchill,Varlık Vergisi ',1
Churchill,Toprak Mahsulleri Vergisi ',1
Tahran Konferansı,Türkiye,1
Sovyetler,Türkiye,1
Sovyetler,İngiltere,1
Köy Enstitüleri Kanunu,İnönü,1
Dünya Savaşı ' nın Türkiye ',"iye, II",1
Millî Korunma Kanunu,Ocak 1940,1
Potsdam,rulunun,1
Franklin Roosevelt,Winston Chur,1
Franklin Roosevelt,Yalta Konferansı,1
Potsdam,Potsdam Konferansı,1
Potsdam,Çin,1
Potsdam,İngiltere,1
Potsdam,SSCB,1
Potsdam,San Francisco,1
Kasım 1942 ),Varlık Vergisi,1
Potsdam,Yalta,1
Datedam Vonfmne,Karne,1
Murat Metinsoy,İkinci Dünya Savaşında Türkiye,1
Murat Metinsoy,İkinci Dünya Savaşı ' nda Türkiye,1
Haziran 1943,Toprak Mahsulleri Vergisi,1
Aşkale,Erzurum,1
Aşar vergisi,Churchill,1
Aşar vergisi,Roosevelt,1
Karne uygulamasının,Toprak Mahsulleri Vergisi ',1
Doğu Bloku,Yumuşama Dönemi,1
Avrupa Konseyi,Danimarka,1
Avrupa Konseyi,İngiltere,1
Avrupa Konseyi,Strazburg,1
Avrupa Konseyi,Fransa,1
NATO,tü,1
NATO,sı,1
NATO,Zürih Antlaşma,1
NATO,Soğuk Savaş Dönemi,1
NATO,Truman II,1
NATO,Yunanistan,1
NATO,u,1
NATO,Truman Doktrini,1
Sovyet tehdidi,Türkiye,1
Batı güvenlik,Sovyet tehdidi,1
Batı güvenlik,Türkiye,1
Avrupa Konseyi,İtalya,1
Avrupa Konseyi,İrlanda,1
Avrupa Konseyi,Norveç,1
Strazburg,İngiltere,1
Benelüks,Strazburg,1
Benelüks,Fransa,1
Benelüks,Türkiye,1
Strazburg,İsveç,1
Strazburg,İrlanda,1
Strazburg,İtalya,1
Strazburg,Türkiye,1
Avrupa Konseyi,İsveç,1
Avrupa Konseyi,NATO ',1
Avrupa Konseyi,Marshall Planı,1
Avrupa Konseyi,Lüksemburg,1
Avrupa Konseyi,Hollanda,1
Avrupa Konseyi,Belçika,1
Avrupa Konseyi,Benelüks,1
Doğu Bloku,Yugoslavya,1
Doğu Bloku,Soğuk Savaş Dönemi,1
Benelüks,Danimarka,1
Doğu Bloku,Küba Krizi,1
Bar,Marshall Planı,1
Bar,kır,1
Bar,Tornburg,1
Batı Blok,Milletler Cemiyeti,1
Batı Blok,Doğu Anadolu,1
Batı Blok,SSCB,1
Batı Blok,NATO,1
Batı Blok,Truman Doktrini,1
Batı Blok,Marshall Planı,1
Batı Blok,Dünya Savaşı,1
Yüksek Seçim Kurulu,İstanbul,1
Yüksek Seçim Kurulu,İşçi Çiftçi Partisi,1
Türk Sosyal Demokrat Partisi,Yüksek Seçim Kurulu,1
Türk Sosyal Demokrat Partisi,İstanbul,1
Türk Sosyal Demokrat Partisi,İşçi Çiftçi Partisi,1
Tornburg,kır,1
1945,Şirket - i Hayriye,1
1945,Türkiye,1
Batı Blokları,Doğu ve,1
Doğu Bloku,Türkiye,1
Doğu Bloku,Soğuk Savaş,1
Küresel,sıcak savaş,1
Batı Blokları,Soğuk Savaş,1
Batı Blokları,ant,1
Batı Blokları,Bağlantısızlar Hareketi,1
lı,İstanbul,1
Köprüağzı,Maraş,1
Yalova,lı,1
Yalova,İstanbul,1
Kartal,lı,1
Kartal,Yalova,1
Kartal,İstanbul,1
Köprüağzı,demir yolu,1
Benelüks,İngiltere,1
Benelüks,İtalya,1
Toprak Emlak ve Serbest Teşebbüs Partisi,Türk Sosyal Demokrat Partisi,1
Basın Kanunu,Demokrat Partili,1
DP,Demokrat Partili,1
DP,Vatan Cephesi,1
DP,Millî Muhalefet Cephesi,1
Re,fik Koraltan,1
Galip Hoca,İzmir,1
6 - 7 Eylül Olayları ',Kıbrıs,1
6 - 7 Eylül Olayları ',Yunanistan,1
Bağdat Paktı,SSCB,1
Bağdat Paktı,İngiltere,1
Bağdat Paktı,Pakistan,1
Bağdat Paktı,Irak,1
Bağdat Paktı,İran,1
Ezanın,Türkçe,1
Amerikan üniversite,Orta Doğu Teknik Üniversitesi,1
Yüksek İslam enstitü,imam hatip,1
DP,İngiltere,1
DP,Fransa,1
DP,İtalya,1
1950 seçimlerinde,DP,1
' n rooll,Türkiye,1
' n rooll,jaz ( caz ),1
Münir Nurettin Selçuk,Sadettin Kaynak,1
Radyo,tek parti,1
1954 Petrol Yasası,Türkiye,1
Kore Savaşı,Türkiye,1
1950 seçimlerinde,Demokrat Partili,1
DP,SSCB,1
1954 Seçimleri,Adnan Menderes,1
Millî Birlik Ko,mitesi,1
Millî Muhalefet Cephesi,Vatan Cephesi,1
DP,Türkiye,1
DP,cunta,1
DP,Mayıs 1960,1
Basın Kanunu,Genel Af Kanunu,1
Demokrat Partili,Genel Af Kanunu,1
Benelüks,İrlanda,1
tisi,İsmet İnönü,1
NATO ',Refik Ko raltan,1
NATO ',Varşova Paktı,1
NATO ',TBMM,1
1949,NATO ',1
1949,Marshall Planı,1
1949,Avrupa Konseyi,1
1949,Türkiye,1
hukukun üstünlüğü,İnsan hakları,1
İsveç,İtalya,1
İrlanda,İsveç,1
İrlanda,İtalya,1
Benelüks,Lüksemburg,1
Benelüks,Hollanda,1
Benelüks,İsveç,1
Benelüks,Norveç,1
NATO ',SSCB,1
NATO ',İnsan hakları,1
NATO ',hukukun üstünlüğünü savunmak,1
Birleşmiş Milletler Komutanlığı,NATO,1
Cumhuriyet Halk Par,tisi,1
Cumhuriyet Halk Par,İsmet İnönü,1
Kuzey Atlantik Antlaşması ve Protokolü,NATO ',1
Kuzey Atlantik Antlaşması ve Protokolü,Türkiye,1
Kuzey Atlantik Antlaşması ve Protokolü,TBMM,1
Birleşmiş Milletler Barış Gücü Komutanlığı,Kore Savaşı,1
Birleşmiş Milletler Komutanlığı,SSCB,1
Kore Savaşı ( 1950 ) ve,Türkiye ' nin NATO ' ya Katılması ( 1952 ),1
Birleşmiş Milletler Komutanlığı,Türkiye,1
Birleşmiş Milletler Komutanlığı,Kore Savaşı ',1
Kore Savaşı ',NATO,1
Kore Savaşı ',SSCB,1
Kore Savaşı ',Türkiye,1
Güney Kore,Kuzey Kore,1
Toprak Emlak ve Serbest Teşebbüs Partisi,Yüksek Seçim Kurulu,1
Toprak Emlak ve Serbest Teşebbüs Partisi,İstanbul,1
Karne uygulamasının,Varlık Vergisi ',1
Adnan Menderes,Re,1
Adnan Menderes,Fatin Rüştü Zorlu,1
Adnan Menderes,Hasan Polatkan,1
Adnan Menderes,ûmet,1
Adnan Menderes,Büyük Millet Meclisi,1
Adnan Menderes,hukukun üstünlüğünü savunmak,1
Adnan Menderes,İnsan hakları,1
Adnan Menderes,SSCB,1
Adnan Menderes,NATO ',1
Adnan Menderes,Türkiye,1
Adnan Menderes,Doğu Bloku ',1
Adnan Menderes,Batı Bloku,1
Adnan Menderes,Refik Ko raltan,1
Adnan Menderes,Varşova Paktı,1
Adnan Menderes,Kore Savaşı Marshall Planı Molotof Planı,1
Adnan Menderes,Avrupa Konseyi Demokrat Parti Truman Doktrini,1
Millî Kalkınma Partisi,TBMM,1
Millî Kalkınma Partisi,Türkiye İşçi ve Çiftçi Partisi,1
Millî Kalkınma Partisi,Yalnız Vatan İçin Partisi,1
Demokrat Parti,Re,1
1950 seçimleri,Türkiye Cumhuriyeti,1
Serbest Cumhuriyet Fırka,sı,1
Ayyıldız Kuvây - ı Mil - liye Birliği,İzmir,1
Refik Ko,ltan,1
Demokrat Parti,çok,1
Demokrat Parti,fik Koraltan,1
Demokrat Parti,Türkiye,1
Millî Kalkınma Partisi,İşçi Çiftçi Partisi,1
Demokrat Parti,ltan,1
Demokrat Parti,Refik Ko,1
Millî Kalkınma Partisi,Yüksek Seçim Kurulu,1
Millî Kalkınma Partisi,Türk Sosyal Demokrat Partisi,1
Millî Kalkınma Partisi,Toprak Emlak ve Serbest Teşebbüs Partisi,1
Millî Kalkınma Partisi,İstanbul,1
Adnan Menderes,fik Koraltan,1
Adnan Menderes,ltan,1
ma Kanunu,yi Topraklan,1
Adnan Menderes,Refik Ko,1
Batı Bloku,Refik Ko raltan,1
Batı Bloku,Fuat Köprülü,1
Batı Bloku,Varşova Paktı,1
Batı Bloku,Kore Savaşı Marshall Planı Molotof Planı,1
Batı Bloku,Soğuk Savaş,1
Batı Bloku,Doğu Bloku,1
Batı Bloku,Birleşmiş Milletler,1
Dörtlü Takrir Devalüasyon Soğuk Savaş,Türkiye,1
1950 ',Türkiye,1
1950 ',Dörtlü Takrir Devalüasyon Soğuk Savaş,1
Dünya Savaşı Sonrası,Türkiye,1
Varlık Vergisi ',İngiltere,1
Karne uygulamasının,Roosevelt,1
Karne uygulamasının,İngiltere,1
Karne uygulamasının,Millî Korunma Kanunu ',1
Batı Bloku,Doğu Bloku ',1
Batı Bloku,NATO ',1
Batı Bloku,İnsan hakları,1
Celal Bayar,Menderes,1
Adnan Menderes,Refik Koraltan,1
Menderes,Refik Koraltan,1
Celal Bayar,ltan,1
Celal Bayar,Refik Ko,1
Celal Bayar,Demokrat Parti,1
Celal Bayar,Refik Koraltan,1
Nazi Almanyası,Türkiye,1
Batı Bloku,hukukun üstünlüğünü savunmak,1
Truman Doktrini,u,1
Marshall Planı,NATO ',1
Marshall Planı,kır,1
Marshall Planı,Tornburg,1
Marshall Planı,u,1
Marshall Planı,Truman Doktrini,1
1950 seçimleri,Mustafa Kemal Atatürk ',1
CHP ),Cumhuriyet Halk Partisi,1
Toprak Emlak ve Serbest Teşebbüs Partisi,İşçi Çiftçi Partisi,1
Demokrat Parti ( DP ),İstanbul,1
1946 - 1950 SEÇİMLERİ,Millî Kalkınma Partisi,1
1946 - 1950 SEÇİMLERİ,Millet Partisi ( MP,1
1946 - 1950 SEÇİMLERİ,İstanbul,1
1946 - 1950 SEÇİMLERİ,İşçi Çiftçi Partisi,1
1946 - 1950 SEÇİMLERİ,Demokrat Parti ( DP ),1
1946 - 1950 SEÇİMLERİ,Cumhuriyet Halk Partisi ( CHP ),1
1946 - 1950 SEÇİMLERİ,1950 Seçimleri,1
1946 ve 1950 Seçimleri,Pervin Demirci,1
Türkiye İşçi ve Çiftçi Partisi,Yalnız Vatan İçin Partisi,1
Liberal Demokrat Parti,Yalnız Vatan İçin Partisi,1
Liberal Demokrat Parti,Türkiye İşçi ve Çiftçi Partisi,1
Liberal Demokrat Parti,Millî Kalkınma Partisi,1
Demokrat Parti ( DP ),Yüksek Seçim Kurulu,1
Demokrat Parti ( DP ),Türk Sosyal Demokrat Partisi,1
Demokrat Parti ( DP ),Toprak Emlak ve Serbest Teşebbüs Partisi,1
1946 - 1950 SEÇİMLERİ,Toprak Emlak ve Serbest Teşebbüs Partisi,1
1946 - 1950 SEÇİMLERİ,Türk Sosyal Demokrat Partisi,1
1946 - 1950 SEÇİMLERİ,Yüksek Seçim Kurulu,1
1950 Seçimleri,Yüksek Seçim Kurulu,1
Millet Partisi ( MP,Yüksek Seçim Kurulu,1
Millet Partisi ( MP,Türk Sosyal Demokrat Partisi,1
Millet Partisi ( MP,Toprak Emlak ve Serbest Teşebbüs Partisi,1
Millet Partisi ( MP,Millî Kalkınma Partisi,1
Millet Partisi ( MP,İstanbul,1
Millet Partisi ( MP,İşçi Çiftçi Partisi,1
1950 Seçimleri,Türk Sosyal Demokrat Partisi,1
1950 Seçimleri,Cumhuriyet Halk Partisi ( CHP ),1
1950 Seçimleri,Toprak Emlak ve Serbest Teşebbüs Partisi,1
1950 Seçimleri,Millî Kalkınma Partisi,1
1950 Seçimleri,Millet Partisi ( MP,1
1950 Seçimleri,İstanbul,1
1950 Seçimleri,İşçi Çiftçi Partisi,1
1950 Seçimleri,Demokrat Parti ( DP ),1
Demokrat Parti ( DP ),Millet Partisi ( MP,1
Demokrat Parti ( DP ),İşçi Çiftçi Partisi,1
1945 Çiftçiyi Topraklandırma Kanunu,Mehmet Kayıran,1
Demokrat Parti ( DP ),Yalnız Vatan İçin Partisi,1
1950,Türkiye,1
1950,Türkiye Büyük Millet Meclisi,1
1950,tisi,1
1950,Cumhuriyet Halk Par,1
1950,İsmet İnönü,1
1950,TBMM,1
SO,Türkmenistan,1
SO,Özbekistan,1
SO,Uluslararası Türk Kültürü Teşkilatı,1
Geçici Seçim Kanunu,Türkiye,1
Geçici Seçim Kanunu,SO,1
1908,Türkiye,1
1908,Geçici Seçim Kanunu,1
1908,SO,1
1945 Çiftçiyi Topraklandırma Kanunu,Mustafa Yahya Metintaş,1
1950,Demokrat Parti,1
1946 Seçimleri,Cumhuriyet Halk Partisi ( CHP ),1
1946 Seçimleri,Demokrat Parti ( DP ),1
Cumhuriyet Halk Partisi ( CHP ),İstanbul,1
Demokrat Parti ( DP ),Türkiye İşçi ve Çiftçi Partisi,1
Demokrat Parti ( DP ),Liberal Demokrat Parti,1
Cumhuriyet Halk Partisi ( CHP ),Yüksek Seçim Kurulu,1
Cumhuriyet Halk Partisi ( CHP ),Türk Sosyal Demokrat Partisi,1
Cumhuriyet Halk Partisi ( CHP ),Toprak Emlak ve Serbest Teşebbüs Partisi,1
Cumhuriyet Halk Partisi ( CHP ),Millet Partisi ( MP,1
Cumhuriyet Halk Partisi ( CHP ),İşçi Çiftçi Partisi,1
1946 Seçimleri,Liberal Demokrat Parti,1
Cumhuriyet Halk Partisi ( CHP ),Yalnız Vatan İçin Partisi,1
Cumhuriyet Halk Partisi ( CHP ),Türkiye İşçi ve Çiftçi Partisi,1
Cumhuriyet Halk Partisi ( CHP ),Liberal Demokrat Parti,1
1946 Seçimleri,Yalnız Vatan İçin Partisi,1
1946 Seçimleri,Türkiye İşçi ve Çiftçi Partisi,1
1946 Seçimleri,Millî Kalkınma Partisi,1
Fet Men,gazaki,1
Fat Man,Fet Men,1
Kanun Namına,Ömer Lütfi Akad,1
Montreux Boğazlar Sözleşmesi,Sovyetler Birliği,1
1936,Montreux Boğazlar Sözleşmesi,1
1936,Yugoslavya,1
1936,Yunanistan,1
1936,Bulgaristan,1
1936,Romanya,1
1936,Japonya,1
1936,Avustralya,1
1936,Sovyetler Birliği,1
1936,Fransa,1
1936,İngiltere,1
1936,Türkiye,1
Boğazlar Komisyonu,Montreux Boğazlar Sözleşmesi,1
Boğazlar Komisyonu,SSCB,1
Boğazlar Komisyonu,Türkiye,1
Montreux,İsviçre,1
Montreux Boğazlar Sözleşmesi,İngiltere,1
Montreux Boğazlar Sözleşmesi,Romanya,1
Fat Man,gazaki,1
Montreux Boğazlar Sözleşmesi,Yunanistan,1
Doğu Akdeniz Bölgesi,Mussolini ( Musolini ),1
Doğu Akdeniz Bölgesi,Sadabat Paktı,1
Sadabat Paktı,men Takrir - i Sükûn Milletler Cemiyeti Balkan Antantı D Terakkiperver Cumhuriyet Fırkası Cumhuriyet Halk Locarno Antlaşması,1
Sadabat Paktı,Tayfur Sök,1
Sadabat Paktı,Suriye,1
Sadabat Paktı,Tahran,1
Sadabat Paktı,İtalya,1
Mussolini ( Musolini ),İtalya,1
Mussolini ( Musolini ),Sadabat Paktı,1
1937,Habeşistan,1
1937,Doğu Akdeniz Bölgesi,1
1937,İtalya,1
1937,Mussolini ( Musolini ),1
1937,Sadabat Paktı,1
Montreux Boğazlar Sözleşmesi,Yugoslavya,1
Habeşistan,Milletler Cemiyeti,1
Habeşistan,Mançurya,1
Habeşistan,Japonya,1
Habeşistan,Sovyetler Birliği,1
Bal - kan Antantı ',Berlin - Roma Mihveri,1
Balkan Antantı ',İtalya,1
Balkan Antantı ',Bulgaristan,1
Balkan Antantı,Yunanistan,1
Balkan Antantı,Yug,1
Balkan Antantı,Dünya Savaşı,1
CB,Sovyet,1
CB,Moskova Antlaşması,1
CB,Sovyet Rusya,1
CB,TBMM,1
TDV İslam Ansiklopedi -,Şerafettin Can Erdem,1
Tayfur Sökmen,ye Büyük Millet Meclisi,1
Tayfur Sökmen,Tür,1
Hatay Devleti,ye,1
Ha - tay Devleti Meclisi,Hatay Devleti,1
1940,Dünya Savaşı,1
1940,İtalya,1
1940,Yug,1
Versay Antlaşması,İtalya,1
Habeşistan,Mussolini ( Musolini ),1
Habeşistan,Sadabat Paktı,1
Mançurya,Çin,1
Mançurya,İTO,1
Mançurya,İtalya,1
Mançurya,Sovyetler Birliği,1
Ren,İtalya,1
1940,Yunanistan,1
Ren,Versay Antlaşması,1
Montreux ( Montrö ) Boğazlar Sözleşmesi ( 20 Temmuz 1936 ),İstanbul ve,1
18 Nisan 1941,Balkan Antantı,1
Yug,Yunanistan,1
Yug,İtalya,1
1940,Balkan Antantı,1
Doğu Akdeniz Bölgesi,İtalya,1
Doğu Akdeniz Bölgesi,Habeşistan,1
Sadabat,Türkiye,1
Antlaşması,Polonya,1
Aristide Briand,Fransa,1
Briand,Fransa,1
Briand,Kellogg Paktı,1
Locarno Antlaşması,Milletler Cemiyeti,1
Lokarno,Çekoslovakya,1
Lokarno,Polonya,1
Lokarno,İtalya,1
Lokarno,İngiltere,1
Locarno,Lokarno,1
Locarno,Çekoslovakya,1
Locarno,Polonya,1
Locarno,İtalya,1
Locarno,İngiltere,1
Antlaşması,Lokarno,1
Antlaşması,Locarno,1
Aristid Birian,Fransa,1
Aristid Birian,Aristide Briand,1
Briand - Kellogg ( Birian - Kellog ) Paktı,İngiltere,1
Kellogg Paktı,vinıf ) Protokolü,1
Kıymetler Borsası,New York,1
1929 Ekonomik Bunalımı ( Kara Perşembe ),Batı,1
1929 Ekonomik Bunalımı ( Kara Perşembe ),Avrupa,1
1929 Ekonomik Bunalımı ( Kara Perşembe ),Amerika,1
Litvinov (,vinıf ) Protokolü,1
Litvinov (,SSCB,1
Kellogg Paktı,Litvinov (,1
Briand - Kellogg ( Birian - Kellog ) Paktı,Fransa,1
Kellogg Paktı,Türkiye,1
Briand - Kellogg ( Birian - Kellog ) Paktı,Polonya,1
Briand - Kellogg ( Birian - Kellog ) Paktı,Çekoslovakya,1
Briand - Kellogg ( Birian - Kellog ) Paktı,ya,1
Briand - Kellogg ( Birian - Kellog ) Paktı,Japon,1
Briand - Kellogg ( Birian - Kellog ) Paktı,İtalya,1
Antlaşması,Çekoslovakya,1
Antlaşması,Belçika,1
Sadabat,İran,1
Antlaşması,İtalya,1
Dolmabahçe Sarayı,Savarona Yatı,1
Sefimiz Atatürk,in,1
Sefimiz Atatürk,Under Atatä,1
Eb,Sefimiz Atatürk,1
Eb,in,1
Eb,Lozan,1
Eb,Ismet Inönü,1
Eb,Under Atatä,1
Under Atatä,in,1
Ismet Inönü,Sefimiz Atatürk,1
Ismet Inönü,in,1
Ismet Inönü,Lozan,1
Ismet Inönü,Under Atatä,1
Sadabat,Sadabat Paktı,1
Sadabat,Tahran,1
Dolmabahçe Sarayı,İstanbul,1
1 Kasım 1938,TBMM,1
Yavuz Zırhlısı,İzmit,1
Birleşmiş Milletler,Kudüs,1
Antlaşması,İngiltere,1
Antlaşması,Fransa,1
Milletler Cemiye,Versay Antlaşması,1
Birleşmiş Milletler,İngiliz Hükûmet,1
Birleşmiş Milletler,İngiliz,1
Birleşmiş Milletler,İran - Irak Savaşı,1
Birleşmiş Milletler,Filistin,1
Cenevre,Paris Barış Konferansı,1
Birleşmiş Milletler,nya,1
Birleşmiş Milletler,Ja,1
Birleşmiş Milletler,Müttefik Devletleri,1
Birleşmiş Milletler,Milletler Cemiyeti,1
Cenevre,Milletler Cemiyeti,1
Cenevre,İsviçre,1
Ha - tay Devleti Meclisi,ye,1
Tay,r Sökmen,1
Bucak,Ordu,1
Giritli Şevki,İzmir,1
Mustafa Kemal ',çok partili rejim,1
", Tek Adam,",Şevket Süreyya Aydemir,1
Menemen Olayı,Türkiye,1
Menemen Olayı,Şeyh Said İsyanı,1
Menemen Olayı,çok partili,1
Serbest Cumhuriyet Fırkası,Yalorada,1
Makbule Hanım,Mustafa Kemal Paşa,1
1929 Dünya Ekonomik Bunalımı ',Japonya,1
1929 Dünya Ekonomik Bunalımı ',Nazi Partisi,1
1929 Dünya Ekonomik Bunalımı ',Almanya,1
1929 Dünya Ekonomik Bunalımı ',Türkiye,1
1930,Amerikalı,1
1930,Serbest Cumhuriyet Fırkası,1
Kazım Bey,İzmir,1
Kazım Bey,Yunan,1
kîperver Cumhuriyet,İttihat Terakkî,1
Tarık Buğra,Yağmur Beklerken,1
Türkiye - Yunanistan İlişkileri,Venizelos,1
Uluslararası Lahey Adalet Divanı,Yunanistan,1
Ele,ios Venizelos,1
Ele,Yunanistan,1
' daki Rum Patriğinin,İstanbul,1
Vasil Yorgiadis,rik,1
Vasil Georgiadis,Vasil Yorgiadis,1
Vasil Georgiadis,rik,1
Lozan Görüş,Türkiye,1
Patrikhane ko,Yunanistan,1
Lozan Görüş,meleri,1
Patrikhane Sorunu,Yunanistan,1
tanbul Rumlar,İs,1
Yu,nanistan,1
Yu,istan,1
Yu,İstanbul,1
Giritli Şevki,Kazım Bey,1
Giritli Şevki,Yunan,1
Elefterios Venizelos,Yunanistan,1
Terakkiperver Cumhuriyet Fırkası,İzmir,1
Kasım 1924,Terakkiperver Cumhuriyet Fırkası (,1
Halk Fırkası,Mustafa Kemal,1
Anadolu ve Rumeli Mü - dâfaa - i Hukuk Grubu,Mustafa Kemal,1
Cumhuriyet Halk Fırkası,Halk Fırkası,1
Cumhuriyet Halk Fırkası,Eylül 1923,1
1927,Meclis,1
Anadolu ve Rumeli Müdâfaa - i Hukuk Grubu,Halk Fırkası,1
Anadolu ve Rumeli Müdâfaa - i Hukuk Grubu,Ankara,1
Anadolu ve Rumeli Müdâfaa - i Hukuk Grubu,Mustafa Kemal,1
Kurucu Meclis,Millet,1
Halk Zümresi,Islahat Grubu,1
Halk Zümresi,Müdâfaa - i Hukuk Zümresi,1
Halk Zümresi,İstiklal Grubu,1
Halk Zümresi,Tesanüt Grubu,1
Islahat Grubu,Müdâfaa - i Hukuk Zümresi,1
Kasım 1924,Yeni Türk devletinin,1
Terakkiperver Cumhuriyet Fırkası (,Yeni Türk devletinin,1
Terakkiperver Cumhuri - yet Fırkası,Türkiye,1
Musul So,runu,1
5,Terakkiperver Cumhuriyet Fırkası,1
Takrir - i Sükûn Kanunu,İstiklal Mahkemeleri,1
dolu,İngiltere,1
Doğu Ana,dolu,1
Doğu Ana,Türkiye,1
Doğu Ana,İngiltere,1
Musul So,Yunanistan,1
Kazım ( Karabekir ),Rauf ( Orbay ),1
Musul So,Türkiye,1
Cafer Tayyar ( Eğilmez ),Refet ( Bele ),1
Adnan ( Adıvar ),Cafer Tayyar ( Eğilmez ),1
Adnan ( Adıvar ),Refet ( Bele ),1
Ali Fuat ',Rauf ( Orbay ),1
Ali Fuat ',Kazım ( Karabekir ),1
Ele,Elefterios Venizelos,1
Elefterios Venizelos,ios Venizelos,1
Bucak,Reyhaniye,1
- ı Millî,İskenderun Sancağı,1
TAYFUR SÖKMEN,İskenderun,1
Sorunu,Türkiye,1
Abdurrahman Melek,Hatay,1
Abdurrahman Melek,Tayfur Sök,1
1937 Anayasası,Hatay,1
Suriye Hük,ûmet,1
Suriye Hük,Türkiye,1
Sandler Raporu,ûmet,1
Sandler Raporu,Suriye Hük,1
Sandler Raporu,Türkiye,1
Sandler Raporu,Suriye,1
Türk yurdu,nebi,1
Gazi,Hatay,1
Gazi,Mustafa Kemal,1
Anavatan,Ankara Antlaşması,1
Belen,TAYFUR SÖKMEN,1
Belen,İskenderun,1
Belen,Reyhaniye,1
Bayır,İskenderun,1
Bucak,İskenderun,1
Bucak,TAYFUR SÖKMEN,1
Bayır,Bucak,1
Bayır,Ordu,1
Bayır,Reyhaniye,1
Bayır,Belen,1
Bayır,TAYFUR SÖKMEN,1
Belen,Ordu,1
Ordu,Reyhaniye,1
Ordu,İskenderun,1
Ordu,TAYFUR SÖKMEN,1
Reyhaniye,İskenderun,1
Reyhaniye,TAYFUR SÖKMEN,1
Belen,Bucak,1
Anavatan,Hatay,1
- ı Millî,Fransa,1
Venizelos,İsmet Bey,1
- ı Millî,Osmanlı,1
Irak Selçuklu Devleti,Safevîler,1
Irak Selçuklu Devleti,Karakoyunlular,1
Akkoyunlular,Osmanlı Devleti,1
Akkoyunlular,Safevîler,1
Akkoyunlular,Karakoyunlular,1
Akkoyunlular,Irak Selçuklu Devleti,1
Akkoyunlular,Büyük Selçuklu Devleti,1
Hakkâri,Türkiye,1
Lord Parmoor,İngiltere,1
Haliç Konferansı ',Milletler Cemiyeti,1
Haliç Konferansı ',Musul Sorunu,1
Haliç Konferansı,Musul Sorunu,1
Musul Sorunu,Paris,1
Musul Sorunu,İngiltere İlişkileri,1
Nobel Barış Ödülü,Venizelos,1
Irak Selçuklu Devleti,Osmanlı Devleti,1
Karakoyunlular,Safevîler,1
Karakoyunlular,Osmanlı Devleti,1
Cem Sar,Türk Dış Politikası,1
1929 Dünya Ekonomik Bunalımı,Türkiye,1
Milletlerarası Adalet Divanı,Türkiye,1
Bozkurt - Lo - tus Dava,Türkiye,1
Bozkurt - Lo - tus Dava,Milletlerarası Adalet Divanı,1
Türk Hükûmet,Türkiye,1
Fransız Hük,ûmet,1
Cem Sar,Mehmet Gönlübol,1
Irak ',Musul ',1
Sovyetler Birliği,Stalin,1
Sovyetler Birliği,İtalya,1
Sovyetler Birliği,Yugoslavya,1
Sovyetler Birliği,Yunanistan,1
Misak - ı Millî bağlamında,Musul ',1
Irak ',Misak - ı Millî bağlamında,1
Kıymetler Borsası,York,1
Kıymetler Borsası,Wall Street,1
Wall Street,York,1
Hirohito,Çin,1
Devletler,Polonya,1
Devletler,Mütte,1
Devletler,Saldırmazlık Paktı,1
Devletler,SSCB,1
Devletler,mazlık Paktı,1
Devletler,Münih Antlaşması,1
İstan,İtalya,1
Müttefik Devletler,Potsdam,1
Müttefik Devletler,Potsdam Konferansı,1
Müttefik Devletler,Çin,1
Müttefik Devletler,İngiltere,1
Müttefik Devletler,SSCB,1
Müttefik Devletler,rulunun,1
Müttefik Devletler,Türkiye,1
Müttefik Devletler,ohito,1
Devletler,San Francisco,1
Devletler,San Fıransisko,1
Devletler,Konferansı,1
Andre Maginot,Maginot Hattı,1
Andre Majino ),Fransa,1
Andre Majino ),Fransız,1
Andre Majino ),Maginot Hattı,1
Andre Maginot,Fransa,1
Andre Maginot,Andre Majino ),1
Andre Maginot,Fransız,1
Paul Kennedy,kü,1
Alman - ya,Münih Antlaşması,1
Büyük Güçlerin Yükseliş ve,kü,1
Büyük Güçlerin Yükseliş ve,Paul Kennedy,1
Uzak Do,u,1
Münih Antlaşması,mazlık Paktı,1
Alman - ya,mazlık Paktı,1
Alman - ya,Devletler,1
Müttefik Devletler,Nagazaki,1
Hirohito,Mançurya,1
JOSEPH STALİN,Yozıf Sıtalin,1
Hirohito,Japonya,1
Kav,Mein Kampf,1
Dogu Prusya,Nazi Partisi,1
Mihver Devletler,Müttefik,1
Mihver Devletler,Türkiye,1
Mihver Devletler,Mütte,1
Mihver Devletler,Çin,1
Mihver Devletler,SSCB,1
Südetya,Çekoslovakya,1
Memel,Polonya,1
Memel,Çekoslovakya,1
Memel,Südetya,1
Memel,Ren Bölgesi,1
Ren Bölgesi,Çekoslovakya,1
Ren Bölgesi,Südetya,1
Mussolini,İtalyan Hükûmeti,1
Kav,Mayn Kampf,1
Mayn Kampf,Mein Kampf,1
Roma İmparator,İtalya,1
dünya savaşı,İngiltere,1
Hirohito,İTO,1
savaşı,İspanya,1
savaşı,İspanya iç,1
BENİTO MUSSOLİNİ,İtalya,1
BENİTO MUSSOLİNİ,Faşist Parti,1
Pasifik,Uzak Doğu,1
dünya savaşı,İngiltere ( Britanya ),1
Roma İmparator,luğu ',1
Cemiyeti,Doğu Asya,1
Cemiyeti,Japonya,1
Cemiyeti,Mançurya,1
Etiyopya,Habeşistan,1
Etiyopya,İtalya,1
luğu ',İtalya,1
Hattı,çika,1
JOSEPH STALİN,Sovyet Rusya,1
Mussolini,Roma İmparator,1
Mihver,San Francisco Konferansı,1
Kızıl Ordu,Stalingrad,1
Volga Nehri,ngırad,1
Stalingrad Kuşatması ( 1942 ),Volga Nehri,1
Stalingrad Kuşatması ( 1942 ),ngırad,1
Stalingrad,Volga Nehri,1
Stalingrad,ngırad,1
Stalingrad,Stalingrad Kuşatması ( 1942 ),1
Havai Ada,Pearl Harbor Deniz ve Hava Üs,1
Havai Ada,Japonya,1
1941,Türk - Alman Saldırmazlık Paktı,1
1941,Japon,1
1941,ABD,1
1941,Pearl Harbor Baskını,1
1941,Azak,1
Güney İtalya,Sicilya,1
1943,Kafkasya,1
Leningrad,Moskova,1
1944,Normandiya Çıkarması,1
Atom Bombalarının Atılması ( 1945 ),Pasifik,1
Fat Man,Na,1
Na,Şalamanov,1
Na,gazaki,1
Enola Gey ),Hiroşima,1
Enola Gay,Hiroşima,1
Enola Gay,Enola Gey ),1
Atom Bombalarının Atılması ( 1945 ),Avrupa,1
1944,SSCB,1
Atom Bombalarının Atılması ( 1945 ),Nagazaki,1
Atom Bombalarının Atılması ( 1945 ),Hiroşima,1
Müttefik,Normandiya,1
Normandiya,Paris,1
Normandiya Çıkarması,SSCB,1
1944,Avrupa,1
Güney İtalya,Kuzey Afrika,1
Mihver,San Francisco,1
JOSEPH STALİN,Komünist Parti,1
Mihver,SSCB,1
Norveç,İngiltere,1
Norveç,Strazburg,1
Norveç,Türkiye,1
Norveç,Polonya,1
Norveç,Yıldırım Harekâtı,1
Mütte,Polonya,1
Mütte,Saldırmazlık Paktı,1
Mütte,SSCB,1
Levon Panos Dabağyan,Pearl Harbor,1
Batı Pasifik,Japonya,1
Büyük Britanya,Türkiye,1
Büyük Britanya,Uzak Doğu,1
Büyük Britanya,Hollanda,1
Komünist Parti,Sovyet Rusya,1
Komünist Parti,Yozıf Sıtalin,1
Norveç,İtalya,1
Norveç,İrlanda,1
Norveç,İsveç,1
Kartal Hücumu,İngiltere,1
Mihver,İtalya,1
Mihver,Pearl Harbor Mihver Devletler,1
Pearl,Pörl Harbır,1
Harbor,Pörl Harbır,1
Harbor,Pearl,1
Barbarossa ( Barbarosa ) Harekâtı,SSCB,1
Lüksemburg,İsveç,1
Lüksemburg,Yıldırım Harekâtı,1
Lüksemburg,İrlanda,1
Lüksemburg,İtalya,1
Lüksemburg,İngiltere,1
Lüksemburg,Strazburg,1
Lüksemburg,Türkiye,1
Lüksemburg,Polonya,1
Mussolini,luğu ',1
Al,manya,1
Franklin Delano Roosevelt,Frenklin Delano Rozvelt,1
Ekim Devrimi ( Bolşevik İhtilali ),Uzak Doğu,1
1917 Ekim Devri,Çarlık Rusyası,1
Karl Marx,Parti,1
Firidrik Engıls,Parti,1
Firidrik Engıls,Friedrich Engels,1
Firidrik Engıls,Karl Marks,1
Firidrik Engıls,Karl Marx,1
Friedrich Engels,Parti,1
Friedrich Engels,Karl Marks,1
Friedrich Engels,Karl Marx,1
Karl Marks,Parti,1
Karl Marks,Karl Marx,1
Latin Amerika,Üçüncü Dünya,1
Latin Amerika,Uzak Doğu,1
Latin Amerika,Rusya,1
Ekim Devrimi ( Bolşevik İhtilali ),Üçüncü Dünya,1
1917 Ekim Devri,Bolşe,1
Bolşe,Çarlık Rusyası,1
Cominform,Rusya,1
Cominform,Truman II,1
Doğu Almanya,men,1
Doğu Almanya,Ye,1
Doğu Almanya,Küba,1
Doğu Almanya,Yugoslavya,1
Doğu Almanya,Çin,1
Doğu Almanya,Rusya,1
Cominform,NATO,1
Cominform,Çin,1
Cominform,Marshall,1
Cominform,men,1
Cominform,Ye,1
Cominform,Küba,1
Cominform,Yugoslavya,1
Cominform,Doğu Almanya,1
Ekim Devrimi ( Bolşevik İhtilali ),Latin Amerika,1
Ekim Devrimi ( Bolşevik İhtilali ),Rusya,1
Doğu Almanya,Macaristan,1
ekonomisi,Özel mülkiyet,1
Corc Lengluis,Georges Langlois,1
eve,lt,1
Roos,lt,1
Roos,eve,1
1929 Ekonomik Bunalımı ',lt,1
1929 Ekonomik Bunalımı ',eve,1
1929 Ekonomik Bunalımı ',Roos,1
1929 Ekonomik Bunalımı ',New Deal ( Yeni Düzen ) ABD Başkanı,1
New Deal ( Yeni Düzen ) ABD Başkanı,lt,1
New Deal ( Yeni Düzen ) ABD Başkanı,eve,1
New Deal ( Yeni Düzen ) ABD Başkanı,Roos,1
Faşist Parti,Nazi Partisi,1
Nazi Partisi,İtalya,1
Frenklin Delano Rozvelt,New Deal,1
Franklin Delano Roosevelt,New Deal,1
torluğu,İtalya,1
Mare Nostrum,İtalya,1
Mare Nostrum,Roma İm,1
Adolf Hit - ler,Adolf Hitler,1
Nazi ideoloj,Versay,1
Alman ırk,Versay,1
Alman ırk,Nazi ideoloj,1
Adolf Hitler,Versay Antlaşması,1
Adolf Hitler,Nazi ),1
Adolf Hitler,Nasyonal - Sosyalist Alman İşçi Partisi,1
Adolf Hit - ler,Nazi ),1
Mare Nostrum,torluğu,1
Adolf Hit - ler,Nasyonal - Sosyalist Alman İşçi Partisi,1
Nasyonal - Sosyalist Alman İşçi Partisi,Nazi ),1
Mar Nostro ( Bizim Deniz ) ] Projesi,Mare Nostrum,1
Mar Nostro ( Bizim Deniz ) ] Projesi,torluğu,1
Mar Nostro ( Bizim Deniz ) ] Projesi,Roma İm,1
Mar Nostro ( Bizim Deniz ) ] Projesi,İtalya,1
Doğu Almanya,Çekoslovakya,1
Doğu Almanya,Polonya,1
Tokyo Mihver Blok,İtalya,1
1932 ',Dünya Savaşı,1
Cumhuriyet Halk Fırkasının,Milletler Cemiyeti,1
Cumhuriyet Halk Fırkasının,Serbest Cumhuriyet Fırkasının,1
Cumhuriyet Halk Fırkasının,Terakkiperver Cumhuriyet Fırkasının,1
Montreux Sözleşmesi,Türkiye,1
Millet - ler Cemiyeti,Musul,1
Tayfur Sök,men Takrir - i Sükûn Milletler Cemiyeti Balkan Antantı D Terakkiperver Cumhuriyet Fırkası Cumhuriyet Halk Locarno Antlaşması,1
uluslararası barış örgütü,Şeyh Said İsyanı ' nı bastırmak,1
Bağımsız Hatay Devleti ',uluslararası barış örgütü,1
Bağımsız Hatay Devleti ',Şeyh Said İsyanı ' nı bastırmak,1
Bağımsız Hatay Devleti ',Dünya Savaşı,1
1932 ',Bağımsız Hatay Devleti ',1
1932 ',uluslararası barış örgütü,1
1932 ',Alman ırkının üstünlüğünü,1
1932 ',Şeyh Said İsyanı ' nı bastırmak,1
1932 ',Avrupa,1
1924 Teşkilât - ı Esasiye ' nin kabulü,Cumhuriyet Halk Fırkasının,1
1924 Teşkilât - ı Esasiye ' nin kabulü,Terakkiperver Cumhuriyet Fırkasının,1
1924 Teşkilât - ı Esasiye ' nin kabulü,Serbest Cumhuriyet Fırkasının,1
Hürriyet,hukukun üstünlüğü,1
Anti - Komintern Paktı,SSCB,1
Anti - Komintern Paktı,Japonya,1
Briand - Kellogg Paktı,Locarno Antlaşması,1
Ver - say Antlaşması,Versay Diktası,1
SU,ve II,1
burjuva ve,işçi sınıfı,1
' Dünya Savaşı,Almanya,1
1924 Teşkilât - ı Esasiye ' nin kabulü,Atatürk ilkeleri,1
Hatay Cumhuriyeti,Türkiye,1
kâr esasına ve piyasa ekonomisine dayanır,özel mülkiyete,1
' Kapitalizm,kâr esasına ve piyasa ekonomisine dayanır,1
' Kapitalizm,özel mülkiyete,1
Serbest Cumhuriyet Fırkasının,Terakkiperver Cumhuriyet Fırkasının,1
1924 Teşkilât - ı Esasiye ' nin kabulü,Milletler Cemiyeti,1
1932 ',Almanya,1
Alman ırkının üstünlüğünü,Bağımsız Hatay Devleti ',1
Doğu Almanya,Romanya,1
Alman ırkının üstünlüğünü,uluslararası barış örgütü,1
Can Lak,serbest piyasa ekonomisi,1
Can Lak,Edım Si,1
Can Lak,John Locke,1
men,Çin,1
Ye,men,1
Ye,Yugoslavya,1
Ye,Çin,1
Küba,SSCB,1
Küba,Küba Krizi ( 1962,1
Küba,men,1
Küba,Ye,1
Küba,Yugoslavya,1
Küba,Çin,1
Küba,Rusya,1
Doğu Almanya,SSCB,1
Adam Smith,John Locke,1
Adam Smith,Can Lak,1
Adam Smith,Edım Si,1
sistem,çok partili sistem,1
Alman ırkının üstünlüğünü,Şeyh Said İsyanı ' nı bastırmak,1
Alman ırkının üstünlüğünü,Avrupa,1
Alman ırkının üstünlüğünü,Almanya,1
Alman ırkının üstünlüğünü,Dünya Savaşı,1
rekabet,Özel mülkiyet,1
sistem,temsil,1
temsil,çok partili sistem,1
Adam Smith,serbest piyasa ekonomisi,1
ayrımı,sistem,1
ayrımı,temsil,1
ayrımı,çok partili sistem,1
John Locke,serbest piyasa ekonomisi,1
Edım Si,serbest piyasa ekonomisi,1
Edım Si,John Locke,1
Kemal Tahir,Yaşar Kemal,1
Kanun Namına,Muhsin Ertuğrul,1
Mac Mahon (,Mehın ) Antlaş,1
Ayşe Begüm Onbaşı,Bakü,1
Aerobik ( Ayrobik ) Cimnastik ( Jimnastik ) Dünya Şam -,Ayşe Begüm Onbaşı,1
Aerobik ( Ayrobik ) Cimnastik ( Jimnastik ) Dünya Şam -,yonası,1
Aerobik ( Ayrobik ) Cimnastik ( Jimnastik ) Dünya Şam -,Bakü,1
Aerobik ( Ayrobik ) Cimnastik ( Jimnastik ) Dünya Şam -,Azerbaycan,1
imnastik,İbrahim Çolak,1
2019 Dünya Şampiyonası,imnastik,1
2019 Dünya Şampiyonası,İbrahim Çolak,1
2010 Dünya Şampiyonası,Türkiye Erkek Millî Basket - ere - bol Takımı,1
2021 CEV Avrupa Kadınlar Voleybol Şampiyonası,Avrupa Şampiyonası,1
2021 CEV Avrupa Kadınlar Voleybol Şampiyonası,Türkiye Bayan Millî Voleybol Takımı,1
Avrupa Şampiyonası,Türkiye Bayan Millî Voleybol Takımı,1
2002 FIFA Dünya Şampiyonası ',Türk Millî Futbol Takı,1
UEFA Kupası,UEFA Süper Kupası,1
Galatasaray Futbol Takımı,UEFA Süper Kupası,1
Galatasaray Futbol Takımı,UEFA Kupası,1
Ayşe Begüm Onbaşı,Azerbaycan,1
Ayşe Begüm Onbaşı,yonası,1
Golan Tepeleri,Ürdün,1
Avrupa 22 Yaş Altı Erkekler Tekerlekli Sandalye Basketbol Şampiyonası ',Türkiye Ampute Futbol Millî Takımı,1
2017,21,1
2017,Emre Sakçı,1
Emre Sakçı,İbrahim Çolak,1
Emre Sakçı,lama,1
Hatice Akbaş,Şennur Demir,1
Busenaz Sürmeneli,Şennur Demir,1
Busenaz Sürmeneli,Hatice Akbaş,1
Buse Naz Çakıroğlu,Şennur Demir,1
Buse Naz Çakıroğlu,Busenaz Sürmeneli,1
Buse Naz Çakıroğlu,Hatice Akbaş,1
2022 Dünya Kadınlar Şampiyonası,Şennur Demir,1
2022 Dünya Kadınlar Şampiyonası,Busenaz Sürmeneli,1
2022 Dünya Kadınlar Şampiyonası,Hatice Akbaş,1
2022 Dünya Kadınlar Şampiyonası,Buse Naz Çakıroğlu,1
2018 Ampute Futbol Dünya Kupası,Türkiye,1
Servet Tazegül,Türkiye,1
Halter,Uluslararası Halter Federasyonu,1
1988 Seul Olimpiyatları ',Türkiye,1
Türk Millî Takımı,Türkiye,1
1994 Dünya Serbest Güreş Şampiyonası ',Türkiye,1
1994 Dünya Serbest Güreş Şampiyonası ',Mehmet Akif Pi,1
Mehmet Akif Pi,Türkiye,1
1992 Barcelona Olimpiyatları,1994 Dünya Serbest Güreş Şampiyonası ',1
1992 Barcelona Olimpiyatları,Türkiye,1
1992 Barcelona Olimpiyatları,Mehmet Akif Pi,1
Atlanta Olimpiyatları,Seul,1
Atlanta Olimpiyatları,Barselona,1
Atlanta Olimpiyatları,Naim Süleymanoğlu,1
Barselona,Naim Süleymanoğlu,1
Barcelona,Seul,1
Barcelona,Barselona,1
Barcelona,Naim Süleymanoğlu,1
okçuluk,tekvando,1
boks,okçuluk,1
1996 Atlanta Olimpiyatları,Bulgaristan,1
Dünya Gençler Halter Şampiyona,sı,1
Mel,bourne,1
Dünya Halter Şam - piyonası,Türk Millî Takımı,1
Türk Millî Takımı,bourne,1
Melbörn,Türk,1
Melbörn,Türk Millî Takımı,1
Melbörn,Türkiye,1
Melbörn,bourne,1
Dünya Halter Şam - piyonası,Türk,1
Dünya Halter Şam - piyonası,Türkiye,1
Mel,Melbörn,1
Dünya Halter Şam - piyonası,Melbörn,1
Dünya Halter Şam - piyonası,bourne,1
Dünya Halter Şam - piyonası,Mel,1
Mel,Türk,1
Mel,Türk Millî Takımı,1
Mel,Türkiye,1
2017,lama,1
2017,İbrahim Çolak,1
2017,Avustralya Dünya Kupası,1
Moldova,Özbekistan,1
Türk cumhuriyet,İKA,1
Türk cumhuriyet,Türk İşbirliği ve Koordinasyon Ajansı Başkanlığı,1
Türk İşbirliği ve Koordinasyon Ajansı Başkanlığı,Yarımada,1
Türk İşbirliği ve Koordinasyon Ajansı Başkanlığı,Yugoslavya,1
Türk İşbirliği ve Koordinasyon Ajansı Başkanlığı,İslam Konferansı Örgütü,1
Türk İşbirliği ve Koordinasyon Ajansı Başkanlığı,Yunus Emre Enstitüsü,1
Türk İşbirliği ve Koordinasyon Ajansı Başkanlığı,Uluslararası Türk Kültürü Teşkilatı,1
Türk İşbirliği ve Koordinasyon Ajansı Başkanlığı,Yurtdışı Türkler ve Akraba Topluluklar Başkanlığı,1
Türk İşbirliği ve Koordinasyon Ajansı Başkanlığı,Türkiye,1
Türk İşbirliği ve Koordinasyon Ajansı Başkanlığı,İKA,1
Türk Cumhuriyet,Özbekistan,1
Türk Cumhuriyet,Türkmenistan,1
Türk Cumhuriyet,Türkiye,1
Türkmenistan,Uluslararası Türk Kültürü Teşkilatı,1
Tacikistan,Özbekistan,1
Yurt,Yurtdışı Türkler ve Akraba Topluluklar Başkanlığı ( 2010,1
Uluslararası Türk Kültürü Teşkilatı,Özbekistan,1
Uluslararası Türk Kültürü Teşkilatı,Yurtdışı Türkler ve Akraba Topluluklar Başkanlığı,1
Yunus Emre Enstitüsü,Yurtdışı Türkler ve Akraba Topluluklar Başkanlığı,1
Avrupa Birliği ( AB ),Ekonomik Kalkınma ve İşbirliği Örgü,1
Avrupa Birliği ( AB ),Türkiye,1
Avrupa Birliği ( AB ),Bloku,1
Avrupa Birliği ( AB ),Finlandiya Dünya Savaşı,1
Atlas Okyanus isves,Avrupa Birligi,1
Yunus Emre Enstitüsü,İslam Konferansı Örgütü,1
Yunus Emre Enstitüsü,Yunus Emre Vakfı,1
Uluslararası Türk Kültürü Teşkilatı,Yunus Emre Enstitüsü,1
Nevruz Bayramı,SO,1
Ergenekon ' dan Çıkış,SO,1
Ergenekon ' dan Çıkış,Nevruz Bayramı,1
Uluslararası Türk Kültürü Teşkilatı,Yarımada,1
Uluslararası Türk Kültürü Teşkilatı,Yugoslavya,1
Uluslararası Türk Kültürü Teşkilatı,İslam Konferansı Örgütü,1
Tacikistan,Türkmenistan,1
Moldova,Türkmenistan,1
Avustralya Dünya Kupası,Emre Sakçı,1
Moldova,Tacikistan,1
İbrahim Çolak,İki kutuplu dünya düzenini,1
Türk devletleri,barışı,1
Türk devletleri,İki kutuplu dünya düzenini,1
Türk devletleri,İbrahim Çolak,1
SSCB ',barışı,1
SSCB ',İki kutuplu dünya düzenini,1
SSCB ',Türk devletleri,1
SSCB ',İbrahim Çolak,1
Rusya Federasyonu,barışı,1
Rusya Federasyonu,İki kutuplu dünya düzenini,1
Rusya Federasyonu,Türk devletleri,1
Rusya Federasyonu,SSCB ',1
Rusya Federasyonu,İbrahim Çolak,1
Avustralya Dünya Kupası,İbrahim Çolak,1
Avustralya Dünya Kupası,lama,1
barışı,İbrahim Çolak,1
barışı,İki kutuplu dünya düzenini,1
Mihail Gorbaçov,Mihal Gorbaçov,1
Bağımsız Devletler Topluluğu ( BDT,Ukrayna,1
Kazakistan,SO,1
Kazakistan,Uluslararası Türk Kültürü Teşkilatı,1
Kazakistan,Türk Cumhuriyet,1
Kazakistan,SSCB,1
Kazakistan,Tacikistan,1
Kazakistan,Moldova,1
Bağımsız Devletler Topluluğu ( BDT,Rusya,1
Mihail Gorbaçov,Per,1
Bağımsız Devletler Topluluğu ( BDT,Belarus,1
Belarus,Ukrayna,1
Belarus,Rusya,1
Per,SSCB,1
Mihal Gorbaçov,Per,1
Mihal Gorbaçov,SSCB,1
boks,tekvando,1
boks,judo,1
judo,okçuluk,1
15 Temmuz Darbe Kalkışması ve Milletin Zaferi,gâh,1
/ PDY,Ankara,1
Gölbaşı,TÜRKSAT ',1
FETÖ,PKK,1
FETÖ,Türkiye,1
FETÖ,Gölbaşı,1
FETÖ,TÜRKSAT ',1
Gölbaşı Özel Harekât Daire Başkanlığı,TÜRKSAT ',1
Cumhurbaşkanı Erdoğan,İstanbul,1
Cumhurbaşkanı Erdoğan,Diyanet İşleri Başkanlığının,1
Fatih Sultan Mehmet Köprüsü,İstanbul,1
Boğaziçi Köprüsü,Fatih Sultan Mehmet Köprüsü,1
Boğaziçi Köprüsü,İstanbul,1
15 TEMMUZ KRONOLOJİSİ,Genelkurmay Başkanlığı,1
15 Temmuz Darbe Kalkışması ',Türkiye,1
Fetullahçı Terör Örgütü ( FETÖ ) / Paralel Devlet Yapılanması ( PDY ),gâh,1
/ PDY,Yurtta Sulh Komitesi,1
Adalet ve Kalkınma Partisi,Cumhuriyet Halk Partisi,1
Adalet ve Kalkınma Partisi,Halkların Demokratik Partisi,1
Cumhuriyet Halk Partisi,Milliyetçi Hareket Partisi,1
PKK,Türk,1
11 Eylül Saldırıları,ABD,1
Milliyetçi Hareket Partisi,Temmuz,1
Halkların Demokratik Partisi,Temmuz,1
Halkların Demokratik Partisi,Milliyetçi Hareket Partisi,1
Cumhuriyet Halk Partisi,Temmuz,1
Cumhuriyet Halk Partisi,Halkların Demokratik Partisi,1
Adalet ve Kalkınma Partisi,Milliyetçi Hareket Partisi,1
15 Temmuz,Temmuz,1
15 Temmuz,Milliyetçi Hareket Partisi,1
15 Temmuz,Halkların Demokratik Partisi,1
15 Temmuz,Cumhuriyet Halk Partisi,1
15 Temmuz,Adalet ve Kalkınma Partisi,1
Adalet ve Kalkınma Partisi,Temmuz,1
Fetullahçı Terör Örgütü ( FETÖ ) / Paralel Devlet Yapılanması ( PDY ),Genelkurmay Başkanlığı,1
15 Temmuz Darbe Kalkışması ve Milletin Zaferi,Genelkurmay Başkanlığı,1
PKK,Türkiye,1
15 Temmuz Darbe Kalkışması ve Milletin Zaferi,Fetullahçı Terör Örgütü ( FETÖ ) / Paralel Devlet Yapılanması ( PDY ),1
1990,Reel Sektör Postmodern Darbe,1
Arap - İsrail Savaşları ',İran - Irak Savaşı,1
1973 Arap - İsrail Savaşı,Arap - İsrail Savaşları ',1
1973 Arap - İsrail Savaşı,İran - Irak Savaşı,1
1967 Arap - İsrail Savaşı,Arap - İsrail Savaşları ',1
1967 Arap - İsrail Savaşı,İran - Irak Savaşı,1
1967 Arap - İsrail Savaşı,1973 Arap - İsrail Savaşı,1
Gazze Bölgesi,Sina Yarımadası,1
Gazze Bölgesi,Mısır,1
Gazze Bölgesi,Golan Tepeleri,1
Gazze Bölgesi,Suriye,1
Gazze Bölgesi,Ürdün,1
Gazze Bölgesi,İsrail,1
Golan Tepeleri,Sina Yarımadası,1
Golan Tepeleri,Mısır,1
1990,5 Nisan,1
Reel Sektör Postmodern Darbe,Türkiye,1
5 Nisan Karar,Tansu Çiller,1
28 Şubat,Şubat 1997,1
Recep Tayyip Erdoğan,Türkiye,1
Ana,Anayasa Mahkemesi,1
Mesut Yılmaz,Süleyman Demirel,1
ANAP,Mesut Yılmaz,1
ANAP,Süleyman Demirel,1
28 Şubat,Millî Güvenlik Kurulu,1
28 Şubat,Türkiye,1
Kr,Türkiye,1
28 Şubat,28 Şubat Müdahalesi,1
28 Şubat Müdahalesi,Millî Güvenlik Kurulu,1
28 Şubat Müdahalesi,Şubat 1997,1
28 Şubat Müdahalesi,Türkiye,1
"1994, 2001 ve 2008 Ekonomik Krizlerinin",Türkiye ' yi etkileyen,1
Dünya Bankası,Kemal Derviş,1
PKK,ye,1
PKK / KCK terör örgütü,Suriye,1
judo,tekvando,1
TUSAŞ,Türkiye Bilimsel ve Teknolojik Araştırma Kurumu ),1
Erciyes Üniversitesinde,Türkiye Sağlık Enstitüleri Başkanlığı,1
Erciyes Üniversitesinde,TÜSEB,1
TÜSEB,Türkiye Sağlık Enstitüleri Başkanlığı,1
2020 Mart,Türk bilim dünyası,1
RASAT,Türkiye,1
Göktürk - 2,RASAT,1
Göktürk - 2,Türkiye,1
Göktürk - 1,RASAT,1
Göktürk - 1,Göktürk - 2,1
Göktürk - 1,Türkiye,1
TCG Anadolu,Türk Silahlı Kuvvetleri,1
SİHA ( Silahlı İnsansız Hava Aracı,İHA ( İnsansız Hava Aracı,1
ATAK helikopter,SİHA ( Silahlı İnsansız Hava Aracı,1
ATAK helikopter,İHA ( İnsansız Hava Aracı,1
Türk Uçak Sanayii Anonim Ortaklığı ),Türkiye Bilimsel ve Teknolojik Araştırma Kurumu ),1
TURKOVAC aşısı,Türkiye,1
Yavuz Turgul,Şener Şen,1
Eşkıya,Yavuz Turgul,1
Everyway That I Can,Şarkı Yarışması,1
- ter,boks,1
- ter,okçuluk,1
- ter,tekvando,1
- ter,judo,1
Nobel Edebiyat Ödülü,Orhan Pamuk,1
Everyway That I Can,Sertab Erener,1
Everyway That I Can,Türkiye,1
Eşkıya,Şener Şen,1
Sertab Erener,Şarkı Yarışması,1
Sertab Erener,Türkiye,1
Haluk Bilginer,Uluslararası Emmy ( Emi ) En,1
Kış Uykusu,Nuri Bilge Ceylan,1
Bir Zamanlar Anadolu,Kış Uykusu,1
Bir Zamanlar Anadolu,Nuri Bilge Ceylan,1
TUSAŞ,Türk Uçak Sanayii Anonim Ortaklığı ),1
TUSAŞ,TÜBİTAK,1
PKK / KCK terör örgütü,PYD,1
TÜBİTAK,Türk Uçak Sanayii Anonim Ortaklığı ),1
DEAŞ terör örgütün,Türkiye,1
DEAŞ terör örgütü,savaşın,1
DEAŞ terör örgütü,Suriye iç,1
DEAŞ terör örgütü,Irak,1
DEAŞ terör örgütü,Suriye,1
YPG,savaşın,1
Suriye iç,YPG,1
PKK / KCK,YPG,1
PKK / KCK,PYD,1
PKK / KCK,savaşın,1
PKK / KCK,Suriye iç,1
PYD,YPG,1
PYD,savaşın,1
PYD,Suriye iç,1
PYD,Suriye,1
Fetullah Gülen,Türkiye,1
An,ra,1
DEAŞ,Türkiye,1
Aziz Sancar,Suriye,1
TÜBİTAK,Türkiye Bilimsel ve Teknolojik Araştırma Kurumu ),1
ROKETSAN,Türkiye,1
ASELSAN,ROKETSAN,1
ASELSAN,Türkiye,1
Aziz Sancar,ülü,1
Aziz Sancar,Irak,1
Aziz Sancar,Kemal Derviş Süleymanoğlu,1
DEAŞ,PKK,1
Fuat Sezgin,Gazi Yaşargil,1
Fuat Sezgin,Oktay Sinanoğlu,1
Gazi Yaşargil,Oktay Sinanoğlu,1
Bilgi haritasından yararlanarak soruları,BİLGİ HARİTASI,1
DEAŞ,PKK / YPG,1
DEAŞ,FETÖ,1
Avrupa Birliği ( AB ),tü,1
Avrupa Birliği ( AB ),NATO,1
Bloku,Finlandiya Dünya Savaşı,1
El Kaide,Pakistan,1
1 Mart Tezkeresi ',Türkiye,1
1 Mart Tezkeresi ',TBMM,1
1 Mart Tezkeresi ',Körfez Savaşı,1
Körfez Savaşı,TBMM,1
Irak sorunu,Türkiye,1
Irak sorunu,Körfez Savaşı ',1
PYD / YPG,Suriye,1
PYD / YPG,Türkiye,1
11 Eylül Saldırı,Irak,1
radikal İslam,İslami terör,1
Pentagon,İkiz Kuleler,1
ABD Savunma Bakanlığı,Pentagon,1
ABD Savunma Bakanlığı,İkiz Kuleler,1
ABD Savunma Bakanlığı,Dünya Ticaret Merkezi,1
ABD Savunma Bakanlığı,El Kaide,1
1 Mart Tezkeresi ',Irak,1
PKK terör örgütünün,Türkmenler,1
Hariri,Suriye,1
Bahar Kalkanı,Zeytin Dalı,1
5 Nisan Kararları,ülü,1
5 Nisan Kararları,Irak,1
5 Nisan Kararları,Suriye,1
5 Nisan Kararları,Aziz Sancar,1
5 Nisan Kararları,Kemal Derviş Süleymanoğlu,1
Bahar Kalkanı,Barış Pınarı,1
Bahar Kalkanı,İdlip,1
Hariri,Türkiye,1
Barış Pınarı,Zeytin Dalı,1
Barış Pınarı,İdlip,1
Zeytin Dalı,İdlip,1
Fırat Kalkanı,Şah Fırat,1
Fırat Kalkanı,Türkiye,1
Ba,harı,1
El Kaide,Taliban,1
El Kaide,Usame Bin Ladin,1
1994 Ekonomik Krizi ',Kemal Derviş Süleymanoğlu,1
El Kaide,SSCB,1
Arap Baharı,Tahrir Meydanı,1
Arap Baharı,Yemen,1
Arap Baharı,Libya,1
Arap Baharı,Yasemin Devrimi,1
Arap Baharı,Osmanlı,1
PKK terör,Türkiye,1
PKK terör,l,1
Kuzey Irak Bölgesel Yönetimi,Türkiye,1
Kuzey Irak Bölgesel Yönetimi,l,1
Kuzey Irak Bölgesel Yönetimi,Mu,1
Kuzey Irak Bölgesel Yönetimi,PKK terör,1
Kerkük - Yumurtalık Boru Hattı ',Türkiye,1
Baas Partisi,Irak,1
El Kaide terör örgütü,Irak,1
El Kaide terör örgütü,Kör - fez Savaşı,1
Arap Baharı,Su,1
Arap Baharı,riye,1
Arap Baharı,Türkiye,1
Abdülfettah El Sisi,si,1
El Kaide,Pentagon,1
El Kaide,İkiz Kuleler,1
Dünya Ticaret Merkezi,Pentagon,1
Dünya Ticaret Merkezi,İkiz Kuleler,1
Dünya Ticaret Merkezi,El Kaide,1
Abdülfettah El Sisi,Mısır,1
Muhammed Mursi,Mısır,1
Arap Baharı,Suriye,1
Hüsnü Mü,barek,1
Hüsnü Mü,Mısır,1
Yasemin Devrimi,Yemen,1
Muhammed Buazizi,Tunus,1
Arap Baharı,Kuzey Afrika,1
Arap Baharı,Tunus,1
5 Nisan Kararları,Nobel Kimya Ödülü,1
1994 Ekonomik Krizi ',5 Nisan Kararları,1
11 Eylül Saldırılarını,Irak,1
' de,Atlas Okyanusu,1
ROMANYA,ravna Cavac,1
ROMANYA,Rusva,1
Ocak 1991,Ç,1
Ocak 1991,Ö,1
Güney Sudan,Ocak 1991,1
Güney Sudan,ME,1
Güney Sudan,Ç,1
Güney Sudan,Ö,1
ME,Ocak 1991,1
ME,Ç,1
ME,Ö,1
' de,Ocak 1991,1
' de,Güney Sudan,1
' de,ME,1
' de,Ç,1
Rusva,ravna Cavac,1
2020 ' de dünyada mültecilerin yayılımı,Rusya - Ukrayna Savaşı ' nda Ukraynalı mülteciler,1
Bilge Kral,Bosna - Hersek Devleti,1
Birinci,Dünya Savaşı ' nda Türkiye,1
BALKARYA C,KARAÇAY,1
BALKARYA C,TÜRK CUMHURIYETLERi,1
BALKARYA C,RUSYA FEDERASYONU,1
RUSYA FEDERASYONU,ÇERKESYA KABARDIN,1
RUSYA FEDERASYONU,TÜRK CUMHURIYETLERi,1
Genel Ağ,Görsel Ağ,1
Bağlantısızlar Hareketi ve Küresel Güçler,Güney - Güney İşbirliğinin,1
Mehmet Emin Resulzâde,Sadık Ahmet Ebulfez Elçibey,1
Türkiye Diyanet Vakfı,İstanbul,1
kurulu,parlamento,1
İngiliz Krallığı,İngiliz Uluslar Topluluğu,1
Allah ' ın Hz,Arz - ı Mevûd,1
Sadık Ahmet Ebulfez Elçibey,İsmail Gaspıralı,1
Mehmet Emin Resulzâde,İsmail Gaspıralı,1
' de,Ö,1
Atlas Okyanusu,Ocak 1991,1
1994 Ekonomik Krizi ',Aziz Sancar,1
Atlas Okyanusu,Güney Sudan,1
11 Eylül Saldırılarını düzenleyen terör örgütü,Nobel Kimya Ödülü,1
11 Eylül Saldırılarını düzenleyen terör örgütü,ülü,1
11 Eylül Saldırılarını düzenleyen terör örgütü,Irak,1
11 Eylül Saldırılarını düzenleyen terör örgütü,Suriye,1
11 Eylül Saldırılarını düzenleyen terör örgütü,1994 Ekonomik Krizi ',1
11 Eylül Saldırılarını düzenleyen terör örgütü,Aziz Sancar,1
11 Eylül Saldırılarını düzenleyen terör örgütü,5 Nisan Kararları,1
11 Eylül Saldırılarını düzenleyen terör örgütü,Kemal Derviş Süleymanoğlu,1
Kemal Derviş Süleymanoğlu,Nobel Kimya Ödülü,1
Kemal Derviş Süleymanoğlu,ülü,1
Kemal Derviş Süleymanoğlu,Suriye,1
1994 Ekonomik Krizi ',Nobel Kimya Ödülü,1
1994 Ekonomik Krizi ',ülü,1
1994 Ekonomik Krizi ',Irak,1
1994 Ekonomik Krizi ',Suriye,1
Nobel Kimya Ödülü,Suriye,1
Nobel Kimya Ödülü,ülü,1
1994,2001,1
Yarımada,Yurtdışı Türkler ve Akraba Topluluklar Başkanlığı,1
Atlas Okyanusu,ME,1
Atlas Okyanusu,Ç,1
Atlas Okyanusu,Ö,1
Yarımada,Yugoslavya,1
Yarımada,İslam Konferansı Örgütü,1
Yarımada,Yunus Emre Enstitüsü,1
Yurtdışı Türkler ve Akraba Topluluklar Başkanlığı,İslam Konferansı Örgütü,1
1994,2008 Ekonomik Kriz,1
Dış ticaret dengesini,döviz piyasası,1
SSCB ' nin dağılm,Türk cumhuriyet,1
SSCB ' nin dağılm,Türkiye,1
15 Temmuz Darbe Kalkışması ' nın,27 Nisan E - Muhtırası ve,1
15 Temmuz Darbe Kalkışması ' nın,"28 Şubat Müdahalesi,",1
27 Nisan E - Muhtırası ve,"28 Şubat Müdahalesi,",1
11 Eylül Saldırılarını,ABD,1
11 Eylül Saldırılarını,El Kaide terör örgütü,1
Bloku,Türkiye,1
Bosna - Hersek Savaşı,NATO,1
Bos,um,1
Bos,Sırp C,1
Bos,Bosna - Hersek Federasyonu,1
Bos,na - Hersek Devleti,1
Bos,Karadağ,1
Bos,ya,1
Bos,Makedon,1
Bos,Kosova,1
Bos,Slovenya,1
Bos,Hersek,1
Bos,na,1
Bos,Hırvatistan,1
Bos,Sırbistan,1
Bos,Yugoslavya,1
Bos,Bosna - Hersek,1
Slovenya,Yugoslavya,1
Slovenya,Sırbistan,1
Slovenya,na,1
na,savas,1
Aliya İzzetbegoviç,İsmail Gaspıralı,1
Aliya İzzetbegoviç,Mehmet Emin Resulzâde,1
Aliya İzzetbegoviç,Sadık Ahmet Ebulfez Elçibey,1
Aliya İzzetbegoviç,Bosna - Hersek Devleti,1
Kuzey Make,donya,1
Kuzey Make,Slovenya,1
na,ya,1
Slovenya,ya,1
Makedon,ya,1
Makedon,Slovenya,1
Makedon,na,1
Makedon,Sırbistan,1
Makedon,Yugoslavya,1
Slovenya,donya,1
Bos,Bosna - Hersek Savaşı,1
Bosna - Hersek Savaşı,Karadağ,1
BM Barış Gücü,Srebrenica,1
Bosna - Hersek Savaşı,ya,1
AET ',Türkiye,1
12 Eylül 1963,Ankara Antlaşması,1
AET,Avrupa Birliği,1
AET,Maastricht ( Mastriht ) Antlaşması,1
AET,Avrupa,1
Ekonomik Kalkınma ve İşbirliği Örgü,NATO,1
Ekonomik Kalkınma ve İşbirliği Örgü,tü,1
Ekonomik Kalkınma ve İşbirliği Örgü,Türkiye,1
Ekonomik Kalkınma ve İşbirliği Örgü,Finlandiya Dünya Savaşı,1
Finlandiya Dünya Savaşı,NATO,1
Finlandiya Dünya Savaşı,tü,1
Finlandiya Dünya Savaşı,Türkiye,1
Bloku,NATO,1
Bloku,tü,1
Bloku,Ekonomik Kalkınma ve İşbirliği Örgü,1
1993 Kopenhag Zirvesi ',AB,1
Gümrük Birliği,Türkiye,1
Gümrük Birliğine Giriş Antlaşması,Türkiye,1
Bosna - Hersek Savaşı,Yugoslavya,1
Bosna - Hersek Savaşı,Makedon,1
Bosna - Hersek Savaşı,Kosova,1
Bosna - Hersek Savaşı,Slovenya,1
Bosna - Hersek Savaşı,Hersek,1
Bosna - Hersek Savaşı,na,1
Bosna - Hersek Savaşı,Hırvatistan,1
AB ',Türkiye,1
Helsinki Zirvesi,TBMM,1
AB,İslam,1
AB,Avrupa Birliği,1
AB Konseyi,Türkiye ' nin,1
AB ' ye Katılım Ortaklığı Belgesi,AB Konseyi,1
AB ' ye Katılım Ortaklığı Belgesi,Türkiye ' nin,1
2004 Brüksel Zirvesi ',Türkiye,1
Boşnak,Sırp,1
BM Barış Gücü,Srebrenitsa,1
11 Eylül Saldırılarını,Kör - fez Savaşı,1
El Aksa İntifadası,Mescid - i Aksa,1
1990 - 2003 Körfez Savaş,Kuveyt,1
1990 - 2003 Körfez Savaş,İran,1
1990 - 2003 Körfez Savaş,Irak,1
1990 - 2003 Körfez Savaş,Kimout,1
siyon,İsrail,1
Filistin Devleti,İsrail,1
Filistin Devleti,siyon,1
Filistin Devleti,Rusya,1
Filistin Devleti,Türkiye,1
İslam dünya,İsrail,1
Malik Eissa,İsrail,1
Oslo Görüşmeleri ',İsrail,1
1975,BM Genel Kurulunun,1
Filistin ( Millî ) Sözleşmesi ',Siyonizm,1
1964,Siyonizm,1
Kimout,İran,1
Kimout,Kuveyt,1
BM Gü,lik Konseyi,1
2001,El Kaide,1
2001,2008 Ekonomik Kriz,1
2001,Pentagon,1
2001,ABD Savunma Bakanlığı,1
2001,İkiz Kuleler,1
2001,Dünya Ticaret Merkezi,1
2001,ABD,1
2001,Saddam Hüseyin,1
BM Gü,Çöl Fırtınası Harekâtı ' yla,1
1998,2001,1
1998,Saddam Hüseyin,1
1996,2001,1
1996,1998,1
1996,Saddam Hüseyin,1
lik Konseyi,Çöl Fırtınası Harekâtı ' yla,1
1964,Filistin ( Millî ) Sözleşmesi ',1
El Aksa İntifadası,Şerın,1
Srebrenica,Srebrenitsa,1
Mescid - i Aksa,Şerın,1
lığım,İslam,1
lığım,İslam Deklarasyonu,1
Doğu Batı Arasında,İslam,1
Doğu Batı Arasında,İslam Deklarasyonu,1
Doğu Batı Arasında,lığım,1
Doğu Batı Arasında,Tarih,1
Mladi Müslimani (,ya,1
ALİYA İZZETBEGOVİÇ,Mladi Müslimani (,1
ALİYA İZZETBEGOVİÇ,ya,1
na - Hersek Devleti,um,1
Sırp C,um,1
Sırp C,na - Hersek Devleti,1
Bosna - Hersek Federasyonu,um,1
Bosna - Hersek Federasyonu,Sırp C,1
Bosna - Hersek Federasyonu,na - Hersek Devleti,1
İslam,İslam Deklarasyonu,1
İslam,İsrail,1
K A N I T Srebrenica Katliamı ( 1995 ),Srebreni,1
1990 Sonrası,Orta Doğu,1
Ariel Sharon,El Aksa İntifadası,1
Ariel Sharon,Mescid - i Aksa,1
Ariel Sharon,Şerın,1
Gazze Şeridi,KÖ,1
Filistin Kurtuluş Örgütü,Gazze Şeridi,1
Filistin Kurtuluş Örgütü,KÖ,1
Mostar Köprüsü,israil,1
K A N I T Srebrenica Katliamı ( 1995 ),katliam,1
Bosna Savaşı,I T ',1
Halime Pehlivan,Srebrenitsa Katliamı,1
katliam,İkinci Dünya Savaşından,1
Srebreni,İkinci Dünya Savaşından,1
Srebreni,katliam,1
K A N I T Srebrenica Katliamı ( 1995 ),İkinci Dünya Savaşından,1
Golan Tepeleri,Suriye,1
Golan Tepeleri,İsrail,1
Muhsin Ertuğrul,Ömer Lütfi Akad,1
Arap - İsrail Savaş,Camp David Antlaşması,1
1978,İsrail,1
1978,Mısır,1
1978,Arap - İsrail Savaş,1
1978,Camp David Antlaşması,1
Yo,İsrail,1
Yo,Ürdün,1
1973 Arap - İsrail Savaşı ( Yom Kippur Savaşı ),İsrail,1
1973 Arap - İsrail Savaşı ( Yom Kippur Savaşı ),Arap,1
1967 Arap - İsrail Savaşı ' nın,İsrail,1
1967 Arap - İsrail Savaşı ' nın,Arap,1
1967 Arap - İsrail Savaşı ' nın,1973 Arap - İsrail Savaşı ( Yom Kippur Savaşı ),1
Doğu Kudüs,Sina Yarımadası,1
Doğu Kudüs,Gazze Bölgesi,1
Doğu Kudüs,Mısır,1
Doğu Kudüs,Golan Tepeleri,1
1978,Camp David ( Kemp Deyvid ) Antlaşması,1
Arap - İsrail Savaş,Mısır,1
Arap dünyasını,Süveyş Krizi,1
Arap - İsrail Savaş,İsrail,1
Irak Devlet,Saddam Hüseyin,1
Hûzistan,İran,1
Sina Yarımadası,Suriye,1
Sina Yarımadası,Ürdün,1
Camp David Antlaşması ',Mısır,1
Camp David Antlaşması ',Sina Yarımadası,1
Camp David Antlaşması ',İsrail,1
Enver Sedat,İsrail,1
Enver Sedat,Mısır,1
Camp David ( Kemp Deyvid ) Antlaşması,İsrail,1
Camp David ( Kemp Deyvid ) Antlaşması,Mısır,1
Camp David ( Kemp Deyvid ) Antlaşması,Camp David Antlaşması,1
Camp David Antlaşması,İsrail,1
Camp David Antlaşması,Mısır,1
Arap - İsrail Savaş,Camp David ( Kemp Deyvid ) Antlaşması,1
Doğu Kudüs,Suriye,1
Doğu Kudüs,Ürdün,1
Doğu Kudüs,Gazze,1
Doğu Kudüs,Sina Yarımada,1
Su,Ürdün,1
Su,ye,1
Cemal Abdünnâsır,Irak,1
Cemal Abdünnâsır,Ürdün,1
Cemal Abdünnâsır,ye,1
Cemal Abdünnâsır,Su,1
Cemal Abdünnâsır,Mısır,1
1967 Arap - İsrail Savaşı ( Altı Gün Savaşı ),Irak,1
1967 Arap - İsrail Savaşı ( Altı Gün Savaşı ),Ürdün,1
1967 Arap - İsrail Savaşı ( Altı Gün Savaşı ),ye,1
1967 Arap - İsrail Savaşı ( Altı Gün Savaşı ),Su,1
1967 Arap - İsrail Savaşı ( Altı Gün Savaşı ),Cemal Abdünnâsır,1
1967 Arap - İsrail Savaşı ( Altı Gün Savaşı ),Mısır,1
Süveyş Kanalı,İngiltere,1
Cimuoue Vanaln,Süveyş Kanalı,1
Su,riye,1
Golan Tepe,İsrail,1
Golan Tepe,Sina Yarımada,1
Batı Şeria,Sina Yarımadası,1
Doğu Kudüs,Golan Tepe,1
Gazze,Mavi Marmara,1
Gazze,Sina Yarımada,1
Gazze,Golan Tepe,1
Gazze,İsrail,1
Sina Yarımada,İsrail,1
Batı Şeria,Gazze Bölgesi,1
Batı Şeria,Golan Tepe,1
Batı Şeria,Mısır,1
Batı Şeria,Golan Tepeleri,1
Batı Şeria,Suriye,1
Batı Şeria,Ürdün,1
Batı Şeria,Gazze,1
Batı Şeria,Sina Yarımada,1
Irak Devlet,Şahı Rıza Pehlevî,1
Irak Devlet,stan,1
Cezayir Antlaşması,Irak Devlet,1
Kıta Sahanlığı,Mavi Vatan,1
ENOSİS,OKA,1
ENOSİS,Kıbrıs Mücadelesi Ulusal Örgütü,1
1877 - 1878 Osmanlı - Rus Savaşı,İngiltere,1
1877 - 1878 Osmanlı - Rus Savaşı,Osmanlı,1
1877 - 1878 Osmanlı - Rus Savaşı,Kıbrıs,1
Kıbrıs Sorunu ve Kıbrıs Barış Harekâtı,Süveyş Kanal,1
Kıbrıs Sorunu ve Kıbrıs Barış Harekâtı,Mısır,1
Kıbrıs Sorunu ve Kıbrıs Barış Harekâtı,Suriye,1
Ege Denizi,TPAO,1
Ege Denizi,Türkiye Petrolleri Anonim Ortak,1
Ege Denizi,Kıta Sahanlığı Sorunu,1
Ege Denizi,Süveyş Kanal,1
Ege Denizi,Mısır,1
Ege Denizi,Suriye,1
Ege Denizi,Kıbrıs,1
ENOSİS,Kıbrıs,1
ENOSİS,Türk Mukavemet Teşkilatı,1
ENOSİS,Yunanistan,1
EOKA,VOLKAN Teşkilatı,1
OSİS,Türkiye,1
OSİS,Yunanistan,1
Türk Mukavemet Teşkilatı,Volkan Teşkilatı,1
EOKA,Kıbrıs Elen,1
EOKA,Sampson,1
EOKA,Yunanistan,1
EOKA,MB,1
Kıbrıs Mücadelesi Ulusal Örgütü,OKA,1
EOKA,Kıbrıs Türk Mukavemet Birliği,1
EOKA,Kıbrıs,1
EOKA,Fazıl Küçük,1
EOKA,T,1
EOKA,Türk Mukavemet Teşkilatı,1
EOKA,Volkan Teşkilatı,1
Ege Denizi,Kıbrıs Sorunu ve Kıbrıs Barış Harekâtı,1
Kıta Sahanlığı,Münhasır Ekonomik Bölge,1
Cezayir Antlaşması,Saddam Hüseyin,1
Kıta Sahanlığı,Yunanistan,1
Libya,Yemen,1
Libya,Yasemin Devrimi,1
Libya,Yunanistan,1
Libya,İran,1
Eylül 1980,İran,1
Eylül 1980,Irak,1
Ayetullah Humeynî,İran İslam Cumhuriyeti,1
stan,Şahı Rıza Pehlevî,1
Saddam Hüseyin,İran,1
Saddam Hüseyin,İran Devrimi,1
Saddam Hüseyin,stan,1
Saddam Hüseyin,Şahı Rıza Pehlevî,1
Cezayir Antlaşması,stan,1
Cezayir Antlaşması,H,1
Cezayir Antlaşması,Şahı Rıza Pehlevî,1
Libya,Trablus,1
Libya,Muammer Kaddafi,1
Libya,Tunus,1
Körfez,Ürdün,1
Kıta Sahanlığı,Lozan Antlaşması,1
Vinre Carinen,iRAN - IRAK SAVASI,1
Olayı ( 1986,e,1
Olayı ( 1986,İrangat,1
Kuveyt,İran,1
Kuveyt,Saddam Hüseyin,1
Körfez,Suudi Arabistan,1
Suudi Arabistan,Türkiye,1
Körfez,İran,1
Körfez,Libya,1
Körfez,Suriye,1
Körfez,Türkiye,1
Suudi Arabistan,Tunus,1
Suudi Arabistan,İran,1
Cimuoue Vanaln,Mısır,1
1956 Süveyş Krizi,Arap - İsrail Savaşları ',1
1956 Süveyş Krizi,İran - Irak Savaşı,1
1946,SSCB,1
Doğu Bloku ',NATO ',1
Doğu Bloku ',Türkiye,1
Doğu Bloku ',Refik Ko raltan,1
Doğu Bloku ',Fuat Köprülü,1
Doğu Bloku ',Varşova Paktı,1
Doğu Bloku ',Kore Savaşı Marshall Planı Molotof Planı,1
Kore Savaşı Marshall Planı Molotof Planı,hukukun üstünlüğünü savunmak,1
Kore Savaşı Marshall Planı Molotof Planı,İnsan hakları,1
Kore Savaşı Marshall Planı Molotof Planı,SSCB,1
Kore Savaşı Marshall Planı Molotof Planı,NATO ',1
Kore Savaşı Marshall Planı Molotof Planı,Türkiye,1
Kore Savaşı Marshall Planı Molotof Planı,Refik Ko raltan,1
Kore Savaşı Marshall Planı Molotof Planı,Varşova Paktı,1
1946,1950,1
1946,hukukun üstünlüğünü savunmak,1
Doğu Bloku ',SSCB,1
Doğu Bloku ',İnsan hakları,1
Doğu Bloku ',hukukun üstünlüğünü savunmak,1
Cumhuriyet ' in ilk,Demokrat Parti Dönemi,1
Marshall,NATO,1
COMECON,Truman II,1
COMECON,NATO,1
COMECON,Marshall,1
COMECON,Cominform,1
Dünya Savaşı ' nı,Türkiye,1
hukukun üstünlüğünü savunmak,İnsan hakları,1
Refik Ko raltan,Varşova Paktı,1
Varşova Paktı,hukukun üstünlüğünü savunmak,1
Varşova Paktı,İnsan hakları,1
Refik Ko raltan,hukukun üstünlüğünü savunmak,1
Refik Ko raltan,İnsan hakları,1
Refik Ko raltan,SSCB,1
Refik Ko raltan,Türkiye,1
1946,İnsan hakları,1
1946,NATO ',1
CHP,İngiltere,1
1946,Türkiye,1
Avrupa Konseyi Demokrat Parti Truman Doktrini,Varşova Paktı,1
Avrupa Konseyi Demokrat Parti Truman Doktrini,Kore Savaşı Marshall Planı Molotof Planı,1
Savaş,So,1
Savaş,Soğuk,1
Kore Harbi ',Türkiye,1
2,Türkiye,1
2,Kore Harbi ',1
Tahtakale,İstanbul,1
Kuş,İstanbul,1
Kuş,tren,1
Haydarpaşa,tren,1
Haydarpaşa,Kuş,1
Haydarpaşa,Kurtalan,1
Kurtalan,tren,1
Kurtalan,Kuş,1
Avrupa Konseyi Demokrat Parti Truman Doktrini,Fuat Köprülü,1
Avrupa Konseyi Demokrat Parti Truman Doktrini,Refik Ko raltan,1
Avrupa Konseyi Demokrat Parti Truman Doktrini,Batı Bloku,1
1946,Varşova Paktı,1
1946,Doğu Bloku ',1
1946,Batı Bloku,1
1946,ABD,1
1946,Refik Ko raltan,1
1946,Fuat Köprülü,1
1946,Adnan Menderes,1
1946,Kore Savaşı Marshall Planı Molotof Planı,1
Avrupa Konseyi Demokrat Parti Truman Doktrini,Doğu Bloku ',1
1946,Avrupa Konseyi Demokrat Parti Truman Doktrini,1
Avrupa Konseyi Demokrat Parti Truman Doktrini,hukukun üstünlüğünü savunmak,1
Avrupa Konseyi Demokrat Parti Truman Doktrini,İnsan hakları,1
Avrupa Konseyi Demokrat Parti Truman Doktrini,SSCB,1
Avrupa Konseyi Demokrat Parti Truman Doktrini,NATO ',1
Avrupa Konseyi Demokrat Parti Truman Doktrini,Türkiye,1
Marshall,Truman II,1
CHP,Fransa,1
1956 Süveyş Krizi,1973 Arap - İsrail Savaşı,1
1956,1973,1
1948 Arap - İsrail Savaşı,1973 Arap - İsrail Savaşı,1
1948 Arap - İsrail Savaşı,1967 Arap - İsrail Savaşı,1
1948 Arap - İsrail Savaşı,1956 Süveyş Krizi,1
1948 Arap - İsrail Savaşı,Irak,1
1948 Arap - İsrail Savaşı,Lübnan,1
1948 Arap - İsrail Savaşı,Ürdün,1
1948 Arap - İsrail Savaşı,Suriye,1
1948 Arap - İsrail Savaşı,Mısır,1
1948 Arap - İsrail Savaşı,Çoğunluk Planı,1
1948 Arap - İsrail Savaşı,BM ',1
1948 Arap - İsrail Savaşı,İsrail,1
1948 Arap - İsrail Savaşı,ABD,1
1973,Arap - İsrail Savaş,1
1967,Arap - İsrail Savaş,1
1967,1973,1
1948 Arap - İsrail Savaşı,İran - Irak Savaşı,1
1948 Arap - İsrail Savaşı,Arap - İsrail Savaşları ',1
BM ',İsrail,1
Ürdün,İran,1
1956 Süveyş Krizi,1967 Arap - İsrail Savaşı,1
1956 Süveyş Krizi,Orta Doğu ',1
1956 Süveyş Krizi,Soğuk Savaş ',1
1956 Süveyş Krizi,Süveyş Kanalı,1
1956 Süveyş Krizi,Mısır,1
1956 Süveyş Krizi,Cimuoue Vanaln,1
Çoğunluk Planı,Ürdün,1
BM ',Çoğunluk Planı,1
Çoğunluk Planı,İsrail,1
BM ',Irak,1
BM ',Lübnan,1
BM ',Ürdün,1
BM ',Suriye,1
BM ',Mısır,1
1956,Arap - İsrail Savaş,1
1956,1967,1
CHP,İtalya,1
Süveys Kanali Filistin toprakları,İsrail Devleti,1
Küba Krizi,SSCB,1
1962,Yumuşama Dönemi,1
1962,Soğuk Savaş Dönemi,1
1962,Küba Krizi,1
1962,SSCB,1
1962,ABD,1
1962,Doğu Bloku,1
Bandung Konferansı,Bağlantısızlar Hareketi,1
TOPLUMSAL DEVRIM ÇAGINDA DÜNYA VE TÜRKIYE ÜNiTESi,savaş,1
Türk dış politikasını,Türkiye,1
Türk dış politikasını,Türkiye ' deki,1
Bağlantısızlar Hareketi Yumuşama ( Detant ) Dönemi Çoğunluk Planı Askerî Darbe Stand - by Antlaşması,Türkiye,1
Bağlantısızlar Hareketi Yumuşama ( Detant ) Dönemi Çoğunluk Planı Askerî Darbe Stand - by Antlaşması,Türk dış politikasını,1
Bağlantısızlar Hareketi Yumuşama ( Detant ) Dönemi Çoğunluk Planı Askerî Darbe Stand - by Antlaşması,Türkiye ' deki,1
CHP,SSCB,1
Küba Krizi,Soğuk Savaş Dönemi,1
Küba Krizi,Yumuşama Dönemi,1
Soğuk Savaş Dönemi,Yumuşama Dönemi,1
1955 Bandung Konferansı,Batı Blokları,1
Arap - İsrail Savaşları,İsrail Devleti,1
Arap - İsrail Savaşları,Süveys Kanali Filistin toprakları,1
Soğuk Savaş,Varşova Paktı,1
Soğuk Savaş,ant,1
Bağlantısızlar Hareketi,Soğuk Savaş Dönemi,1
Bağlantısızlar Hareketi,Doğu,1
1955 Bandung Konferansı,Doğu,1
Helsinki Sözleşmesi,SSCB,1
1955 Bandung Konferansı,Bağlantısızlar Hareketi,1
Kennedy,Küba,1
Florida,Küba,1
Florida,SSCB,1
Florida,Küba Krizi ( 1962,1
Küba Krizi ( 1962,SSCB,1
OSİS,Taksim,1
Taksim,Yunanistan,1
Taksim,Türkiye,1
1982,Yeni anayasa,1
Türk devletinin,Türkiye Cumhuriyeti,1
1982 Anayasa,27 Mayıs 1960 Askerî Darbesi,1
1982 Anayasa,Esas,1
1982 Anayasa,Türkiye Cumhuriyeti,1
1982 Anayasa,Türk devletinin,1
Sinema Sektörü,Yalçın Lüleli,1
27 Mayıs ve 12 Eylül Askerî Darbelerinin,Sinema Sektörü,1
27 Mayıs ve 12 Eylül Askerî Darbelerinin,Yalçın Lüleli,1
12 Eylül Darbesi,82 Anayasası ',1
Darbe,Türk siyasi yaşamı,1
Darbe,Türk siyaseti,1
Doğru Yol Partisi,Türkiye,1
1965 genel seçimleri,Türkiye ',1
ÜLEYMAN DEMİREL,İslamköy,1
1980,1982 Ana - yasaları,1
Esas,Türk devletinin,1
Esas,Türkiye Cumhuriyeti,1
Devletin,Kuruluşu,1
Cumhuriyeti,SSCB,1
adâlet,devleti,1
lâik ve sosyal bir hukuk Devleti,millî demokratik,1
Cumhuriyeti,Ege,1
Cumhuriyeti,Karadeniz,1
Cumhuriyeti,Kıbrıs Türk,1
Cumhuriyeti,Kıbrıslı Rumların,1
Cumhuriyeti,Rauf Denktaş,1
Anayasa Mahkemesi,Yüksek Hâkimler Kurulu,1
Cumhuriyeti,lâik ve sosyal bir hukuk Devleti,1
Cumhuriyeti,millî demokratik,1
Millî Güvenlik Kurulu,Şubat 1997,1
Millî Güvenlik Kurulu,Türkiye,1
Millî Güvenlik Kurulu,Yüksek Hâkimler Kurulu,1
Anayasa Mahkemesi,Millî Güvenlik Kurulu,1
1980,Türkiye,1
askerî vesayet,ûmet,1
1961 Anayasası,Türkiye,1
12 Eylül 1980,TBMM,1
1957,DP,1
1954,1957,1
1954,DP,1
Demokratik,Evner Ergun,1
Demokratik,Seine neh,1
Evner Ergun,Seine neh,1
Birlesmis Milletler ',Demokratik,1
Birlesmis Milletler ',Evner Ergun,1
Birlesmis Milletler ',Seine neh,1
ASALA ve PKK,Türkiye ' de Etnik Terör,1
ASALA ve PKK,Reyhan İşeri,1
Reyhan İşeri,Türkiye ' de Etnik Terör,1
Ermeni Hükûmeti,Türkiye,1
Akdamar Kilisesi,Ermenistan,1
Akdamar Kilisesi,Türkiye,1
Askerî Darbe,DP,1
27 Mayıs 1960,Millî Birlik Komitesi,1
Cumhuriyet tarihinin,ilk,1
Hükûme,Süleyman Demirel,1
12 Mart Muhtırası,Türkiye,1
Süleyman Demirel,TBMM,1
12 Mart 1971,TBMM,1
12 Mart 1971,Hükûme,1
12 Mart 1971,Süleyman Demirel,1
Hükûme,TBMM,1
Cumhuriyet Se,natosu,1
Cumhuriyet tarihinin,darbe,1
1968,natosu,1
1968,Cumhuriyet Se,1
1960 Askerî Darbesi,1961 Anayasası,1
darbe,kutup,1
darbe,ilk,1
Cumhuriyet tarihinin,Türkiye,1
Dev,Türkiye Cumhuriyeti,1
1961 ve,1982 Anayasalarının,1
Diaspora Ermenileri,PKK,1
24 Ocak Kararları Akritas Planı,Kıbrıslı Rumların,1
Bağlantısızlar Hareketi ',Rauf Denktaş,1
Bağlantısızlar Hareketi ',C Bandung Konferansı Çoğunluk Planı,1
C Bandung Konferansı Çoğunluk Planı,Ege,1
C Bandung Konferansı Çoğunluk Planı,Karadeniz,1
C Bandung Konferansı Çoğunluk Planı,Türkiye,1
C Bandung Konferansı Çoğunluk Planı,Cumhuriyeti,1
C Bandung Konferansı Çoğunluk Planı,Kıbrıs Türk,1
C Bandung Konferansı Çoğunluk Planı,Kıbrıslı Rumların,1
C Bandung Konferansı Çoğunluk Planı,SSCB,1
C Bandung Konferansı Çoğunluk Planı,Rauf Denktaş,1
24 Ocak Kararları Akritas Planı,Ege,1
24 Ocak Kararları Akritas Planı,Akdeniz,1
24 Ocak Kararları Akritas Planı,Karadeniz,1
24 Ocak Kararları Akritas Planı,Türkiye,1
24 Ocak Kararları Akritas Planı,Cumhuriyeti,1
Bağlantısızlar Hareketi ',SSCB,1
Bağlantısızlar Hareketi ',Kıbrıslı Rumların,1
Bağlantısızlar Hareketi ',Kıbrıs Türk,1
Kıbrıs Türk,SSCB,1
Amerika Birleşik Devlet,Sovyetler Birliği,1
Amerika Birleşik Devlet,İngiltere,1
Amerika Birleşik Devlet,Fransa,1
Orta Doğu ',Soğuk Savaş ',1
Kıbrıs Türk,Türkiye,1
Kıbrıs Türk,Kıbrıslı Rumların,1
Kıbrıs Türk,Rauf Denktaş,1
Bağlantısızlar Hareketi ',Cumhuriyeti,1
Kıbrıslı Rumların,Türkiye,1
Kıbrıslı Rumların,SSCB,1
Kıbrıslı Rumların,Rauf Denktaş,1
Bağlantısızlar Hareketi ',Ege,1
Bağlantısızlar Hareketi ',Karadeniz,1
Bağlantısızlar Hareketi ',Türkiye,1
24 Ocak Kararları Akritas Planı,Kıbrıs Türk,1
24 Ocak Kararları Akritas Planı,SSCB,1
Sam,Trabzon,1
24 Ocak Kararları Akritas Planı,ABD,1
Eurovision,Sertab Erener,1
Eurovision,Şarkı Yarışması,1
Eurovision,Semiha Yankı,1
Semiha Yankı,Türkiye,1
Erkin Ko,ray,1
Barış Manço,ray,1
Barış Manço,Erkin Ko,1
Cem Karaca,Türk halk müziği,1
Anadolu pop - rock,Cem Karaca,1
Anadolu pop - rock,Türk halk müziği,1
Ferdi Tayfur,Müslüm Gür,1
Ferdi Tayfur,Orhan Gencebay,1
Müslüm Gür,Orhan Gencebay,1
Neşet Ertaş,Âşık Veysel,1
Sam,İzmir,1
Eurovision,Everyway That I Can,1
( Yurovijın ) Şarkı Yarışması,Semiha Yankı,1
( Yurovijın ) Şarkı Yarışması,Türkiye,1
12 Eylül Askerî Darbesi ',Anavatan Partisi,1
24 Ocak Kararları Akritas Planı,Bağlantısızlar Hareketi ',1
24 Ocak Kararları Akritas Planı,Rauf Denktaş,1
24 Ocak Kararları Akritas Planı,C Bandung Konferansı Çoğunluk Planı,1
24 Ocak Kararları,Türkiye,1
Anavatan Partisi,Turgut Özal,1
12 Eylül Askerî Darbesi ',Turgut Özal,1
12 Eylül Askerî Darbesi ',1983 seçimleri,1
( Yurovijın ) Şarkı Yarışması,Eurovision,1
1983 seçimleri,Turgut Özal,1
1983 seçimleri,Anavatan Partisi,1
24 Ocak Ka,rarları,1
Devlet Planlama Teşkilatı,Dünya Bankası,1
Mühendisliği,İstanbul Teknik Üniversitesi,1
Kara - yolları Genel Müdürlüğü,Türkiye,1
Akdamar Kilisesi,Van Gölü,1
Büyük Ermenistan,Ermeni diaspor,1
11 Şubat 1959,NATO,1
Boğaziçi,EOKA ',1
Hava Kuvvetleri,Lefkoşa,1
Girne,Gönyeli,1
Girne,Lefkoşa,1
Girne,Hava Kuvvetleri,1
Necmettin Erbakan,Yunanistan,1
Bülent Ecevit,Yunanistan,1
Bülent Ecevit,Kıbrıs,1
Kıbrıs Elen,Sampson,1
Kıbrıs Elen,Yunanistan,1
Sampson,Yunanistan,1
Albaylar Cuntası,Kıbrıs Elen,1
Albaylar Cuntası,Sampson,1
Albaylar Cuntası,EOKA,1
Albaylar Cuntası,Yunanistan,1
Kıbrıs Geçici Türk Yönetimi,Rauf Denktaş,1
Gönyeli,Hava Kuvvetleri,1
Gönyeli,Lefkoşa,1
Turan Güneş,Türkiye,1
Barış Harekâtı,Türkiye,1
BM Genel Kurulu,Filistin Devleti,1
BM Genel Kurulu,Rusya,1
BM Genel Kurulu,Türkiye,1
BM Genel Kurulu,Kıbrıs,1
Ege Ordusu,İzmir,1
Ege Ordusu,Türkiye,1
Barış Harekâtı,SSCB,1
Turan Güneş,İkinci Kıbrıs Barış Harekatı,1
Rauf Denktaş,SSCB,1
Rauf Denktaş,Türk Federe Devleti,1
Magusa,İkinci Barış Harekâtı,1
Lef - koşa,Magusa,1
Lef - koşa,Lefke,1
Lef - koşa,İkinci Barış Harekâtı,1
Boğaziçi,Geçitkale,1
sın,İsmet İnönü,1
KKTC,Türkiye,1
Johnson (,İsmet İnönü,1
Kıbrıs Cumhuriyeti,Makarios,1
Türk Bakanlar Kurulunun,Türk Temsilciler Meclisi,1
Kıbrıs Anayasa - sı ',Türk Bakanlar Kurulunun,1
Kıbrıs Anayasa - sı ',Türk Temsilciler Meclisi,1
Kıbrıs Ortodoks Kilisesi Baş,Londra Antlaşması,1
Kıbrıs Ortodoks Kilisesi Baş,arios,1
Fazıl Küçük,Kıbrıs Geçici Türk Yönetimi,1
Fazıl Küçük,Rauf Denktaş,1
Fazıl Küçük,Londra Antlaşması,1
Fazıl Küçük,arios,1
Fazıl Küçük,Kıbrıs Ortodoks Kilisesi Baş,1
Kıb -,ıs Türk,1
Zürih Antlaşma,sı,1
11 Şubat 1959,sı,1
11 Şubat 1959,Zürih Antlaşma,1
Yorgo Grivas,Yunanistan,1
Yorgo Girivas,Yunanistan,1
Yorgo Girivas,Yorgo Grivas,1
Bay Başbakan,Kıbrıs,1
Johnson (,sın,1
Kıbrıs ' taki Türk Alayı,İlhan,1
Aralık 1963,Kanlı Noel,1
Akritas Planı,Yunanistan,1
Akritas Planı,Kıbrıs,1
Başkanı Johnson,Kıbrıs,1
Bay Başbakan,Başkanı Johnson,1
1958 ',Rauf Denktaş,1
MB,VOLKAN Teşkilatı,1
Kıbrıs Türk Mukavemet Birliği,VOLKAN Teşkilatı,1
Kıbrıs Türk Mukavemet Birliği,MB,1
Kıbrıs Millî Türk Halk Partisi,THP,1
FAZIL KÜÇÜK,THP,1
FAZIL KÜÇÜK,Kıbrıs Millî Türk Halk Partisi,1
Kuzey Kıbrıs Türk Cumhuriyeti,Rauf Denktaş,1
KKTC,R,1
Ermeni diaspora sı,Türkiye,1
Lib,Türkiye,1
1947 Paris Antlaşma,İtalya,1
Paris Antlaşması,Yunanistan,1
Paris Antlaşması,İtalya,1
Meis,Paris Antlaşması,1
Meis,Türkiye,1
Ege Adaları Sorunu,Yunanistan,1
Ege Adaları Sorunu,İtalya,1
Ege Adaları Sorunu,Meis,1
Ege Adaları Sorunu,Türkiye,1
Ege Adaları Sorunu,Gökçeada,1
Ege Adaları Sorunu,Lozan Antlaşması,1
Münhasır Ekonomik Bölge,Türkiye,1
Mavi Vatan,Münhasır Ekonomik Bölge,1
Mavi Vatan,Türkiye,1
Mavi Vatan,Türkiye Cumhuriyeti,1
1947 Paris Antlaşma,Paris Antlaşması,1
1947 Paris Antlaşma,Meis,1
1947 Paris Antlaşma,Yunanistan,1
Sadık Ahmet,Selanik Cezaevi,1
Ermeni Diasporası 1915 Olayları,SSCB,1
ASALA,SSCB,1
ASALA,Ermeni Diasporası 1915 Olayları,1
24 Kasım 2020,Batı Trakya,1
%,ülke barajı,1
Sadık Ahmet,Yunanistan,1
1923 Lozan Antlaşması,Batı Trakya,1
1947 Paris Antlaşma,Ege Adaları,1
1913,Bulgaristan,1
1913,İstanbul Antlaşması,1
1913,Osmanlı Devleti,1
1913,Balkan Savaşları,1
1913,Batı Trakya,1
1947 Paris Antlaşma,Lozan,1
Türk donanması,donan,1
Yunan kıta,Yunanistan,1
KKTC,TURAN GÜNEŞ,1
TPAO,Türkiye Petrolleri Anonim Ortak,1
AUF DENK,R,1
CMETTİN ERBAKAN,NE,1
Kıbrıs Türk Cumhuriyeti,Türkiye,1
Kıbrıs Türk Cumhuriyeti,Rauf Denktaş,1
Federe Devleti,Rauf Denktaş,1
1967 EOKA,Geçitkale,1
1967 EOKA,Boğaziçi,1
1923 Lozan Barış Antlaşması,Yunanistan,1
1974 Kıbrıs Barış Harekâtı ' ndan,Devleti,1
1974 Kıbrıs Barış Harekâtı ' ndan,Federe,1
Baf,Kıbrıs,1
Baf,R,1
AUF DENKTAŞ,Baf,1
AUF DENKTAŞ,Kıbrıs,1
AUF DENKTAŞ,R,1
AUF DENK,KKTC,1
AUF DENK,TURAN GÜNEŞ,1
Fatin Rüştü Zorlu,Londra Konferansı,1
Hüner Tuncer,Türk Dış Politikası,1
TPAO,Türkiye,1
Kıta Sahanlığı Sorunu,Türkiye,1
Kıta Sahanlığı Sorunu,Yunanistan,1
Kıbrıs Barış Harekâtı ' nın,Türkiye,1
Galip Alçıtepe,Kıbrıs Bunalımı ve Barış Harekâtı,1
K A N I T Birinci Barış Harekâtı,Temmuz,1
Büyük Atatürk,Türkiye,1
Fatin Rüştü Zorlu,Kıbrıs,1
Anadolu Ya,ımadası,1
Anadolu Ya,Kıbrıs,1
Anadolu Ya,Londra Konferansı,1
Anadolu Ya,Fatin Rüştü Zorlu,1
Fatin Rüştü Zorlu,Hasan Polatkan,1
Fatin Rüştü Zorlu,ımadası,1
Islahat Grubu,İstiklal Grubu,1
Islahat Grubu,Tesanüt Grubu,1
Müdâfaa - i Hukuk Zümresi,İstiklal Grubu,1
gal,İzmir ',1
MILLÎ MÜCADELE ÜNITESi,gal,1
MILLÎ MÜCADELE ÜNITESi,izmir ',1
AMAN,ve II,1
AMAN,SU,1
AMAN,ATATÜRKÇÜLÜK VE TÜRK iNKILABI ÜNITESi,1
AMAN,gal,1
AMAN,izmir ',1
AMAN,MILLÎ MÜCADELE ÜNITESi,1
Atatürk ' ün Gençliğe Hitabesi,Mondros Ateşkes Antlaşması ' nın,1
Sine - i Millete Dönmek Manda ve Himaye Güçler Birliği Tekâlif - i Millîye,Türkiye,1
Mudanya Ateşkes Antlaşması ',İstanbul,1
Mudanya Ateşkes Antlaşması ',İtilaf Devletleri,1
Mudanya Ateşkes Antlaşması ',Türkiye,1
Mudanya Ateşkes Antlaşması ',Sevr Antlaşması ',1
Mudanya Ateşkes Antlaşması ',Sine - i Millete Dönmek Manda ve Himaye Güçler Birliği Tekâlif - i Millîye,1
gal,izmir ',1
Kuvây - ı Milliye,İzmir ' in İşgali ( 15 Mayıs 1919 ),1
1919,Mustafa Kemal Paşa,1
Kuvây - ı Milliye,İzmir,1
Megali İdea,Riga Ferreros,1
Megali İdea,istan,1
Megali İdea,Pontus Rum Devleti,1
Megali İdea ',Yunanistan,1
Megali İdea ',Meselesi,1
Megali İdea ',Pontus,1
Megali İdea ',İzmir,1
Redd - i İlhak Cemiyeti,İzmir,1
İzmir,İzmir Redd - i İlhak Cemiyeti,1
İzmir,İzzet Bey,1
İzmir,İzmir ' in İşgali ( 15 Mayıs 1919 ),1
Kuvây - ı Milliye,Kılıç Ali Bey,1
Kuvây - ı Milliye,Sivas Kongresi ',1
Kuvây - ı Milliye,Pozantı Kongre,1
Kuvây - ı Milliye,Nazilli,1
Sevr Antlaşması ',Çankırı,1
Sevr Antlaşması ',Tokat,1
Sevr Antlaşması ',Yunan idari bölgesi,1
Sevr Antlaşması ',Sine - i Millete Dönmek Manda ve Himaye Güçler Birliği Tekâlif - i Millîye,1
Büyük Millet Meclisi,Eb,1
Büyük Millet Meclisi,in,1
Büyük Millet Meclisi,Lozan,1
Büyük Millet Meclisi,Ismet Inönü,1
Büyük Millet Meclisi,Under Atatä,1
Büyük Millet Meclisi,Hatay,1
Büyük Millet Meclisi,Türkiye Cumhurre,1
Büyük Millet Meclisi,Çok Partili Hayata Geçiş Denemeleri,1
Büyük Millet Meclisi,ti,1
Büyük Millet Meclisi,TBMM,1
Büyük Millet Meclisi,Kuvây - ı Milliye,1
Büyük Millet Meclisi,Mustafa Kemal,1
Büyük Millet Meclisi,Kozan,1
Büyük Millet Meclisi,Türk milletinin İstiklâl Marşı,1
Büyük Millet Meclisi,Âkif,1
Büyük Millet Meclisi,Sefimiz Atatürk,1
Doğu ve Güney Ceph,Millî Mücadele ' nin Sona Ermesi ve Lozan Barış Konferansı,1
Doğu ve Güney Ceph,Megali İdea Müdâfaa - i Hukuk,1
Düzenli ordunun,Megali İdea Müdâfaa - i Hukuk,1
Düzenli ordunun,Türkiye,1
Düzenli ordunun,Mudanya Ateşkes Antlaşması ',1
Düzenli ordunun,Millî Mücadele,1
Düzenli ordunun,Sevr Antlaşması ',1
Düzenli ordunun,Kuvây - ı Milliye hareketinin,1
Düzenli ordunun,Sine - i Millete Dönmek Manda ve Himaye Güçler Birliği Tekâlif - i Millîye,1
Düzenli ordunun,Millî Mücadele ' nin Sona Ermesi ve Lozan Barış Konferansı,1
Doğu ve Güney Ceph,Sine - i Millete Dönmek Manda ve Himaye Güçler Birliği Tekâlif - i Millîye,1
Doğu ve Güney Ceph,Türkiye,1
Doğu ve Güney Ceph,Mudanya Ateşkes Antlaşması ',1
Doğu ve Güney Ceph,Düzenli ordunun,1
Doğu ve Güney Ceph,Millî Mücadele,1
Doğu ve Güney Ceph,Sevr Antlaşması ',1
Doğu ve Güney Ceph,Kuvây - ı Milliye hareketinin,1
Megali İdea,Riga Ferrorus,1
Megali İdea,İngiltere,1
Pontus Rum Devleti,istan,1
HALİDE EDİP ADIVAR,Halide Edip,1
Mustafa Kemal Atatürk,çilik,1
Mustafa Kemal Atatürk,Türk milleti,1
Mustafa Kemal Atatürk,Türkiye Cumhuriyeti,1
Mustafa Kemal Atatürk,TBMM Zabıt Ceridesi,1
Mustafa Kemal Atatürk,Mücade,1
Halide Edip Adıvar,Mustafa Kemal Atatürk,1
Halide Edip Adıvar,Mücade,1
Hacı Murat Arabacı,Mustafa Kemal Atatürk,1
Hacı Murat Arabacı,Halide Edip Adıvar,1
Hacı Murat Arabacı,Mücade,1
1922,Başkomu,1
1922,İzmir,1
Halide Edip,Halide On,1
Halide Edip,Sakarya Meydan Muharebesi ',1
Halide Edip,Mayıs 1919,1
Mustafa Kemal Atatürk,Sümerbank,1
Mustafa Kemal Atatürk,TBMM,1
AMA,Kanıtlardan yararlanarak soruları,1
Hamdullah Suphi ( Tanrıöver ) Bey,Manisa,1
Anado,Rumeli,1
Anado,lu,1
Anado,Samsun,1
Anado,Mustafa Kemal,1
Anado,lu ' nun,1
Sultanahmet Mitingi,İzmir,1
Hamdullah Suphi ( Tanrıöver ) Bey,İzmir,1
I T,Sultanahmet Mitingi,1
Hamdullah Suphi ( Tanrıöver ) Bey,Sultanahmet Mitingi,1
Hamdullah Suphi ( Tanrıöver ) Bey,I T,1
I T,Mecelle ',1
I T,kanunu,1
I T,Manisa,1
I T,İzmir,1
HALİDE EDİP ADIVAR,Mayıs 1919,1
Kordon,Yunan Efzun Alayı,1
Süleyman Fethi Bey,Yunan,1
Kordon,Mayıs 1919,1
Meh,Nakiye Hanım ( Elgün ),1
Meh,met Emin ( Yurdakul ),1
Hamdullah Suphi ( Tanrıöver ),Mehmet Âkif,1
Hamdullah Suphi ( Tanrıöver ),Millî Mücadele,1
Hamdullah Suphi ( Tanrıöver ),Nakiye Hanım ( Elgün ),1
Hamdullah Suphi ( Tanrıöver ),met Emin ( Yurdakul ),1
Hamdullah Suphi ( Tanrıöver ),Meh,1
Halide Edip ( Adıvar ),Yunus Nadi ( Abalıoğlu ),1
Halide Edip ( Adıvar ),Millî Mücadele,1
Halide Edip ( Adıvar ),TUSU ANADOLU AJANS,1
Halide Edip ( Adıvar ),M,1
Halide Edip ( Adıvar ),Nakiye Hanım ( Elgün ),1
Halide Edip ( Adıvar ),met Emin ( Yurdakul ),1
Halide Edip ( Adıvar ),Meh,1
Halide Edip ( Adıvar ),Hamdullah Suphi ( Tanrıöver ),1
Nakiye Hanım ( Elgün ),met Emin ( Yurdakul ),1
Kuvây - ı Milliye ( Millî Kuvvetler ),Müdâfaa - i Hukuk,1
Ahmet Hulusi,İzmir,1
Mayıs 1919,İzmir,1
Kordon,İzmir,1
Yunan Efzun Alayı,İzmir,1
Mayıs 1919,İstanbul,1
Mayıs 1919,Mondros Ateşkes Antlaşması,1
Mayıs 1919,Mustafa Kemal,1
Mayıs 1919,Yunan Efzun Alayı,1
- ı Mahsusa,Osmanlı Devleti,1
Ahmet Hulusi,Denizli,1
- ı Mahsusa,Hasan Tahsin,1
- ı Mahsusa,Osman Nevres,1
Osman Nevres,Osmanlı Devleti,1
Hasan Tahsin,Kemal Arı,1
Hasan Tahsin,Osmanlı Devleti,1
Hasan Tahsin,Osman Nevres,1
Büyük Millet Meclisi,Türkiye Büyük Millet Meclisi Hükûmet,1
Büyük Millet Meclisi,Türkiye Devleti,1
Büyük Millet Meclisi,Mudanya Ateşkes,1
1920,Osmanlı Heyeti,1
31 Mart Vakası Monroe Doktrini,İttihat ve Terakki Brest - Litovsk Anafartalar Grup Komutanı,1
) Antlaşması,Yugoslavya,1
) Antlaşması,Yunanistan,1
) Antlaşması,Romanya,1
) Antlaşması,Bulgaristan,1
) Antlaşması,1919,1
Dünya Savaşı ' ndan sonra imzalanan barış antlaşmaları,Dünya Savaşı sonrasında yapılan barış antlaşmalarının ortak özellikleri nelerdir,1
iyanon,Çekoslovakya,1
Triannon,Yugoslavya,1
Triannon,Çekoslovakya,1
Triannon,iyanon,1
1920,Gümrü Antlaşması,1
1920,İstanbul Hükûmet,1
1920,M,1
1920,Sevr Antlaşması,1
31 Mart Vakası Monroe Doktrini,Osmanlıcılık Vatan ve Hürriyet Londra Antlaşması,1
31 Mart Vakası Monroe Doktrini,Osmanlı,1
31 Mart Vakası Monroe Doktrini,Osmanlı milleti,1
Osmanlı coğrafya,İtilaf Devletleri ',1
Doğu Anadolu Bölgesi,Çanakkale,1
Rusya ',Çanakkale,1
Kanal,Rusya ',1
Kanal,Makedonya,1
Kanal,Çanakkale,1
Osmanlı coğrafya,Rusya,1
' nın I,Osmanlı milleti,1
Osmanlıcılık Vatan ve Hürriyet Londra Antlaşması,İttihat ve Terakki Brest - Litovsk Anafartalar Grup Komutanı,1
' nın I,Osmanlı,1
' nın I,Osmanlıcılık Vatan ve Hürriyet Londra Antlaşması,1
' nın I,31 Mart Vakası Monroe Doktrini,1
' nın I,İttihat ve Terakki Brest - Litovsk Anafartalar Grup Komutanı,1
Osmanlı milleti,Osmanlıcılık Vatan ve Hürriyet Londra Antlaşması,1
Osmanlı milleti,İttihat ve Terakki Brest - Litovsk Anafartalar Grup Komutanı,1
1920,İtilaf Devletleri,1
1920,Paris,1
Doğu Anadolu Bölgesi,Kafkas,1
1920,Misak - ı Millî ',1
Loren,İngiltere,1
Loren,Saar Bölgesi,1
Alsas,slovakya,1
Alsas,Ç,1
Alsas,Avusturya,1
Alsas,İtalya,1
Alsas,Uluslararası Savaş Suçları Mahkemesi,1
Alsas,Nazi,1
Alsas,SSCB,1
Alsas,İngiltere,1
Alsas,Saar Bölgesi,1
Versailles ( Versay ) Antlaşması,İngiltere,1
1919,Erzurum,1
1919,Trabzon,1
1919,Mondros Ateşkes Antlaşması ',1
Loren,SSCB,1
Loren,Nazi,1
Loren,Uluslararası Savaş Suçları Mahkemesi,1
1920,Çekoslovakya,1
1920,Mustafa Kemal,1
1920,Osmanlı Mebusan Meclisi,1
1920,İst,1
1920,Avusturya,1
1920,Romanya,1
1920,Yugoslavya,1
1920,iyanon,1
Loren,İtalya,1
1920,Triannon,1
1920,Macaristan,1
Saint Germain ( Sen Jermen ) Antlaşması,Yugoslavya,1
Saint Germain ( Sen Jermen ) Antlaşması,Çekoslovakya,1
Loren,slovakya,1
Loren,Ç,1
Doğu Anadolu Bölgesi,Hicaz,1
Doğu Anadolu Bölgesi,Kanal,1
Büyük Millet Meclisi,Sevr Antlaşması,1
Talat Paşa,Yalta,1
Kuvây - ı Milliye hareketinin,Sevr Antlaşması ',1
Kuvây - ı Milliye hareketinin,Sine - i Millete Dönmek Manda ve Himaye Güçler Birliği Tekâlif - i Millîye,1
Kuvây - ı Milliye hareketinin,Megali İdea Müdâfaa - i Hukuk,1
Kuvây - ı Milliye hareketinin,Millî Mücadele ' nin Sona Ermesi ve Lozan Barış Konferansı,1
Millî Mücadele ' nin Sona Ermesi ve Lozan Barış Konferansı,Türkiye,1
Millî Mücadele ' nin Sona Ermesi ve Lozan Barış Konferansı,Mudanya Ateşkes Antlaşması ',1
Millî Mücadele ' nin Sona Ermesi ve Lozan Barış Konferansı,Sevr Antlaşması ',1
Millî Mücadele ' nin Sona Ermesi ve Lozan Barış Konferansı,Sine - i Millete Dönmek Manda ve Himaye Güçler Birliği Tekâlif - i Millîye,1
Megali İdea Müdâfaa - i Hukuk,Türkiye,1
Megali İdea Müdâfaa - i Hukuk,Mudanya Ateşkes Antlaşması ',1
Megali İdea Müdâfaa - i Hukuk,Millî Mücadele,1
Megali İdea Müdâfaa - i Hukuk,Sevr Antlaşması ',1
Megali İdea Müdâfaa - i Hukuk,Sine - i Millete Dönmek Manda ve Himaye Güçler Birliği Tekâlif - i Millîye,1
Megali İdea Müdâfaa - i Hukuk,Millî Mücadele ' nin Sona Ermesi ve Lozan Barış Konferansı,1
ERİĞİ,MİLLÎ MÜCADELE ÜNİTE,1
Kuvây - ı Milliye hareketinin,Millî Mücadele,1
Kuvây - ı Milliye hareketinin,Mudanya Ateşkes Antlaşması ',1
Kuvây - ı Milliye hareketinin,Türkiye,1
Büyük Millet Meclisi,Merkez Ordusu,1
Büyük Millet Meclisi,Ermenistan Hük,1
Büyük Millet Meclisi,Hendek,1
Büyük Millet Meclisi,Düzce,1
Büyük Millet Meclisi,Nisan 1920,1
Büyük Millet Meclisi,Mebusan Meclisi,1
Büyük Millet Meclisi,son,1
Büyük Millet Meclisi,Mudanya Ateşkes Antlaşması ',1
Büyük Millet Meclisi,Millî Mücadele ' nin Sona Ermesi ve Lozan Barış Konferansı,1
Büyük Millet Meclisi,Düzenli ordunun,1
Büyük Millet Meclisi,Doğu ve Güney Ceph,1
Büyük Millet Meclisi,Sevr Antlaşması ',1
Büyük Millet Meclisi,Kuvây - ı Milliye hareketinin,1
Büyük Millet Meclisi,Sine - i Millete Dönmek Manda ve Himaye Güçler Birliği Tekâlif - i Millîye,1
Büyük Millet Meclisi,Megali İdea Müdâfaa - i Hukuk,1
Said Halim Paşa,Talat,1
Cavit Bey,İkinci Meşrutiyet Devri,1
Doğu Anadolu Bölgesi,Makedonya,1
Cavit Bey,İngiltere,1
Kafkas Cephesi ',Çanakkale Savaşlarında düşmanı,1
Kafkas Cephesi ',Trablusgarp Savaşı ' nda İtalyan,1
Kafkas Cephesi ',Muş,1
Milliyetçilik,Türk,1
Milliyetçilik,Mustafa Kemal,1
Milliyetçilik,Osmanlı Devleti,1
Vilayet,i Sitte,1
Ermeni devletinin,Rusya ',1
Ermeni devletinin,Makedonya,1
Ermeni devletinin,Kanal,1
Ermeni devletinin,Kafkas,1
Ermeni devletinin,Hicaz,1
Ermeni devletinin,Çanakkale,1
Doğu Anadolu Bölgesi,Ermeni devletinin,1
Doğu Anadolu Bölgesi,Rusya ',1
Kafkas Cephesi ',Kut ' ül - Amâre ' de İngiliz kuvvetleri,1
Hareket Ordusu tarafından,Kafkas Cephesi ',1
Hareket Ordusu tarafından,Muş,1
31 Mart Vakası ' nın bastır,Çanakkale Savaşlarında düşmanı,1
tihat,İtilaf Devletleri,1
Trablusgarp Savaşı ' nda İtalyan,Çanakkale Savaşlarında düşmanı,1
Kut ' ül - Amâre ' de İngiliz kuvvetleri,Çanakkale Savaşlarında düşmanı,1
Kut ' ül - Amâre ' de İngiliz kuvvetleri,Trablusgarp Savaşı ' nda İtalyan,1
Kut ' ül - Amâre ' de İngiliz kuvvetleri,Muş,1
31 Mart Vakası ' nın bastır,Kut ' ül - Amâre ' de İngiliz kuvvetleri,1
31 Mart Vakası ' nın bastır,Hareket Ordusu tarafından,1
Hareket Ordusu tarafından,Trablusgarp Savaşı ' nda İtalyan,1
31 Mart Vakası ' nın bastır,Trablusgarp Savaşı ' nda İtalyan,1
31 Mart Vakası ' nın bastır,Bitlis,1
31 Mart Vakası ' nın bastır,Muş,1
31 Mart Vakası ' nın bastır,Kafkas Cephesi ',1
Hareket Ordusu tarafından,Kut ' ül - Amâre ' de İngiliz kuvvetleri,1
Hareket Ordusu tarafından,Çanakkale Savaşlarında düşmanı,1
Kemal Arıburnu,Millî Mücadele ' de İstanbul Mitingleri,1
Kâzım Karabekir,İlhak - ı Red Heyet - i Millîyesi,1
Kâzım Karabekir,İstiklâl Harbimiz,1
i Temsil,İstanbul,1
Anadolu ve Rumeli Müdâfaa - i Hukuk Cemiyeti,İtilaf Devleti,1
Anadolu ve Rumeli Müdâfaa - i Hukuk Cemiyeti,Avrupa,1
Anadolu ve Rumeli Müdâfaa - i Hukuk Cemiyeti,İslam devleti,1
Anadolu ve Rumeli Müdâfaa - i Hukuk Cemiyeti,TBMM,1
Anadolu ve Rumeli Müdâfaa - i Hukuk Cemiyeti,İstanbul Hükûmet,1
Anadolu ve Rumeli Müdâfaa - i Hukuk Cemiyeti,Manda ve himay,1
Anadolu ve Rumeli Müdâfaa - i Hukuk Cemiyeti,Millî Mücadele,1
Anadolu ve Rumeli Müdâfaa - i Hukuk Cemiyeti,Millî Mücadele ',1
Anadolu ve Rumeli Müdâfaa - i Hukuk Cemiyeti,Hükûmeti,1
Mebusan Meclisi,le ',1
Mebusan Meclisi,Millî Mücade,1
Mebusan Meclisi,Sevr Antlaşması,1
Mebusan Meclisi,Saltanat Şûrası,1
Mebusan Meclisi,son,1
Mebusan Meclisi,Misak - ı Millî ' nin,1
Anadolu ve Rumeli Müdâfaa - i Hukuk Cemiyeti,Misak - ı Millî,1
Anadolu ve Rumeli Müdâfaa - i Hukuk Cemiyeti,Türkiye,1
Anadolu ve Rumeli Müdâfaa - i Hukuk Cemiyeti,Kapitülasyonların,1
Misak - ı Millî Amasya Görüşmeleri ' nde Mebusan Meclisi,Son Osmanlı Mebusan Meclisi ve,1
Misak - ı Millî,Sevr Barış Antlaşması ' nı,1
Misak - ı Millî,Müdâfaa - i Hukuk Grubu,1
Misak - ı Millî,Mustafa Kemal,1
Müdâfaa - i Hukuk Grubu,İstanbul,1
Müdâfaa - i Hukuk Cemiyeti,Son Osmanlı Mebusan Meclisi ve,1
Misak - ı Millî Amasya Görüşmeleri ' nde Mebusan Meclisi,Müdâfaa - i Hukuk Cemiyeti,1
bul,Çanakkale Boğaz,1
Anadolu ve Rumeli Müdâfaa - i Hukuk Cemiyeti,Boğazlar,1
bul,İstan,1
bul,İtalya,1
bul,İs,1
bul,İstanbul Hükûmeti Mebusan Meclisi,1
İs,İstanbul Hükûmeti Mebusan Meclisi,1
Heyet - i Temsil,İtilaf Devletleri,1
Mebusan Meclisi,i Temsil,1
Mebusan Mec,İstanbul,1
Misak - ı Millî,Osmanlı Devleti,1
Amasya Görüşmeleri,Anadolu Ajansı Havza Genelgesi Sivas Kongresi İ Tekâlif - i Millîye Erzurum Kongresi Harbord Raporu,1
Damat Ferit Paşa Hükûmet,İtilaf Devletleri,1
Damat Ferit Paşa Hükûmet,Sivas,1
- i Temsil,Doğu Anadolu,1
- i Temsil,Mustafa Kemal Paşa,1
Mustafa Kemall Sivas Kongresi,Sivas,1
General Harbord,Millî Mücadele,1
James Harbord,Jems Har - bırd,1
Harbord,Jems Har - bırd,1
Harbord,James Harbord,1
Başkanı Wilson,Jems Har - bırd,1
Başkanı Wilson,James Harbord,1
Başkanı Wilson,Harbord,1
Başkanı Wilson,General,1
General,Jems Har - bırd,1
General,James Harbord,1
Damat Ferit Paşa Hükûmet,İstanbul,1
Ali Galip Bey,Damat Ferit Paşa,1
Ali Galip Bey,Elâzığ,1
Ali Rıza Paşa Hükûmet,Heyet - i Temsiliye,1
Amasya Görüşmeleri,Amiral Bristol Kars Antlaşması,1
Amasya Görüşmeleri,istiklali,1
Bahriye Nazırı,Heyet - i Temsiliye,1
Bahriye Nazırı,Mustafa Kemal,1
Heyet - i Temsiliye,Mustafa Kemal,1
Ali Rıza Paşa Hükûmet,Bahriye Nazırı,1
Ali Rıza Paşa Hükûmet,Mustafa Kemal,1
Ali Galip Bey,Sivas Kongresi,1
Ali Rıza Paşa Hükûmet,Amasya,1
Sivas Kongresi,Vasıf Bey,1
Man,Manda ve Himaye,1
Nazilli,Pozantı Kongre,1
Ali Rıza Paşa Hükûmeti,Damat Ferit Paşa Hükûmeti,1
Ali Galip Bey,Mustafa Kemal,1
Misak - ı Millî,Sovyet Rusya,1
Misak - ı Millî,Çarlık Rusyası,1
Kazım Paşa ( Karabekir,Mustafa Kemal,1
Koçgiri isyani,Misak - ı Millî ',1
M,Nisan 1920,1
M,Türkiye Büyük Millet Meclisi,1
M,İstanbul Hükûmet,1
M,Yunus Nadi ( Abalıoğlu ),1
M,Millî Mücadele,1
M,TUSU ANADOLU AJANS,1
Karadeniz o,Şeridi,1
Igdur,Şeridi,1
Igdur,Karadeniz o,1
Anadolu Ajansı,Millî Mücadele,1
İstanbul Hükû,İtilaf Devletleri,1
İstanbul Hükûmet,İtilaf Devleti,1
İstanbul Hükûmet,İtalya,1
İstanbul Hükûmet,İtilaf Devletleri,1
Düzenli ordu,Kuvây - i ' Hâkimiyet,1
M,Millî Müca,1
TUSU ANADOLU AJANS,Yunus Nadi ( Abalıoğlu ),1
Dürrizade El - Seyyid Abdullah Gültekin K,Şeyhülislam,1
Millî Mücadele ',Türkiye,1
mü,İstanbul,1
mü,İslâm Halife,1
İslâm Halife,İstanbul,1
Millî Mücadele ',TÜRKIYE VE DÜNYA ÜNiTES,1
Millî Mücadele ',SAVAS,1
Millî Mücadele ',İstanbul,1
Millî Mücadele ',Misak - ı Millî,1
Millî Mücadele ',Mustafa Kemal Paşa,1
Millî Mücadele ',İtilaf Devleti,1
Millî Mücadele ',İslam devleti,1
Millî Mücadele ',TBMM,1
Millî Mücadele ',İnönü Zaferi ',1
Millî Mücadele ',Sevr Antlaşması ',1
Millî Mücadele ',İstikbâl Gazetesi,1
Ali Bati Isyani,Türkiye Büyük Millet Meclisi,1
Düzce,Hendek,1
Misak - ı Millî,Mudanya Ateşkes Antlaşması,1
Pontus isyani I,istanbul Hükûmet,1
Misak - ı Millî ',Sevr,1
Misak - ı Millî ',İtilaf Devletleri,1
Misak - ı Millî ',TBMM,1
Misak - ı Millî ',Mustafa Kemal,1
Misak - ı Millî ',Osmanlı Mebusan Meclisi,1
Misak - ı Millî ',İst,1
Osmanlı Mebusan Meclisi,İst,1
Misak - ı Millî,Musul,1
Misak - ı Millî,Süleymaniye,1
Misak - ı Millî,ak - ı İktisadi,1
Misak - ı Millî,misak,1
Misak - ı Millî,İtilaf Devleti,1
Misak - ı Millî,İslam devleti,1
Misak - ı Millî,İstanbul Hükûmet,1
Misak - ı Millî,Trakya,1
Misak - ı Millî ',r,1
Misak - ı Millî ',Osmanlı Devleti,1
Misak - ı Millî ',Türkiye,1
BMM ',Din,1
24 Nisan 1920 Karar,BMM ',1
Nisan 1920,Türkiye Büyük Millet Meclisi,1
Nisan 1920,son,1
Nisan 1920,İstanbul,1
Misak - ı Millî ' nin,Nisan 1920,1
Misak - ı Millî ' nin,İstanbul,1
BMM ',Millî Mücadele ',1
Misak - ı Millî ',Sovyet Rusya,1
BMM ',BÜYÜK MİLLET MECLİSİNİN AÇILMASI ( 23 Nisan 1920 ),1
Çanakkale Boğaz,İstan,1
Çanakkale Boğaz,İtalya,1
28 Ocak 1920 ',Misak - ı Millî Karar,1
Misak - ı Millî Kararları alınırken,dikkat edilmiştir,1
Felâh - ı Vatan Grubu,Müdâfaa - ı Hukuk Grubu,1
General,Harbord,1
Meclis,TBMM,1
Kâzım Karabekir,Şark Cephesi,1
Ermenistan,SSCB,1
Alaşehir,Nazilli,1
İzmir Müdâfaa - i Hukuk - ı Osmaniye Cemiyeti,İzmir Redd - i İlhak Cemiyeti,1
Wilson İlkeleri ',İzmir,1
Wilson İlkeleri ',İzmir Müdâfaa - i Hukuk - ı Osmaniye Cemiyeti,1
Ermenistan,Özbekistan,1
Ermenistan,Türkmenistan,1
Ermenistan,Tacikistan,1
Ermenistan,Moldova,1
Ermenistan,Kırgızistan,1
Ermenistan,Kazakistan,1
Ermenistan,Van Gölü,1
Ermenistan,Moskova,1
Ermenistan,ya,1
Ermenistan,Gümrü,1
Ermenistan,İstanbul Hükûmet,1
Alaşehir,Pozantı Kongre,1
Alaşehir,Kuvây - ı Milliye,1
Kilikyalılar Cemiyeti,İstanbul,1
Cemiyetle,Millî Mücadele ' nin seyrini,1
Roma İm,İtalya,1
Roma İm,torluğu ',1
Mithridates,Roma,1
Pers Satrap,Pontus,1
Mithridates ( Mitridates ),Pontus,1
Mithridates ( Mitridates ),Pers Satrap,1
Anadolu Kadınları Müdâfaa - i Vatan Cemiyeti,Kuvây - ı Milliye,1
Kilikyalılar Cemiyeti,Çukurova,1
Anadolu Kadınları Müdâfaa - i Vatan Cemiyeti,Millî Mücadele,1
Doğu Anadolu ( Vilâyât - ı Şarkiyye ) Müdâfaa - i Hukuk - ı Millîye Cemiyeti,İstanbul,1
Karakol Cemiyeti,Millî Mücadele,1
Millî Kongre Cemiyeti,İstanbul,1
Pon,Trabzon,1
Pon,Trabzon Muhâfaza - i Hukuk - ı Millîye Cemiyeti,1
Ermenistan,TBMM,1
Ermenistan,Kars Antlaşması,1
Alexios ( Aleksios ),İstanbul,1
Ermenistan,Mondros Antlaşması ',1
Taşnaksutyun,ova,1
Ermeni Pat,riği Zaven Efendi,1
Ermeni Pat,ova,1
Ermeni Pat,Taşnaksutyun,1
Ermeni Pat,Hınçak,1
Kürt Teâlî - i Cemiyeti,Wilson İlkeleri,1
Mondros ' tan Mudanya ',Selahattin Tansel,1
14 Mayıs 1919 Redd - i İlhak Cemiyeti bildiri,Mondros ' tan Mudanya ',1
14 Mayıs 1919 Redd - i İlhak Cemiyeti bildiri,Selahattin Tansel,1
Ey bedbaht Türk,gal,1
Ey bedbaht Türk,İzmir ',1
Amiral Bristol Raporu,Millî Mücadele,1
Amir,İzmir,1
İlhak - ı Red Heyet - i Millîyesi,İstiklâl Harbimiz,1
Kâzım Karabekir,İstiklal Harbimiz,1
Taşnaksutyun,riği Zaven Efendi,1
ova,riği Zaven Efendi,1
Merzifon Amerikan Ko - leji,Pontus Rum Cemiyeti,1
Samsun,lu,1
Ermenistan,Wilson İlke,1
Ermenistan,Mondros Ateşkes Antlaşması ' nın,1
Ermenistan,Kars İslam Şûrası,1
Kars İslam Şûrası,Wilson İlke,1
Kars İslam Şûrası,Mondros Ateşkes Antlaşması ' nın,1
Samsun,İtilaf Devletleri,1
Doğu Karadeniz,Etniki Eterya Cemiyeti,1
Merzifon Amerikan Ko - leji,İnebolu,1
Mavri Mira Cemiyeti,Megali İdea ',1
Fener Rum Patrikhanesi,Megali İdea ',1
Fener Rum Patrikhanesi,Mavri Mira Cemiyeti,1
Pontus Rum Cemiyeti,Yunanistan,1
Pontus Rum Cemiyeti,İnebolu,1
Merzifon Amerikan Ko - leji,Yunanistan,1
Roma İm,torluğu,1
Alexios ( Aleksios ),Trabzon,1
Meclis,Misâk - ı Millî,1
Havza Genelgesi,lâf Devletleri,1
Kazım Karabekir,a,1
Cemal Pa,a,1
Cemal Pa,Kazım Karabekir,1
Rauf,Refet,1
Ali Fuat Paşa,Batı Anadolu,1
Ali Fuat Paşa,Batı Anadolu Kuvây - ı Milliye,1
Ali Fuat Paşa,Rauf,1
Ali Fuat Paşa,Refet,1
Ali Fuat Paşa,Amasya,1
Harbiye Nezaret,Mustafa Kemal Paşa,1
Harbiye Nezaret,İstanbul,1
lâf Devletleri,İstanbul,1
Bâb - ı Âli,Samsun,1
Bâb - ı Âli,İtilaf Devletleri,1
Havza Genelgesi,Hükûmet,1
Amasya Genelgesi Karar,istiklali,1
Erzurum Kongresi ',Sivas,1
Erzurum Kongresi ',Sivas Kongresi,1
Doğu Anadolu Mü - dâfaa - i Hukuk - ı Millîye Cemiyeti,Trabzon Muhâfaza - i Hukuk - ı Millîye Cemiyeti,1
Meclis,Meclis Hükûmeti Sistemi,1
Meclis,Misak - i Millî,1
Meclis,Millî Meclis,1
ûmet,İstanbul,1
ûmet,İtilaf Devletleri,1
Doğu Anadolu Mü - dâfaa - i Hukuk - ı Millîye Cemiyeti,Erzurum Kongresi ',1
Erzurum Kongresi,Sivas Kongresi,1
Erzurum Kongresi ',Trabzon Muhâfaza - i Hukuk - ı Millîye Cemiyeti,1
Erzurum Kongresi,Trabzon,1
Erzurum Kongresi,Mondros Ateşkes Antlaşması ',1
Amasya Genelgesi,Sivas,1
Amasya Genelgesi,Mustafa Kemall Sivas Kongresi,1
Amasya Genelgesi,Millî Mücadele,1
Erzurum Kongresi ',Millî,1
Havza Genelgesi,İstanbul,1
Havza Genelgesi,Mustafa Kemal,1
Alexios ( Aleksios ),David ( Deyvid ),1
Havza,Havza Genelgesi,1
Pontus,İnönü,1
Pontus,İsmet Paşa,1
Pontus,TBMM,1
Pontus,Yunanistan,1
Meselesi,Yunanistan,1
Meselesi,Pontus,1
Bükreş,Megali İdea,1
Bükreş,Riga Ferrorus,1
Bükreş,Riga Ferreros,1
Riga Ferreros,Riga Ferrorus,1
Trabzon Komnenos Krallığı,İstanbul,1
David ( Deyvid ),Trabzon Komnenos Krallığı,1
David ( Deyvid ),Trabzon,1
David ( Deyvid ),İstanbul,1
Alexios ( Aleksios ),Trabzon Komnenos Krallığı,1
Rus Çar,ı,1
Merzifon Amerikan Koleji,Trabzon,1
Merzifon,tus,1
Bandırma,İstanbul,1
Havza,Mustafa Kemal,1
28 Mayıs 1919,Havza Genelgesi,1
Damat Ferit Paşa,Mustafa Kemal,1
Damat Ferit Paşa,Sivas Kongresi,1
Damat Ferit Paşa,Elâzığ,1
Damat Ferit Paşa,İzmir,1
Bandırma,Mustafa Kemal,1
Merzifon,Trabzon,1
Pontus Meselesi,Pontus Soy - kırımı ' nı Anma,1
Pontus Meselesi,Yunanistan,1
Pontus Soy - kırımı ' nı Anma,Yunanistan,1
Germanos,Hrisantos ( Hırisantos ),1
Germanos,Trabzon,1
Hrisantos ( Hırisantos ),Trabzon,1
1919,Erzurum Kongresi,1
1919,gesi,1
Müdâfaa - i Hukuk Zümresi,Tesanüt Grubu,1
Ali Fuat ( Cebesoy ),Millî Mücadele,1
Nab - lus Meydan Muharebesi,Şam,1
Nab - lus Meydan Muharebesi,Şeria Muharebeleri,1
Nab - lus Meydan Muharebesi,Yıldırım Ordular Grubu,1
Yıldırım Ordular Grubu,Şam,1
Yıldırım Ordular Grubu,Şeria Muharebeleri,1
Gazze Muharebeleri,Halep,1
Gazze Muharebeleri,Şam,1
Gazze Muharebeleri,Nab - lus Meydan Muharebesi,1
Gazze Muharebeleri,Şeria Muharebeleri,1
Gazze Muharebeleri,Yıldırım Ordular Grubu,1
Dera,Halep,1
Dera,Şam,1
Dera,Nab - lus Meydan Muharebesi,1
Dera,Şeria Muharebeleri,1
Dera,Gazze Muharebeleri,1
Şam,Şeria Muharebeleri,1
Ali Fuat ( Cebesoy ),Mustafa Kemal ( Atatürk ),1
1919,Amasya,1
Ali Fuat ( Cebesoy ),Mustafa İsmet ( İnönü ),1
Fahrettin ( Altay ) Paşa,bi ],1
Fahrettin ( Altay ) Paşa,General Allenby [,1
Fahrettin ( Altay ) Paşa,Filistin Cephesi,1
Fahrettin ( Altay ) Paşa,Refet ( Bele ),1
Fahrettin ( Altay ) Paşa,Mustafa Fevzi ( Çakmak ),1
Fahrettin ( Altay ) Paşa,Mustafa İsmet ( İnönü ),1
Fahrettin ( Altay ) Paşa,Mustafa Kemal ( Atatürk ),1
Fahrettin ( Altay ) Paşa,Millî Mücadele,1
Ali Fuat ( Cebesoy ),İngiliz Ordusu,1
Ali Fuat ( Cebesoy ),bi ],1
Ali Fuat ( Cebesoy ),General Allenby [,1
Ali Fuat ( Cebesoy ),Filistin Cephesi,1
Ali Fuat ( Cebesoy ),Fahrettin ( Altay ) Paşa,1
Ali Fuat ( Cebesoy ),Refet ( Bele ),1
Ali Fuat ( Cebesoy ),Mustafa Fevzi ( Çakmak ),1
Dera,Yıldırım Ordular Grubu,1
Dera,Filistin Cephesi,1
Filistin Cephesi,İngiliz Ordusu,1
Filistin Cephesi,bi ],1
ncı Kolordu,Çanakkale,1
Miralay Mustafa Kemal,ncı Kolordu,1
Miralay Mustafa Kemal,Çanakkale,1
Liman von Sanders,Türkiye,1
Kocaçimen,Mustafa Ke,1
Cemal Paşa,Fransa,1
Cemal Paşa,Medine,1
Cemal Paşa,Dördüncü Ordu,1
Cemal Paşa,Fahreddin Paşa,1
Cemal Paşa,Mekke,1
Dördüncü Ordu,Medine,1
Dördüncü Ordu,Fahreddin Paşa,1
Dördüncü Ordu,Mekke,1
Necdet Karaköse,Nuri Paşa,1
1911 - 1912 Osmanlı - İtalyan Savaşı,Türk Kurtuluş Savaşı,1
16 ' ncı Kolordu,Mustafa Kemal,1
16 ' ncı Kolordu,Silvan,1
Oral Ateş,Recep Büyüktolu,1
Filistin Cephesi,Halep,1
Filistin Cephesi,General Allenby [,1
Filistin Cephesi,Refet ( Bele ),1
Filistin Cephesi,Mustafa Fevzi ( Çakmak ),1
Filistin Cephesi,Mustafa İsmet ( İnönü ),1
Filistin Cephesi,Mustafa Kemal ( Atatürk ),1
Filistin Cephesi,Millî Mücadele,1
Filistin Cephesi,Şam,1
Kemal Paşa,Recep Büyüktolu,1
Filistin Cephesi,Nab - lus Meydan Muharebesi,1
Filistin Cephesi,Şeria Muharebeleri,1
Filistin Cephesi,Gazze Muharebeleri,1
Filistin Cephesi,Yıldırım Ordular Grubu,1
Kemal Paşa,Mustafa,1
Kemal Paşa,Oral Ateş,1
Fahrettin ( Altay ) Paşa,İngiliz Ordusu,1
General Allenby [,Millî Mücadele,1
General Allenby [,Mustafa Kemal ( Atatürk ),1
93 Harbi ( 1877 - 1878 Osmanlı - Rus Savaşı ),Osmanlı Dev,1
Cemal Justin McCarthy,Dördüncü Ordu,1
Castin Makarti,Justin McCarthy,1
Sev,ve İskân Kanunu,1
Mayıs 1915,Sevk ve İskân Kanunu,1
Mayıs 1915,Osmanlı Devleti,1
Ermeni Olayları,Sevk ve İskân Kanunu,1
Ermeni Olayları,Mayıs 1915,1
Ermeni Olayları,Osmanlı Devleti,1
Hınçak,riği Zaven Efendi,1
Hınçak,ova,1
24 Nisan 1915,Hınçak,1
24 Nisan 1915,Taşnaksutyun,1
Ruslar,leti,1
Osmanlı Dev,leti,1
Osmanlı Dev,Ruslar,1
AT WAR WITH GERMANY ; PRESIDENT SIGNS RESOLUTION EXECUTIVE IN PROCLAMATION CALLS ON ALL CITIZENS AND Cernany »,ene GESMAN VESSEL,1
AT WAR WITH GERMANY ; PRESIDENT SIGNS RESOLUTION EXECUTIVE IN PROCLAMATION CALLS ON ALL CITIZENS AND Cernany »,İstanbul,1
AT WAR WITH GERMANY ; PRESIDENT SIGNS RESOLUTION EXECUTIVE IN PROCLAMATION CALLS ON ALL CITIZENS AND Cernany »,Da,1
ABD ',Dünya Savaşı,1
ene GESMAN VESSEL,İstanbul Vilayeti Mektubculuğu,1
ene GESMAN VESSEL,İstanbul,1
ABD ',Marshall Planı,1
ABD ',Türkiye,1
ABD ',u,1
ABD ',Batı Blok,1
ABD ',Ağustos 1914 T,1
AT WAR WITH GERMANY ; PRESIDENT SIGNS RESOLUTION EXECUTIVE IN PROCLAMATION CALLS ON ALL CITIZENS AND Cernany »,İstanbul Vilayeti Mektubculuğu,1
ABD ',İstanbul Vilayeti Mektubculuğu,1
ABD ',Da,1
ABD ',İstanbul,1
ABD ',ene GESMAN VESSEL,1
ABD ',AT WAR WITH GERMANY ; PRESIDENT SIGNS RESOLUTION EXECUTIVE IN PROCLAMATION CALLS ON ALL CITIZENS AND Cernany »,1
AT WAR WITH GERMANY ; PRESIDENT SIGNS RESOLUTION EXECUTIVE IN PROCLAMATION CALLS ON ALL CITIZENS AND Cernany »,Ağustos 1914 T,1
93 Harbi ( 1877 - 1878 Osmanlı - Rus Savaşı ),leti,1
93 Harbi ( 1877 - 1878 Osmanlı - Rus Savaşı ),Ruslar,1
General Allenby [,Mustafa İsmet ( İnönü ),1
"1915 Olayları, Sevk ve İskân Kanunu",Osmanlı Devleti,1
Mustafa İsmet ( İnönü ),bi ],1
Mustafa İsmet ( İnönü ),Refet ( Bele ),1
Mustafa Fevzi ( Çakmak ),İngiliz Ordusu,1
Mustafa Fevzi ( Çakmak ),bi ],1
Mustafa Fevzi ( Çakmak ),Refet ( Bele ),1
Mustafa Fevzi ( Çakmak ),Mustafa İsmet ( İnönü ),1
Mustafa Fevzi ( Çakmak ),Mustafa Kemal ( Atatürk ),1
Mustafa Kemal ( Atatürk ),İngiliz Ordusu,1
Mustafa Kemal ( Atatürk ),bi ],1
Mustafa Kemal ( Atatürk ),Refet ( Bele ),1
Mustafa Kemal ( Atatürk ),Mustafa İsmet ( İnönü ),1
General Allenby [,İngiliz Ordusu,1
General Allenby [,bi ],1
General Allenby [,Refet ( Bele ),1
General Allenby [,Mustafa Fevzi ( Çakmak ),1
Mustafa İsmet ( İnönü ),İngiliz Ordusu,1
Refet ( Bele ),bi ],1
Refet ( Bele ),İngiliz Ordusu,1
Esat ( Bülkat ) Paşa,Çanakkale Cephesi,1
Seddülbahir,Çanakkale,1
Anafartalar Grubu,Mustafa Kemal,1
Fevzi ( Çakmak ) Paşa,Çanakkale Cephesi,1
Kuzey Grubu,Çanakkale Cephesi,1
Esat ( Bülkat ) Paşa,Gelibolu,1
Esat ( Bülkat ) Paşa,Kuzey Grubu,1
Cevat ( Çobanlı ) Paşa,Çanakkale Müstahkem Mevkii,1
bi ],İngiliz Ordusu,1
Alman Askerî Misyon,Osmanlı İmparatorluğu,1
Alman Askerî Misyon,Otto Liman von Sanders,1
Anafartalar Grup,Tüm,1
Muharebesi,Osmanlı ' nın Filistin Cephesi ' ndeki,1
Cemal Kemal,Muharebesi,1
Cemal Kemal,Osmanlı ' nın Filistin Cephesi ' ndeki,1
1911 - 1912 Osmanlı - İtalyan Savaşı,Birinci Dünya Savaşı,1
1911 - 1912 Osmanlı - İtalyan Savaşı,Balkan Savaşı,1
Hükûmeti,Lozan,1
Hayfa,İskenderun,1
Kut ' ül - Amâre Zaferi,Nehri,1
Kut ' ül - Amâre Zaferi,OSMANLI DEVLET,1
Kut ' ül - Amâre Zaferi,Necmettin Halil Onan,1
Necmettin Halil Onan,Nehri,1
Necmettin Halil Onan,OSMANLI DEVLET,1
Arıburnu Cephesi,Mustafa Kemal,1
19 ' uncu Tümen,Mustafa Kemal,1
19 ' uncu Tümen,Çanakkale Savaşları,1
19 ' uncu Tümen,Fahrettin Altay Paşa,1
Fahrettin Altay Paşa,Mustafa Kemal,1
Fahrettin Altay Paşa,Çanakkale Savaşları,1
fartalar,İstanbul,1
Gazi Mustafa Kemal,Kastamonu,1
Gazi Mustafa Kemal,İnebolu,1
Gazi Mustafa Kemal,Çanakkale Zaferi,1
1916,Necmettin Halil Onan,1
1916,OSMANLI DEVLET,1
1916,Dicle,1
General Townshend ( Tavsınd ),Nehri,1
Dicle Nehri,General Townshend ( Tavsınd ),1
Dicle Nehri,Kut ' ül - Amâre Zaferi,1
Dicle Nehri,Nehri,1
Dicle Nehri,OSMANLI DEVLET,1
Dicle Nehri,Necmettin Halil Onan,1
General Townshend ( Tavsınd ),Kut ' ül - Amâre Zaferi,1
General Townshend ( Tavsınd ),OSMANLI DEVLET,1
1916,Nehri,1
General Townshend ( Tavsınd ),Necmettin Halil Onan,1
1916,Amâre,1
1916,Dicle Nehri,1
1916,General Townshend ( Tavsınd ),1
1916,Bağdat,1
1916,Kut ' ül - Amâre Zaferi,1
Dünya Savaşı ' nda Osmanlı Zaferleri Çanakkale Deniz ve Kara Zaferleri,Mustafa Kemal ATATÜRK,1
Hayfa,Mersin,1
Amâre,OSMANLI DEVLET,1
Hayfa,İtalya,1
Sykes - Picot ( Saykıs Piko ) Antlaşması ( 1916 ),İngiltere,1
On İki Ada,İtalya,1
On İki Ada,Trablusgarp,1
On İki Ada,İtilaf Devletleri,1
Londra Antlaşması ( 1915 ),Rusya,1
Londra Antlaşması ( 1915 ),İngiltere,1
Londra Antlaşması ( 1915 ),İtalya,1
Mondros Antlaşması ',Osmanlı Devleti,1
Emiri Şerif Hüseyin,Osmanlı Devleti,1
Emiri Şerif Hüseyin,Hicaz,1
Mehın ) Antlaş,Suriye,1
Mehın ) Antlaş,ması,1
Mehın ) Antlaş,Yemen,1
Mac Mahon (,Suriye,1
Mac Mahon (,ması,1
Güney Irak,Van,1
Güney Irak,Trabzon,1
Güney Irak,Sivas,1
Menteşe Sancağı,İzmir,1
İskenderun,İtalya,1
Mersin,Mustafa Kemal,1
Mersin,yolu,1
Mersin,İskenderun,1
Mersin,İtalya,1
Menteşe Sancağı,İtalya,1
Saint Jean De Maurienne ( Sen Jan Dö Morien ) Antlaşması,İtalya,1
Güney Irak,Rusya,1
Saint Jean De Maurienne ( Sen Jan Dö Morien ) Antlaşması,İngiltere,1
Güney Irak,İngiltere,1
Güney Irak,Harput,1
Güney Irak,Şam,1
Güney Irak,Lübnan,1
Güney Irak,Halep,1
Amâre,Necmettin Halil Onan,1
Amâre,Dicle,1
Hükûmeti,Mudanya Ateşkes Antlaşması ',1
Hükûmet,Mondros Ateşkes Antlaşması ' nın,1
Bakü,Bolşevik,1
Bakü,Dünya Savaşı,1
Bakü,Kafkas İslam Ordusu,1
Bakü,şe,1
Bakü,İslam Ordusu,1
Bakü,Nuri ( Killigil ) Paşa,1
Nuri ( Killigil ) Paşa,şe,1
Nuri ( Killigil ) Paşa,İslam Ordusu,1
Hükûmet,Turgut,1
Hükûmet,Peyam - ı Sabah,1
Hükûmet,Lozan Barış Konferansı ',1
Hükûmet,Hükûmeti,1
Hükûmet,Lozan,1
Hükûmet,Mudanya Ateşkes Antlaşması ',1
Hükûmet,Tevfik Paşa,1
Bakü,Mustafa Kemal,1
Bakü,Şam,1
Bakü,Meşrutiyet ',1
Azerbaycan Demokratik Cumhuriyeti,Kızıl Ordu,1
Hükûmeti,Mustafa Kemal,1
Hicaz Cephe,Hüseyin,1
Hicaz Cephe,Mekke,1
Dağlık Karabağ,Türkiye,1
Dağlık Karabağ,Ermenistan,1
Dağlık Karabağ,Kara - bağ Savaşı,1
Azerbaycan Demokratik Cumhuri - yeti,Mehmed Emin Resulzâde,1
Bakü,Osmanlı Devleti,1
İslam Ordusu,şe,1
Bakü,yonası,1
Bakü,Hitler,1
Bakü,Sovyet,1
Bakü,Latin harf,1
Bakü,Türkiye,1
Hükûmet,Türk,1
Hükûmet,Mebusan Meclisi,1
Amâre,Nehri,1
Hükûmet,i Temsil,1
1916 Şerif Hüseyin Ayaklanması ',Irak,1
1916 Şerif Hüseyin Ayaklanması ',Hicaz,1
Morres,İngiliz,1
James Morris,Morres,1
James Morris,İngiliz,1
Irak Cephesi,Kut Zaferi,1
Halil,Kut ' ül - Amâre Fatih,1
- Amâre,Kut ',1
General Townshend,Osmanlı Devleti,1
General Townshend,Halil Bey,1
Nehri,OSMANLI DEVLET,1
Amâre,Dicle Nehri,1
Amâre,General Townshend ( Tavsınd ),1
Amâre,Bağdat,1
Amâre,Kut ' ül - Amâre Zaferi,1
Halil Kut Paşa,Mehmet Emin Dinç,1
Halil Kut Paşa,Kut Zaferi,1
Kut Zaferi,Mehmet Emin Dinç,1
Bolşevik,Meşrutiyet ',1
Hükûmet,İngiltere,1
Hükûmet,lâf Devletleri,1
Hükûmet,Osmanlı,1
Hükûmet,Kafkas İslam Ordusu,1
Kafkas İslam Ordusu,Osmanlı,1
Bolşevik,Osmanlı Devleti,1
Bolşevik,Şam,1
Bolşevik,Hazar,1
Bolşevik,Mustafa Kemal,1
Bolşevik,Dünya Savaşı,1
Bolşevik,Lenin,1
Bolşevik,Hükûmet,1
Bolşevik,Osmanlı,1
Bolşevik,Kafkas İslam Ordusu,1
Da,ene GESMAN VESSEL,1
Da,İstanbul,1
Da,İstanbul Vilayeti Mektubculuğu,1
ABD Başkanı,Karne uygulamasının,1
Mustafa Kemal Paşa,Osmanlı Devleti,1
Mustafa Kemal Paşa,Yıldırım Orduları,1
Mondros Ateşkes Antlaşması ',Trabzon,1
Mondros Ateşkes Antlaşması ',İtilaf Devletleri,1
Mondros Ateşkes Antlaşması ',Türk,1
Mondros Ateşkes Antlaşması,manlı,1
Mondros Ateşkes Antlaşması,İstanbul,1
Mondros Ateşkes Antlaşması,Mustafa Kemal,1
Mondros Ateşkes Antlaşması,Wilson İlkeleri,1
Mondros Ateşkes Antlaşması,İtilaf Devletleri,1
Wilson İlk,Woodrow Wilson,1
ABD Başkanı,Atlantik Bildirisi,1
ABD Başkanı,Roosevelt,1
ABD Başkanı,Churchill,1
ABD Başkanı,İngiltere,1
Mustafa Kemal Paşa,İngiltere,1
Mustafa Kemal Paşa,İstanbul,1
Mustafa Kemal Paşa,gesi,1
Ocak 1919 ',Paris Barış Konferansı ( 18 Ocak 1919 ) ve,1
"Paris Barış Konferansı, I",başlayan,1
"Paris Barış Konferansı, I",lanan Barış Antlaşmaları,1
başlayan,lanan Barış Antlaşmaları,1
Ocak 1919 ',"Paris Barış Konferansı, I",1
Ocak 1919 ',başlayan,1
Ocak 1919 ',lanan Barış Antlaşmaları,1
Paris Barış Konferansı ( 18 Ocak 1919 ) ve,"Paris Barış Konferansı, I",1
Mustafa Kemal Paşa,Türkiye,1
Paris Barış Konferansı ( 18 Ocak 1919 ) ve,başlayan,1
Paris Barış Konferansı ( 18 Ocak 1919 ) ve,lanan Barış Antlaşmaları,1
Mustafa Kemal Paşa,Türkiye Büyük Millet Meclisi,1
Mustafa Kemal Paşa,Terakkiperver Cumhuriyet Fırkası,1
Mustafa Kemal Paşa,TBMM Hükûmet,1
Mustafa Kemal Paşa,İstikbâl Gazetesi,1
ABD Başkanı,Dünya Savaşı,1
ABD Başkanı,Aşar vergisi,1
Avusturya - Macaristan İm,torluğu,1
ABD Başkanı,Millî Korunma Kanunu ',1
Hatay,İsmet Paşa,1
Hatay,Kerkük,1
Hatay,Lozan Barış Antlaşması,1
Hatay,Osmanlı Devleti,1
Hatay,Çukurova,1
Hatay,İstanbul,1
Boğazlar,Kapitülasyonların,1
Boğazlar,Türkiye,1
Boğazlar,Misak - ı Millî,1
Boğazlar,İtilaf Devleti,1
Boğazlar,İslam devleti,1
Boğazlar,TBMM,1
Boğazlar,İstanbul Hükûmet,1
Boğazlar,Manda ve himay,1
Boğazlar,Millî Mücadele,1
Hatay,Mustafa Kemal,1
Hatay,İsveç,1
Hatay,Sandler Raporu,1
Hatay,Sadabat Paktı,1
ABD Başkanı,Varlık Vergisi ',1
ABD Başkanı,Toprak Mahsulleri Vergisi ',1
ABD Başkanı,Hoover,1
ABD Başkanı,Woodrow Wilson,1
ABD Başkanı,Wilson İlk,1
Hatay,Milletler Cemiyeti,1
Hatay,Irak,1
Hatay,Tayfur Sök,1
Hatay,Mustafa Kemal Atatürk,1
Hatay,Türkiye Cumhurre,1
Hatay,ye Büyük Millet Meclisi,1
Hatay,Tür,1
Hatay,Tayfur Sökmen,1
Hatay,Sorunu,1
Avusturya - Macaristan İm,Osmanlı Devleti,1
Avusturya - Macaristan İm,Bulgaristan,1
Boğazlar,Çukurova,1
Barış Konferansı,Filistin,1
Loyd Corc,Suriye,1
Loyd Corc,Siyonizm,1
Loyd Corc,Mezopotamya,1
Loyd Corc,Tonbi,1
Lloyd George,Sevr Antlaşması,1
Lloyd George,İstanbul Hükûmet,1
Lloyd George,Suriye,1
Lloyd George,Siyonizm,1
Lloyd George,Mezopotamya,1
Lloyd George,Loyd Corc,1
Lloyd George,Tonbi,1
Barış Konferansı,Lozan,1
Barış Konferansı,Lausanne,1
Barış Konferansı,İsviçre,1
Barış Konferansı,Suriye,1
Siyonizm,Tonbi,1
Siyonizm,Suriye,1
Hanefi Yazıcı,Versailles ( Versay ) Antlaşması,1
1919,Avusturya,1
1919,Yunanistan,1
1919,Romanya,1
1919,Bulgaristan,1
1919,Çekoslovakya,1
1919,Macaristan,1
1919,Saint Germain ( Sen Jermen ) Antlaşması,1
1919,Japonya,1
Hanefi Yazıcı,İngiltere,1
1919,Fransa,1
1919,İngiltere,1
1919,Versailles ( Versay ) Antlaşması,1
1919,Almanya,1
1919,Hanefi Yazıcı,1
Hanefi Yazıcı,Japonya,1
Barış Konferansı,Siyonizm,1
Barış Konferansı,Mezopotamya,1
ABD Başkanı Wilson,Monroe Doktr,1
Barış Konferansı,Loyd Corc,1
Milletler Cemiyeti,ismet inönünün,1
Milletler Cemiyeti,İspanya,1
Milletler Cemiyeti,Paris,1
Milletler Cemiyeti,Musul,1
Milletler Cemiyeti,Yunanistan,1
Milletler Cemiyeti,Monroe Doktrini,1
Monroe Doktr,ö,1
James Monroe,ö,1
James Monroe,Monroe Doktr,1
ABD Başkanı Wilson,Milletler Cemiyeti,1
ABD Başkanı Wilson,ismet inönünün,1
ABD Başkanı Wilson,Avrupalı,1
ABD Başkanı Wilson,Avrupa,1
ABD Başkanı Wilson,ö,1
ABD Başkanı Wilson,James Monroe,1
Milletler Cemiyeti,İsviçre,1
Milletler Cemiyeti,Sovyetler Birliği,1
Milletler Cemiyeti,Terakkiperver Cumhuriyet Fırkasının,1
Arnold Toynbee,Loyd Corc,1
Barış Konferansı,Lloyd George,1
Barış Konferansı,Tonbi,1
Arnold Toynbee,Suriye,1
Arnold Toynbee,Siyonizm,1
Arnold Toynbee,Filistin,1
Arnold Toynbee,Mezopotamya,1
Arnold Toynbee,Lloyd George,1
Milletler Cemiyeti,Serbest Cumhuriyet Fırkasının,1
Arnold Toynbee,Tonbi,1
Arnold Toynbee,Barış Konferansı,1
letleri,İtilaf Dev,1
sa,İngiltere,1
Milletler Cemiyeti,u,1
Milletler Cemiyeti,SSCB,1
Boğazlar,Millî Mücadele ',1
Boğazlar,Hatay,1
Ağustos 1914 T,ene GESMAN VESSEL,1
SSCB,turya,1
SSCB,ve,1
SSCB,Soğuk Savaş,1
SSCB,slovakya,1
SSCB,Ç,1
SSCB,Uluslararası Savaş Suçları Mahkemesi,1
SSCB,rulunun,1
SSCB,San Francisco Konferansı,1
SSCB,San Francisco,1
SSCB,Sovyetler,1
SSCB,Saldırmazlık Paktı,1
SSCB,Çanakkale Boğaz,1
SSCB,bul,1
SSCB,İstan,1
SSCB,vinıf ) Protokolü,1
SSCB,Yunanistan,1
SSCB,İstanbul,1
SSCB,Çanakkale,1
SSCB,Truman Doktrini ',1
SSCB,Yumuşama Dönemi,1
SSCB,Türk,1
SSCB,Usame Bin Ladin,1
SSCB,Özbekistan,1
SSCB,Türkmenistan,1
SSCB,Türk Cumhuriyet,1
SSCB,gizistan,1
SSCB,Soğuk Savaş Dönemi,1
SSCB,İran,1
SSCB,Savaş,1
SSCB,So,1
SSCB,u,1
SSCB,hukukun üstünlüğünü savunmak,1
SSCB,İnsan hakları,1
SSCB,Varşova Paktı,1
SSCB,TBMM,1
SSCB,ye,1
Avus,ye,1
SSCB,Türki,1
Finlandiya,Fransa,1
Finlandiya,Türkiye,1
Finlandiya,Güney Afrika,1
Finlandiya,Çekoslovakya,1
Finlandiya,İngiltere,1
Finlandiya,Yeni Zelanda,1
Finlandiya,Ukrayna,1
Finlandiya,Rusya,1
Brest - Litovsk Barış,Rusya,1
Brest - Litovsk Barış,Lenin,1
Lenin,Rusya,1
Bolşevik İh - tilali ( Ekim Devrimi ),Rusya,1
Ağustos 1914 T,İstanbul Vilayeti Mektubculuğu,1
Ağustos 1914 T,Da,1
Ağustos 1914 T,İstanbul,1
Finlandiya,İtalya,1
Finlandiya,Macaristan,1
Finlandiya,Japonya,1
Birleşik Ame,rika,1
Türki,Yunanistan,1
Türki,turya,1
Türki,Yugoslavya,1
Türki,Çekoslovakya,1
Macaristan İmparatorluğu,Çarlık Rusya,1
Macaristan İmparatorluğu,Osmanlı Devleti,1
Birleşik Amerika,Birleşmiş Milletler,1
Finlandiya,Yugoslavya,1
Birleşik Amerika,İtilaf,1
Birleşik Amerika,laf Devletleri,1
Finlandiya,İsviçre,1
Finlandiya,Yunanistan,1
Finlandiya,Lübnan,1
Finlandiya,Pakistan,1
Avus,Türki,1
Avus,Çekoslovakya,1
Boğazlar,Doğu Trakya,1
Akdeniz Filosu,pe (,1
30 Ekim 1918,İstanbul,1
30 Ekim 1918,Yunanistan,1
30 Ekim 1918,Mondros Ateşkes Antlaşması,1
p,pe (,1
Mon,p,1
Mon,pe (,1
Mon,Rauf Orbay,1
Limni Adası,Mon,1
Benî Ahmer Devleti,Endülüs,1
Limni Adası,pe (,1
Limni Adası,Rauf Orbay,1
Rauf Orbay,p,1
Rauf Orbay,pe (,1
Akdeniz Filosu,Mon,1
Akdeniz Filosu,Limni Adası,1
Kibris IR,Mondros Ateşkes Antlaşması ' nın,1
Kibris IR,Çanakkale,1
Kibris IR,İstanbul,1
Doğu Trakya,Çukurova,1
Boğazlar,Musul,1
Doğu Trakya,Yunanistan,1
Doğu Trakya,Tobruk,1
Doğu Trakya,Trablusgarp Savaşı,1
Doğu Trakya,Mustafa Kemal,1
Doğu Trakya,Osmanlı Devleti,1
Doğu Trakya,Hatay,1
Kibris IR,İtilaf Devletleri,1
Doğu Trakya,İstanbul,1
Doğu Trakya,Musul,1
Toros tünel,İtilaf Devletleri,1
Mondros Ateşkes Antlaşması ' nın,Wilson İlke,1
Mondros Ateşkes Antlaşması ' nın,İstanbul,1
Mondros Ateşkes Antlaşması ' nın,Çanakkale,1
Akdeniz Filosu,p,1
Akdeniz Filosu,Rauf Orbay,1
Avus,Polonya,1
Ahmet İzzet Paşa Hükûmeti,Talat Paşa,1
Yugoslavya,Yurtdışı Türkler ve Akraba Topluluklar Başkanlığı,1
Yugoslavya,ya,1
Yugoslavya,na,1
Yugoslavya,men,1
Yugoslavya,Çin,1
Yugoslavya,İsviçre,1
Yugoslavya,iyanon,1
Yugoslavya,turya,1
Yugoslavya,ye,1
ye,Ürdün,1
ye,Çekoslovakya,1
Avus,Macaristan,1
Avus,turya,1
Avus,SSCB,1
Avus,Yugoslavya,1
Yugoslavya,Yunus Emre Enstitüsü,1
Yugoslavya,İslam Konferansı Örgütü,1
turya,ye,1
Danimarka isveç,Güney ittifak,1
Ahmet İzzet Paşa Hükûmeti,Sadraz,1
1918,İttifak,1
Cekoslavakya T,Girit,1
Cekoslavakya T,Romanya,1
harita,itilaf,1
Danimarka isveç,harita,1
Danimarka isveç,itilaf,1
turya,Çekoslovakya,1
Danimarka isveç,Itilaf Devletleri Ittifak Devletleri,1
Güney ittifak,harita,1
Güney ittifak,itilaf,1
Güney ittifak,Itilaf Devletleri Ittifak Devletleri,1
Itilaf Devletleri Ittifak Devletleri,harita,1
Itilaf Devletleri Ittifak Devletleri,itilaf,1
Mehmet Rıfat ( Börekçi ) Osman Oral,Millî Mücadele,1
Firariler Hakkında Kanun,İstiklal Mahkemeleri 1920,1
Firariler Hakkında Kanun,Hıyanet - i Vataniye ( Vatana İhanet ) Kanunu,1
Yüksek Ziraat Enstitüsü,İstanbul Üniversitesi,1
Albert Malş,Türkiye,1
Albert Malche,Albert Malş,1
Albert Malche,Türkiye,1
Darülfünun,İstanbul Üniversitesi,1
Darülfünun,che,1
Darülfünun,Osmanlı Devleti,1
Darülfünun,Üniversite Reformu,1
1933,Darülfünun,1
1933,Osmanlı Devleti,1
1933,Üniversite Reformu,1
Dil Teorisi,Gü,1
Dil Teorisi,Türk Dili Kurultayı,1
viçre,İs,1
Kemal,viçre,1
Kemal,İs,1
che,İstanbul Üniversitesi,1
Yüksek Ziraat Enstitüsü,İstanbul Teknik Üniversitesi,1
Hıyanet - i Vataniye ( Vatana İhanet ) Kanunu,İstiklal Mahkemeleri 1920,1
"Dil ve Tarih, Coğrafya Mektebi",İstanbul Üniversitesi,1
Bale,Devlet Konserva,1
Batı musiki,Türk musiki,1
Batı musiki,Musiki Mu - allim Mektebi,1
Musiki Mu - allim Mektebi,Türk musiki,1
si,İstanbul Üniversite,1
Türk Eğitim Tarihi,Yahya Akyüz,1
Ankara Üniversitesi,si,1
Ankara Üniversitesi,İstanbul Üniversite,1
Ankara Üniversitesi,İstanbul Teknik Üniversitesi,1
Ankara Üniversitesi,"Dil ve Tarih, Coğrafya Mektebi",1
Ankara Üniversitesi,Yüksek Ziraat Enstitüsü,1
Ankara Üniversitesi,İstanbul Üniversitesi,1
İstanbul Teknik Üniversitesi,İstanbul Üniversitesi,1
"Dil ve Tarih, Coğrafya Mektebi",İstanbul Teknik Üniversitesi,1
"Dil ve Tarih, Coğrafya Mektebi",Yüksek Ziraat Enstitüsü,1
Bursa Kız Öğretmen Okulu,İzmir,1
AFET İNAN,Afet İnan,1
AFET İNAN,Mustafa Kemal,1
Türk tarihini,tarihini,1
Uygur,Çin,1
Kiril,Çin,1
Kiril,Uygur,1
Kiril,Kök Türk,1
Kök Türk,Çin,1
Kök Türk,Uygur,1
Kasım 1928,Kiril,1
Kasım 1928,Çin,1
Kasım 1928,Uygur,1
Kasım 1928,Kök Türk,1
Harf İnkılabı,Türk,1
Harf İnkılabı,Hint,1
Harf İnkılabı,Kiril,1
Harf İnkılabı,Çin,1
Harf İnkılabı,Uygur,1
Latin harf,Türkiye,1
Latin harf,Sovyet,1
Sovyet,TBMM,1
Türk Tarih Kurumu,Türk Tarihi Tetkik Cemiyeti,1
Türk tarihini,Türkiye,1
Türk Tarih Kuru,tarihini,1
Türk Tarih Kuru,Türk tarihini,1
Türk Tarih Kuru,Türkiye,1
Türk Tarih Kurumu,Yeni,1
Türk Tarih Kurumu,Türk kara,1
Türk Ocakları,Türk Tarihi Tetkik Heyeti,1
Sovyet,Sovyet Rusya,1
193,Türk - İngiliz Ortak Deklarasyonu,1
193,kuduz aşısı,1
193,Bäyük Millet Meclisi,1
193,Türk Tarih Kurumu,1
Kurtuluş Savaşı ve Atatürk Dönemi Ansiklopedisi,Mustafa Necati,1
Elifba Raporu,Latin harf,1
Bale,tuarı,1
Devlet Konserva,tuarı,1
Ahmet Adnan Saygun,Senfoni Orkestrası,1
Tür,kiye Cumhuriyeti,1
Aras,Soyadı Kanunu,1
Aras,Atatürk,1
Soyadı Kanunu,ağ,1
Soyadı Kanunu,Tevfik Rüştü Bey,1
Soyadı Kanunu,İnönü,1
Soyadı Kanunu,İsmet Paşa,1
Soyadı Kanunu,TBMM,1
Soyadı Kanunu,Türkiye Cumhuriyeti,1
1934,Avrupa,1
1934,Akdeniz,1
1934,İtalya,1
1934,Almanya,1
1934,Balkan Antantı,1
1934,Türkiye Cumhuriyeti,1
1934,Soyadı Kanunu,1
Aras,İsmet Paşa,1
Aras,İnönü,1
Aras,Mahmut Celal Bey,1
Mahmut Celal Bey,Tevfik Rüştü Bey,1
Bayar,Mahmut Celal Bey,1
Bayar,İnönü,1
Bayar,İsmet Paşa,1
Bayar,Soyadı Kanunu,1
Mahmut Celal Bey,ağ,1
Mahmut Celal Bey,Nuri Bey,1
Mahmut Celal Bey,İnönü,1
Aras,Bayar,1
Mahmut Celal Bey,İsmet Paşa,1
Mahmut Celal Bey,Soyadı Kanunu,1
Aras,ağ,1
Aras,Nuri Bey,1
Aras,Fethi Bey,1
Aras,Tevfik Rüştü Bey,1
Tür,ye Büyük Millet Meclisi,1
Berlin Olimpiyatları,Halet Çambel,1
Darülbedayi,Muhsin Ertuğrul,1
( Sorbon ) Üniversitesinde,Berlin Olimpiyatları,1
Cemal Reşit Rey,İstanbul Şehir Orkestrası,1
Fahrelnisa Zeid,İb - rahim Çallı,1
Adnan Saygun,Türk halk müziği,1
Yunus Emre Ora,yosu,1
Beethoven ( Bethofın ),Wagner ( Vagnar ),1
Bach ( Bah ),Wagner ( Vagnar ),1
Bach ( Bah ),Beethoven ( Bethofın ),1
Maarif,Paris,1
İsmail Zühtü Bey,İzmir İttihat ve Terakki İdadis,1
MET ADNAN SAYGUN,İsmail Zühtü Bey,1
MET ADNAN SAYGUN,İzmir İttihat ve Terakki İdadis,1
AH,İsmail Zühtü Bey,1
AH,İzmir İttihat ve Terakki İdadis,1
AH,MET ADNAN SAYGUN,1
Darülbedayi,Fransız,1
Onuncu Yıl,Yedek Subay,1
Onuncu Yıl,ciler,1
Himaye - i Etfalin,Onuncu Yıl,1
1925,Osmanlı Devleti,1
( Sorbon ) Üniversitesinde,Halet Çambel,1
1925,Türkiye,1
1925,Türk - Rus Dostluk Antlaşması,1
1925,Sovyet Rusya,1
1925,Dünya Savaşı,1
1925,Şeyh Said İsyanı ',1
1925,Selçuklu,1
Himaye - i Etfalin,Yedek Subay,1
halkçılık,ılap,1
Halot ( amhol,Toplumsal,1
Hamlet,Türkiye,1
MUHSİN ERTUĞRUL,Muhsin Ertuğrul,1
Yedek Subay,ciler,1
Himaye - i Etfalin,ciler,1
Harf İnkılabı,Kök Türk,1
Harf İnkılabı,Kasım 1928,1
Kâzım Karabekir Paşa,Muallime ve Muallimler Derneği,1
Cum,lâ,1
Diyanet İşleri Başkanlığı,Millî Savunma Bakanlığı,1
Diyanet İşleri Başkanlığı,Genelkurmay Başkanlığı,1
Diyanet İşleri Başkanlığı,Erkân - ı Harbiye Vekâlet,1
Diyanet İşleri Başkanlığı,Vakıflar Genel Müdürlüğü,1
Diyanet İşleri Başkanlığı,Evkaf Vekâlet,1
Diyanet İşleri Başkanlığı,Şer ' iy,1
Evkaf Vekâlet,Millî Savunma Bakanlığı,1
Evkaf Vekâlet,Genelkurmay Başkanlığı,1
Evkaf Vekâlet,Vakıflar Genel Müdürlüğü,1
Evkaf Vekâlet,Şer ' iy,1
3 Mart 1924,Hal,1
3 Mart 1924,TBMM,1
Abdülmecit Efendi,Mart 1924,1
Abdülmecit Efendi,Hal,1
Cumhuriyet Devri,I T Saltanat Devri,1
Vakıflar Genel Müdürlüğü,Şer ' iy,1
Erkân - ı Harbiye Vekâlet,Şer ' iy,1
Erkân - ı Harbiye Vekâlet,Evkaf Vekâlet,1
Genelkurmay Başkanlığı,gâh,1
Ankara Hük,Fatih Sultan Mehmed,1
Ankara Hük,İstiklal Savaşı,1
Ankara Hük,Mütareke Dönemi,1
Mütareke Dönemi,İstiklal Savaşı,1
Millî Savunma Bakanlığı,Vakıflar Genel Müdürlüğü,1
Millî Savunma Bakanlığı,Şer ' iy,1
Genelkurmay Başkanlığı,Millî Savunma Bakanlığı,1
Erkân - ı Harbiye Vekâlet,Vakıflar Genel Müdürlüğü,1
Genelkurmay Başkanlığı,Vakıflar Genel Müdürlüğü,1
Genelkurmay Başkanlığı,Şer ' iy,1
Erkân - ı Harbiye Vekâlet,Şer ' iye ve Evkaf Vekâlet,1
Erkân - ı Harbiye Vekâlet,Hal,1
Erkân - ı Harbiye Vekâlet,Millî Savunma Bakanlığı,1
Erkân - ı Harbiye Vekâlet,Genelkurmay Başkanlığı,1
Tek Adam Mustafa Kemal,Şevket Süreyya Aydemir,1
Cum,başkanlığı Senfoni Orkestrası,1
1921 Anayasası (,ât - ı Esasiye ),1
Cum,iyet,1
Lozan Konferansı ',İtilaf Devletleri ',1
Peyam - ı Sabah gazetesi,İstanbul Hükûmeti,1
Lozan Barış Konferansı Arifesinde,İstanbul Hükûmeti,1
Lozan Barış Konferansı Arifesinde,Nurten Çetin,1
Lozan Barış Konferansı Arifesinde,Peyam - ı Sabah gazetesi,1
Nurten Çetin,İstanbul Hükûmeti,1
Nurten Çetin,Peyam - ı Sabah gazetesi,1
Kasım 1922,İstanbul Hükûmeti,1
Kasım 1922,Lozan Barış Konferansı Arifesinde,1
Kasım 1922,Nurten Çetin,1
Kasım 1922,Peyam - ı Sabah gazetesi,1
Mudanya Mukavelesi,TBMM Hükûmet,1
Mudanya Mukavelesi,Refet Paşa,1
Peyam - ı Sabah,İstanbul,1
Millî irade,TBMM,1
Anka,Türkiye Devleti,1
Anka,ra,1
Türkiye Devleti,ra,1
Fethi Okyar,Mustafa Ke,1
Abdurrahman Şeref,iyet,1
Abdurrahman Şeref,Cum,1
mal,İsmet Paşa,1
Fethi Okyar,İsmet Paşa,1
Fethi Okyar,Türkiye Cumhuriyeti,1
Fethi Okyar,mal,1
Fethi Okyar,TBMM,1
Türkiye Devleti,İslam,1
Cumhuriyet ' in İlanı,Mustafa Kemal,1
29 Ekim 1923,Cumhuriyet,1
29 Ekim 1923,Meclis,1
29 Ekim 1923,Mustafa Kemal,1
29 Ekim 1923,Cumhuriyet ' in İlanı,1
Türkiye Devleti,Türkçe,1
1921 Anayasası (,1924 Anayasası,1
1921 Anayasası (,Millî Mücadele,1
Maarif Vekâlet,Şer ' iye,1
Türk Ceza Kanunu,Türk Medeni Kanunu,1
Ceza Muhakemeleri Usulü Kanunu,Türk Ticaret Kanunu,1
Ceza Muhakemeleri Usulü Kanunu,İsviçre,1
Ceza Muhakemeleri Usulü Kanunu,Türk Ceza Kanunu,1
Ceza Muhakemeleri Usulü Kanunu,İtalyan Ceza Kanunu,1
Ceza Muhakemeleri Usulü Kanunu,Türk Medeni Kanunu,1
Hukuk Muhakemeleri Usulü Kanunu,İcra ve İflas Kanun,1
Hukuk Muhakemeleri Usulü Kanunu,Türk Ticaret Kanunu,1
Hukuk Muhakemeleri Usulü Kanunu,İsviçre,1
Hukuk Muhakemeleri Usulü Kanunu,Türk Ceza Kanunu,1
Hukuk Muhakemeleri Usulü Kanunu,İtalyan Ceza Kanunu,1
Hukuk Muhakemeleri Usulü Kanunu,Türk Medeni Kanunu,1
Türk Ceza Kanunu,İspat Hakkı tasarısı,1
Türk Ceza Kanunu,İcra ve İflas Kanun,1
Türk Ceza Kanunu,Türk Ticaret Kanunu,1
Türk Ceza Kanunu,İsviçre,1
Ceza Muhakemeleri Usulü Kanunu,Hukuk Muhakemeleri Usulü Kanunu,1
Ceza Muhakemeleri Usulü Kanunu,İcra ve İflas Kanun,1
İsviçre,İtalyan Ceza Kanunu,1
Kurtu - luş Savaşı ',Çanakkale ',1
Maarif Vekâlet,Türkiye,1
Maarif Vekâlet,Millî Savunma,1
İlahiyat Fakültesi,İmam ve hatip,1
Mart 1924,TBMM,1
Mart 1924,Tevhid - i Tedrisat Kanunu,1
Mart 1924 ),Tevhid - i Tedrisat Kanunu (,1
Adalet Bakanlığımız,Mecelle,1
İsviçre,İtalya,1
Mecelle ',kanunu,1
İcra ve İflas Kanun,İsviçre,1
İcra ve İflas Kanun,İtalyan Ceza Kanunu,1
Türk Ticaret Kanunu,İcra ve İflas Kanun,1
Türk Ticaret Kanunu,İsviçre,1
Türk Ticaret Kanunu,İtalyan Ceza Kanunu,1
Türk Ceza Kanunu,İtalyan Ceza Kanunu,1
deni Kanunu,İsviçre Me,1
1924 Anayasası,ât - ı Esasiye ),1
Türk Medeni Kanunu,İcra ve İflas Kanun,1
1921 Anayasası,Türkiye Cumhuriyeti,1
1921 Anayasası,Türk devletinin,1
1921 Anayasası,1982 Anayasa,1
1921 Anayasası,1961,1
1921 Anayasası,1924 Anayasası ' nı,1
1924 Anayasası ',Atatürk,1
1924 Anayasası ',İslam,1
1924 Anayasası ',Türkiye Devleti,1
1921 Anayasası ',1924 Anayasası,1
Anayasa,Cum,1
Anayasa,lâ,1
Anayasa,Nisan 1924,1
1924 Anayasası,Türkiye,1
1924 Anayasası,TBMM,1
1924 Anayasası,Millî Mücadele,1
1921 Anayasası,Esas,1
Mecelle,İslam hukukun,1
1926,Türk Medeni Kanunu,1
Medeni Kanun,Türk Medeni Kanunu,1
Türk Medeni Kanunu,Türk Ticaret Kanunu,1
Türk Medeni Kanunu,İsviçre,1
Türk Medeni Kanunu,İtalyan Ceza Kanunu,1
Türk Medeni Kanunu,deni Kanunu,1
Türk Medeni Kanunu,İsviçre Me,1
Medeni Kanun,Türkiye,1
1926,Milletler Cemiyeti,1
1926,Medeni Kanun,1
1926,Irak,1
1926,Ankara Antlaşması,1
1926,İngiltere,1
1926,Türkiye,1
1926,Türk,1
1926,Kabotaj Kanunu,1
Bayar,Tevfik Rüştü Bey,1
Bayar,Fethi Bey,1
Bayar,Nuri Bey,1
Millî Eğitimin Genel Amaçları,bir hukuk devleti,1
Medeni Kanun ' un kabulü,Tevhid - i Tedrisat Kanunu,1
Ahmet Şuayip,Cavit Bey,1
Ahmet Şuayip,İkinci Meşrutiyet Devri,1
Kanun,Medeni Kanun,1
Kanun,Lozan Antlaşması,1
Kanun,Türkiye,1
Atatürk ilkeleri,Milletler Cemiyeti,1
Atatürk ilkeleri,Serbest Cumhuriyet Fırkasının,1
Atatürk ilkeleri,Terakkiperver Cumhuriyet Fırkasının,1
Atatürk ilkeleri,Cumhuriyet Halk Fırkasının,1
Atatürk ilkeleri,Türk Millî Eğitiminin,1
Türkiye Cumhuriyetin,bir hukuk devleti,1
Tevhid - i Tedrisat Saltanatın kaldırılması,Türkiye Cumhuriyetin,1
Tevhid - i Tedrisat Saltanatın kaldırılması,bir hukuk devleti,1
Tevhid - i Tedrisat Saltanatın kaldırılması,Türk,1
Medeni Kanun ' un kabulü,Milletvekili,1
Medeni Kanun ' un kabulü,İzmir İktisat Kongresi ' nin toplanması,1
Medeni Kanun ' un kabulü,Millet Mekteplerinin açılması,1
Medeni Kanun ' un kabulü,İnkılapçılık,1
Milletvekili,Tevhid - i Tedrisat Kanunu,1
Belediye,Milletvekili,1
Belediye,Tevhid - i Tedrisat Kanunu,1
Belediye,Medeni Kanun ' un kabulü,1
Medeni Kanun ' un kabulü,Türk Tarih Kurumunun kurulması,1
Medeni Kanun ' un kabulü,Türk Dil Kurumunun kurulması,1
Medeni Kanun ' un kabulü,Tevhid - i Tedrisat Kanunu ' nun,1
Medeni Kanun ' un kabulü,Tevhid - i Tedrisat Kanunu ' nun kabulü,1
Medeni Kanun ' un kabulü,Trakya,1
Medeni Kanun ' un kabulü,İstanbullu,1
Medeni Kanun ' un kabulü,Trabzon,1
Medeni Kanun ' un kabulü,Van,1
Medeni Kanun ' un kabulü,Mustafa Kemal Atatürk ',1
Medeni Kanun ' un kabulü,Saltanatın kaldırılması,1
Millî Eğitimin Genel Amaçları,Türkiye Cumhuriyetin,1
Millî Eğitimin Genel Amaçları,Türk,1
Evkaf Vekâ,Maarif Vekâlet,1
Millî Eğitimin Genel Amaçları,Tevhid - i Tedrisat Saltanatın kaldırılması,1
Atatürk milliyetçi,Kabotaj Kanunu Medeni Kanun Millet Mektepleri 1924 Anayasası,1
Atatürk milliyetçi,Hıfzısıhha Enstitüsü Kabine sistemi,1
Atatürk milliyetçi,Cumhuriyetçilik Erkân - ı Harbiye Vekâ letinin kaldırılması,1
Atatürk inkılap ve ilkelerine,Türkiye Cumhuriyetin,1
Atatürk inkılap ve ilkelerine,bir hukuk devleti,1
Atatürk inkılap ve ilkelerine,Atatürk milliyetçi,1
Atatürk inkılap ve ilkelerine,Türk,1
Atatürk inkılap ve ilkelerine,Millî Eğitimin Genel Amaçları,1
Atatürk inkılap ve ilkelerine,Tevhid - i Tedrisat Saltanatın kaldırılması,1
Atatürk inkılap ve ilkelerine,Kabotaj Kanunu Medeni Kanun Millet Mektepleri 1924 Anayasası,1
Atatürk inkılap ve ilkelerine,Hıfzısıhha Enstitüsü Kabine sistemi,1
Atatürk inkılap ve ilkelerine,Cumhuriyetçilik Erkân - ı Harbiye Vekâ letinin kaldırılması,1
Cumhuriyetçilik Erkân - ı Harbiye Vekâ letinin kaldırılması,Türkiye Cumhuriyetin,1
Cumhuriyetçilik Erkân - ı Harbiye Vekâ letinin kaldırılması,bir hukuk devleti,1
Cumhuriyetçilik Erkân - ı Harbiye Vekâ letinin kaldırılması,Türk,1
Atatürk milliyetçi,Tevhid - i Tedrisat Saltanatın kaldırılması,1
Atatürk milliyetçi,Millî Eğitimin Genel Amaçları,1
Atatürk milliyetçi,Türk,1
Hıfzısıhha Enstitüsü Kabine sistemi,bir hukuk devleti,1
Kabotaj Kanunu Medeni Kanun Millet Mektepleri 1924 Anayasası,Türkiye Cumhuriyetin,1
Kabotaj Kanunu Medeni Kanun Millet Mektepleri 1924 Anayasası,bir hukuk devleti,1
Kabotaj Kanunu Medeni Kanun Millet Mektepleri 1924 Anayasası,Türk,1
Kabotaj Kanunu Medeni Kanun Millet Mektepleri 1924 Anayasası,Millî Eğitimin Genel Amaçları,1
Kabotaj Kanunu Medeni Kanun Millet Mektepleri 1924 Anayasası,Tevhid - i Tedrisat Saltanatın kaldırılması,1
Hıfzısıhha Enstitüsü Kabine sistemi,Türkiye Cumhuriyetin,1
Hıfzısıhha Enstitüsü Kabine sistemi,Türk,1
Atatürk milliyetçi,bir hukuk devleti,1
Hıfzısıhha Enstitüsü Kabine sistemi,Millî Eğitimin Genel Amaçları,1
Hıfzısıhha Enstitüsü Kabine sistemi,Tevhid - i Tedrisat Saltanatın kaldırılması,1
Hıfzısıhha Enstitüsü Kabine sistemi,Kabotaj Kanunu Medeni Kanun Millet Mektepleri 1924 Anayasası,1
Atatürk milliyetçi,Dev,1
Atatürk milliyetçi,Türkiye Cumhuriyeti,1
Atatürk milliyetçi,Türkiye Cumhuriyetin,1
Evkaf Vekâ,Şer ' iye,1
Millet Mekteplerinin açılması,İzmir İktisat Kongresi ' nin toplanması,1
Cumhuriyetçilik Erkân - ı Harbiye Vekâ letinin kaldırılması,Tevhid - i Tedrisat Saltanatın kaldırılması,1
Latin harflerinin kabulü,İnkılapçılık,1
laiklik,Şapka Kanunu,1
laiklik,Çok partili hayata,1
Çok partili hayata,Şapka Kanunu,1
Soyadı Kanunu ',laiklik,1
Soyadı Kanunu ',Şapka Kanunu,1
Soyadı Kanunu ',Çok partili hayata,1
Sal,laiklik,1
Sal,Şapka Kanunu,1
Sal,Soyadı Kanunu ',1
Sal,Çok partili hayata,1
Türk Tarih Kurumunun kurulması,İnkılapçılık,1
Türk Dil Kurumunun kurulması,Türk Tarih Kurumunun kurulması,1
Türk Dil Kurumunun kurulması,İnkılapçılık,1
Latin harflerinin kabulü,Medeni Kanun ' un kabulü,1
Latin harflerinin kabulü,Türk Tarih Kurumunun kurulması,1
a,İki Dünya Savaşı Arasındaki Dönem,1
Siyasi ve Ekonomik Gelişmeler,İki Dünya Savaşı Arasındaki Dönem,1
Siyasi ve Ekonomik Gelişmeler,a,1
Atatürk Dönemi,Kurucu Meclis Takrir - i Sükûn,1
Tesanüt Grubu,İstiklal Grubu,1
Millî Müca,Nisan 1920,1
Millî Müca,Türkiye Büyük Millet Meclisi,1
SAVAS,TÜRKIYE VE DÜNYA ÜNiTES,1
Demokrasi,çok partili hayat,1
Atatürk Dönemi,Türkiye Cumhuriyeti,1
Atatürk Dönemi,Siyasi ve Ekonomik Gelişmeler,1
Siyasi ve Ekonomik Gelişmeler,Türkiye Cumhuriyeti,1
Atatürk Dönemi,a,1
Atatürk Dönemi,İki Dünya Savaşı Arasındaki Dönem,1
Kurucu Meclis Takrir - i Sükûn,Türkiye Cumhuriyeti,1
Kurucu Meclis Takrir - i Sükûn,Siyasi ve Ekonomik Gelişmeler,1
Kurucu Meclis Takrir - i Sükûn,a,1
Kurucu Meclis Takrir - i Sükûn,İki Dünya Savaşı Arasındaki Dönem,1
Latin harflerinin kabulü,Türk Dil Kurumunun kurulması,1
Latin harflerinin kabulü,Tevhid - i Tedrisat Kanunu ' nun,1
Millet Mekteplerinin açılması,Tevhid - i Tedrisat Kanunu ' nun kabulü,1
Laiklik,Medeni Kanun ' un kabulü,1
Saltanatın kaldırılması,Trabzon,1
Saltanatın kaldırılması,Van,1
Saltanatın kaldırılması,Tevhid - i Tedrisat Kanunu ' nun kabulü,1
Saltanatın kaldırılması,İzmir İktisat Kongresi ' nin toplanması,1
Tevhid - i Tedrisat Kanunu ' nun kabulü,Trakya,1
Tevhid - i Tedrisat Kanunu ' nun kabulü,İstanbullu,1
Tevhid - i Tedrisat Kanunu ' nun kabulü,Trabzon,1
Tevhid - i Tedrisat Kanunu ' nun kabulü,Van,1
Tevhid - i Tedrisat Kanunu ' nun kabulü,İzmir İktisat Kongresi ' nin toplanması,1
Millet Mekteplerinin açılması,Trakya,1
Millet Mekteplerinin açılması,İstanbullu,1
Millet Mekteplerinin açılması,Trabzon,1
Millet Mekteplerinin açılması,Van,1
Millet Mekteplerinin açılması,Mustafa Kemal Atatürk ',1
Millet Mekteplerinin açılması,Saltanatın kaldırılması,1
Saltanatın kaldırılması,İstanbullu,1
Saltanatın kaldırılması,Trakya,1
Mustafa Kemal Atatürk ',İzmir İktisat Kongresi ' nin toplanması,1
Tevhid - i Tedrisat Kanunu ' nun,Türk Dil Kurumunun kurulması,1
Laiklik,Latin harflerinin kabulü,1
Laiklik,Türk Tarih Kurumunun kurulması,1
Laiklik,Türk Dil Kurumunun kurulması,1
Laiklik,İnkılapçılık,1
Laiklik,Tevhid - i Tedrisat Kanunu ' nun,1
Tevhid - i Tedrisat Kanunu ' nun,Türk Tarih Kurumunun kurulması,1
Tevhid - i Tedrisat Kanunu ' nun,İnkılapçılık,1
Mustafa Kemal Atatürk ',Tevhid - i Tedrisat Kanunu ' nun kabulü,1
İstanbullu,İzmir İktisat Kongresi ' nin toplanması,1
Mustafa Kemal Atatürk ',Trakya,1
Mustafa Kemal Atatürk ',İstanbullu,1
Mustafa Kemal Atatürk ',Trabzon,1
Mustafa Kemal Atatürk ',Van,1
Mustafa Kemal Atatürk ',Saltanatın kaldırılması,1
Cumhuriyetçilik Erkân - ı Harbiye Vekâ letinin kaldırılması,Millî Eğitimin Genel Amaçları,1
Cumhuriyetçilik Erkân - ı Harbiye Vekâ letinin kaldırılması,Kabotaj Kanunu Medeni Kanun Millet Mektepleri 1924 Anayasası,1
Bayar,ağ,1
Gül Esin ( Übbül,Çine,1
Koruyucu,Teşvik - i Sanayi Kanunu ',1
Koruyucu,Türk,1
Demir yolları,Teşvik - i Sanayi Kanunu ',1
Demir yolları,Türk,1
Demir yolları,Devlet,1
Demir yolları,Koruyucu,1
Aşar vergisi ve Reji İdaresi,Teşvik - i Sanayi Kanunu ',1
Aşar vergisi ve Reji İdaresi,Türk,1
Aşar vergisi ve Reji İdaresi,Devlet,1
Aşar vergisi ve Reji İdaresi,Koruyucu,1
Aşar vergisi ve Reji İdaresi,Demir yolları,1
Türkiye İktisat Kongresi,İzmir,1
Hicri,Rumi takvim,1
' ndeki değişimleri gösteren tabloda,Dönemi,1
' ndeki değişimleri gösteren tabloda,Cumhuriyet,1
Teşvik - i Sanayi Kanunu ',Türk,1
Mehmet Kayıran,Selami Saygın,1
Mehmet Kayıran,İzmir İktisat Kongresi,1
Misak - ı Maarif,ak - ı İktisadi,1
Cumhuriyet ',Türk Tarih Kurumu,1
Cumhuriyet ',Yeni,1
Cumhuriyet ',Türk kara,1
Cumhuriyet ',TBMM,1
Cumhuriyet ',Türk,1
ak - ı İktisadi,misak,1
Misak - ı Maarif,Misak - ı Millî,1
Mehmet Kayıran,Mustafa Yahya Metintaş,1
Misak - ı Maarif,misak,1
Millî Mücadele ' nin,ak - ı İktisadi,1
Millî Mücadele ' nin,Misak - ı Maarif,1
Millî Mücadele ' nin,Misak - ı Millî,1
Millî Mücadele ' nin,misak,1
Selami Saygın,İzmir İktisat Kongresi,1
Gül Esin ( Übbül,Türkiye,1
Çekoslovakya,İsviçre,1
Etibank,Sanayi ve Maadin Bankası,1
Pakistan,Taliban,1
Nuri Bey,ağ,1
Nuri Bey,Tevfik Rüştü Bey,1
Nuri Bey,İnönü,1
Nuri Bey,İsmet Paşa,1
Nuri Bey,Soyadı Kanunu,1
Fethi Bey,Musul,1
Fethi Bey,Terakkiperver Cum - huriyet Fırkası,1
Fethi Bey,Paris,1
Fethi Bey,ağ,1
Fethi Bey,Nuri Bey,1
Fethi Bey,Tevfik Rüştü Bey,1
Fethi Bey,Mahmut Celal Bey,1
Fethi Bey,İnönü,1
Fethi Bey,İsmet Paşa,1
Fethi Bey,Soyadı Kanunu,1
Tevfik Rüştü Bey,İsmet Paşa,1
Tevfik Rüştü Bey,İnönü,1
Tevfik Rüştü Bey,ağ,1
Pakistan,Türkiye,1
Pakistan,SSCB,1
Pakistan,İran,1
Pakistan,İsviçre,1
Pakistan,Yunanistan,1
Pakistan,Yugoslavya,1
Pakistan,İtalya,1
Pakistan,Çekoslovakya,1
ağ,İsmet Paşa,1
Pakistan,Yeni Zelanda,1
Astronomi Enstitüsü,Fak,1
Astronomi Enstitüsü,İstanbul Üniversitesi,1
Fak,İstanbul Üniversitesi,1
1935,TBMM,1
ağ,İnönü,1
Cumhuriyet ',Cumhuriyet Dönemi,1
Etibank,Mustafa Kemal Atatürk,1
Cumhuriyetçilik Erkân - ı Harbiye Vekâ letinin kaldırılması,Hıfzısıhha Enstitüsü Kabine sistemi,1
Birinci Beş Yıllık Sanayi Planı,Sümerbank,1
Fransız Devrimi,Mustafa Kemal,1
Atatürkçü düşünce sisteminin,yönlü,1
Onuncu Yıl Söylevi ' ne,Türkiye Cumhuriyeti,1
Ne mutlu,Türk ' üm,1
Millî kültürü,muasır medeniyet,1
Osmanlı Yaralı ve Hasta Askerlere Yardım Cemiyeti,Türkiye Hilâl - i Ahmer Cemiyeti,1
Osmanlı Hilâl - i Ahmer Cemiyeti,Türkiye Hilâl - i Ahmer Cemiyeti,1
Osmanlı Hilâl - i Ahmer Cemiyeti,Osmanlı Yaralı ve Hasta Askerlere Yardım Cemiyeti,1
frengi,trahom,1
Sıtma,trahom,1
Sıtma,frengi,1
Ankara Orman Çiftliği,Fazıl Dalay,1
Nurullah Esat Sümer,Türkiye,1
Nurullah Esat Sümer,Sümerbank,1
Birinci Beş Yıllık Sanayi Planı,Türkiye,1
1924,1961,1
1924,1982 Anayasa,1
1924,Haliç Konferansı ',1
1961,Esas,1
Cumhuriyetçilik ilkesi,Türk inkılabına,1
Türk kara,Yeni,1
Atatürk ilkesi,Cumhuriyet ',1
1961,27 Mayıs 1960 Askerî Darbesi,1
1961,1982 Ana - yasaları,1
1961,1980,1
1961,Türkiye Cumhuriyeti,1
1924,Musul Sorunu,1
1961,Türk devletinin,1
1924,Irak,1
1924,Ankara Antlaşması,1
1924,1926,1
1924,İngiltere,1
1924,Türkiye,1
Birinci Beş Yıllık Sanayi Planı,Nurullah Esat Sümer,1
Sümerbank,Türkiye,1
Kabotaj Kanunu,Türk,1
Sümerbank,İş Bankası,1
Ulusal Ekonomi ve Art,ma Haftası,1
Millî Ekonomi ve Yerli Mallar Haftası,Türk Malları Haftası,1
Millî Ekonomi ve Yerli Mallar Haftası,Yatırım,1
Millî Ekonomi ve Yerli Mallar Haftası,Tut,1
Millî Ekonomi ve Yerli Mallar Haftası,Yerli Malı Haftası,1
Millî Ekonomi ve Yerli Mallar Haftası,ma Haftası,1
Millî Ekonomi ve Yerli Mallar Haftası,Ulusal Ekonomi ve Art,1
1929,Dünya Ekonomik Bunalımı,1
1929,Tasarruf ve Yerli Malı Haftası,1
MillA ilticat un Tocarruf Comiuntil 1929 Dünya Ekonomik Bunalımı,Türkiye,1
1929 Dünya Ekono - mik Bunalımı ' na,Dünya Savaşı,1
Kirklareli istanbul Türkiye,yolu,1
Denizbank,Türk Ticaret Filosunun,1
Deniz Yolları,Denizbank,1
Deniz Yolları,Türk Ticaret Filosunun,1
Ulusal Ekonomi ve Art,Yerli Malı Haftası,1
Ulusal Ekonomi ve Art,Yatırım,1
Tut,Ulusal Ekonomi ve Art,1
Yerli Malı Haftası,ma Haftası,1
Birinci Beş Yıllık Sanayi Planı ',Sümerbank,1
Birinci Beş Yıllık Sanayi Planı ',İş Bankası,1
Korkud Aydın,Yerli Malı,1
Korkud Aydın,Malatya,1
Yatırım,Yerli Malı Haftası,1
Yatırım,ma Haftası,1
Türk Malları Haftası,Yatırım,1
Tut,ma Haftası,1
Türk Malları Haftası,Yerli Malı Haftası,1
Türk Malları Haftası,ma Haftası,1
Türk Malları Haftası,Ulusal Ekonomi ve Art,1
Tut,Türk Malları Haftası,1
Tut,Yatırım,1
Tut,Yerli Malı Haftası,1
Lozan Barış Konferansı ',TBMM Hükûmet,1
23 Nisan 1920,TBMM,1
23 Nisan 1920,Anadolu,1
Ankara Antlaşması,Antakya,1
Kuvây - ı Milliye ',Millî Mücadele ',1
Kuvây - ı Milliye ',İstanbul,1
Kuvây - ı Milliye ',Mondros Ateşkes Antlaşması ' nın,1
Fransız - Ermeni,Uzunoluk Caddesi,1
31 Ekim 1919,Maraş Milli Mücadelesinde,1
Elmalı,Şahin Bey,1
Cemile Şahin,Mustafa Şahin,1
Fransız Karargâhı,Osmaniye,1
Tayyar Rahmiye,YAR RAHMİYE,1
TA,Tayyar Rahmiye,1
TA,YAR RAHMİYE,1
Ankara Antlaşması,Milletler Cemiyeti,1
Ankara Antlaşması,Irak,1
Ankara Antlaşması,İngiltere,1
Ankara Antlaşması,Suriye,1
24 Ekim 1920,Gediz Taarruzu,1
24 Ekim 1920,Batı Cephesi,1
Batı Cephesi,Gediz Taarruzu,1
Refet Paşa,İsmet,1
Kastamonu vilayeti,istiklal Yolu,1
LA,Rusya,1
LA,İstanbul,1
LA,İstiklal Savaşı,1
LA,istiklal Yolu,1
Refet Paşa,TBMM Hükûmet,1
Refet Paşa,İsmet Paşa,1
Batı Cephesi,istiklal Yolu,1
Batı Cephesi,Rusya,1
Batı Cephesi,İstanbul,1
Batı Cephesi,Doğu Cephesi,1
Batı Cephesi,İstiklal Savaşı,1
Batı Cephesi,Kastamonu vilayeti,1
Batı Cephesi,LA,1
Ankara Antlaşması,Fransız mandas,1
Ankara Antlaşması,İskenderun,1
Kastamonu vilayeti,İstiklal Savaşı,1
Ankara Antlaşması,Ekim 1921,1
Gaziantep,TBMM,1
Cemil Cahit,Yörük Selim,1
Cemil Cahit,Kılıç Ali,1
Cemil Cahit,Mustafa Kemal,1
Kılıç Ali,Yörük Selim,1
Kılıç Ali,Mustafa Kemal,1
Mu,Türkiye,1
Mu,l,1
Mu,PKK terör,1
Mu,Urfa,1
Mu,İngiltere,1
Dörtyol,Hatay,1
Dörtyol,Mersin,1
Sykes - Picot Antlaşması ',İskenderun,1
Sykes - Picot Antlaşması ',İngiltere,1
Gaziantep,Millî Mücadele,1
Ali Saip (,Urfa,1
Ali Saip (,savaş,1
Güney Cephesi,YAR RAHMİYE,1
Ankara Antlaşması,Fransız,1
Ankara Antlaşması,Sakarya Meydan Muharebesi ',1
Ankara Antlaşması,Güney Cephesi,1
Güney Cephesi,I,1
Güney Cephesi,Çanakkale Cephesi Büyük Taarruz,1
Güney Cephesi,Tayyar Rahmiye,1
Güney Cephesi,TA,1
Ali Saip Bey,Nuri Bey,1
Güney Cephesi,Sakarya Meydan Muharebesi ',1
20 Ekim 1921,Ankara Antlaşması,1
20 Ekim 1921,Fransız,1
20 Ekim 1921,Sakarya Meydan Muharebesi ',1
20 Ekim 1921,Güney Cephesi,1
Ali Saip Bey,Fransız,1
Kastamonu vilayeti,LA,1
Kastamonu vilayeti,İstanbul,1
Doğu Cephesi,I,1
Teşkilât - ı Esasiye Kanunu,birliği,1
Sevr,r,1
Sevr,İtilaf Devletleri,1
Bekir Sami Bey,TBMM,1
Tevfik Paşa,Türk,1
Sevr ',İnönü Muharebesi,1
İnönü Zaferi ',İtilaf Devletleri,1
Londra Konferansı,ımadası,1
Londra Konferansı,TBMM,1
Londra Konferansı,Mart 1921,1
Türkiye Büyük Millet Meclisi Hükûmet,Türkiye Devleti,1
Egemenlik,Teşkilât - ı Esasiye Kanunu ',1
CHP Genel,Türkiye,1
CHP Genel,Türkiye Bü - yük Millet Meclisi,1
Erkân - ı Harbiye Mektebi,İSMET PAŞA,1
birliği,ûme,1
r,İtilaf Devletleri,1
Mart 1921,Türk - Afgan Dostluk Antlaşması,1
Mart 1921,Mustafa Kemal,1
Mehmet Âkif Ersoy,İstiklâl Marşı ' nın Kabul,1
Türkiye Cumhuriyeti,İstiklâl Marşı,1
Osman Zeki Üngör,Türkiye Cumhuriyeti,1
Osman Zeki Üngör,İstiklâl Marşı,1
Âkif,İstiklâl Marşı,1
Türk milletinin İstiklâl Marşı,Âkif,1
Mehmet Âkif Ersoy,Millî Mücadele,1
Amanullah Han,Millî Mücadele,1
Mart 1921,İstiklâl Marşı ' nın Kabul,1
Amanullah Han,Mustafa Kemal,1
Amanullah Han,Mart 1921,1
Amanullah Han,Türk - Afgan Dostluk Antlaşması,1
Mart 1921,Rusya,1
Mart 1921,İtilaf Devletleri,1
Mart 1921,Mehmet Âkif Ersoy,1
Teşkilât - ı Esasiye Kanunu,ûme,1
Ocak 1921,ûme,1
Kastamonu vilayeti,Rusya,1
Ocak 1921,birliği,1
1921,Kütahya,1
1921,Eskişehir,1
1921,Ethem Bey,1
1921,Millî Mücadele,1
Eskisehir Muharebe,Kütahya,1
Eskisehir Muharebe,inönü Muharebesi,1
Arif Bey,Kuva - yı Seyyare,1
Gediz,Kuva - yı Seyyare,1
Fuat Paşa,Kuvây - ı Milliye,1
Yol,İstiklal Savaşı ' nda,1
Hüsnü Özlü,Yol,1
Hüsnü Özlü,İstiklal Savaşı ' nda,1
İnebolu,İstanbul,1
istiklal Yolu,İstanbul,1
istiklal Yolu,İstiklal Savaşı,1
1921,Ankara,1
1921,Sevr ',1
1921,Türkiye,1
Afganistan ile Dostluk Antlaşması,Moskova Antlaşması,1
Ocak 1921,Teşkilât - ı Esasiye Kanunu,1
Moskova Antlaşması,Sovyet,1
Moskova Antlaşması,TBMM,1
Moskova Antlaşması,Türkiye,1
Moskova Antlaşması,Rusya,1
Moskova Antlaşması,İtilaf Devletleri,1
Afganistan ile Dostluk Antlaşması,Sovyet Rusya,1
1921,CB,1
Teşkilât - ı Esasiye ( 1921 Anayasası ),İstik - lâl Marşı,1
Ethem Bey,Millî Mücadele,1
Ethem Bey,İnönü Muharebesi,1
1921,Sovyet,1
1921,Moskova Antlaşması,1
1921,Sovyet Rusya,1
İstiklal Harbimiz,Şark Cephesi,1
Doğu Cephesi,Çanakkale Cephesi Büyük Taarruz,1
Türkiye Cumhuriyeti,İsmet Paşa,1
Sevr Antlaşması,ûmet,1
Afyon,İtalyan,1
Afyon,Aydın,1
Afyon,Muğla,1
Afyon,Antalya,1
Edirne istanbul Sevr Antlaşması ' nın,Osmanlı Devleti,1
Edirne istanbul Sevr Antlaşması ' nın,İstanbul,1
Osmanlı Heyeti,Sevr Antlaşması,1
Osmanlı Heyeti,İtilaf Devletleri,1
Osmanlı Heyeti,Paris,1
Ahmet Tevfik Paşa,Osmanlı Devleti,1
San Remo Konfe,ransı,1
İstanbul Hükûmeti,İtilaf Devletleri,1
Av,Lloyd George,1
Av,Sevr Antlaşması,1
Av,İstanbul Hükûmet,1
Afyon,TBMM,1
Afyon,Londra Konferansı,1
Afyon,Kütahya,1
Antep,Fransız,1
Hatay Boğazlar,lar Komisyonu,1
Hatay Boğazlar,Osmanlı Devleti,1
Antep,Mu,1
Antep,Irak,1
Antep,İskenderun,1
Antep,Sykes - Picot Antlaşması ',1
Antep,Sivas,1
Afyon,Bilecik,1
Antep,Kayseri,1
Antep,Mardin,1
Afyon,Büyük Taarruz,1
Afyon,Bursa,1
Afyon,İzmit,1
Afyon,Bolu,1
Sevr Antlaşması,Yunanistan,1
Sevr Antlaşması,United Telgraph,1
Damat Ferit Paşa Hükûmeti,Ekim 1920,1
Sevr Antlaşması,le ',1
Avam,Ingiltere,1
Avam,Sevr Antlasmasi ' ni,1
Avam,istanbul Hükûmet,1
Sevr Antlasmasi ' ni,Turkey is no more,1
Sevr Antlasmasi ' ni,loyd George,1
Sevr Antlasmasi ' ni,istanbul Hükûmet,1
SEVR ANTLAŞMASI ( 10 Ağustos 1920 ),Sevr Antlaşması ' nın imzala,1
Millî Mücadele Dönemi,İstiklal Mahkeme,1
Atatürk ' ün İhtilal Hukuku,Doğan Kitap,1
ri ',İstiklal Mahkemele,1
Hüseyin Avni Bey,İstiklal Mahkemeleri,1
Hulusi Turgut,Kılıç Ali,1
Şapka Kanunu,Şeyh Said İsyanı,1
Atatürk ' e suikast girişimi,Şapka Kanunu,1
Atatürk ' e suikast girişimi,Şeyh Said İsyanı,1
Avam,L,1
Avam,loyd George,1
Avam,Turkey is no more,1
L,Turkey is no more,1
Sevr Antlaşması,İstanbul Hükûmeti,1
Sevr Antlaşması,İngiltere,1
Sevr Antlaşması,İstanbul Hükûmet,1
Turkey is no more,loyd George,1
Turkey is no more,istanbul Hükûmet,1
istanbul Hükûmet,loyd George,1
L,loyd George,1
Ingiltere,istanbul Hükûmet,1
L,Sevr Antlasmasi ' ni,1
L,istanbul Hükûmet,1
Ingiltere,Turkey is no more,1
Ingiltere,loyd George,1
Ingiltere,L,1
Ingiltere,Sevr Antlasmasi ' ni,1
Sevr Antlaşması ' nı,a son veren barış,1
Le Temps,Lö Temps,1
Doğu Cephesi,Güney Cephesi,1
Asuman Demircioğlu,Millî Mücadele ',1
Balkan Savaşları ve I,KAZIM KARABEKİR,1
Gümrü,Kars,1
Gümrü,Gürcistan,1
Gümrü,Moskova,1
Gümrü,ya,1
Gümrü,Türkiye,1
Gümrü,İstanbul Hükûmet,1
Gümrü,Türk,1
Kazım Karabekir Paşa,Sarıkamış,1
Doğu Anadolu Müdâfaa - i Hukuk Cemiyeti,Ermeni saldırıların,1
Büyük Millet Meclisi Hükûmetleri,İstikbâl Gazetesi,1
Büyük Millet Meclisi Hükûmetleri,Mustafa Kemal Paşa,1
Büyük Millet Meclisi Hükûmetleri,Millî Mücadele ',1
Asuman Demircioğlu,İstikbâl Gazetesi,1
Asuman Demircioğlu,Büyük Millet Meclisi Hükûmetleri,1
Gümrü Antlaşması ',Osmanlı,1
Ermenistan Hük,ûmet,1
Ermenistan Hük,Sevr Antlaşması,1
Doğu Cephesi,Kâzım Karabekir Paşa,1
Doğu Cephesi,Rusya,1
Doğu Cephesi,İstanbul,1
Doğu Cephesi,İstiklal Savaşı,1
Doğu Cephesi,Kastamonu vilayeti,1
Doğu Cephesi,LA,1
Doğu Cephesi,istiklal Yolu,1
Doğu Cephesi,Kolordu,1
BMM Hükûmet,Ermenistan,1
Kolordu,Kâzım Karabekir Paşa,1
Ermeni,Sevr Barış Antlaşması ' nı,1
Ermeni,Misak - ı Millî,1
Gümrü Antlaşması,Millî Mücadele ',1
BMM Hükûmet,Londra Konferansı,1
BMM Hükûmet,Batı Cephesi,1
Asuman Demircioğlu,Mustafa Kemal Paşa,1
Türk İstikbal - i Millîsi,Türkiye,1
Le Temps,Türk sulh,1
Türk Milleti,Türk İstikbal - i Millîsi,1
Damat Ferit,Koçhisar,1
Damat Ferit,Kırşehir,1
Damat Ferit,Çankırı,1
Damat Ferit,Tokat,1
Damat Ferit,Sevr Antlaşması ',1
Damat Ferit Hükûmet,eyan,1
Damat Ferit Hükûmet,Türkiye ve İslam Âleminde,1
Damat Ferit Hükûmet,iyet - i Millîye ',1
eyan,iyet - i Millîye ',1
Türkiye ve İslam Âleminde,eyan,1
Türkiye ve İslam Âleminde,iyet - i Millîye ',1
Gülnihal Bozkurt,Sevr ' i,1
Millî Mücade,le ',1
Millî Mücade,Sevr Antlaşması,1
Lö Temps,Türk sulh,1
Damat Ferit,Erzurum,1
Damat Ferit,Millet Meclisi,1
Kırşehir,Sevr Antlaşması ',1
Millet Meclisi,Sevr Antlaşması ',1
Türk Milleti,Türkiye,1
Millî,Sevr Antlaşması,1
Millî,Mustafa Şahan,1
Mustafa Şahan,Sevr Antlaşması,1
Millet Meclisi,Çankırı,1
Millet Meclisi,Tokat,1
Koçhisar,Millet Meclisi,1
Kırşehir,Tokat,1
Koçhisar,Kırşehir,1
Koçhisar,Çankırı,1
Koçhisar,Tokat,1
Koçhisar,Sevr Antlaşması ',1
Kırşehir,Millet Meclisi,1
Kırşehir,Çankırı,1
Türkiye Cumhuriyeti,mal,1
Türkiye Cumhuriyeti,ve millet,1
Atatürkçü devletçilik,karma ekonomi,1
Batı Trakya,Lozan Konferansı,1
Lozan Antlaşması,Türkiye Cumhuriyeti,1
Batı Trakya,Bozcaada,1
Batı Trakya,Gökçeada,1
Batı Trakya,Bulgaristan,1
Batı Trakya,İstanbul Antlaşması,1
Batı Trakya,Osmanlı Devleti,1
Batı Trakya,Dostluk Eşitlik ve Barış Partisi,1
Batı Trakya,SADIK AHMET,1
Batı Trakya,Kıta Sahanlığı,1
Batı Trakya,Ege Adaları,1
Batı Trakya,Kıbrıs,1
Batı Trakya,Lozan Antlaşması,1
Batı Trakya,tanbul Rumlar,1
Batı Trakya,İs,1
Batı Trakya,istan,1
Lozan Antlaşması,Sevr Antlaşma - sı ',1
Lozan Antlaşması,Osmanlı,1
Lozan Antlaşması,Medeni Kanun,1
Tablo A ',Tablo B ',1
Manda ve himay,İtilaf Devleti,1
Manda ve himay,İslam devleti,1
Manda ve himay,TBMM,1
Manda ve himay,İstanbul Hükûmet,1
Manda ve himay,Millî Mücadele,1
Manda ve himay,Millî Mücadele ',1
Lozan Barış Antlaşması ' nın,Türkiye,1
Lozan Antlaşması,TBMM,1
Lozan Antlaşmalarının,Sevr ile,1
Ahilkelek Ardahan Kars,Trabzon,1
Lozan Antlaşması,Yunanistan,1
Lozan Antlaşması,İtalya,1
Lozan Antlaşması,Meis,1
Lozan Antlaşması,Musul,1
Batı Trakya,Yu,1
Lozan Barış Antlaşması,Türkiye ',1
Manda ve himay,Türkiye,1
Lozan Barış Antlaşması,İsmet Paşa,1
Lozan,İtilaf Devletleri,1
Lozan,İsviçre,1
Lausanne,Lozan,1
Lausanne,İsviçre,1
Lozan Barış Antlaşması ( 24 Temmuz 1923 ),Mudanya Ateşkes Antlaşması ',1
Millî Mücadele açısından,Mudanya Ateşkes Antlaşması ' nın,1
TBMM Hükûmet,ı Millî,1
TBMM Hükûmet,İstanbul,1
tan,İtalya,1
tan,İngiltere,1
Batı Cephesi ',İtalya,1
Batı Cephesi ',Fransa,1
Batı Cephesi ',İngiltere,1
Batı Cephesi ',istan,1
Batı Cephesi ',tan,1
Lozan,Mudanya Ateşkes Antlaşması ',1
Lozan,Sadraz,1
Lozan,Tevfik Paşa,1
Barış Konferan,İtilaf Devletleri,1
Misak,ı Millî,1
Misak,TBMM Hükûmet,1
Harici,İsmet Paşa,1
Harici,Türkiye,1
Barış Konferan,İstanbul,1
Barış Konferan,Hükûmet,1
Lozan,Yunan,1
Lozan,a,1
Lozan,Meis,1
Lozan,Paris Antlaşması,1
Lozan,İtalya,1
Lozan,Sefimiz Atatürk,1
Lozan,in,1
Lozan,Under Atatä,1
Manda ve himay,Misak - ı Millî,1
Manda ve himay,İstanbul,1
istan,İtalya,1
Türkiye Cumhuriyeti ' nin Temelleri ve Atatürkçü Düşünce Sistemi,ilke,1
Atatürk,İsmet Paşa,1
Atatürk,Soyadı Kanunu,1
Atatürk,Millî Mü,1
Atatürk,Cumhuriyet,1
Atatürk,Batı,1
Atatürk,Taşbebek,1
Atatürk,Darülbedayi ( Şehir Tiyatroları ),1
Atatürk,Üniversite Reformu,1
Atatürk,Türk Tarihi,1
Atatürk,Türk Tarih Tezi,1
Atatürk,ilke,1
Atatürk,Atatürkçü düşünce sistemi,1
Atatürk,Türk,1
Atatürk,Çağdaş Türkiye ',1
Atatürk,Millî Egemenlik Sosyal Devlet Karma Ekonomi Kabine Sistemi,1
Atatürk,İnönü,1
Atatürk,Mahmut Celal Bey,1
Atatürk,Bayar,1
Atatürkçü düşünce sistemi,ilke,1
Dumlupınar Zaferi,Falih Rıfkı Atay,1
Türk milleti,Türkiye Cumhuriyeti,1
Millî Egemenlik,Millî Mü,1
ATATÜRK İLKELERİ BAŞ,SU,1
Bir,ve toplum düzeni,1
ilke,Çağdaş Türkiye ',1
Atatürkçü düşünce sistemi,Türk,1
Atatürk,Tevfik Rüştü Bey,1
Atatürkçü düşünce sistemi,Çağdaş Türkiye ',1
Atatürkçü düşünce sistemi,Millî Egemenlik Sosyal Devlet Karma Ekonomi Kabine Sistemi,1
Atatürkçü düşünce sistemi,Türkiye Cumhuriyeti ' nin Temelleri ve Atatürkçü Düşünce Sistemi,1
Atatürk,ağ,1
Atatürk,Nuri Bey,1
Atatürk,Fethi Bey,1
Atatürk,Türkiye Cumhuriyeti ' nin Temelleri ve Atatürkçü Düşünce Sistemi,1
Türkiye Cumhuriyeti ' nin Temelleri ve Atatürkçü Düşünce Sistemi,Çağdaş Türkiye ',1
İslam devleti,İstanbul Hükûmet,1
Millî Egemenlik Sosyal Devlet Karma Ekonomi Kabine Sistemi,ilke,1
Başkomutanlık Meydan Muharebesi,Doğu Cephesi,1
Başkomutanlık Meydan Muharebesi,Güney Cephesi,1
Anadolu İhtilali ',İstiklal Harbi,1
Anadolu İhtilali ',Millî Mücadele,1
Millî Varlığa Düşman,iyetle,1
Hint Hilafet Komitesi,İstanbul,1
Hint Hilafet Komitesi,Mustafa Kemal,1
Hint Hilafet Komitesi,Millî Mücadele,1
Bombay,İstanbul,1
Bombay,Mustafa Kemal,1
Bombay,Millî Mücadele,1
Bombay,Hint Hilafet Komitesi,1
Amiral Bristol Kars Antlaşması,Anadolu Ajansı Havza Genelgesi Sivas Kongresi İ Tekâlif - i Millîye Erzurum Kongresi Harbord Raporu,1
İslam devleti,İstanbul,1
İslam devleti,İtilaf Devleti,1
Başkomutanlık Meydan Muharebesi,Çanakkale Cephesi Büyük Taarruz,1
Başkomutanlık Meydan Muharebesi,I,1
Hıyanet - i Vataniye Kanunu,TBMM,1
Lozan Kon,feransı,1
Millî Egemenlik Sosyal Devlet Karma Ekonomi Kabine Sistemi,Türk,1
Millî Egemenlik Sosyal Devlet Karma Ekonomi Kabine Sistemi,Çağdaş Türkiye ',1
Millî Egemenlik Sosyal Devlet Karma Ekonomi Kabine Sistemi,Türkiye Cumhuriyeti ' nin Temelleri ve Atatürkçü Düşünce Sistemi,1
Kapitülasyonlar Ermeni Yurdu Meselesi,Türk devletinin yönetim,1
Dış borç,Kapitülasyonlar Ermeni Yurdu Meselesi,1
Dış borç,Türk devletinin yönetim,1
Lozan Kon,Lozan Konferansı,1
Hıyanet - i Vataniye Kanunu,İstiklal Mahkeme,1
Lozan Kon,Mustafa Kemal,1
Lozan Konferansı,istan,1
Lozan Konferansı,Yu,1
Lozan Konferansı,İstanbul,1
Lozan Konferansı,feransı,1
Lozan Konferansı,Mustafa Kemal,1
istan,İstanbul,1
istan,İngiltere,1
Türkiye Cumhuriyeti,İki Dünya Savaşı Arasındaki Dönem,1
Hint Müslümanlar,Kıbrıs,1
Heyeti Ce,lilenizin,1
Türkiye Büyük Millet Meclisi,ma Kanunu,1
Türkiye Büyük Millet Meclisi,yi Topraklan,1
Türkiye Büyük Millet Meclisi,onun Hükûmet,1
Kafkas Cumhuriyet,Kars,1
Haymana,Mangal Dağı,1
Sakarya Meydan Muharebesi,kara,1
Sakarya Meydan Muharebesi,ğı,1
Sakarya Irma,ğı,1
Sakarya Irma,Sakarya Meydan Muharebesi,1
1921 ) Kütahya - Eskişehir Muharebeleri,ğı,1
1921 ) Kütahya - Eskişehir Muharebeleri,Sakarya Irma,1
1921 ) Kütahya - Eskişehir Muharebeleri,Sakarya Meydan Muharebesi,1
Maarif Kongresi ',Mustafa Ke,1
Doğan Kitap,Taha Akyol,1
GÖRDESLİ MAKBULE,Makbule Hanım,1
GÖRDESLİ MAKBULE,Japon filint,1
Japon filint,Makbule Hanım,1
Simav,bule Hanım,1
1921 ) Sakarya Zaferi,Ermenistan,1
1921 ) Sakarya Zaferi,SSCB,1
1921 ) Sakarya Zaferi,Kars Antlaşması,1
Halime Çavuş ( Kocabıyık ),İstiklal Mada,1
Halide On,Sakarya Meydan Muharebesi ',1
Sındırgı,bule Hanım,1
Simav,Sındırgı,1
Demirci,Gördes,1
Gördes,bule Hanım,1
Gördes,Sındırgı,1
Gördes,Simav,1
Demirci,bule Hanım,1
Demirci,Sındırgı,1
Demirci,Simav,1
Hint Müslümanlar,İslam,1
Başk,Mustafa Kemal,1
1921 ) Sakarya Zaferi,Gürcistan,1
Başk,Tekâlif - i Millîye Kütahya - Eskişehir Muharebesi ' nden,1
Londra Konferansı ',ûmet,1
Londra Konferansı ',İstanbul,1
Londra Konferansı ',İtilaf Devletleri,1
Avru,pa,1
Avru,Sovyet Rusya,1
Sovyet Rusya,İngiltere,1
Sovyet Rusya,Türk - Rus Dostluk Antlaşması,1
Sovyet Rusya,Yozıf Sıtalin,1
Sovyet Rusya,pa,1
Sovyet Rusya,Çarlık Rusyası,1
Sovyet Rusya,İtilaf Devletleri,1
marsi,tiklal,1
Fırkacılık,kavmiyet,1
Türkiye Cumhuriyeti,İsmet İn,1
Türkiye Cumhuriyeti,a,1
Koçgiri Ayaklanması,TBMM,1
Koçgiri Ayaklanması,Pontus,1
Koçgiri Ayaklanması,İsmet Paşa,1
Bel,Dumlupınar,1
Dumlupınar,han,1
Dumlupınar,Ref,1
Dumlupınar,İnönü Muharebesi ',1
han,İnönü Muharebesi ',1
Bel,çika,1
Bel,Hattı,1
Bel,han,1
Koçgiri Ayaklanması,İnönü,1
Bel,Ref,1
Bel,İnönü Muharebesi ',1
Ref,han,1
Ref,İnönü Muharebesi ',1
Kütahya - Eskişehir Muharebeleri,Türk ordusunun,1
Kütahya - Eskişehir Muharebeleri,Temmuz 1921 ),1
1921 ) Sakarya Zaferi,Azerbaycan,1
1921 ) Sakarya Zaferi,TBMM,1
istan,tan,1
EVZİ ÇAKMAK,F,1
Kanada,İtalya,1
Mudanya Ateşkes Antlaşması,Trakya,1
Mudanya Ateşkes Antlaşması,İstanbul,1
Ekim 1922,Trakya,1
Ekim 1922,İstanbul,1
Ekim 1922,Misak - ı Millî,1
Ekim 1922,Mudanya Ateşkes Antlaşması,1
Ayfer Özçelik,Fevzi Çakmak,1
30 Ağustos Zaferi,Büyük Millet Meclisi,1
30 Ağustos Zaferi,Mustafa Kemal,1
30 Ağustos Zaferi,Fevzi Paşa,1
Başkumandanlık Meydan Muharebesi ',Fevzi Paşa,1
Başkumandanlık Meydan Muharebesi ',Yunan ordusu,1
Fevzi Paşa,Mustafa Kemal,1
Fevzi Paşa,Yunan ordusu,1
Kanada,Yeni Zelanda,1
Avustralya,İtalya,1
Avustralya,Güney Afrika,1
Avustralya,Yugoslavya,1
Yeni Zelanda,İsviçre,1
Yeni Zelanda,Yunanistan,1
Yeni Zelanda,Yugoslavya,1
Yeni Zelanda,Çekoslovakya,1
Yeni Zelanda,İngiltere,1
Avustralya,Montreux Boğazlar Sözleşmesi,1
Avustralya,Yunanistan,1
Avustralya,Yeni Zelanda,1
Avustralya,Bulgaristan,1
Avustralya,Romanya,1
Avustralya,Japonya,1
Avustralya,Sovyetler Birliği,1
Avustralya,İngiltere,1
Avustralya,Türkiye,1
Fevzi Paşa,Kozan,1
11 Ka,sım,1
Kars Antlaşması,SSCB,1
Piyade Mülazım Mus,fa Şekip Efendi,1
Fatma Seher Hanım,Kara Fatma,1
Fatma Seher Hanım,Millî Mücadele,1
Kara Fatma,Meşrutiyet Dönemi,1
Kara Fatma,Mustafa Kemal,1
Kara Fatma,Millî Mücadele,1
Kara Fat,Millî Mücadele Dönemi,1
Kara Fat,Kara Fatma [ Fatma Seher Erden,1
Kara Fatma [ Fatma Seher Erden,Millî Mücadele Dönemi,1
Fransız mandas,Suriye,1
Fransız mandas,İskenderun,1
Ekim 1921,Suriye,1
Ekim 1921,Fransız mandas,1
Ekim 1921,İskenderun,1
Ekim 1921,Fransa,1
Kars Antlaşması,TBMM,1
Esma Torun Çelik,Kara Fatma,1
Ağustos 1922 ) Sakarya Zaferi ',Büyük Taarruz ve Başkomutanlık Meydan Muharebesi,1
Ağustos 1922 ) Sakarya Zaferi ',İtilaf Devletleri,1
Kocatepe,Mustafa Ke,1
Meydan Muha,besi,1
Meydan Muha,Mustafa Kemal,1
Başkomu,besi,1
Başkomu,Meydan Muha,1
Başkomu,Mustafa Kemal,1
Kocatepe,mal Paşa,1
Güney Ceph,İtilaf,1
Ağustos 1922 ) Sakarya Zaferi ',Sevr ',1
Güney Ceph,İtalya,1
Güney Ceph,Rusya,1
Büyük Taarruz ve Başkomutanlık Meydan Muharebesi,TBMM,1
Büyük Taarruz ve Başkomutanlık Meydan Muharebesi,Sevr ',1
Büyük Taarruz ve Başkomutanlık Meydan Muharebesi,İtilaf Devletleri,1
Ağustos 1922 ) Sakarya Zaferi ',TBMM,1
Benî Ahmer Devleti,İslam,1
Orhan Gazi Camisi ve Külliyesi,Yeşil Cami ve Külliyesi,1
Benî Ahmer Devleti,ELGRAV Endülüs Emevi Devleti,1
Fransa,Kal,1
Fransa,Münster,1
Fransa,arin,1
Fransa,Kutsal Roma İmparatorluğu,1
Fransa,s,1
Fransa,Vestfalya Barışı,1
Fransa,Katolik Kilisesi,1
Fransa,Mona Lisa,1
Fransa,İstanbul,1
Fransa,Leonardo da Vinçi,1
Fransa,Leonardo da Vinci,1
Fransa,Vasvar Antlaşması,1
Fransa,Venedik,1
Fransa,İskoçya,1
Fransa,İskandinavya,1
Fransa,Yirmisekiz Mehmet Çelebi,1
Fransa,Paris Müzesi,1
Fransa,Çek,1
Fransa,Yunan,1
Fransa,St,1
Fransa,Waterloo ( Vatırlu ) Muharebesi,1
Fransa,Tunus,1
Fransa,Kuzey Afrika,1
Fransa,Zorunlu,1
Fransa,Yakın Çağ,1
Fransa,Konvansiyon Meclisi,1
Fransa,Versailles Sarayı,1
Fransa,Kurucu Meclis,1
Fransa,Louis,1
Fransa,cu,1
Fransa,Osmanlı İmparatorluğu,1
Fransa,Vendee,1
Fransa,İhtilal Komitesi,1
Fransa,Orta Avrupa,1
Fransa,Güney Almanya,1
Fransa,Paris Barış Konferansı,1
Fransa,Poitiers,1
Fransa,Jolie ( Juli ),1
Fransa,Kapısı,1
Fransa,Saint Denis Katedrali,1
Fransa,Saint Denis ( Sen Denis ) Katedrali,1
Fransa,Musée du Louvre ( Müze dö Luva ),1
Fransa,Richard ( Arslan Yürekli Rişar ),1
Fransa,Tours,1
Fransa,Leo,1
Fransa,Hun Ka,1
Fransız,Maginot Hattı,1
Fransız,Mersin,1
Fransız,Suriye,1
Fransız,Midilli,1
Fransız,ûmet,1
Fransa,Léo ',1
Fransa,Temsilî ),1
Fransa,Medici Bankası,1
Fransa,Portekiz,1
Fransa,Senegal,1
Fransa,du Sénégal,1
Fransa,Hindistan,1
Fransa,Vest İndia Kampan,1
Fransa,West India Company,1
Fransa,Toulon,1
Fransa,Kanunî Sultan Süleyman,1
Fransa,Rodos,1
Fransa,Habsburg Hanedanı,1
Fransa,Habsburg,1
Fransa,Layoş,1
Fransa,Macar,1
Fransa,Şarlken ',1
Fransa,Şarlken,1
Fransa,Londra,1
Fransa,Navarin Baskını,1
Fransız,Lozan,1
Fransa,istan,1
Fransa,Lozan Konferansı,1
Fransa,yolu,1
Fransa,Türk Hükûmet,1
Fransa,Rumeli,1
Fransa,Pakistan,1
Fransa,Lyon Üniversitesinde,1
Fransa,tan,1
Fransa,Montreux Boğazlar Sözleşmesi,1
Fransa,Kanada,1
Fransa,İtilaf,1
Fransa,Güney Ceph,1
Fransa,İtilaf Devleti,1
Fransa,Fransız mandas,1
Fransa,İskenderun,1
Fransa,İskenderun Sancağı,1
Fransa,Milletler Cemiye,1
Fransa,Kafkas Cumhuriyet,1
Fransa,İngiltere ( Britanya ),1
Fransa,Yalta Konferansı,1
Fransa,Normandiya,1
Fransa,Yıldırım Harekâtı,1
Fransa,Maginot Hattı,1
Fransa,Maginot ( Majino ) Hattı,1
Fransa,dünya savaşı,1
Fransa,Hatay Cumhuriyeti,1
Fransa,Locarno,1
Fransa,ya,1
Fransa,Japon,1
Fransa,Kellogg Paktı,1
Fransa,Milletler Cemiyeti,1
Fransa,Locarno Antlaşması,1
Fransa,Lokarno,1
Fransa,Kars,1
Fransa,TBMM,1
Fransa,usya,1
Fransa,Kı rım Savaşı,1
Fransa,Londra Antlaşması ( 1915 ),1
Fransa,İstanbul Antlaşması ( 1915 ),1
Fransa,Kavalalı Mehmet Ali Paşa,1
Fransa,Mahmut Nedim Paşa,1
Fransa,Sadraz,1
Fransa,Rus,1
Fransa,Üçlü İtilaf bloğu,1
Fransa,Van,1
Fransa,İngilte re,1
Fransa,lü İtilaf,1
Fransa,Wilhelm ( Vilhelm ) Dönemi,1
Fransa,Üçlü İtilaf ',1
Fransa,Otto fon Bismak,1
Fransa,Otto von Bismarck,1
Fransa,Sykes - Picot ( Saykıs Piko ) Antlaşması ( 1916 ),1
Fransa,Trabzon,1
Fransa,Maraş,1
Fransa,Mardin,1
Fransa,Mu,1
Fransa,Irak,1
Fransa,Türk sulh,1
Fransa,Lö Temps,1
Fransa,Le Temps,1
Fransa,Kayseri,1
Fransa,Saar Bölgesi,1
Fransa,Halep,1
Fransa,Versailles ( Versay ) Antlaşması,1
Fransa,Hanefi Yazıcı,1
Fransa,Saint Jean De Maurienne ( Sen Jan Dö Morien ) Antlaşması,1
Fransa,Güney Irak,1
Fransa,Harput,1
Fransa,Şam,1
Fransız,Fransız Hük,1
Fransız,Muhsin Ertuğrul,1
Akdeniz,Osmanlı donanmasının,1
Cumhuriyet,Piramit,1
Cumhuriyet,Türkiye,1
Cumhuriyet,Köprülü,1
Cumhuriyet,Türk,1
Cumhuriyet,Kaplumbağa dizili,1
Cumhuriyet,İmparator,1
Cumhuriyet,Kent,1
Cumhuriyet,Tanrı kral,1
Cumhuriyet,Çanakkale ',1
Cumhuriyet,Monarşi,1
Cumhuriyet,Onlu sistem,1
Onlu sistem,İmparator,1
Onlu sistem,Piramit,1
Onlu sistem,Tanrı kral,1
Başrahip,Kaplumbağa dizili,1
Cumhuriyet,Meclis,1
Cumhuriyet,Kurtu - luş Savaşı ',1
Başrahip,Kent,1
Kaplumbağa dizili,Onlu sistem,1
Ayse Amd,Onlu sistem,1
Kaplumbağa dizili,İmparator,1
Kaplumbağa dizili,Kent,1
Kaplumbağa dizili,Piramit,1
Kaplumbağa dizili,Tanrı kral,1
Kaplumbağa dizili,Monarşi,1
Kent,İmparator,1
Cumhuriyet,Harf İnkılabı,1
Kent,Piramit,1
Kent,Tanrı kral,1
Kent,Monarşi,1
Kent,Onlu sistem,1
Cumhuriyet,halif,1
Cumhuriyet,Mustafa Kemal Atatürk,1
Başrahip,İmparator,1
Başrahip,Piramit,1
Ayse Amd,Başrahip,1
Konya,Orta Asya,1
Konya,Mevlana Müzesi,1
Konya,Osmanlı Bey,1
Konya,Türkiye Selçukluları,1
Konya,Türkiye Selçuklu,1
Konya,Kütahya,1
Konya,İran Türk - İslâm,1
Konya,İslâm,1
Konya,Selçuklu Dönemi,1
Konya,Türkiye Selçuklu Dönemi,1
Konya,Münster Üniversitesi,1
Konya,Kubâdâbâd Sarayı,1
Konya,Sinop,1
Konya,Tokat,1
Konya,Türkistan,1
Konya,Mevlana Celaleddin Rumi,1
Konya,Osmanlı Dönemi,1
Başrahip,Cumhuriyet,1
Monarşi,Tanrı kral,1
Başrahip,Tanrı kral,1
Başrahip,Monarşi,1
Başrahip,Onlu sistem,1
Monarşi,Neferin Adı,1
Monarşi,İmparator,1
Monarşi,Piramit,1
Monarşi,Onlu sistem,1
Konya,Mevlevi,1
luk Dönemi Roma Devleti,İmparator,1
Konya,Sam,1
Konya,Trabzon,1
Konya,İtalya,1
Konya,Menteşe Sancağı,1
Konya,Osmanlı,1
Ayse Amd,Monarşi,1
Ayse Amd,Tanrı kral,1
Fransız,Uzunoluk Hamamı,1
Fransız,Hollanda,1
Fransız,Osmanlı,1
Fransız,Napoleon ( Napolyon ),1
Fransız,İstanbul,1
Fransız,Yirmisekiz Mehmet Çelebi,1
Fransız,Uzun Hasan,1
Fransız,Gine Körfezi,1
Fransız,İngiltere,1
Fransız,İtalyan,1
Fransız,itülasyon,1
Fransız,Kanuni Sultan Süleyman,1
Fransız,Habsburg Hanedanı,1
Fransız,Hun Ka,1
Fransız,Paris,1
Bour,Hun Ka,1
Fransız,Musevi,1
Fransız,Rusya,1
Bour,Paris,1
Fransız,Mardin,1
Fransız,Sakarya Meydan Muharebesi ',1
Fransız,Güney Cephesi,1
Fransız,Nuri Bey,1
Fransız,Gaziantep,1
Fransız,Sivas,1
Fransız,Kayseri,1
Fransız,iyu,1
Fransız,Orta Doğu,1
Fransız,Montesquieu,1
Fransız,Ogüst Komt ),1
Fransız,guste Comte,1
Fransız,Voltaire ( Volter ),1
Fransız,Jan Jak Ruso,1
Fransız,Jean - Jacques Rousseau,1
Bour,Fransa,1
Bour,Ferdinand Viktor Yuujin Delakrua,1
Ayse Amd,Cumhuriyet,1
"Turk savascilar M, Dusman savasçilar",Türk savasçilann hareketi,1
Alper,Kaplumbağa dizi,1
Ayşe,Ç,1
Ayşe,Kaplumbağa dizi,1
Ayşe,Roma,1
Düsman savasçilann hareketi,Türk savasçilann hareketi,1
Düsman savasçilann hareketi,"Turk savascilar M, Dusman savasçilar",1
Tanrı kral,İmparator,1
Orta Çağ ',Siyasi ve,1
Piramit,İmparator,1
Piramit,Tanrı kral,1
Ayse Amd,Kaplumbağa dizili,1
Ayse Amd,İmparator,1
Ayse Amd,Kent,1
Ayse Amd,Piramit,1
Alper,Ayşe,1
Orta Çağ ',î Gelişmeler,1
Bour,Ferdinand Victor Eugène Delacroix,1
Ferdinand Victor Eugène Delacroix,Fransa,1
Bour,Fransız,1
Ferdinand Viktor Yuujin Delakrua,Hun Ka,1
Ferdinand Viktor Yuujin Delakrua,Fransa,1
Ferdinand Viktor Yuujin Delakrua,Paris,1
Ferdinand Viktor Yuujin Delakrua,Fransız,1
Ferdinand Victor Eugène Delacroix,Hun Ka,1
Ferdinand Victor Eugène Delacroix,Paris,1
Orta Çağ ',lari,1
Ferdinand Victor Eugène Delacroix,Ferdinand Viktor Yuujin Delakrua,1
Ferdinand Victor Eugène Delacroix,Fransız,1
KİTLESEL GÖÇLER,ORTA ÇAĞ ' DA,1
Büyük Roma İmparatorluğu,Orta Çağ,1
Avrupası,Kavimler Göçü,1
Siyasi ve,î Gelişmeler,1
Fransa,rulunun,1
Fransa,Potsdam Konferansı,1
Fransa,Potsdam,1
Doğu Roma,Türkiye Selçuklu,1
Doğu Roma,Roma İm,1
Doğu Roma,Yunan,1
Doğu Roma,Endülüs,1
Doğu Roma,Türk - İslam,1
Doğu Roma,İznik ' in Fethi,1
Doğu Roma,Koyunhisar Savaşı,1
Doğu Roma,Konya,1
Batı Roma,Roma İmparatorluğu,1
Doğu Roma,Kütahya,1
Doğu Roma,Sırbistan,1
Doğu Roma,Söğüt,1
Doğu Roma,Osman Bey,1
Doğu Roma,Köse Mihal,1
Doğu Roma,Turgut Alp,1
Doğu Roma,torluğu ',1
Batı Roma,Galya Seferi,1
Doğu Roma,Macar,1
Kim Evgeniy,Kim Yivgeny,1
Balkan Seferi,Batı Roma,1
Balkan Seferi,Galya Seferi,1
Balkan Seferi,Rua,1
Avrupa Hun İmparatorluğu,Elbe Irmağı,1
Germen,Orta Avrupa,1
Germen,Macaristan,1
Büyük Kavimler Göçü,Roma İmparatorluğu,1
Batı Roma,Roma,1
Orta Çağ Avrupası,Türk - İslam medeniyet,1
Orta Çağ Avrupası,Türkistan,1
Orta Çağ Avrupası,Vatikan,1
Orta Çağ Avrupası,Roma İmparatorluğu,1
Batı Roma,Kilise,1
Batı Roma,Doğu,1
Doğu Roma,Konur Alp,1
Doğu Roma,Sırp,1
Galya Seferi,Roma,1
Doğu Roma,Haçlı Seferi,1
Doğu Roma,Epiros,1
Doğu Roma,Trabzon,1
Doğu Roma,iye,1
Doğu Roma,Latin İmparatorluğu,1
Doğu Roma,Konstantinopolis,1
Doğu Roma,Konstantiniye,1
Doğu Roma,Kudüs,1
Doğu Roma,Pasinler Savaşı,1
Doğu Roma,Papa,1
Doğu Roma,Malazgirt,1
Doğu Roma,Romanos Diogenes ( Romen Diyojen ),1
Doğu Roma,Doğu Roma İmparatorluğu,1
Doğu Roma,Suriye,1
Doğu Roma,Pers İmparatorluğu,1
Doğu Roma,Epir,1
Doğu Roma,Malazgirt Ovası,1
Doğu Roma,Çirmen Savaşı,1
Doğu Roma,Türkmen,1
Doğu Roma,Makedonya,1
Doğu Roma,Lazar Hrebeljanovic ( Herbelyanoviç,1
Doğu Roma,Serez,1
Doğu Roma,Yoannis Palaylogos ),1
Doğu Roma,İoannis Paleologos,1
Doğu Roma,Orhan Bey,1
Doğu Roma,Geyve,1
Doğu Roma,Yenişehir,1
Doğu Roma,Mekece,1
Doğu Roma,Lefke,1
Doğu Roma,Karatekin,1
Doğu Roma,Karaçepiş,1
Doğu Roma,Sakarya,1
Doğu Roma,Koyunhisar Zaferi,1
Balkan Seferi,Roma,1
Papa,İnebahtı,1
Fransa,Müttefik Devletler,1
Doğu Avrupa,İdil Bulgar Devleti,1
Doğu Avrupa,Hollanda,1
Doğu Avrupa,Fransa,1
Doğu Avrupa,İsviçre,1
Doğu Avrupa,İskoçya,1
Doğu Avrupa,İskandinavya,1
Doğu Avrupa,Habsburg Hanedanı,1
Doğu Avrupa,Kama,1
Doğu Avrupa,Kutsal Roma Germen İmparatorluğu,1
Doğu Avrupa,İdil,1
Doğu Avrupa,İtil nehrin,1
Hunlar,Türk tarihi,1
Avrupa Hun Kağanlığı,belungen Destanı,1
Doğu,Güneydoğu Anadolu,1
Doğu,Soğuk Savaş,1
Doğu Avrupa,Katolik Habsburg Hanedanı,1
Doğu Avrupa,Kuzey Afrika,1
Doğu,Van gölü,1
Avarlar,Balkanlar,1
Avarlar,İstanbul,1
Avarlar,Kuman,1
Avarlar,Uz,1
Avarlar,Peçenek,1
Avarlar,Bulgar,1
Avarlar,Doğu,1
Avarlar,Doğu Avrupa,1
Doğu Avrupa,Rusya,1
Avarlar,İtil nehrin,1
Doğu Avrupa,SSCB,1
Doğu Avrupa,Üçüncü Dünya,1
Doğu Avrupa,Latin Amerika,1
Doğu Avrupa,Uzak Doğu,1
Doğu Avrupa,Ekim Devrimi ( Bolşevik İhtilali ),1
Doğu,ant,1
Doğu,M,1
Papa,Roma Katolik Kilisesi,1
Kafkaslar,Şehrizor,1
Doğu,Orta Çağ dünyasında,1
Doğu,Doğu Avrupa,1
Doğu,İtil nehrin,1
Doğu,Macaristan,1
Doğu,Karadeniz,1
Doğu,Kafkaslar,1
Kafkaslar,Luristan,1
Doğu,Doğu Roma,1
Kafkaslar,Nihavend,1
Kafkaslar,Macaristan,1
Kafkaslar,Orta Avrupa,1
Kafkaslar,Karadeniz,1
Papa,Rusya,1
Papa,İmparatorluğu,1
Doğu,Papa,1
Doğu,Kudüs,1
Doğu,İtilaf,1
Doğu,Hindistan,1
Doğu,Fransa,1
Doğu,İtalya,1
Doğu,Rusya,1
Doğu,Güney Ceph,1
Doğu,Doğu Anadolu Müdâfaa - i Hukuk Cemiyeti,1
Doğu,Ermeni saldırıların,1
Doğu,Kuzey,1
Doğu,Haçlı seferleri,1
Doğu,sarnıcı,1
Doğu,Orta Afrika,1
Doğu,Kuzey Afrika,1
Doğu,Sakarya,1
Doğu,İzmit,1
Doğu,İznik,1
Doğu Roma,âsânî,1
Doğu Roma,S,1
Doğu Roma,Çin,1
Karadeniz,İrnek Dönemi,1
Karadeniz,Yenikent,1
Karadeniz,Semerkant,1
Karadeniz,Kâşgar,1
Karadeniz,Kore,1
Karadeniz,Mukan Kağan,1
Karadeniz,Macaristan,1
Karadeniz,Orta Asya,1
Karadeniz,Türkiye Selçuklu Devleti,1
Karadeniz,Ural dağlar,1
Orta Avrupa,Wiesner,1
Orta Avrupa,Osmanlı,1
Orta Avrupa,Volga Nehri,1
Orta Avrupa,Türkistan,1
Orta Avrupa,Ural dağlar,1
Karadeniz,İdil,1
Karadeniz,Süleymanşah,1
Kavimler Göçü,Kavimler Göçü sonrası,1
Karadeniz,Tatar,1
Karadeniz,İstanbul Antlaşması,1
Karadeniz,Rumeli,1
Karadeniz,i Rûm,1
Karadeniz,Ukrayna Kazak,1
Karadeniz,Lehistan,1
Karadeniz,Trabzon,1
Karadeniz,kır,1
Karadeniz,Orta - Anadolu,1
Karadeniz,oğulları Beyliği,1
Karadeniz,Karadeniz Bölgesi,1
Karadeniz,Osmanlı payitaht,1
Karadeniz,Kırım Yarımadası,1
Karadeniz,Tuna,1
Karadeniz,İtalyan,1
Kavimler Göçü,Orta Çağ,1
Kavimler Göçü,Vatikan Aziz Petros İllüstrasyonu,1
Doğu Roma,Roma,1
Fransa,Süveyş Kanalı,1
Attila,Fransa,1
Attila,Paris,1
Attila,Bour,1
Attila,Ferdinand Viktor Yuujin Delakrua,1
Attila,Ferdinand Victor Eugène Delacroix,1
Attila,Fransız,1
Fransa,İrlanda,1
Attila,Rua,1
Fransa,Strazburg,1
Fransa,Leh ( Polonya,1
Fransa,slovakya,1
Fransa,Ç,1
Fransa,Uluslararası Savaş Suçları Mahkemesi,1
Fransa,Nazi,1
Attila,Hun Ka,1
Attila,Balkan Seferi,1
Kavimler Göçü,Türkistan,1
Attila,Margus Antlaşması,1
Kavimler Göçü,Roma İmparatorluğu,1
Kavimler Göçü,Kavimler Göçü ' nün,1
Göç,konargöçer,1
Hun Ka,Paris,1
Attila,Tuna Nehri,1
Attila,Balkan Sefer,1
Attila,Avrupa Hun Devleti,1
Attila,Doğu Roma,1
Attila,Avrupa Hun Kağanlığı,1
Attila,belungen Destanı,1
Attila,Batı Roma İmparatorluğu,1
Attila,Papa,1
Attila,Batı Roma,1
Attila,Galya Seferi,1
Karadeniz,Türk Gölü,1
Karadeniz,Küçük Kaynarca Ant laşması ',1
Karadeniz,İsveç,1
Alanlar,Angilla,1
Angilla,Frank,1
Angilla,Vandal,1
Angilla,Ir,1
Angilla,Itil Nehri,1
Angilla,Balamir,1
Alanlar,Sakson,1
Alanlar,Frank,1
Ir,Itil Nehri,1
Alanlar,Vandal,1
Alanlar,Ir,1
Alanlar,Itil Nehri,1
Alanlar,Balamir,1
Balamir,Uldız,1
Balamir,Sakson,1
Angilla,Sakson,1
Ir,Vandal,1
Karadeniz,Mezopotamya,1
Sakson,Vandal,1
Doğu Roma,Galya Seferi,1
Doğu Roma,Rua,1
Ger,Kavimler Göçü,1
Kavimler Göçü ' nün,nın siyasi,1
Germen Krallığı,Roma İmparatorluğu,1
Roma İmparatorluğu,imler Göçü,1
Frank,Sakson,1
Ir,Sakson,1
Frank,Vandal,1
Frank,Ir,1
Frank,Itil Nehri,1
Itil Nehri,Sakson,1
Itil Nehri,Vandal,1
Ir,Yahudi karşıt,1
Balamir,Frank,1
Balamir,Vandal,1
Balamir,Ir,1
Karadeniz,Çanakkale,1
Karadeniz,İnebolu Limanı,1
Karadeniz,Yunanistan,1
Karadeniz,Meselesi,1
Karadeniz,Pontus,1
Karadeniz,Megali İdea ',1
Karadeniz,İtilaf Devletleri,1
Karadeniz,Mondros Ateşkes Antlaşması ' nın,1
Balamir,Itil Nehri,1
Karadeniz,Kibris IR,1
Karadeniz,Odesa,1
Karadeniz,Sivastopol,1
Karadeniz,İngiltere,1
Karadeniz,Paris Barış Antlaşması ',1
Karadeniz,Kuzey Afrika,1
Karadeniz,Kastamonu,1
Karadeniz,Kars,1
Karadeniz,TBMM,1
Karadeniz,Sovyet Rusya,1
Karadeniz,Misak - ı Millî,1
Karadeniz,Çarlık Rusyası,1
Karadeniz,Montreux ( Montrö ) Boğazlar Sözleşmesi ( 20 Temmuz 1936 ),1
Karadeniz,İstanbul ve,1
Karadeniz,Çanakkale Boğaz,1
Karadeniz,Türkiye Cumhuriyeti,1
Karadeniz,Mavi Vatan,1
Karadeniz,Rauf Denktaş,1
Karadeniz,SSCB,1
Karadeniz,Kıbrıslı Rumların,1
Karadeniz,Kıbrıs Türk,1
Karadeniz,Türkiye,1
De Origine et Situ Germanorum,Tacitus,1
Konya,İnce Minareli Medres,1
Konya,Türkiye Selçuklu Sultanı,1
Konya,Sultanhanı Kervansaray,1
Irak,savaşın,1
Irak,PKK terör,1
Irak,Kerkük - Yumurtalık Boru Hattı ',1
Irak,Orta Doğu,1
Irak,Kör - fez Savaşı,1
Irak,Kuveyt,1
Irak,Kimout,1
Irak,Suriye iç,1
Irak,Kuzey Irak Bölgesel Yönetimi,1
Irak,Körfez,1
Irak,Suudi Arabistan,1
Irak,Libya,1
Irak,İran - Irak Savaşı,1
Irak,ye,1
Irak,Su,1
Irak,Kan,1
Irak,l,1
Irak,Çoğunluk Planı,1
Irak,PKK terör örgütü,1
Eski Mısır,Mısır,1
Eski Mısır,Irak,1
Eski Mısır,Mezopotamya,1
Eski Mısır,Kırgızistan,1
Eski Mısır,İtalya İlk Türk devletlerin,1
Irak,Kuzey Irak,1
Irak,Nobel Kimya Ödülü,1
Irak,PYD / YPG,1
Irak,ülü,1
Irak,Kemal Derviş Süleymanoğlu,1
Irak,PKK terör örgütünün,1
Irak,Türkmenler,1
Irak,Körfez Savaşı,1
Irak,Çekiç Güç,1
Irak,Lübnan,1
Irak,İsrail,1
Eski Mısır,Hitit tanrı rölyefi,1
Irak,Kadisi,1
Irak,Revan,1
Irak,Şam,1
Irak,Kuzey Afrika,1
Irak,Selçuklu Devleti,1
Irak,Türkistan,1
Irak,Nihave,1
Irak,Mezopotamya,1
Irak,Süleyman,1
Irak,Kırgızistan,1
Irak,İtalya İlk Türk devletlerin,1
Kırgızistan,SO,1
Kırgızistan,Uluslararası Türk Kültürü Teşkilatı,1
Kırgızistan,Türk Cumhuriyet,1
Kırgızistan,SSCB,1
Irak,Safevi,1
Irak,Orta Macaristan,1
Irak,SSCB,1
Irak,Urfa,1
Irak,Pakistan,1
Irak,Millet - ler Cemiyeti,1
Irak,Sadabat,1
Irak,Tahran,1
Irak,İngiliz,1
Irak,Süleymaniye,1
Irak,Maraş,1
Irak,Viyana,1
Irak,Osmanlı,1
Irak,ması,1
Irak,Mehın ) Antlaş,1
Irak,Mac Mahon (,1
Irak,İstanbul,1
Irak,Macaristan,1
Eski Mısır,Eski Çağ,1
Eski Mısır,Sümer duvar resmi,1
Krallık,Mısır Müzesi,1
Korsabad,Nimrud,1
As,İştar,1
Ninive,Yakın Doğu,1
Nimrud,Yakın Doğu,1
Nimrud,Ninive,1
Korsabad,Yakın Doğu,1
Korsabad,Ninive,1
Korsabad,Kuzey Mezopotamya,1
As,Sin,1
Kuzey Mezopotamya,Maveraünnehir,1
Kuzey Mezopotamya,Yakın Doğu,1
Kuzey Mezopotamya,Ninive,1
Kuzey Mezopotamya,Nimrud,1
Asurlular,Urartula,1
Asurlular,Hitit,1
As,Şamaş,1
As,Ninurta,1
Asurlular,Sümer,1
Sin,Şamaş,1
Mezopotamya Eserleri,İstanbul Arkeoloji Müzeleri,1
Babilli,Urartula,1
Babilli,Hitit,1
Ninurta,Sin,1
Ninurta,Şamaş,1
Ninurta,İştar,1
Sin,İştar,1
As,Asur,1
İştar,Şamaş,1
Adad,Ninurta,1
Adad,Sin,1
Adad,Şamaş,1
Adad,İştar,1
Adad,As,1
Asurlular,Babilli,1
Asurlular,Sümerliler,1
Eski Mısır,Yunan tapınağı,1
Antik Yunan vazosu,Sümer duvar resmi,1
Aztek tanrı heykeli,Hitit tanrı rölyefi,1
Hitit tanrı rölyefi,Yunan tapınağı,1
Hitit tanrı rölyefi,Sümer duvar resmi,1
Antik Yunan vazosu,Eski Mısır,1
Antik Yunan vazosu,Aztek tanrı heykeli,1
Antik Yunan vazosu,Yunan tapınağı,1
Antik Yunan vazosu,Bir Türk atlısı,1
Aztek tanrı heykeli,Sümer duvar resmi,1
Antik Yunan vazosu,Hitit tanrı rölyefi,1
Bir Türk atlısı,Eski Mısır,1
Bir Türk atlısı,Yunan tapınağı,1
Bir Türk atlısı,Sümer duvar resmi,1
Bir Türk atlısı,Hitit tanrı rölyefi,1
Eski Mısır,takvimi,1
Aztek tanrı heykeli,Bir Türk atlısı,1
Aztek tanrı heykeli,Yunan tapınağı,1
Asurlular,Yakın Doğu,1
Antik Yunan,İslam,1
Asurlular,Ninive,1
Asurlular,Korsabad,1
Asurlular,Nimrud,1
Asurlular,Kuzey Mezopotamya,1
Antik Yunan,Rönesans,1
Antik Yunan,Roma,1
Antik Yunan,eri,1
Aztek tanrı heykeli,Eski Mısır,1
Antik Yunan,Hiyel,1
Antik Yunan,Hint,1
Antik Yunan,Mısır,1
Antik Yunan,Mezopotamya,1
Antik Yunan,Fenike alfab,1
Sümer duvar resmi,Yunan tapınağı,1
Kırgızistan,Tacikistan,1
Kırgızistan,Moldova,1
Kırgızistan,Mısır,1
Asya Hun Devleti,Büyük Selçuklu,1
Hun Hakan,Huyenti Han,1
Mete Han,Türk - İslam,1
Mete Han,İstanbul,1
Asya Hun,Türkiye Selçuklu,1
Asya Hun,Gök Tanrı,1
Asya Hun Devleti,Türkiye Selçuklu,1
Asya Hun Devleti,Gazneli,1
Çin,âsânî,1
Asya Hun Devleti,Karahanlı,1
Asya Hun Devleti,Avrupa Hun devletleri,1
Asya Hun Devleti,Uygur,1
Asya Hun Devleti,Göktürk,1
Asya Hun Devleti,Türk,1
Asya Hun Devleti,İstanbul,1
Çin,Çin Seddi,1
Çin,Şanksi ) Eyalet,1
Asya Hun Devleti,Türkistan,1
Hammurabi,Hitit,1
12 Levha Kanun,Hammurabi,1
12 Levha Kanun,Urkagina,1
Hammurabi,Türkistan,1
Hammurabi,Roma,1
Hammurabi,Mezopotamya,1
Hammurabi,Türk töre hukukun,1
Hammurabi,Urkagina,1
Çin,İskandinav,1
Chou,Wuling,1
Hun,Saka,1
Hun,Çin,1
Hun,Çin Seddi,1
Çin,İTO,1
Çin,İslam,1
Asya Hun Devleti,Mete Han,1
Alesia ( Alezya ) Savaşı,Galyalı,1
Kırgızistan,Mezopotamya,1
Akdeniz,Mustafa Kemal,1
Akdeniz,torluğu,1
Akdeniz,Roma İm,1
Akdeniz,İstanbul ve,1
Akdeniz,Montreux ( Montrö ) Boğazlar Sözleşmesi ( 20 Temmuz 1936 ),1
Akdeniz,Almanya,1
Akdeniz,Balkan Antantı,1
Akdeniz,Trablusgarp,1
Akdeniz,Mar Nostro ( Bizim Deniz ) ] Projesi,1
Akdeniz,Türk Boğaz,1
Akdeniz,Arabistan Yarımada,1
Akdeniz,Mezopotamya,1
Akdeniz,Kafkasya,1
Akdeniz,Ceneviz,1
Akdeniz,Batı Avrupa,1
Akdeniz,Mare Nostrum,1
Akdeniz,İstan,1
Alesia ( Alezya ) Savaşı,Roma Devleti,1
Akdeniz,Bağlantısızlar Hareketi ',1
Galyalı,Roma Devleti,1
Himalaya Daglar,Roma,1
İtalik Birliği,İtalya,1
Akdeniz,Cumhuriyeti,1
Akdeniz,Kıbrıs Türk,1
Akdeniz,Kıbrıslı Rumların,1
Akdeniz,Rauf Denktaş,1
Akdeniz,bul,1
Akdeniz,C Bandung Konferansı Çoğunluk Planı,1
Akdeniz,Mavi Vatan,1
Akdeniz,Türkiye Cumhuriyeti,1
Akdeniz,Yunanistan,1
Akdeniz,Amerika,1
Akdeniz,Truman Doktrini ',1
12 Levha Kanun,Hitit,1
12 Levha Kanun,Türk töre hukukun,1
Türk töre hukukun,Urkagina,1
Hepat,Hitit,1
Levha,İtalya Yarımadası,1
Levha,Çorum,1
Levha,Yazılıkaya,1
Yazılıkaya,İtalya Yarımadası,1
Yazılıkaya,Çorum,1
Hepat,Tanrı,1
Babil Devleti,Hammurabi,1
Çorum,İtalya Yarımadası,1
Babil Devleti,Mezopotamya,1
Urkagina Kanunları,su,1
Urka,Urkagina,1
Lagaş,gina,1
Lagaş,Urkagina,1
Lagaş,Mezopotamya,1
Levha,Roma Devleti,1
Çorum,İskilip,1
Elam,Mezopotamya,1
Concordia ( Konkordiya ) Tapınağı,Kırgızistan,1
Kırgızistan,İtalya İlk Türk devletlerin,1
Concordia ( Konkordiya ) Tapınağı,Eski Çağ,1
Concordia ( Konkordiya ) Tapınağı,Mısır,1
Concordia ( Konkordiya ) Tapınağı,Eski Mısır,1
Concordia ( Konkordiya ) Tapınağı,Irak,1
Concordia ( Konkordiya ) Tapınağı,Mezopotamya,1
Concordia ( Konkordiya ) Tapınağı,İtalya İlk Türk devletlerin,1
ve kadın değerlerine,şem,1
Van Hitit,Van Kalesi,1
Halkapınar,Van Hitit,1
Halkapınar,Van Kalesi,1
Halkapınar,Urartular,1
Urartular,Van Hitit,1
Urartular,Van Kalesi,1
Lagaş,Paris Sümerler,1
Lagaş,Urka,1
Paris Sümerler,Urkagina,1
Sümer,Çağ,1
Frigya,Mezopotamya,1
Frigya,İyon,1
Frigya,Lidya,1
Frigya,Urartu,1
Frigya,Hitit,1
Sümer,Urartula,1
Babil,Sumer,1
Paris Sümerler,Urka,1
Babil,Elam,1
Babil,Sümer,1
Babil,Çağ,1
Babil,Mezopotamya,1
Elam,Sümer,1
Elam,Çağ,1
Urartu,İyon,1
Urartu,Van Müzesi,1
Urartu,Urartu dini,1
),Akdeniz,1
),Doğu,1
),S O R U L A R Sevk ve İskân Kanunu ' nu,1
Atina,Solon,1
Atina,Lycurgus,1
Atina,Likurgus,1
Atina,Petrarca,1
Atina,Raffaello,1
Atina,Balkan Antantı,1
Lycurgus,Solon,1
Likurgus,Solon,1
Likurgus,Lycurgus,1
Antik Yunan hukukun,Roma Dönemi,1
Eski Çağ ',Mezopotamya,1
Fir,avun,1
Eski Krallık,Mısır,1
Konya,Kösedağ,1
Rusya,Çarlık Rusya,1
Rusya,manlı Devleti,1
Rusya,Üçlü İtilaf bloğu,1
Rusya,İngilte re,1
Rusya,lü İtilaf,1
Rusya,Wilhelm ( Vilhelm ) Dönemi,1
Rusya,Üçlü İtilaf ',1
Rusya,lı,1
Rusya,İttihat ve Terakki ',1
Rusya,Şeyh Şam,1
Rusya,St,1
Rusya,nih,1
Rusya,ternich,1
Rusya,Şark Mesel,1
Rusya,Yunan,1
Rusya,İttihat ve Terakki,1
Rusya,Çanakkale,1
Rusya,İmparatorluğu,1
Rusya,istiklal Yolu,1
Rusya,men,1
Rusya,Ye,1
Rusya,Yugoslavya,1
Rusya,Üçüncü Dünya,1
Rusya,İtilaf,1
Rusya,İstiklal Savaşı,1
Rusya,İtilaf Devletleri ',1
Rusya,Çanakkale Boğazı,1
Rusya,Şam,1
Rusya,Sivas,1
Rusya,Trabzon,1
Rusya,Van,1
Rusya,Sykes - Picot ( Saykıs Piko ) Antlaşması ( 1916 ),1
Rusya,İstanbul Antlaşması ( 1915 ),1
Rusya,Tuna Nehri,1
Rusya,in Kalesi,1
Rusya,han,1
Orta Asya,Turan,1
Ortadoğu,pars,1
Bozkır,kaplan,1
Bozkır,pars,1
Bozkır,Nil,1
Bozkır,Mısır,1
Bozkır,Ortadoğu,1
Orta Asya,Z,1
kaplan,pars,1
Orta Asya,Selçuklu,1
Orta Asya,İran Türk - İslâm,1
Orta Asya,İslâm,1
Orta Asya,Türkiye Selçuklu Dönemi,1
Orta Asya,Çin,1
Orta Asya,İran,1
Ortadoğu,kaplan,1
Hakan,Kutup yıldızı,1
Rusya,burg,1
Asya Hun Devleti Dönemi,Petersburg,1
Rusya,s,1
Rusya,Türkistan,1
Petersburg,Türkistan,1
Petersburg,Rusya,1
Asya Hun Devleti Dönemi,Türkistan,1
Asya Hun Devleti Dönemi,Rusya,1
Asya Hun Devleti Dönemi,Hermitage Müzesi,1
Hermitage ( Hermitaj ) Müzesi,Pazırık Kurganı ',1
Hermitage Müzesi,Türkistan,1
Hermitage Müzesi,Rusya,1
Hermitage Müzesi,Petersburg,1
Paz,ırık Kur,1
Paz,Pazırık Kurganı ',1
Hermitage ( Hermitaj ) Müzesi,Paz,1
Rusya,Yalta Konferansı,1
Rusya,SSCB,1
Edwin Smith,Pap,1
Türkistan,Voltaire,1
alar,İskit,1
Kimmer,Türkistan,1
Kimmer,Türkleri,1
Kimmer,Sarmat,1
Kimmer,alar,1
Kimmer,İskit,1
Türkistan,Ziya Gökalp,1
Sarmat,alar,1
Türkistan,iran,1
Türkistan,İnce Minareli Medres,1
Türkistan,uni,1
Türkistan,İslam coğrafya,1
Türkistan,İslamlaşma,1
Türkistan,Y Ü Rusya,1
Sarmat,İskit,1
Sarmat,Türkleri,1
Türkistan,İstanbul,1
Bilge Kağan,Orhun Yazıtları,1
Konya,Merzifon,1
Konya,Kılıçarslan,1
Konya,Türkiye,1
Konya,Sultanhanı Kervansarayı,1
Konya,Çatalhöyük,1
Konargöçer,Türkler,1
Türkleri,Z,1
Sarmat,Türkistan,1
Türkleri,İstanbul,1
Türkleri,ar,1
Türkleri,İslamlaşma,1
Türkleri,Y Ü Rusya,1
Türkleri,alar,1
Türkleri,İskit,1
Türkistan,İpek Yolu,1
Türkistan,âsânî,1
Rusya,Türkleri,1
üp,ım,1
Orkun,Sebintürdü,1
Orkun,Togla,1
Orkun,Selenge,1
Orkun,Ötüken ülkesi,1
Selenge,Togla,1
Selenge,Ötüken ülkesi,1
Moyun Çor,Uygur Devleti,1
Sebintürdü,Ötüken ülkesi,1
Moyun Çor,Moğolistan,1
Moğolistan,Taberistan,1
Moğolistan,Çin Türkistan,1
Moğolistan,Uygur Devleti,1
Tariat ( Terhin ) Kitabesi,gö,1
AK HUN DEVLETI,ASYA HUN DEVLETI AVRUPA HUN DEVLET,1
Togla,Ötüken ülkesi,1
Sebintürdü,Selenge,1
Türkistan,Volga Nehri,1
Burgu,Orkun,1
Türkistan,alar,1
Türkistan,İskit,1
Karasal iklim,Türkistan,1
Burgu,Kargu,1
Burgu,Sebintürdü,1
Burgu,Togla,1
Burgu,Selenge,1
Sebintürdü,Togla,1
Burgu,Ötüken ülkesi,1
Kargu,Sebintürdü,1
Kargu,Togla,1
Kargu,Orkun,1
Kargu,Selenge,1
Kargu,Ötüken ülkesi,1
Orta Asya,İskandinav,1
Orta Asya,Slav,1
Orta Asya,Turfan Uygur Devleti,1
Herodot ),Herodotos (,1
Herodotos (,Hipokrat,1
Herodotos (,Platon,1
Herodotos (,Sokrates ( Sokrat ),1
Herodot ),Hipokrat,1
Herodot ),Platon,1
Herodot ),Sokrates ( Sokrat ),1
Fenike alfabesi,Latin alfab,1
Aristoteles,Herodot ),1
Urartu dini,Van Müzesi,1
Eski Doğu,Urart,1
Fri,Lidyalı,1
Erebuni Kalesi ' ndeki Susi Tapınağı,u,1
Erken Demir Çağı,Van,1
Van,İstanbullu,1
Aristoteles,Herodotos (,1
Aristoteles,Sokrates ( Sokrat ),1
Van,İtilaf Devletleri,1
Aristoteles,Avrupa,1
Yunan,Yunanistan,1
Olympos Dağı,Yunan,1
Olympos Dağı,Yunanistan,1
Hipokrat,Platon,1
Hipokrat,Sokrates ( Sokrat ),1
Platon,Sokrates ( Sokrat ),1
Aristoteles,İbni Rüşd,1
Aristoteles,Hipokrat,1
Aristoteles,İznik Medres,1
Aristoteles,İbni Heysem,1
Aristoteles,Sabit bin Kurra,1
Aristoteles,Harezmi,1
Aristoteles,Kindi,1
Aristoteles,Orta Çağ felsefesi,1
Van,İzmir İktisat Kongresi ' nin toplanması,1
Van,İngiltere,1
Orta Asya,Orta Avrupa,1
Doğu Anadolu,KUTS,1
Doğu Anadolu,Wilson İlkeleri,1
Doğu Anadolu,Kürt Teâlî - i Cemiyeti,1
Doğu Anadolu,Osmanlı,1
Doğu Anadolu,Kanuni Sultan Süleyman,1
Doğu Anadolu,Çaldıran muharebe,1
Doğu Anadolu,ROMA,1
Doğu Anadolu,Safevi,1
Doğu Anadolu,Taşnaksutyun,1
Doğu Anadolu,Fırat Nehri,1
Doğu Anadolu,Urartu Devleti,1
Doğu Anadolu,Van,1
Boğazköy Hattuşaş ( Hattuşa ) Örenyeri,Çorum,1
Mısır Tıbbı,Pap,1
Edwin Smith,Mısır Tıbbı,1
Doğu Anadolu,Hınçak,1
Doğu Anadolu,ova,1
Van,Şehrizo,1
Doğu Anadolu,Çanakkale,1
Van,Şamran Kanalı,1
Haldi,Urartula,1
Urartu Devleti,Van,1
Doğu Anadolu,u,1
Doğu Anadolu,Milletler Cemiyeti,1
Doğu Anadolu,Türkiye,1
Doğu Anadolu,Kars,1
Doğu Anadolu,Ermeni Pat,1
Doğu Anadolu,Sevr Barış Antlaşması ' nı,1
Doğu Anadolu,Ermeni,1
Doğu Anadolu,Misak - ı Millî,1
Doğu Anadolu,Mustafa Kemal Paşa,1
Doğu Anadolu,Doğu Anadolu ( Vilâyât - ı Şarkiyye ) Müdâfaa - i Hukuk - ı Millîye Cemiyeti,1
Doğu Anadolu,riği Zaven Efendi,1
Yunan,İ,1
Yunan,İngiltere,1
Yunan,Yunan ( Mora ) İsyanı ',1
Türk,bourne,1
12 Hayvanlı Türk Takv,Güneş,1
12 Hayvanlı Türk Takv,Gök - Türkler,1
12 Hayvanlı Türk Takv,Ay,1
Gök - Tanrı,Lung - çeng,1
Türk,Türkiye ',1
Türk,Türk Millî Takımı,1
Türk,ye,1
12 Hayvanlı Türk Takv,Türk Tarihi,1
Türk,Türk ',1
Türk,sarı ırk,1
Türk,Türk Millî Eğitimi,1
Türk,Türkiye Cumhuriyetin,1
Türk,bir hukuk devleti,1
Türk,milleti,1
12 Hayvanlı Türk Takv,TARIH,1
Ay,Gök - Türkler,1
Yunan,İtalya,1
Güneş,Türk Tarihi,1
Orta Asya,Ural dağlar,1
Orta Asya,Türkistan,1
TARIH,Türk Tarihi,1
Güneş,sistemi,1
Güneş,Nikolas Kopernik,1
Güneş,Nicolaus Copernicus,1
Güneş,TARIH,1
Ay,Güneş,1
Gök - Türkler,Türk Tarihi,1
Gök - Türkler,TARIH,1
Gök - Türkler,Güneş,1
Ay,Kağan,1
Ay,Türk Tarihi,1
Ay,TARIH,1
Türk,tarihini,1
Türk,Türk tarihini,1
Türk,Türk Tarih Kuru,1
Türk,Y Ü Rusya,1
Türk,lama,1
Türk,İran,1
Türk,İsfahan Cuma Camisi,1
Türk,İslamlaşma,1
Türk,Türk - İslam medeniyet,1
Türk,Türkleri,1
- Tanrı,Türk,1
Türk,Türk inkılabı,1
- Tanrı,Çin,1
Pazırık,ırık Kur,1
Gök Tanrı,Kut,1
Gök Tanrı,Türkistan,1
Astronomi,Yunan,1
Yunan,İtilaf Devletleri,1
Türk,masi,1
Türk,lamasi,1
Türk,İslam,1
Türk,gaza,1
Türk,cihat,1
Türk,Türk - İslam,1
Türk,İslam devletlerin,1
Türk,Türkçe,1
Türk,İlk,1
Türk,Yunan,1
Türk,İnebolu,1
Türk,İstanbul,1
Türk,Türkiye Büyük Millet Meclisi,1
Türk,onun Hükûmet,1
Türk,Türkiye Cumhuriyeti ' nin Temelleri ve Atatürkçü Düşünce Sistemi,1
Türk,Çağdaş Türkiye ',1
Türk,ilke,1
Avarlar,Bizans,1
Anadolu Selçuklu Devleti,Balkanlar,1
Anadolu Selçuklu Devleti,Osmanlı Devleti,1
Antakya,Fransa,1
Antakya,Ordu,1
Antakya,Reyhaniye,1
Antakya,Belen,1
Antakya,TAYFUR SÖKMEN,1
Antakya,TBMM,1
Antakya,Fransız mandas,1
Antakya,Ekim 1921,1
Antakya,Bucak,1
Antakya,Çukurova,1
Antakya,Hatay,1
Antakya,Boğazlar,1
Antakya,Doğu Trakya,1
Antakya,İstanbul,1
Antakya,Musul,1
Antakya,Bayır,1
Merv,Nizâmülmülk,1
Antakya,Mustafa Ke,1
Nişabur,Âmil,1
Endonezya,Hindistan,1
Endonezya,İskender Muda,1
Endonezya,Sultan,1
Endonezya,Maluku Takımadaları,1
Baharat Adaları,Maluku Takımadaları,1
Baharat Adaları,Endonezya,1
Nişabur,İsfahan,1
Merv,İsfahan,1
Nişabur,İran,1
Nişabur,Sultan Mesut,1
Merv,İslam,1
Merv,Semerkand,1
Merv,Âmil,1
Merv,Musul,1
Antakya,Halep,1
Antakya,Filistin,1
Kaliküt,Kalküta,1
Kulja,Kâşgar,1
Aksu,Talas,1
Aksu,Kulja,1
Aksu,Urumçi,1
Aksu,Turfan,1
Talas,Urumçi,1
Talas,Turfan,1
Kulja,Talas,1
Hotan,Kâşgar,1
Kulja,Urumçi,1
Kulja,Turfan,1
Dunhuan,Dunhuang,1
Dunhuan,Orta Çağ,1
Dunhuang,Orta Çağ,1
Kangan,Loyeng,1
Aksu,Kâşgar,1
Hotan,Yarkent,1
Antakya,Sûr,1
Antakya,Nişabur,1
Antakya,Friedrich,1
Antakya,Trablus,1
Antakya,Kudüs,1
Antakya,Haçlı Seferi,1
Antakya,Doğu Akdeniz,1
Antakya,Rey,1
Antakya,Merv,1
Hive,Kâşgar,1
Antakya,Belh,1
Yenikent,İdil,1
Hive,Karadeniz,1
Hive,İdil,1
Hive,Yenikent,1
Hive,Semerkant,1
Kalküta,Seylan Adası,1
Kaliküt,Seylan Adası,1
Bağdat,İstanbul,1
Bağdat,Celâyirli,1
Bağdat,Nahçıvan,1
Bağdat,Portekiz,1
Bağdat,Kızıldeniz,1
Bağdat,i Kara Yusuf,1
Bağdat,Karakoyunlu Türkmen Bey,1
Bağdat,Sultan Ahmet Celâyir,1
Bağdat,Fransız,1
Bağdat,Necef,1
Bağdat,İslam,1
Bağdat,Harizm,1
Bağdat,Ebü ' lVefa el - Buzcani,1
Bağdat,Nizamiye Medresesi,1
Bağdat,Sâhibiye Medresesi ( Gök Medrese,1
Bağdat,Nizamiye Medres,1
Bağdat,Kerbela,1
Bağdat,Murad Han,1
Bağdat,Tuğrul Bey,1
Bağdat,Habeş,1
Bağdat,Musul,1
Bağdat,Kasr - ı Şirin Antlaşması,1
Bağdat,Tunus,1
Bağdat,Trablusgarp,1
Bağdat,Cezayir,1
Bağdat,Lahsa,1
Bağdat,Yemen,1
Bağdat,Irak,1
Bağdat,Şehrizo,1
Bağdat,Kars,1
Bağdat,alazade Yusuf Sinan Paşa,1
Bağdat,C,1
Bağdat,Gence,1
Bağdat,Ferhad Paşa,1
Bağdat,Büyük Selçuklu Dönemi,1
Bağdat,Ulu Tanrı,1
Goa,Kalküta,1
Bahar,Basra Körfezi,1
Basra Körfezi,Hürmüz Boğazı,1
Bahar,Osmanlı Devleti,1
Bahar,Bursa,1
Bahar,Halep,1
Bahar,Şam,1
Bahar,Bağdat,1
Bahar,Hürmüz Boğazı,1
Basra Körfezi,Halep,1
Diû Limanı,Goa,1
Diû Limanı,Kaliküt,1
Diû Limanı,Seylan Adası,1
Diû Limanı,Kalküta,1
Goa,Kaliküt,1
Goa,Seylan Adası,1
Basra Körfezi,Şam,1
Basra Körfezi,Bursa,1
Bağdat,Çin,1
Basra Körfezi,Lahsa,1
Bağdat,Karadeniz,1
Bağdat,Hanbalık ( İdil ),1
Bağdat,Güney Sibirya,1
Bağdat,Bursa,1
Bağdat,Hürmüz Boğazı,1
Basra Körfezi,Osmanlı,1
Basra Körfezi,Habeş,1
Basra Körfezi,Ümit Burnu,1
Basra Körfezi,Yemen,1
Basra Körfezi,Mısır,1
Basra Körfezi,Hint Okyanusu,1
Basra Körfezi,Memlûk,1
Basra Körfezi,Yavuz Sultan Selim,1
Basra Körfezi,Hindistan,1
Kangan,Loyang,1
Kangan,Çin,1
Kangan,İpek Yolu,1
Poitiers,Tours,1
Arap,İslâm ordusu,1
Muâviye,İstanbul,1
Grek,Slav,1
Grek,İstanbul,1
Grek,Muâviye,1
Hâricî isyan,Şiî ve,1
zigo,İspanya,1
Arap,İbn Münkız,1
Kral Rodrigo,zigo,1
Kral Rodrigo,Rio Guadalete,1
Kral Rodrigo,İspanya,1
Kral Rodrigo,[ bin Ziyad,1
Rio Guadalete,zigo,1
Rio Guadalete,İspanya,1
Arap,İslam ordusu,1
Arap,Mekke,1
[ bin Ziyad,zigo,1
Arap,Irak,1
Arap,İngiltere,1
Arap,Erzurum,1
Arap,Batum,1
Arap,Ardahan,1
Arap,Kars,1
Arap,Selâs,1
Arap,Suriye,1
Arap,Medine,1
Arap,Arap Yarımadası,1
Arap,ması,1
Arap,Mehın ) Antlaş,1
Arap,Mac Mahon (,1
Arap,Hicaz,1
Arap,Osmanlı İmparatorluğu,1
Rio Guadalete,[ bin Ziyad,1
[ bin Ziyad,İspanya,1
C,Fas,1
Belh,Âmil,1
Beykent,Herat,1
Beykent,Buhara,1
Beykent,Türkistan,1
Belh,Mevlana Celaleddin Rumi,1
Belh,Horasan,1
Belh,Ceziretu İbnü Ömer,1
Belh,Musul,1
Semerkant,Türkistan,1
Belh,İsfahan,1
Belh,Nizâmülmülk,1
Belh,Doğu Akdeniz,1
Belh,Semerkant,1
Belh,Beykent,1
Belh,Buhara,1
Beykent,Semerkant,1
Semerkant,Yenikent,1
Hal,egemenlik,1
Güney Fransa,Toulouse,1
Hal,Şer ' iye ve Evkaf Vekâlet,1
Hal,Mart 1924,1
Hal,Ömer,1
Pireneler,Toulouse,1
Güney Fransa,Ortaçağ Avrupası,1
Güney Fransa,İtalya,1
Güney Fransa,Pireneler,1
Semerkant,İdil,1
Abdülazîz,Emevîler,1
Abdülazîz,Mâverâünnehir,1
Boğazı,İstanbul,1
Boğazı,Kadıköy,1
Boğazı,Emevî,1
Kayravan,Kuzey Afrika,1
Arap,Fransa,1
Arap,İslam dinin,1
Arap,Filistin,1
Doğu Asya,Ön Asya,1
Kürk Yolu,Çağ,1
Baharat Yolu,Kral Yolu,1
Baharat Yolu,Çağ,1
Çağ,İpek Yolu,1
Doğu Asya,Japonya,1
Doğu Asya,Mançurya,1
Antik Çağ,Ön Asya,1
Kürk Yolu,İskit,1
Antik Çağ,Doğu Asya,1
Antik Çağ,Asya,1
Bronz,Çağı,1
Britanya,Hitler,1
Britanya,Mihver Devletler,1
Britanya,Çin,1
Kürk Yolu,Orta Çağ,1
Kral Yolu,İpek Yolu,1
Arap,Siyonist Örgütü,1
C,Loyang,1
C,Henrique,1
C,alazade Yusuf Sinan Paşa,1
C,Gence,1
C,Ferhad Paşa,1
C,Kangan,1
C,Loyeng,1
C,Çin,1
Kral Yolu,Kürk Yolu,1
C,İpek Yolu,1
Loyeng,Çin,1
Loyeng,İpek Yolu,1
Loyang,Loyeng,1
Loyang,Çin,1
Loyang,İpek Yolu,1
Britanya,SSCB,1
Britanya,Fransa,1
Britanya,Dünya Savaşı,1
Arap,Libya,1
Urmiye li,İzmir,1
Gök Tanrı dini,Türk,1
Gök Tanrı dini,İslamiyet,1
Abbâsîler,Sasanîler,1
Arap,harı,1
Arap,Ba,1
Arap,Arap Baharı,1
Britanya,Çağı,1
Arap,Yasemin Devrimi,1
Arap,SSCB,1
Arap,Batı,1
Arap,İsrail Devleti,1
Arap,Yahudi,1
Arap,Filistinli,1
Sardes,Urmiye li,1
Sardes,İzmir,1
Sardes,Susa,1
Susa,Urmiye li,1
Susa,İzmir,1
Darius,Kralın Yolu,1
Darius,The King ' s Road ),1
Kralın Yolu,The King ' s Road ),1
King Road,Kral Yolu,1
Atlantik,Britanya,1
Atlantik,Bronz,1
Atlantik,Çağı,1
Atlantik,Güneydoğu Asya,1
Atlantik,Hollandalı,1
Atlantik,İspanya,1
Atlantik,Portekiz,1
Britanya,Bronz,1
Bağdat,Budin,1
Bağdat,Haydarpaşa ',1
Herat,Âmil,1
Kama,İtil,1
Orhun Bölgesi,Türk,1
Hanbalık ( İdil ),Karadeniz,1
Güney Sibirya,Karadeniz,1
Güney Sibirya,Hanbalık ( İdil ),1
Kama,İdil Bulgar Devleti,1
Kama,İdil,1
Abakan bozkır,Kama,1
deve,Çin,1
Abakan bozkır,İtil,1
Cenova,Floransa,1
Cenova,Malta,1
Cenova,Portekiz,1
Cenova,Papalık,1
Cenova,İspanya,1
Orhun Bölgesi,Çin,1
Taklamakan Çölü,Tanrı Dağları,1
Cenova,İskenderiye,1
Afganistan,Buhara,1
Afganistan,TBMM Hükûmet,1
Afganistan,Millî Mücadele,1
Afganistan,Mustafa Kemal,1
Afganistan,Amanullah Han,1
Afganistan,Mart 1921,1
Afganistan,Türk - Afgan Dostluk Antlaşması,1
Afganistan,Taberistan,1
Pamirler,Taklamakan Çölü,1
Afganistan,Azerbaycan,1
Afganistan,Fars,1
Afganistan,Moğolistan,1
Afganistan,Çin Türkistan,1
Sichuan,iya,1
Pamirler,Tanrı Dağları,1
Cenova,Fransa,1
Cenova,Kızıldeniz,1
Afganistan,Tahran,1
Yemen,Şehrizor,1
Venedik,İnebahtı,1
Venedik,Yavuz Sultan Selim,1
Venedik,Yafa,1
Venedik,İskenderiye,1
Venedik,Yemen,1
Yemen,ması,1
Yemen,İskenderiye,1
Venedik,Yeniçer,1
Kızıldeniz,Osmanlı,1
Kızıldeniz,Lahsa,1
Kızıldeniz,Mısır,1
Kızıldeniz,Memlûk,1
Kızıldeniz,Yavuz Sultan Selim,1
Kızıldeniz,Memlûklar II,1
Venedik,İngiliz,1
Venedik,zencefil,1
Cenova,Doğu Afrika,1
Venedik,gül yağı,1
Cenova,Yemen,1
Venedik,İstanbul Antlaşması,1
Venedik,İmparatorluğu,1
Venedik,İsveç,1
Venedik,İngiltere,1
Venedik,Çanakkale Boğazı,1
Venedik,amber,1
Venedik,karanfil,1
Venedik,misk,1
Venedik,zerdeçal,1
Venedik,safran,1
Venedik,kakule,1
Venedik,sandal,1
Venedik,muskat,1
Afganistan,İslam ülkesi,1
Afganistan,Sadabat,1
Bağdat,demir yolu hattı,1
Azerbaycan,Myanmar,1
Azerbaycan,Emperyalizm Ordusu,1
Azerbaycan,Dünya Savagé nun Sonuç,1
Azerbaycan,Hint,1
Azerbaycan,Moritus,1
Azerbaycan,Mauritus,1
Azerbaycan,Madagaskar,1
Azerbaycan,Diyarbakır,1
Azerbaycan,Medine Müdafaan Inpilclerie,1
Azerbaycan,Van,1
Azerbaycan,Musul,1
Azerbaycan,Basra,1
Azerbaycan,Kasr - ı Şirin Antlaşması,1
Azerbaycan,Luristan,1
Azerbaycan,Nihavend,1
Azerbaycan,Bak,1
Azerbaycan,Hazar,1
Azerbaycan,Kafkaslar,1
Azerbaycan,Azerbaycan Demokratik Cumhuriyeti,1
Azerbaycan,TBMM,1
Azerbaycan,Kars Antlaşması,1
Azerbaycan,İslam,1
Azerbaycan,Kıbrıs,1
Azerbaycan,Hint Müslümanlar,1
Azerbaycan,Kara - bağ Savaşı,1
Azerbaycan,Kızıl Ordu,1
Azerbaycan,Kafkas İslam Ordusu,1
Azerbaycan,şe,1
Azerbaycan,İslam Ordusu,1
Azerbaycan,Nuri ( Killigil ) Paşa,1
Azerbaycan,Hükûmet,1
Azerbaycan,Osmanlı,1
Azerbaycan,Bolşevik,1
Azerbaycan,Batı İran,1
Azerbaycan,alazade Yusuf Sinan Paşa,1
Afganistan,Rusya,1
Afganistan,men,1
Fars,Taberistan,1
Fars,Moğolistan,1
Fars,Çin Türkistan,1
Afganistan,Taliban,1
Afganistan,Pakistan,1
Afganistan,Usame Bin Ladin,1
Afganistan,Ye,1
Azerbaycan,Moğolistan,1
Afganistan,Küba,1
Afganistan,Yugoslavya,1
Afganistan,Doğu Almanya,1
Afganistan,Arnavutluk,1
Afganistan,Çin,1
Afganistan,Cominform,1
Azerbaycan,Çin Türkistan,1
Azerbaycan,Fars,1
Azerbaycan,C,1
Azerbaycan,Celâli,1
Azerbaycan,Gence,1
Azerbaycan,Ferhad Paşa,1
Azerbaycan,Irak,1
Azerbaycan,Necef,1
Azerbaycan,Kerbela,1
Azerbaycan,Tebriz,1
Azerbaycan,Dağıstan,1
Azerbaycan,Taberistan,1
Azerbaycan,Doğu Anadolu,1
Azerbaycan,Devleti,1
Azerbaycan,Emîr Timur,1
Azerbaycan,Hindistan,1
Azerbaycan,Horasan,1
Azerbaycan,Türkistan,1
Kızıldeniz,Ümit Burnu,1
Kızıldeniz,Venedik,1
Kızıldeniz,İskenderiye,1
Halep,Şeria Muharebeleri,1
Halep,Türkiye,1
Halep,İsmet Paşa,1
Halep,Kerkük,1
Halep,Hatay,1
Halep,Mustafa Kemal Paşa,1
Halep,Nab - lus Meydan Muharebesi,1
Halep,Yıldırım Ordular Grubu,1
Bursa,Şam,1
Halep,İngiltere,1
Halep,Harput,1
Halep,Lübnan,1
Halep,Rusya,1
Halep,Sivas,1
Halep,Trabzon,1
Bursa,Hürmüz Boğazı,1
Bursa,Türkiye Selçuklu Devleti,1
Halep,Mustafa Ke,1
Bursa,Dogu Roma,1
Bursa,Koyunhisar ( Bapheus ) Savaşı,1
Bursa,Kızılhisar,1
Bursa,Marmaracık,1
Bursa,şehir,1
Bursa,nhisar,1
Bursa,Iznik,1
Bursa,Halil inalcik,1
Bursa,Gazi oğlu Gâzî,1
Bursa,Koyunhisar ( Bapheus ) Savasi,1
Bursa,İbn Battuta,1
Bursa,Türkiye,1
Bursa,Denizli,1
Bursa,Moğol istilası,1
Bursa,Türk - İslam gaza hareketinin,1
Halep,Van,1
Halep,İstanbul,1
Doğu Afrika,Venedik,1
Bağdat,Harput,1
Bağdat,Dicle,1
Bağdat,OSMANLI DEVLET,1
Bağdat,Necmettin Halil Onan,1
Bağdat,İngiltere,1
Bağdat,Güney Irak,1
Bağdat,Fransa,1
Bağdat,Beyrut,1
Bağdat,Kut ' ül - Amâre Zaferi,1
Bağdat,Lübnan,1
Bağdat,Rusya,1
Bağdat,Elâzığ,1
Bağdat,Bitlis,1
Bağdat,Trabzon,1
Bağdat,demir yolları,1
Bağdat,Nehri,1
Bağdat,General Townshend ( Tavsınd ),1
Halep,Hayra,1
Halep,Kerek,1
Halep,Memlûk,1
Halep,Tebriz,1
Halep,İtalyan,1
Halep,yon,1
Halep,dö Ş,1
Halep,Renaud de Chatillon,1
Halep,Kudüs,1
Bağdat,Dicle Nehri,1
Halep,Musul,1
Halep,Selahaddin Eyyubi,1
Halep,Hürmüz Boğazı,1
Hürmüz Boğazı,Şam,1
Bağdat,Irak Cephesi,1
Bağdat,Kut Zaferi,1
Bursa,Doğu,1
Bursa,Dinboz / Dimbos Geçidi,1
Bursa,Osman Bey,1
Bursa,Isparta,1
Bursa,Silifke,1
Bursa,Tarsus,1
Bursa,Çorum,1
Bursa,Tokat,1
Bursa,Çankırı,1
Bursa,Kastamonu,1
Bursa,Muğla,1
Bursa,Selânik,1
Bursa,Manisa,1
Bursa,Topkapı Sarayı,1
Bursa,Fatih Sultan Mehmet,1
Bursa,Tebriz,1
Bursa,Ermeni Patrikliği,1
Bursa,Ortodoks Patrikliği,1
Bursa,Manavgat,1
Bursa,Üsküp,1
Bursa,Koyunhisar Zaferi,1
Bursa,Erzurum,1
Doğu Afrika,İskenderiye,1
Doğu Afrika,Kızıldeniz,1
Doğu Afrika,Yemen,1
Bursa,Malatya,1
Bursa,İzmir,1
Bursa,Sam,1
Bursa,Trabzon,1
Bursa,Saraybosna,1
Bursa,manlı Devleti,1
Bursa,Millî Mücadele ',1
Bursa,İstanbul Hükûmet,1
Bursa,Varna,1
Bursa,Filibe,1
Bursa,Rusçuk,1
Bursa,Osman Gâzi,1
Bursa,Fethi,1
Bursa,Osmanlı şehir,1
Bursa,Kütahya,1
Bursa,Osmanlı Beyliği,1
Bursa,Çelebi Mehmet,1
Bursa,Muradiye,1
Bursa,Hüdavendigar,1
Bursa,Kaleiçi,1
Bursa,Türkiye Selçuklu,1
Bursa,İsa Çelebi,1
Bursa,Somuncu Baba,1
Bursa,Mehmed Çelebi,1
Bursa,Süleyman Çelebi,1
Bursa,Şehzâde Murad,1
Bursa,Kocaeli Bölgesi,1
Bursa,Kuzeybatı Anadolu,1
Bursa,ih,1
Bursa,Orhan Camii,1
Bursa,Emir Han,1
Bursa,Orhan Gazi Camisi ve Külliyesi,1
Bursa,İpek Hanı,1
Bursa,Yeşil Cami ve Külliyesi,1
Bursa,Hanlar Bölgesi krokisi,1
Bursa,Muradiye Külliyesi,1
Bursa,Muradiye Camisi,1
Bursa,Bursa Osmanlı Devleti,1
Bursa,Yıldırım Külliyesi,1
Bursa,İznik Orhaniye,1
Bursa,Manastır Medres,1
Bursa,Orhan Gazi Medres,1
Bursa,Murad,1
Bursa,Şeyh Edebali,1
Bursa,Âşıkpaşazade,1
Bursa,Mehmet,1
Belh,Türkistan,1
Herat,Musul,1
Anadolu Selçuklu Devleti,Kösedağ Savaşı,1
Filistin,İslam ordusu,1
Filistin,Tonbi,1
Filistin,Sina Yarımadası,1
Filistin,Kanal Cephesi,1
Filistin,Fransız,1
Filistin,Urfa,1
Filistin,Yermük,1
Filistin,para tor,1
Filistin,Loyd Corc,1
Ayasofya,Mehmet Han,1
Ayasofya,Nika İsyanı ( 532 ),1
Ayasofya,Iustinianos ',1
Iustinianos ',Nika İsyanı ( 532 ),1
dal,İspanya,1
dal,İtalya,1
Filistin,Lloyd George,1
Filistin,Mezopotamya,1
Kuzey Afrika,Sicilya,1
Filistin,İngiltere,1
Dört Halife Dönemi,Emeviler,1
Avar,İran,1
Filistin,Filistin Devleti,1
Filistin,siyon,1
Filistin,Oslo Görüşmeleri ',1
Filistin,Yahudi,1
Filistin,Mevûd,1
Filistin,Siyonizm,1
Filistin,uk Savaş Dönemi,1
Filistin,So,1
Filistin,Siyonist Örgütü,1
Filistin,İngiliz Hükûmeti,1
Filistin,Şeria,1
Filistin,abi,1
Kuzey Afrika,Orta Doğu,1
Kuzey Afrika,Mezopotamya,1
Dört Halife Dönemi,Yapı,1
Bizans İmparatorluğu,Orta Çağ,1
Bizans İmparatorluğu,İmparator Justinianus,1
Bizans İmparatorluğu,Timur,1
Bizans İmparatorluğu,Rumeli,1
Bizans İmparatorluğu,Osman Gâzi,1
Bizans İmparatorluğu,İznik,1
Bizans İmparatorluğu,Osman Gâz,1
Konstantin,Yunan,1
Bizans İmparatorluğu,Pontus Rum Devleti,1
Konstantin,İzmir,1
Hun Devleti Doju Roma Imparatorlugu Bati Roma Imparatorlugu Harita,Kavimler Göçü Sonrasi,1
Taberi,âsâni,1
Nih,Sâsânîler,1
Ninova,âsânî,1
Herakleios,İran,1
Bizans İmparatorluğu,Megali İdea,1
Bizans İmparatorluğu,istan,1
Kuzey Afrika,Kıbrıs,1
Kuzey Afrika,Saint - Louis,1
Kuzey Afrika,Oran,1
Kuzey Afrika,ran,1
Kuzey Afrika,Uluç Ali,1
Kuzey Afrika,Venedik,1
Kuzey Afrika,Papa,1
Kuzey Afrika,Orta Afrika,1
Kuzey Afrika,Porto - Nova,1
Kuzey Afrika,dal,1
Kuzey Afrika,Lagos,1
Kuzey Afrika,Şam,1
Kuzey Afrika,İran,1
Kuzey Afrika,Maveraünnehir,1
Kuzey Afrika,Türkistan,1
Kuzey Afrika,İskenderiye,1
Dört Halife Dönemi,Muhammed ( sav ),1
Dört Halife Dönemi,Osman,1
Hoça,Turfan,1
İmparatorluğu,İran,1
Basmıl,Göktürk Devleti,1
Batı Göktürk Devleti,Doğu Göktürk Devleti,1
Batı Göktürk Devleti,Çin İmparatorluğu,1
Doğu Göktürk Devleti,Çin İmparatorluğu,1
Taspar Kağan,Çin,1
Mukan Kağan,Taspar Kağan,1
Doğu Roma ittifakı,İran,1
Basmıl,Uygur,1
Doğu Roma ittifakı,İmparatorluğu,1
Doğu Roma ittifakı,Sâsânî,1
Doğu Roma ittifakı,Göktürk,1
İstanbul,İş Bankası Kültür,1
İstanbul,İşçi Çiftçi Partisi,1
İstanbul,İtilaf Devleti,1
Basmıl,Karluk,1
Karluk,Uygur,1
İstanbul,İstiklal Savaşı,1
Bögü Kağan,Çin,1
Beşbalık,Kâşgar,1
Beşbalık,Hoça,1
Beşbalık,Turfan,1
Kırgız,Uygur Devleti,1
Kırgız,Çin,1
Bögü Kağan,Manihe,1
Bögü Kağan,Moyen - Çor Kağan,1
Karluk,Uygur Devleti,1
Tang Hanedanı,Türkistan,1
Moyen - Çor Kağan,Çin,1
Moyen - Çor Kağan,Uygur Devleti,1
Kutluğ Bilge Kül Kağan,Uygur Devleti,1
Kutluğ Bilge Kül Kağan,Ötüken,1
Karluk,Tibet,1
İstanbul,İstanbul Hükûmet,1
İstanbul,İtilaf Devletleri donanması,1
Abbasiler,Dört Halife Dönemi,1
Fransa Ulusal Kütüphanesi,Konstantinopolis Konseyi,1
Büyük Okyanus,Türkiye,1
Bumin Kağan,Ötüken,1
Bumin Kağan,Göktürk Devleti,1
Balkan Sefer,Tuna Nehri,1
Balkan Sefer,Roma,1
Konstantinopolis Konseyi,Yoannis Kantakuzen,1
Fransa Ulusal Kütüphanesi,Yoannis Kantakuzen,1
Kore,Mukan Kağan,1
Fransa Ulusal Kütüphanesi,Ioannis Kantakuzenos ',1
Ioannis Kantakuzenos ',Konstantinopolis Konseyi,1
Ioannis Kantakuzenos ',Yoannis Kantakuzen,1
Abbasiler,İslam,1
Abbasiler,Bizans,1
Abbasiler,Emeviler,1
Büyük Okyanus,Türkistan,1
Kore,SSCB,1
İstanbul,İstanbul Vilayeti Mektubculuğu,1
İstanbul,ırma,1
İstanbul,Şam,1
İstanbul,İttihatçı,1
İstanbul,İttihat,1
İstanbul,İstanbul İsyanları,1
İstanbul,Şehzade Orhan,1
İstanbul,İstanbul ' un Fethi,1
İstanbul,şah,1
Kore,Türkiye,1
İstanbul,İznik,1
İstanbul,İstemi Yabgu,1
İpek Yolu,İskit,1
İpek Yolu,İstemi Yabgu,1
Ak Hun,İpek Yolu,1
Ak Hun,İstemi Yabgu,1
Herakleios,âsânî,1
Herakleios,Ninova,1
Herakleios,Sâsânî,1
Bulgar,Sloven,1
Bulgar,Ul,1
Bulgar,Yunan,1
Bulgar,Makedonya,1
Bulgar,Mustafa Kemal,1
Bulgar,Çek,1
Bulgar,Slovak,1
Bulgar,Hırvat,1
Peçenek,Uz,1
Bulgar,Leh,1
Bulgar,Ukraynalı,1
Bulgar,Rus,1
Bulgar,Osmanlı,1
Bulgar,Rum,1
Bulgar,Doğu Roma,1
Bulgar,Musevi,1
Kuman,Peçenek,1
Bulgar,İdil Bulgar Devleti,1
Gök Tanri,Maniheizm,1
S,ÜLEYMAN DEMİREL,1
S,Türkiye,1
S,Ömer,1
S,Türkistan,1
S,Çin,1
Tang Hanedan,Çin,1
Göktürk,Türkiye Selçuklu,1
Kuman,Uz,1
Göktürk,Karahanlı,1
Göktürk,Uygur Devleti,1
Göktürk,İran,1
Göktürk,İmparatorluğu,1
Göktürk,Sâsânî,1
Göktürk,ipek Yolu,1
Bulgar,Çirmen Savaşı,1
Bulgar,Hanbalık,1
Doğu Roma İmparatorluğu,Osmanlı,1
192,Avrupa Hun Devleti,1
Avrupa Hun Devleti,Margus Antlaşması,1
Avrupa Hun Devleti,Gazi Mustafa Kemal Atatürk,1
Avrupa Hun Devleti,Mahsel Brayn,1
Avrupa Hun Devleti,Marcel Brion,1
Avrupa Hun Devleti,THE SCOURGE OF GOD,1
192,Gazi Mustafa Kemal Atatürk,1
192,Mahsel Brayn,1
Gazi Mustafa Kemal Atatürk,Marcel Brion,1
192,Marcel Brion,1
192,THE SCOURGE OF GOD,1
Mahsel Brayn,Marcel Brion,1
Mahsel Brayn,THE SCOURGE OF GOD,1
Marcel Brion,THE SCOURGE OF GOD,1
Karlstejn Kalesi,Çekya,1
Gazi Mustafa Kemal Atatürk,THE SCOURGE OF GOD,1
Gazi Mustafa Kemal Atatürk,Mahsel Brayn,1
Bulgar,Hazar Devleti,1
Avrupa ' da,Yurttaşlık,1
Bulgar,Kuman,1
Bulgar,Uz,1
Bulgar,Peçenek,1
Kavimler Göçü ',Roma İmparatorluğu,1
Avrupa ' da,te,1
Avrupa ' da,Endüstriyel Üretim,1
Avrupa ' da,Modernleşme,1
Gazi Mustafa Kemal Atatürk,Lozan sulh,1
Avrupa ' da,Modernlegme,1
Avrupa ' da,ihtilal,1
Avrupa ' da,Roma İmparatorluğu,1
Avrupa ' da,Kavimler Göçü ',1
Macar dilinde,Türkiye Türkçe,1
es,İngiltere,1
S,İslamköy,1
Göktürk Devleti,Uygur Devleti,1
Göktürk Devleti,İslam devletleri,1
Ceyhun S,Erdeşir,1
Erdeşir,Part,1
Erdeşir,İran,1
Erdeşir,ânî İmparatorluğu,1
Part,İran,1
Part,ânî İmparatorluğu,1
ânî İmparatorluğu,İran,1
Ceyhun S,Part,1
Ak Hun Devleti,Doğu Roma İmparatorluğu,1
Ceyhun S,İran,1
Ceyhun S,ânî İmparatorluğu,1
Çin İmparatorluğu,İmparatorluğu,1
Sâsânî,gusu İstemi,1
Sâsânî,Çin İmparatorluğu,1
Mogao Mağarası,Tibet İmparatorluğu,1
Ak Hun Devleti,Orta Çağ,1
Ak Hun Devleti,İslam Devleti,1
Göktürk Devleti,Ötüken,1
Doğu Roma İmparatorluğu,Tunus,1
Doğu Roma İmparatorluğu,Osmanlı Devleti,1
Doğu Roma İmparatorluğu,Şehzade Orhan,1
Doğu Roma İmparatorluğu,Çorlu,1
Doğu Roma İmparatorluğu,Mehmet Han,1
Doğu Roma İmparatorluğu,Kılıçarslan,1
Doğu Roma İmparatorluğu,Sasaniler,1
Doğu Roma İmparatorluğu,Hint,1
Ak Hun Devleti,gusu İstemi,1
Doğu Roma İmparatorluğu,Kafkasya,1
Doğu Roma İmparatorluğu,Yermük Savaşı,1
Doğu Roma İmparatorluğu,Suriye,1
Doğu Roma İmparatorluğu,İstemi Yabgu,1
Doğu Roma İmparatorluğu,Yapı,1
Ak Hun Devleti,Sâsânî,1
Mogao Mağarası,Çin,1
Tibet İmparatorluğu,Çin,1
Shaanxi (,Şanksi ) Eyalet,1
Uygur Devleti,Çin,1
Abbasi Devleti,Muhammed ( sav,1
Emevi Devleti,s,1
Emevi Devleti,Endülü,1
Emevi Devleti,Şam,1
Emevi Devleti,Konstantiniye Muâviye,1
Emevi Devleti,Muhammed ( sav,1
Uygur Devleti,Ötüken,1
Shaanxi (,Zhao Mozolesi,1
Uygur Devleti,İslam devletleri,1
Göktürk Devleti,Uygur,1
Göktürk Devleti,Karluk,1
Göktürk Devleti,Karadeniz,1
Göktürk Devleti,Kore,1
Göktürk Devleti,Mukan Kağan,1
Çin Imparatorlugu,Çin İmparatorluğu,1
Hanedanlığı,g,1
Hanedanlığı,Tan,1
Hanedanlığı,x,1
Bölgesi,Tan,1
Bölgesi,Hanedanlığı,1
Bölgesi,x,1
Tan,x,1
Valilik,İpek Yolu,1
Karaşeher,Tang Hanedanlığı,1
Changle ' ın Mezarı,Çin,1
Changle ' ın Mezarı,Zhao Mozolesi,1
Changle ' ın Mezarı,Shaanxi (,1
Changle ' ın Mezarı,Şanksi ) Eyalet,1
Zhao Mozolesi,Çin,1
Zhao Mozolesi,Şanksi ) Eyalet,1
Shaanxi (,Çin,1
Beşbalık,Turfan Uygur Devleti,1
Hoça,Kâşgar,1
Herat,Merv,1
Basra,İsfahan,1
Basra,Mısır,1
Basra,Ceziretu İbnü Ömer,1
Basra,Âmil,1
Basra,Merv,1
Basra,Herat,1
Basra,Rey,1
Basra,Belh,1
Basra,Yemen,1
Basra,Bağdad,1
Basra,Nişabur,1
Basra,Nizâmülmülk,1
Basra,Mekke,1
Doğu Akdeniz,Münhasır Ekonomik Bölge,1
Doğu Akdeniz,Osmanlı,1
Basra,Portekiz,1
Basra,Habeş,1
Doğu Akdeniz,Ege Denizi,1
Basra,Şehrizo,1
Basra,Bitlis,1
Basra,Trabzon,1
Basra,Erzurum,1
Basra,Kerkük,1
Basra,Kasr - ı Şirin Antlaşması,1
Basra,Osmanlı Devleti,1
Basra,Kars,1
Basra,Lahsa,1
Basra,Hint Denizi,1
Basra,Osmanlı İmparatorluğu,1
Basra,Uzakdoğu,1
Basra,Hindistan,1
Basra,Süveyş,1
Basra,Osmanlı,1
Doğu Akdeniz,Süveyş Kanal,1
Doğu Akdeniz,Kıbrıs Sorunu ve Kıbrıs Barış Harekâtı,1
Basra,Sivas,1
Kafkasya,Volga Nehri,1
Doğu Akdeniz,Merv,1
Doğu Akdeniz,İslam Devleti,1
İslam Devleti,İslam donanması,1
İskenderiye,İslam donanması,1
İskenderiye,İslam Devleti,1
Kafkasya,Orta Asya,1
Kafkasya,ngırad,1
Doğu Akdeniz,Rey,1
Kafkasya,Stalingrad,1
Kafkasya,Stalingrad Kuşatması ( 1942 ),1
Kafkasya,Rusya,1
Kafkasya,Rus,1
Kafkasya,Karadeniz,1
Kafkasya,Kuzey Afrika,1
Doğu Akdeniz,Nişabur,1
Doğu Akdeniz,Orta Asya,1
Doğu Akdeniz,Hollanda,1
Doğu Akdeniz,İspanya,1
Doğu Akdeniz,İngiltere,1
Doğu Akdeniz,Fransa,1
Doğu Akdeniz,Kuzey Afrika,1
Doğu Akdeniz,Tunus,1
Doğu Akdeniz,Hollandalı,1
Doğu Akdeniz,İngiliz,1
Doğu Akdeniz,Papalık,1
Doğu Akdeniz,Gırnata Müslüman devleti,1
Doğu Akdeniz,Girit Adası,1
Doğu Akdeniz,Kıbrıs Adası,1
Doğu Akdeniz,Hint Deniz Seferleri ',1
Doğu Akdeniz,Güney Afrika,1
Doğu Akdeniz,Hindistan,1
Doğu Akdeniz,İspanyol,1
Basra,Elâzığ,1
Basra,Rusya,1
Hoça,Turfan Uygur Devleti,1
Buhara,İdil,1
Buhara,Harizmşahlar,1
Buhara,Taberistan,1
Buhara,Fars,1
Buhara,Moğolistan,1
Buhara,Çin Türkistan,1
Buhara,Karadeniz,1
Buhara,Yenikent,1
Buhara,Rey,1
Buhara,Hive,1
Buhara,Kâşgar,1
Buhara,Herat,1
Buhara,Türkistan,1
Emeviler,İstanbul,1
Emeviler,İslam hane,1
Buhara,Kas,1
Buhara,Gilan,1
Kerbelâ,Ye,1
Buhara,Kıbrıs,1
Herat,Rey,1
Herat,İsfahan,1
Herat,Nişabur,1
Herat,Nizâmülmülk,1
Herat,Semerkant,1
Herat,Türkistan,1
Buhara,Hint Müslümanlar,1
Buhara,Cürcan,1
Buhara,Semerkand,1
Buhara,Merv,1
Buhara,Kahire,1
Buhara,Kurtuba,1
Buhara,İbn Sina,1
Buhara,Gürgenç,1
Konstantiniye Muâviye,Şam,1
Emevî,İstanbul,1
Basra,Halep,1
Cemel Vakası,Zübeyir,1
Cebelitarik Emeviler Dönemi islam Devleti,Franklar Aral KARADENIZ,1
Franklar Aral KARADENIZ,Halife,1
Franklar Aral KARADENIZ,Semerkant Buhara,1
Peygamber,İslâm,1
BALKAS GOLD,Dört Halife Dönemi,1
Cemel Vakası,Talha,1
Basra,İngiltere,1
Cebelitarik Emeviler Dönemi islam Devleti,Halife,1
Basra,Güney Irak,1
Basra,Fransa,1
Basra,Harput,1
Basra,Şam,1
Basra,Beyrut,1
Basra,Lübnan,1
Cebelitarik Emeviler Dönemi islam Devleti,Semerkant Buhara,1
Cebelitarik Emeviler Dönemi islam Devleti,Emeviler Dönemi,1
Emevî,Kadıköy,1
Kûfe,Ye,1
Emevî,Ye,1
Emevî,Kerbelâ,1
Müslim,Ziyâd,1
Ubeydullah,Ye,1
Kûfe,Müslim,1
Kûfe,Ubeydullah,1
Hüseyin,Kûfe,1
Emeviler Dönemi,Franklar Aral KARADENIZ,1
Hüseyin,Müslim,1
Harita Genel Müdürlügü,Muhammed,1
Halife,Peygamber,1
Halife,Semerkant Buhara,1
Emeviler Dönemi,Halife,1
Emeviler Dönemi,Semerkant Buhara,1
Kafkasya,Mezopotamya,1
Kafkasya,Tunus,1
Hint,Kiril,1
Muhammed ',Tuğrul Bey,1
Ebu Bekir,Ridde,1
Ebu Bekir,Medine,1
Pe,gam ber,1
Muhammed ',İstanbul,1
Muhammed ',Selçuklu Sultan,1
Muhammed ',New York,1
Muhammed ',sav,1
Hicret,Medine,1
Hira,a rası,1
Cebrail,a rası,1
Cebrail,Hira,1
Mekke,Suriye,1
Mekke,Portekiz,1
Mekke,Osmanlı İmparatorluğu,1
Ebu Bekir,İslam Devleti,1
Istanbul,Mekke ' nin Fethi,1
Mekke,Pe,1
Devleti,Halep,1
Devleti,dö Ş,1
Devleti,Renaud de Chatillon,1
Devleti,Kerek,1
Devleti,Guy,1
Devleti,Kudüs,1
Devleti,Musul,1
Devleti,Selahaddin Eyyubi,1
Istanbul,Taif,1
Devleti,Eyyubi,1
Devleti,Dört Halife Dönemi İslam Devleti,1
Devleti,Taif,1
Devleti,Mekke ' nin Fethi,1
Devleti,Istanbul,1
Istanbul,YYÉ OSMANLI IMPARATORLUGU,1
Mekke,gam ber,1
Mekke,Muhammed ( sav,1
Hint,Çin,1
Kâşgar,İdil,1
Batı Türkistan,Karluk,1
Batı Türkistan,Tibet,1
Batı Türkistan,Uygur Devleti,1
Tibet,Uygur Devleti,1
Turfan,Urumçi,1
Turfan,Turfan Uygur Devleti,1
Kâşgar,Yenikent,1
Batı Türkistan,Karahanlı Devleti,1
Kâşgar,Semerkant,1
Kâşgar,Yarkent,1
Kâşgar,Talas,1
Kâşgar,Urumçi,1
Kâşgar,İpek Yolu,1
Kâşgar,Turfan Uygur Devleti,1
Batı Türkistan,Türk - İslam devlet,1
Batı Türkistan,Türkistan,1
Arap Yarımadası,Irak,1
Arap Yarımadası,Mekke,1
Arap Yarımadası,Suriye,1
Arap Yarımadası,ması,1
Arap Yarımadası,Mehın ) Antlaş,1
Arap Yarımadası,Mac Mahon (,1
Arap Yarımadası,Yemen,1
Arap Yarımadası,Hicaz,1
Arap Yarımadası,Muhammed ( sav,1
Batı Türkistan,iran,1
Maniheizm,Çinli,1
Gök Türk Devleti,Uygur,1
Gök Türkler,Orhun,1
Doğu Türkistan,Çin,1
Batı Türkistan,Hoca Ahmed Yesevi,1
Batı Türkistan,Hindistan,1
Devleti,yon,1
Devleti,Edirne ' nin Fethi Osmanlı,1
Devleti,Rumeli,1
Kadisi,Nihave,1
Emevîler,Hâricî isyan,1
Emevîler,Şiî ve,1
Emevîler,Ömer,1
Emevîler,Hal,1
Nihave,İran,1
Kadisi,İran,1
Celula,İran,1
Hâric,Ne,1
Celula,Irak,1
Celula,Nihave,1
Celula,Kadisi,1
Ömer,İliya,1
Ömer,İmparatorluğu,1
Ömer,âsânî,1
Emevîler,Irak,1
Ali İbn Mülcem,Hâricî,1
Devleti,sömürgecilik,1
Hint,Myanmar,1
Hint,Uygur,1
Hint,Kök Türk,1
Hint,Kasım 1928,1
Hint,Moritus,1
Hint,Mauritus,1
Hint,Madagaskar,1
Hint,Tunus,1
Osman,Söğüt Meydanı,1
Hint,Kafkasya,1
Osman,İstanbul,1
Osman,Topkapı Sarayı Müzesi,1
Osman,Tevarih,1
Osman,İznik,1
Osman,Osmanlı,1
Ömer,İslam Devleti,1
Ecnâdeyn Savaşı,Suriye,1
Ecnâdeyn Savaşı,Filistin,1
Devleti,Endülüs Eme,1
Devleti,Federe,1
Devleti,Çok Partili Hayata Geçiş,1
Devleti,Seçimler,1
Devleti,Doğu Anadolu,1
Devleti,Safevi,1
Devleti,Endülüs,1
Devleti,Yenişehir Savaşı,1
Ecnâdeyn Savaşı,para tor,1
Devleti,Suğdak,1
Devleti,Kefe,1
Devleti,Trabzon,1
Devleti,Sinop,1
Devleti,an devleti,1
Devleti,Osmanlı Devleti,1
Mekke ' nin Fethi,Taif,1
Huneyn Vadisi,Peygamber,1
Huneyn Savaşı,Taif,1
Muhammed ( sav ),İslam Devleti,1
Muhammed ( sav ),Yapı,1
Muhammed ( sav ),İstanbul,1
Arap yarımadas,Peygamber,1
Topkapı Sarayı Müzesi,Yeniçeri Ocağının,1
Dönemi İslam Devleti,Muhammed ( sav ),1
Dönemi İslam Devleti,Yapı,1
Dönemi İslam Devleti,Dört Halife Dönemi,1
Ali ',Dört Halife Dönemi,1
Sâsânî İmparatorluğu,İslam,1
Doğu Roma İm,Ecnâdeyn Savaşı,1
Doğu Roma İm,para tor,1
Doğu Roma İm,Filistin,1
Doğu Roma İm,Suriye,1
Akdeniz,Hollanda,1
Akdeniz,Baltık Denizi,1
ELGRAV Endülüs Emevi Devleti,nata,1
Almanya,Mütte,1
Almanya,Kartal Hücumu,1
Almanya,Lüksemburg,1
Almanya,Norveç,1
Almanya,Danimarka,1
Almanya,Yıldırım Harekâtı,1
Almanya,Devletler,1
Almanya,Saldırmazlık Paktı,1
Almanya,Hazar,1
Almanya,Andre Majino ),1
Almanya,Andre Maginot,1
Almanya,Fransız,1
Almanya,Maginot Hattı,1
Almanya,Maginot ( Majino ) Hattı,1
Almanya,Dogu Prusya,1
Almanya,Barbarossa ( Barbarosa ) Harekâtı,1
Almanya,Hiroşima,1
Almanya,Yeni Düzen,1
Almanya,Birleşmiş Milletler Genel Ku,1
Almanya,Müttefik Devletler,1
Almanya,Potsdam,1
Almanya,Potsdam Konferansı,1
Almanya,Çin,1
Almanya,Güvenlik Konseyi,1
Almanya,rulunun,1
Almanya,Birleşmiş Milletler Güvenlik Konseyi,1
Almanya,Nagazaki,1
Almanya,San Francisco,1
Almanya,Balkanlar,1
Almanya,Mihver Devletler,1
Almanya,İsmet İnönü,1
Almanya,Pasifik,1
Almanya,Atom Bombalarının Atılması ( 1945 ),1
Almanya,Mussolini,1
Almanya,Anti - Komintern Paktı,1
Almanya,Uluslararası Savaş Suçları Mahkemesi,1
Almanya,Finlandiya,1
Almanya,Pakistan,1
Almanya,Arjantin,1
Almanya,Yugoslavya,1
Almanya,Brezilya,1
Almanya,Güney Afrika,1
Almanya,Arnavutluk,1
Almanya,Yeni Zelanda,1
Almanya,Yunanistan,1
Almanya,Said Halim Paşa,1
Almanya,Talat,1
Almanya,Enver,1
Almanya,Versailles ( Versay ) Antlaşması,1
Almanya,Hanefi Yazıcı,1
Almanya,torluğu,1
Almanya,Lübnan,1
Almanya,Balkan Antantı,1
Almanya,Versay Diktası,1
Almanya,Japon,1
Almanya,Ver - say Antlaşması,1
Almanya,Bağımsız Hatay Devleti ',1
Almanya,uluslararası barış örgütü,1
Almanya,Şeyh Said İsyanı ' nı bastırmak,1
Almanya,Faşist Parti,1
Almanya,ya,1
Almanya,Briand - Kellogg ( Birian - Kellog ) Paktı,1
Almanya,Ren,1
Almanya,Milletler Cemiyeti,1
Almanya,Locarno Antlaşması,1
Almanya,Antlaşması,1
Almanya,Lokarno,1
Almanya,Locarno,1
Almanya,Milletler Cemiye,1
Almanya,Nazi,1
Almanya,Alsas,1
Almanya,Çarlık Rusya,1
Kan,l,1
Arşidük,Gavrilo Princip,1
Arşidük,Saraybosna,1
Arşidük,Arşidüşes Sophie,1
Topkapı Sarayı,danın,1
Topkapı Sarayı,ûnî Sultan Süleyman,1
Kan,Türkiye,1
Kan,Mu,1
Avusturya - Macaristan,Saraybosna,1
Kan,Kerkük,1
Kan,Kuzey Irak Bölgesel Yönetimi,1
Kan,PKK terör,1
Kan,Topkapı Sarayı,1
Kan,ûnî Sultan Süleyman,1
Arifî Çelebi,İstanbul ' un Fethi,1
Arşidük,Gavrilo Prinsip,1
Avusturya - Macaristan,İtilaf Devletleri,1
Arifî Çelebi,Topkapı Sarayı Müzesi Kütüphanesi,1
( Sofi,Avusturya - Macaristan,1
Franz Ferdinand,Gavrilo Princip,1
Franz Ferdinand,Saraybosna,1
( Sofi,Saraybosna,1
( Sofi,Arşidüşes Sophie,1
( Sofi,Franz Ferdinand,1
( Sofi,Arşidük,1
Arşidüşes Sophie,Saraybosna,1
Avusturya - Macaristan,Bosna - Hersek,1
Arşidüşes Sophie,Franz Ferdinand,1
Arşidüşes Sophie,Avusturya - Macaristan,1
Avusturya - Macaristan,Balkan,1
Avusturya - Macaristan,Belgrat,1
Avusturya - Macaristan,Gavrilo Prinsip,1
Avusturya - Macaristan,Gavrilo Princip,1
Arifî Çelebi,İstanbul,1
Arifî Çelebi,Mohaç Muharebesi,1
Almanya,Loren,1
Almanya,ver,1
Mozaiği,Zeugma Antik Kenti,1
Mozaiği,Roma Dönemi,1
Mozaiği,Çingene Kızı,1
Almanya,Bakü,1
Almanya,Leh ( Polonya,1
Almanya,Versay Antlaşması ',1
Almanya,Hitler,1
Roma Dönemi,Zeugma Antik Kenti,1
Almanya,nya,1
Almanya,Ja,1
Almanya,Birleşmiş Milletler,1
Almanya,Müttefik Devletleri,1
Almanya,slovakya,1
Almanya,Ç,1
Roma Dönemi,Çingene Kızı,1
Zeugma Antik Kenti,Çingene Kızı,1
Arifî Çelebi,Topkapı Sarayı,1
Tarih,lığım,1
Arifî Çelebi,ûnî Sultan Süleyman,1
Arifî Çelebi,Kan,1
TARİHİN DOĞASI,a,1
TARİHİN DOĞASI,Tarih,1
Tarih,İslam,1
Tarih,İslam Deklarasyonu,1
Tarih,bilginin,1
Green State (,Griin Steyt ) Üniversitesinde,1
Tarih,a,1
Kültür ve Turizm,Türkiye,1
Griin Steyt ) Üniversitesinde,Türkiye,1
Griin Steyt ) Üniversitesinde,Kültür ve Turizm,1
Green State (,Türkiye,1
Green State (,Kültür ve Turizm,1
Almanya,Avusturya - Macaristan İm,1
Almanya,Macaristan İmparatorluğu,1
Akdeniz,Atlantik Okyanusu,1
Antalya,Millet Meclisi,1
Perge,İnan,1
Antalya,ye Büyük Millet Meclisi,1
Antalya,Tür,1
Antalya,Hatay,1
Antalya,Tayfur Sökmen,1
Antalya,Türkiye Büyük Millet Meclisi,1
Antalya,Koçhisar,1
Side,İnan,1
Antalya,Beypazarı,1
Antalya,Kırşehir,1
Antalya,Çankırı,1
Antalya,Sevr Antlaşması ',1
Antalya,Damat Ferit,1
Antalya,İtalyan,1
Perge,Side,1
Kremna,İnan,1
Antalya,Muğla,1
Pamfilya Selukeyası,Perge,1
Lidya,Urartu,1
Lidya,Uşak Müzesi,1
Lidya,atlı Denizatı Bro,1
Lidya,atlı Denizatı,1
Pamfilya Selukeyası,Pamphylia Seleukeiası,1
Pamfilya Selukeyası,Side,1
Pamfilya Selukeyası,İnan,1
Kremna,Perge,1
Pamphylia Seleukeiası,Side,1
Pamphylia Seleukeiası,Perge,1
Pamphylia Seleukeiası,İnan,1
Kremna,Pamfilya Selukeyası,1
Kremna,Pamphylia Seleukeiası,1
Kremna,Side,1
Antalya,Aydın,1
Antalya,Menteşe Sancağı,1
Lidya,Mezopotamya,1
Antalya,Şeyh Şihâbeddîn Hamevî,1
Antalya,Sultan Gıyaseddin Keyhüsrev,1
Antalya,Diyarbakır,1
Antalya,Sinop,1
Antalya,Kayseri,1
Antalya,Malatya,1
Antalya,Sivas,1
Antalya,Mısır,1
Antalya,Türk - İslam gaza hareketinin,1
Antalya,Fethiye,1
Antalya,Makri Körfezi,1
Antalya,Fransız Haçlı ordusu,1
Antalya,ikinci Haçlı seferi,1
Antalya,Pamfilya Selukeyası,1
Antalya,Pamphylia Seleukeiası,1
Antalya,Selçuklu,1
Antalya,Moğol istilası,1
Antalya,İzmir,1
Antalya,Teke,1
Antalya,Batı Anadolu,1
Antalya,Trablusgarp,1
Antalya,On İki Ada,1
Antalya,İtilaf Devletleri,1
Antalya,Şahkulu,1
Antalya,Şah İsmail,1
Antalya,Bayezid,1
Antalya,Ayasuluk,1
Antalya,Kastamonu,1
Antalya,Karamanoğulları Beyliği,1
Antalya,Murad,1
Antalya,Halil İnalcık,1
Antalya,Türkiye,1
Antalya,Bursa,1
Lidya,İyon,1
Kroisos,atlı Denizatı,1
Almanya,Bolşevik,1
Almanya,enberg,1
Almanya,Gutenberg,1
Almanya,Kal,1
Almanya,Luther,1
Almanya,İtalyan,1
Almanya,sanatı,1
Almanya,Özgür düşünce,1
Almanya,Wi,1
Almanya,Namibya Soykırımı,1
Almanya,Julius Hübner,1
Almanya,Doğu Avrupa,1
Almanya,İskoçya,1
Almanya,İskandinavya,1
Almanya,Maynz,1
Almanya,Mainz,1
Almanya,Kongo Katliamı ',1
Almanya,Osmanlı,1
Almanya,Johannes Gutenberg,1
Almanya,Bosna,1
Almanya,Lenin,1
Almanya,Enver Paşa,1
Almanya,İttihat ve Terakki ',1
Almanya,Osmanlı İmparatorluğu,1
Almanya,Trablusgarp,1
Almanya,Hersek,1
Almanya,Cavit Bey,1
Almanya,Avrupalı,1
Almanya,İtilaf Devletleri,1
Almanya,İngiliz,1
Almanya,Rus,1
Almanya,lü İtilaf,1
Almanya,Wilhelm ( Vilhelm ) Dönemi,1
Almanya,Devrimi,1
Almanya,Yohannes Gutenberg,1
Almanya,İspanya,1
Kroisos,Lidya,1
Karun,atlı Denizatı,1
atlı Denizatı,atlı Denizatı Bro,1
Karun,Uşak Müzesi,1
Karun,atlı Denizatı Bro,1
Karun,Krezüs,1
Karun,Kroisos,1
Karun,Lidya,1
Krezüs,Uşak Müzesi,1
Uşak Müzesi,atlı Denizatı Bro,1
Krezüs,atlı Denizatı Bro,1
Krezüs,Kroisos,1
Krezüs,Lidya,1
Krezüs,atlı Denizatı,1
Kroisos,Uşak Müzesi,1
Kroisos,atlı Denizatı Bro,1
Uşak Müzesi,atlı Denizatı,1
Almanya,atlı Denizatı,1
Almanya,Anadolu,1
Almanya,Büyük Heildelberg ( Haydelberg ),1
Almanya,Selçuklu,1
Almanya,İran Türk - İslâm,1
Almanya,Orta Asya,1
Almanya,İslâm,1
Almanya,Konya,1
Almanya,Türkiye Selçuklu Dönemi,1
Almanya,Heidelberg,1
Almanya,Lidya,1
Almanya,Heidelberg Üniversitesi Kütüphanesi,1
Almanya,Uşak Müzesi,1
Almanya,atlı Denizatı Bro,1
Almanya,Karun,1
Almanya,Krezüs,1
Almanya,Kroisos,1
Franz Ferdinand,Gavrilo Prinsip,1
Göbeklitepe,Çan,1
Göbeklitepe,Çömleksiz Neolitik Çağ,1
Macaristan,Podolya,1
Macaristan,Sırbistan,1
Macaristan,Üçlü İtilaf,1
Macaristan,Üçlü İttifak,1
Macaristan,Mora,1
Macaristan,vatorok,1
Macaristan,Yemen,1
Macaristan,Ukraynası,1
Macaristan,Makedonya,1
Macaristan,Çek,1
Macaristan,Şarlken,1
Macaristan,Viyana,1
Macaristan,Mohaç Meydan Muharebesi,1
Macaristan,Niğbolu,1
Macaristan,Tuna,1
Macaristan,Trablusgarp,1
Macaristan,ristan,1
Macaristan,Çatalhöyük,1
Macaristan,Yunanistan,1
olitik Çağ,İngiltere,1
Mohaç Meydan Savaşı,Çatalhöyük,1
Mohaç Meydan Savaşı,olitik Çağ,1
Mohaç Meydan Savaşı,İngiltere,1
Mohaç Meydan Savaşı,Sanayi Devrimi,1
Macaristan,İsviçre,1
Macaristan,Pakistan,1
Macaristan,Türki,1
Macaristan,Yeni Zelanda,1
Macaristan,iyanon,1
Macaristan,Triannon,1
Macaristan,Saint Germain ( Sen Jermen ) Antlaşması,1
Macaristan,turya,1
Macaristan,ye,1
Macaristan,Sigismund,1
Macaristan,olitik Çağ,1
Çatalhöyük,İngiltere,1
Sanayi Devrimi,Çatalhöyük,1
Kunsthistorisches Museum (,Viyana,1
Kunsthistorisches Museum (,shistorişıs Müziyum ),1
Kunsthistorisches Museum (,Pieter Bruegel,1
Türk inkılabı,laik,1
Türk inkılabı,İnkılap,1
Türk inkılabı,mis Vat,1
Sanayi Devrimi,olitik Çağ,1
Pieter Bruegel,shistorişıs Müziyum ),1
Sanayi Devrimi,İngiltere,1
Sanayi Devrimi,Türk inkılabı,1
Sanayi Devrimi,mis Vat,1
19 Mayıs,Samsun,1
19 Mayıs,Türk inkılabı,1
19 Mayıs,Fransız İhtilali ' nin,1
Kunsthistorisches Museum (,ul Çağı,1
Pieter Bruegel,Viyana,1
Macaristan,Mohaç Meydan Savaşı,1
1873 Kanûnî Sultan Süleyman ',Sanayi Devrimi,1
Macaristan,Sanayi Devrimi,1
1873 Kanûnî Sultan Süleyman ',Çatalhöyük,1
1873 Kanûnî Sultan Süleyman ',olitik Çağ,1
1873 Kanûnî Sultan Süleyman ',Mohaç Meydan Savaşı,1
1873 Kanûnî Sultan Süleyman ',Macaristan,1
1873 Kanûnî Sultan Süleyman ',İngiltere,1
shistorişıs Müziyum ),ul Çağı,1
Pieter Bruegel,ul Çağı,1
Viyana,r Savaşı,1
Viyana,ükneddin Kılıçarslan,1
Viyana,İzzeddin Keykavus,1
Viyana,tiyırs,1
Viyana,ul Çağı,1
Viyana,shistorişıs Müziyum ),1
olitik Çağ,Çatalhöyük,1
Dünya Savaşı,Nagazaki,1
Göbeklitepe,Şanlıurfa,1
Dünya Savaşı,nya,1
Dünya Savaşı,Varlık Vergisi ',1
Dünya Savaşı,Toprak Mahsulleri Vergisi ',1
Dünya Savaşı,Sovyetler Birliği,1
Dünya Savaşı,Stalin,1
Dünya Savaşı,Rusya,1
Dünya Savaşı,Türk - Rus Dostluk Antlaşması,1
Dünya Savaşı,Ja,1
Dünya Savaşı,Karne uygulamasının,1
Dünya Savaşı,Müttefik Devletleri,1
Dünya Savaşı,İsrail Devleti,1
Dünya Savaşı,Filistin,1
Dünya Savaşı,İngiliz Hükûmeti,1
Dünya Savaşı,hakları,1
Dünya Savaşı,uluslararası savaş hukuku,1
Dünya Savaşı,Millî Korunma Kanunu ',1
Dünya Savaşı,Roosevelt,1
Dünya Savaşı,TBMM,1
Büyük Taarruz,Dünya Savaşı,1
Büyük Taarruz,Millî Mücadele,1
Büyük Taarruz,TRT,1
Büyük Taarruz,Nuran Devres,1
Büyük Taarruz,Geyve Boğazı,1
Büyük Taarruz,Gazi Mustafa Kemal Paşa,1
Büyük Taarruz,Nagazaki,1
Dünya Savaşı,Kıbrıs,1
Dünya Savaşı,Türk dış politikasına,1
Dünya Savaşı,Osmanlı,1
Dünya Savaşı,Kore,1
Dünya Savaşı,Marshall Planı,1
Dünya Savaşı,u,1
Dünya Savaşı,in,1
Dünya Savaşı,Kars,1
Dünya Savaşı,Türk,1
Dünya Savaşı,parti,1
Dünya Savaşı,Gazi Mustafa Kemal Paşa,1
Dünya Savaşı,Çarlık Rusya,1
Dünya Savaşı,Erzurum,1
Dünya Savaşı,Van,1
Dünya Savaşı,Millî Mücadele,1
Dünya Savaşı,Sofya,1
Dünya Savaşı,Kafkas Cephesi,1
Dünya Savaşı,Üçlü İttifak,1
Dünya Savaşı,Fahreddin Paşa Koleksiyon,1
Dünya Savaşı,Wilson İlkeleri,1
Dünya Savaşı,İstanbul Büyükşehir Belediyesi,1
Dünya Savaşı,Medine,1
Dünya Savaşı,Fahreddin Paşa,1
Dünya Savaşı,TRT,1
Dünya Savaşı,Nuran Devres,1
Dünya Savaşı,Geyve Boğazı,1
Dünya Savaşı,İtilaf Devlet,1
Dünya Savaşı,Şam,1
Dünya Savaşı,Ocak 1942,1
Dünya Savaşı,uluslararası barış örgütü,1
Dünya Savaşı,Nazi Almanyası,1
Dünya Savaşı,Mihver Devletler,1
Dünya Savaşı,Çin,1
Dünya Savaşı,ransı,1
Dünya Savaşı,Paris Barış Konfe,1
Dünya Savaşı,II,1
Dünya Savaşı,Şeyh Said İsyanı ' nı bastırmak,1
Dünya Savaşı,Meşrutiyet ',1
Dünya Savaşı,Versay Antlaşması,1
Dünya Savaşı,Yunanistan,1
Dünya Savaşı,Yug,1
Dünya Savaşı,Paris Barış Konferansı,1
Dünya Savaşı,Kafkas Cephe,1
Dünya Savaşı,Kafkasya,1
19 Mayıs,Sanayi Devrimi,1
19 Mayıs,mis Vat,1
19 Mayıs,James Watt,1
Orhan Bey,Rumeli,1
Julius Caesar,Julyüs Sezar ),1
1324,vakfiyesi,1
1324,Orhan Bey,1
1324,"İ stanbul ' un Fethi, 1453",1
vakfiyesi,"İ stanbul ' un Fethi, 1453",1
Orhan Bey,Osmanlı Devleti,1
Orhan Bey,Çimpe Kalesi,1
Gregorius ',Gregoryen,1
Orhan Bey,Süleyman Paşa,1
Orhan Bey,İzmit,1
Orhan Bey,İznik,1
Orhan Bey,Türkmen,1
Orhan Bey,Osmanlı Beyliği,1
Orhan Bey,Osman Bey,1
Gregorius ',Gregoryus,1
Gregoryen,Gregoryus,1
Orhan Bey,Panorama 1326 Fetih Müzesi,1
Amerika,Pinta,1
Amerika,Hollanda,1
Amerika,Toulon,1
Amerika,Hamilton,1
Amerika,Asya,1
Amerika,Fransız,1
Amerika,Kolomb ' un,1
Amerika,Nina,1
Sümer uygar,Ön Asya,1
Amerika,Santa Maria,1
Amerika,Ortaçağ,1
Amerika,İstanbul,1
Batı Roma İmparatorluğu,Papa,1
Batı Roma İmparatorluğu,Doğu Roma İmparatorluğu,1
Batı Roma İmparatorluğu,Büyük Kostantinus,1
Orhan Bey,Türkiye Selçuklu Devleti,1
Orhan Bey,vakfiyesi,1
Fransız İhtilali ' nin,Türk inkılabı,1
Güneydoğu Anadolu,Şanlıurfa,1
Güneydoğu Anadolu,Hısnıkeyfâ,1
Güneydoğu Anadolu,âfârikîn,1
Güneydoğu Anadolu,Mey,1
Güneydoğu Anadolu,Harput,1
Güneydoğu Anadolu,Kuzey Irak,1
Güneydoğu Anadolu,Çayönü,1
Güneydoğu Anadolu,Çömleksiz Neolitik Çağ,1
Güneydoğu Anadolu,Mardin,1
Güneydoğu Anadolu,Çan,1
Çan,Şanlıurfa,1
Çan,Çömleksiz Neolitik Çağ,1
Göbeklitepe,Neolitik,1
Göbeklitepe,Kuzey Suriye,1
Göbeklitepe,Güneydoğu Anadolu,1
Güneydoğu Anadolu,Urfa,1
Güneydoğu Anadolu,Rakka,1
Orhan Bey,"İ stanbul ' un Fethi, 1453",1
Neolitik,Çan,1
Kuzey Irak,PKK terör örgütü,1
Kuzey Irak,Kuzey Suriye,1
Kuzey Irak,Çayönü,1
Çömleksiz Neolitik Çağ,Şanlıurfa,1
Neolitik,Şanlıurfa,1
Neolitik,Çömleksiz Neolitik Çağ,1
Kuzey Suriye,Rumeli,1
Güneydoğu Anadolu,Musul,1
Kuzey Suriye,Naramsin,1
Kuzey Suriye,Çayönü,1
Kuzey Suriye,Neolitik,1
Kuzey Suriye,Şanlıurfa,1
Kuzey Suriye,Çömleksiz Neolitik Çağ,1
Kuzey Suriye,Çan,1
Amerika,West India Company,1
Amerika,Vest İndia Kampan,1
Amerika,du Sénégal,1
Fransız ihtilali,Yeniçağ,1
Medine,Yezîd,1
Medine,Peygamber,1
Medine,İslâm,1
Medine,İstanbul Büyükşehir Belediyesi,1
Yakınçağ,Yeniçağ,1
Fransız ihtilali,Yakınçağ,1
1789,Türk inkılabı,1
Medine,Portekiz,1
1789,19 Mayıs,1
1789,Fransız İhtilali ' nin,1
1789,Sanayi Devrimi,1
1789,mis Vat,1
1789,James Watt,1
1789,Yakınçağ,1
Medine,Osmanlı İmparatorluğu,1
Medine,Şam,1
Amerika,Senegal,1
Medine,met,1
Fransız İhtilali ' nin,Sanayi Devrimi,1
Fransız İhtilali ' nin,mis Vat,1
Fransız İhtilali ' nin,James Watt,1
James Watt,Türk inkılabı,1
James Watt,Sanayi Devrimi,1
James Watt,mis Vat,1
Medine,istanbul Müt,1
Medine,Suriye,1
Medine,reddin Papa,1
Medine,rah,1
Medine,fahreddin Pasa,1
Medine,Şeyh Şam,1
Medine,Osmanlı,1
Medine,Rusya,1
1789,Yeniçağ,1
1789,Fransız ihtilali,1
Ortaçağ,İstanbul,1
Amerika,Osmanlı İmparatorluğu,1
Amerika,Arjantin,1
Amerika,Doğu,1
Amerika,Avrupalı,1
Amerika,cu,1
Amerika,Prusya,1
Amerika,Avusturya,1
Amerika,Louis,1
Amerika,Küba,1
Amerika,Karayipler,1
Amerika,Ticaret,1
Amerika,Transatlantik Köl,1
Amerika,Maya,1
Amerika,Uzak Doğu,1
Amerika,Atlantik,1
Amerika,Kanada,1
Amerika,Wilson Prensipleri Cemiyeti,1
Amerika,Millî Mücadele,1
Amerika,Amerikan,1
Amerika,Batı,1
Amerika,Dünya Savaşı ',1
Amerika,Yalta Konferansı,1
Amerika,Güvenlik Konseyi,1
Amerika,Çin,1
Amerika,Hiroşima,1
Amerika,Nagazaki,1
Amerika,Sovyet Rusya,1
Amerika,Dünya Savaşı,1
Amerika,Truman Doktrini ',1
Amerika,Yunanistan,1
Amerika,Küba Krizi ( 1962,1
Amerika,Florida,1
Antalya,Kremna,1
Antalya,Side,1
Antalya,Perge,1
',Sâsâni ordusu,1
',… ) Malazgirt Zaferi,1
',İmparatorluğu,1
',âsânî,1
',Abbasi Devleti,1
',Dört Halife Dönemi,1
',BALKAS GOLD,1
',Asya,1
',Ben Kimim,1
',Orta Çağ,1
',Bereket,1
',1324,1
',vakfiyesi,1
',Orhan Bey,1
',"İ stanbul ' un Fethi, 1453",1
',Selçuklu,1
',Bologna Üniversitesi,1
',Çanakkale Şehitler Abidesi,1
',İznik ' in Fethi,1
',Epir Kroniği,1
',I,1
',Saint George Kilisesi,1
',Kapıkulu Ocakları,1
',Edirne ' nin Fethi,1
',Rumeli,1
',Bursa ' nın Fethi,1
',Bol,1
',Koyunhisar Savaşı,1
',Balkanlar,1
',Kosova Savaşı,1
',Yıldırım Bayezid,1
',Ankara Savaşı,1
',İtalya Universitas ( Universitas,1
',Gelibolu Yarımadası,1
Gelibolu Yarımadası,İtilaf kuvvetleri,1
',Haliliye Medres,1
Elbistan,Memlûk,1
Hiroşima,bombası,1
1945 ',bombası,1
1945 ',Hiroşima,1
Ça nakkale Şehitler Abidesi,Çanakkale Şehitler Abidesi,1
Pazarcık,Türk,1
Elbistan,Malatya,1
Elbistan,Türk,1
Hiroşima,ohito,1
Elbistan,Pazarcık,1
Elbistan,Kahramanmaraş,1
Kahramanmaraş,Türk,1
Kahramanmaraş,Pazarcık,1
Türkiye,Şah Fırat,1
Türkiye,l,1
Hiroşima,Çanakkale Şehitler Abidesi,1
Hiroşima,Müttefik Devletler,1
Gelibolu Yarımadası,Osmanlı Devleti,1
Gelibolu Yarımadası,Türk Abideleri,1
Gelibolu Yarımadası,Çimpe Kalesi,1
Gelibolu Yarımadası,Orhan Bey,1
Gelibolu Yarımadası,Malkara,1
Gelibolu Yarımadası,Tekirdağ,1
Gelibolu Yarımadası,Tekfurdağı,1
Gelibolu Yarımadası,Çanakkale Şehitler Abidesi,1
Afet İnan,Gazi,1
Hiroşima,Levon Panos Dabağyan,1
Afet İnan,Mustafa Kemal,1
Afet İnan,Türk Abideleri,1
Afet İnan,Gelibolu Yarımadası,1
Hiroşima,Naga - zaki,1
Hiroşima,Pasifik,1
Hiroşima,Pearl Harbor,1
',Kaynak L,1
',Amasya,1
1960,Çanakkale Şehitler Abidesi,1
',Kuvây - ı Milliye,1
',Millî Mücadele ',1
',Bursa,1
',İstanbul Hükûmet,1
',Anadolu,1
',Mondros Ateşkes Antlaşması ile,1
',İzmir,1
',İzmir ' in İşgali ( 15 Mayıs 1919 ),1
',Mustafa Ke,1
',Mudanya Ateşkes Antlaşması ',1
',Düzenli ordunun,1
',Doğu ve Güney Ceph,1
',Millî Mücadele,1
',Sevr Antlaşması ',1
',Büyük Millet Meclisi,1
',Maarif Kongresi ',1
',Erzurum Kongresi,1
',Sine - i Millete Dönmek Manda ve Himaye Güçler Birliği Tekâlif - i Millîye,1
',Şeyh Said İsyanı ' nı bastırmak,1
',Millî Birlik Ko,1
',Çoğunluk ' sistemi,1
',Bağımsız Hatay Devleti ',1
',uluslararası barış örgütü,1
',1932 ',1
',Alman ırkının üstünlüğünü,1
',Almanya,1
',İki Dünya Savaşı Arasındaki Dönem,1
',Dünya Savaşı,1
',Türkiye Cumhuriyeti,1
',Atatürk Dönemi,1
',Kurucu Meclis Takrir - i Sükûn,1
',Siyasi ve Ekonomik Gelişmeler,1
',a,1
',Kuvây - ı Milliye hareketinin,1
',Megali İdea Müdâfaa - i Hukuk,1
',Kıbrıs ' ın Fethi ' nin,1
',Suhte isyanlarının,1
',Kırım Türk,1
',YYÉ OSMANLI IMPARATORLUGU,1
',Istanbul,1
',Halil Inalcik,1
',Devlet - i ' Aliyye,1
',Allahuekber,1
',Beş Yüzüncü,1
',Lâle Devr,1
',un,1
',Kristof Kolomb,1
',Kristofır Kolombus,1
',National Christopher Columbus Quincentenary Jubilee Commission,1
',ABD,1
',Cülus,1
',Kırım,1
',Osmanlı Toplumu,1
',Millî Mücadele ' nin Sona Ermesi ve Lozan Barış Konferansı,1
',Çok Partili Hayata Geçiş,1
',Osmanlı coğrafya,1
',İtilaf Devletleri ',1
',Dünya Savaşı ' ndan,1
',Medine,1
',met,1
',istanbul Müt,1
',Seçimler,1
',Fırtınası,1
',Devleti,1
',Osmanlı,1
',1739 Belgrad Antlaşması,1
',Çarlık Rusya,1
',CRISTIANITY OHINA CRONIT JNPAN ONU,1
',Güçler,1
Türkiye,İsrail,1
Türkiye,tü,1
Türkiye,Uluslararası Türk Kültürü Teşkilatı,1
Manisa,Muğla,1
Manisa,Sultanahmet Mitingi,1
Manisa,Silifke,1
Manisa,Tarsus,1
Manisa,Çorum,1
Manisa,Tokat,1
Manisa,Çankırı,1
Manisa,Mehmet Bey,1
Erzincan,depremi,1
Gök Kubbemi,Yahya Kemal BEYATLI,1
Cezâyir ',Tunus,1
Eğri,Uyvar,1
Budin,Temeşvar,1
Budin,Van,1
Budin,Şam,1
Erzincan,Mehmet Bey,1
Erzincan,Türkiye,1
Budin,Diyarbakır,1
27 Aralık 1939,Erzincan,1
Türkiye,Türkleri,1
Türkiye,Y Ü Rusya,1
Türkiye,Uşak Arkeoloji Müzesi,1
Türkiye,depremi,1
27 Aralık 1939,Türkiye,1
27 Aralık 1939,depremi,1
Erzincan,Taşnak,1
Erzincan,Selçuklu,1
Erzincan,Trabzon,1
Erzincan,Van,1
Erzincan,Muş,1
Erzincan,Erzurum,1
Erzincan,Sivas,1
Erzincan,Konya,1
Budin,Dulkadir,1
Budin,Karaman,1
Türkiye,Yurt,1
Kosova,İstanbul,1
Kosova,na,1
Kosova,Sırp Devleti,1
Kosova,Kosova Savaşı,1
Kosova,Rumeli,1
Kosova,Sırp Despotluğu,1
Kosova,Murad,1
Kosova,Varna,1
Kosova,Makedon,1
Kosova,Niğbolu,1
GAZETE TARIH,Mehmet Bey,1
dijitalleşme,zaman,1
bilgi,zaman,1
bilgi,dijitalleşme,1
Tarih Araştırma ve Yazımında Dijital Dönüşüm,zaman,1
Kosova,Slovenya,1
Kosova,ya,1
Budin,Rumeli,1
Budin,Eğri,1
Budin,Osmanlı Devleti,1
Budin,Macar Krallığı,1
Budin,Viyana Kuşatması,1
Budin,Macaristan,1
Budin,Layoş ',1
Budin,Uyvar,1
Varna,Üsküp,1
Kosova,Makedonya,1
Niğbolu,ne,1
Niğbolu,Yıldırım Bayezid,1
Niğbolu,Tuna,1
Niğbolu,Sigismund,1
Niğbolu,İstanbul,1
Niğbolu,Varna,1
Türkiye,İslamlaşma,1
Türkiye,İskoçya,1
Türkiye,Vit No Fro,1
Türkiye,Varşova Paktı,1
Türkiye,anda sul,1
Türkiye,Ürdün,1
Türkiye,Türkiye ' deki,1
Türkiye,tek parti,1
Türkiye,hukukun üstünlüğünü savunmak,1
Türkiye,İnsan hakları,1
Türkiye,jaz ( caz ),1
Türkiye,re,1
Türkiye,Türkiye Büyük Millet Meclisi,1
Türkiye,İsveç,1
Türkiye,İrlanda,1
Türkiye,İki Kutu,1
Türkiye,İki kutuplu dünya düzenini,1
Türkiye,han,1
Türkiye,İngilte,1
Türkiye,İzmir,1
Türkiye,tiyırs,1
Türkiye,lâik ve sosyal bir hukuk Devleti,1
Türkiye,Yurtdışı Türkler ve Akraba Topluluklar Başkanlığı ( 2010,1
Türkiye,bourne,1
Türkiye,Şarkı Yarışması,1
Türkiye,bir nizam,1
Türkiye,Şubat 1997,1
Türkiye,pa,1
Türkiye,millî demokratik,1
Türkiye,Türkiye Petrolleri Anonim Ortak,1
Türkiye,İslamköy,1
Türkiye,ÜLEYMAN DEMİREL,1
Türkiye,darbe,1
Türkiye,ilk,1
Türkiye,Van Gölü,1
Türkiye,Yunan kıta,1
Türkiye,nya,1
Türkiye,İspanya,1
Türkiye,ûmet,1
Türkiye,Voltaire,1
Türkiye,ti,1
Türkiye,ya,1
Türkiye,İtilaf Devleti,1
Türkiye,İslam devleti,1
Türkiye,Türkiye Bü - yük Millet Meclisi,1
Türkiye,Yunan idari bölgesi,1
Türkiye,Ziya Gökalp,1
Türkiye,yolu,1
Türkiye,arthy,1
Türkiye,İbrahim Paşa,1
Türkiye,Zekai Kaplan,1
Türkiye,ükneddin Kılıçarslan,1
Türkiye,İzzeddin Keykavus,1
Türkiye,Viyana,1
Türkiye,İlber Ortaylı,1
Türkiye,tarihini,1
Türkiye,İstanbul Üniversitesinde,1
Türkiye,Yeni Zelanda,1
Türkiye,Çekoslovakya,1
Türkiye,İsviçre,1
Türkiye,Çine,1
Türkiye,runu,1
Türkiye,dolu,1
Türkiye,Yu,1
Türkiye,istan,1
Türkiye,meleri,1
Türkiye,rik,1
Türkiye,Vasil Georgiadis,1
Türkiye,Vasil Yorgiadis,1
Türkiye,İngiltere İlişkileri,1
Türkiye,a,1
',mitesi,1
1960,Türkiye ' deki,1
Antalya,İnan,1
Anadolu,Osmanlı devleti,1
Anadolu,Türkmen,1
Anadolu,Bizans İmparatorluğu,1
Anadolu,Malazgird meydanı,1
Anadolu,Osman,1
Anadolu,Kayseri,1
Anadolu,Bilecik,1
Anadolu,Kösedağ Savaşı ',1
Anadolu,Macar,1
Anadolu,İslam coğrafya,1
Anadolu,Kütahya,1
Anadolu,Rum,1
Anadolu,cıyân,1
Anadolu,Bulgaristan,1
Anadolu,Güneydoğu Avrupa,1
Anadolu,Mehmet Han,1
Anadolu,Sofya,1
Anadolu,Rumeli Türklüğü,1
Anadolu,Karaman,1
Anadolu,Selânik,1
Anadolu,Büyük Kaçgun,1
Anadolu,Yeniçeri Ocağı,1
Anadolu,Temeşvar,1
Anadolu,Budin,1
Anadolu,Dulkadir,1
Anadolu,Venedik,1
Anadolu,Mora,1
Anadolu,Şah Tahmasb,1
Anadolu,Cem Sultan,1
Anadolu,Yenişehir Savaşı,1
Anadolu,Karamanoğulları Beyliği,1
Anadolu,İstanbul ' un Fethi,1
Anadolu,IMPEXATORIS,1
Anadolu,Franz Babinger,1
Anadolu,Domaniç,1
Anadolu,Rusçuk,1
Anadolu,sistemi,1
Anadolu,İlhanî,1
Anadolu,Osmanlı İmparatorluğu,1
Anadolu,Köprülü,1
Anadolu,Gibbons,1
Anadolu,Panorama 1326 Fetih Müzesi,1
Anadolu,Orhan Bey,1
Anadolu,Osmanlı Devleti ' nde,1
Anadolu,Türk - İslam gaza hareketinin,1
Anadolu,İbnülarabi,1
Anadolu,Mevlana,1
Anadolu,Nizamiye Medreseleri,1
Anadolu,İran Türk - İslâm,1
Anadolu,Orta Asya,1
Anadolu,İslâm,1
Anadolu,Anadolu Türkleri,1
Anadolu,Denizli,1
Anadolu,Söğüt,1
Anadolu,Eratna Beyliği,1
Anadolu,Murad Han,1
Anadolu,Mehmet,1
Anadolu,Niğbolu Zaferi ',1
Anadolu,Stefan Lazarevic ( Lazareviç ),1
Anadolu,Sırp,1
Anadolu,Sivrihisar,1
Anadolu,Çimpe Kalesi,1
Anadolu,Ayasuluk,1
Anadolu,e,1
Anadolu,ayır,1
Anadolu,Çimbi Hisarı,1
Anadolu,Kutalmışoğlu Süleyman Şah,1
Anadolu,Türkmen bey,1
Anadolu,Halil İnalcık,1
Anadolu,Saraybosna,1
Anadolu,Filibe,1
1960,Bağlantısızlar Hareketi Yumuşama ( Detant ) Dönemi Çoğunluk Planı Askerî Darbe Stand - by Antlaşması,1
Anadolu,İtilaf Devleti,1
Anadolu,Ankara Hük,1
Anadolu,İstiklal Savaşı,1
Anadolu,Mütareke Dönemi,1
Anadolu,Boğazlar,1
Anadolu,Kapitülasyonların,1
Anadolu,Misak - ı Millî,1
Anadolu,İslam devleti,1
Anadolu,Türk sinema,1
Anadolu,TBMM,1
Anadolu,Anadolu ve Rumeli Müdâfaa - i Hukuk Cemiyeti,1
Anadolu,İstanbul Hükûmet,1
Anadolu,Manda ve himay,1
Anadolu,Millî Mücadele ',1
Anadolu,Sovyet Rusya,1
Anadolu,Fatih Sultan Mehmed,1
Anadolu,Kuş,1
Anadolu,Mondros Ateşkes Antlaşması ' nın,1
Ja,Kremna,1
Antalya,Ja,1
Ja,nya,1
Ja,Türkiye,1
Ja,Müttefik Devletleri,1
Ja,Pamfilya Selukeyası,1
Ja,Pamphylia Seleukeiası,1
Ja,Side,1
Anadolu,Kıbrıs Sorunu ve Kıbrıs Barış Harekâtı,1
Ja,Perge,1
Ja,İnan,1
Anadolu,Neşet Ertaş,1
Anadolu,Âşık Veysel,1
Anadolu,Süveyş Kanal,1
Anadolu,Ege Denizi,1
Anadolu,İnönü,1
Anadolu,Düzenli Ordu,1
Anadolu,Varna,1
Anadolu,Aydın,1
Anadolu,Fransa,1
Anadolu,İngiltere,1
Anadolu,Berlin Antlaşması ',1
Anadolu,Bosna Hersek,1
Anadolu,Türk Mesel,1
Anadolu,Arabistan Yarımada,1
Anadolu,oklu Celal,1
Anadolu,Kafkas,1
Anadolu,Yavuz Sultan Selim,1
Anadolu,Boğaz,1
Anadolu,Kırım,1
Anadolu,i Rûm,1
Anadolu,Göynük,1
Anadolu,Kavak,1
Anadolu,İttifak Devletleri,1
Anadolu,Anadolu ve Rumeli Müdafaa - i Hukuk Cemiyetleri,1
Anadolu,Kuvây - ı Milliye ',1
Anadolu,Mebusan Mec,1
Anadolu,Tevfik Paşa Hükûmeti,1
Anadolu,Ermenistan,1
Anadolu,Batı Cephesi,1
Anadolu,Müdâfaa - i Hukuk Cemiyeti,1
Anadolu,Misak - ı Millî Amasya Görüşmeleri ' nde Mebusan Meclisi,1
Anadolu,Son Osmanlı Mebusan Meclisi ve,1
Anadolu,Damat Ferit Paşa Hükûmet,1
Anadolu,Bitlis,1
Anadolu,fa Kemal,1
Anadolu,Musta,1
Anadolu,Pontus Meselesi ',1
Anadolu,Mondros Ateşkes Antlaşması ile,1
Anadolu,Karakol Cemiyeti,1
Anadolu,Selanik,1
Anadolu,Türkiye Selçuklu Dönemi,1
Anadolu,Münster Üniversitesi,1
Anadolu,tavus,1
Anadolu,Urartu Devleti,1
Anadolu,Boğazı,1
Anadolu,Emevî,1
Anadolu,Sâsânî,1
Anadolu,Pers İmparatorluğu,1
Anadolu,Hun,1
Anadolu,Büyük Selçuklu Devleti,1
Anadolu,Doğu Anadolu,1
Anadolu,Federasyonu,1
Anadolu,Paris,1
Anadolu,Musee du Louvre,1
Anadolu,Frig,1
Anadolu,İyon,1
Anadolu,Lidya,1
Anadolu,Frigya,1
Anadolu,Y Ü Rusya,1
Anadolu,Türkleri,1
Anadolu,Naramsin,1
Anadolu,Diogenes,1
Anadolu,Bizans İmparator,1
Anadolu,Miryokefalon Zaferi ',1
Anadolu,Malazgirt Zaferi ' nin,1
Anadolu,Muş,1
Anadolu,Sultan Alp Arslan ( Temsilî ) Malazgirt Zafer Anıtı,1
Anadolu,Kars Kalesi,1
Anadolu,Sultan Alp Arslan,1
Anadolu,Türk - İslam medeniyet,1
Anadolu,Dandanakan Savaşı,1
Anadolu,Haçlı Seferi,1
Anadolu,Roma,1
Anadolu,Türkiye Selçukluları,1
Anadolu,Ohio,1
Anadolu,Toledo Sanat Müzesi,1
Anadolu,Urartu,1
Anadolu,Tarım Devrimi ',1
Anadolu,Ani Arkeolojik Alanı,1
Çanakkale Boğazı,İngiliz,1
Çanakkale,Şehitler Abidesi,1
Çanakkale Boğazı,İtilaf donanması,1
Çanakkale Boğazı,İttifak Devletleri,1
Çanakkale Boğazı,İtilaf Devletleri,1
Çanakkale Boğazı,İngiltere,1
Çanakkale Boğazı,İtalya,1
Çanakkale Boğazı,İstan bul Boğazı,1
Gelibolu Yarımada,Çanakkale Meydan Muharebelerinin,1
Çanakkale Boğazı,Çimpe Kalesi,1
Çanakkale Boğazı,İmparator,1
Çanakkale Boğazı,Şehitler Abidesi,1
1960,1982 Ana - yasaları,1
1960,1961,1
1960,Türk dış politikasını,1
Çanakkale,İttifak Devletleri,1
Gelibolu Yarımada,Turgut Özal,1
Anadolu,Londra,1
Anadolu,Eski Asur,1
Anadolu,British Museum,1
Anadolu,Asur,1
Anadolu,Kaniş ( Kayseri ),1
Anadolu,tepe,1
Anadolu,New York,1
Anadolu,Metropolitan Art Museum,1
Anadolu,Kültepe - Kaniş ( Kayseri ),1
Turgut Özal,Çanakkale Meydan Muharebelerinin,1
Anadolu,Ayasofya Kütüphanesi,1
Anadolu,Jale İnan,1
Jale İnan,Piri Reis,1
Jale İnan,Türkiye,1
Alt - Üst Soy Raporu,Vatandaşlık ve Nüfus İşleri Genel Müdürlüğü,1
Turgut Özal,politikasının,1
Anadolu,u,1
Anadolu,Miryokefalon Zaferi,1
Anadolu,Malazgirt Meydan Savaşı ',1
Anadolu,Sâhibiye Medresesi ( Gök Medrese,1
Anadolu,Belh,1
Anadolu,Batı Türkistan,1
Anadolu,iran,1
Anadolu,Muhyiddin İbnülarabi,1
Anadolu,Endülüs ',1
Anadolu,Nizamiye Medresesi,1
Anadolu,Nizamiye Medres,1
Anadolu,Suluca Karahöyük,1
Anadolu,Büyük Selçuklu Dönemi,1
Anadolu,Orta - Anadolu,1
Anadolu,Süleymanşah,1
Anadolu,Doğu Romalı,1
Anadolu,Nasır Lidinillah,1
Anadolu,Selçuklu Dönemi,1
Anadolu,Sevgi,1
Anadolu,köy,1
Anadolu,Miryokefalon,1
Anadolu,Museum With No Frontiers,1
Anadolu,Ebu ' l - Menüçehr Camisi,1
Anadolu,İbni Battuta,1
Anadolu,Marko Polo,1
Anadolu,Marco Polo,1
Anadolu,Danimarka,1
Anadolu,Kopenhag,1
Anadolu,Miryokefalon Savaşı,1
Anadolu,Bektaş,1
Anadolu,Selçukluların Anadolu akın,1
Anadolu,Moğollar,1
Anadolu,Türkleşmesi ve İslamlaşması,1
Anadolu,Besmele,1
Anadolu,Hacı Bektaş - ı Veli,1
Anadolu,Fatiha Sûresi,1
Anadolu,Malazgirt Zaferi,1
Anadolu,Karahan,1
Anadolu,Fethiye,1
Anadolu,Eskişehir,1
Anadolu,Louis ( Lui ),1
Anadolu,Sultan Mesud,1
Anadolu,ileon,1
Anadolu,rad,1
Anadolu,Lombar,1
Anadolu,Dorileon ( Dorilyon ) Sa vaşı,1
Anadolu,Filistin,1
Anadolu,Makri Körfezi,1
Anadolu,bey,1
Anadolu,Miryokefalon Muharebesi,1
Anadolu,Gelendost,1
Anadolu,Dinar,1
Anadolu,Sandıklı,1
Anadolu,Kılıçarslan,1
Anadolu,Fransız Haçlı,1
Anadolu,İznik,1
Anadolu,Ege,1
Anadolu,Dımaşk ( Şam ) Kuşatması ',1
Anadolu,İmparator,1
Anadolu,Friedrich ( Fridrih ) Barbaros sa ( Barbarossa ),1
Anadolu,Çanakkale Boğazı,1
Anadolu,Konstantiniye Eregli paf,1
Anadolu,Sefer,1
Anadolu,Birinci Haçlı Seferi,1
Anadolu,Orta,1
Anadolu,Kılıç Arslan,1
Anadolu,İkinci ve Üçüncü Haçlı Seferleri,1
Anadolu,Sadeddin Köpek,1
Anadolu,Moğol İstilası ',1
Anadolu,Babaîler İsyanı,1
Anadolu,Baycu Noyan,1
Gazi Mustafa Kemal Paşa,Nagazaki,1
Gazi Mustafa Kemal Paşa,Geyve Boğazı,1
Gazi Mustafa Kemal Paşa,Nuran Devres,1
Asur,Çağ,1
Asur,Ninive,1
Asur,Korsabad,1
Asur,Kuzey Mezopotamya,1
Asur,Asurlular,1
Asur,Babil,1
Asur,Elam,1
Asur,Mezopotamya,1
Asur,Babilli,1
Asur,Kaniş,1
Asur,Kültepe,1
Asur,Londra,1
Asur,British Museum,1
Asur,Kaniş ( Kayseri ),1
Asur,tepe,1
Asur,Yakın Doğu,1
Asur,Fri,1
Asur,Metropolitan Art Museum,1
Londra,İngiltere,1
New York,tepe,1
Londra,Türkiye,1
Londra,Servet Tazegül,1
Londra,Sevr Antlaşması,1
Londra,İtilaf Devletleri,1
Londra,Rusya,1
Londra,Viyana,1
Asur,Lidyalı,1
Londra,Şanlıurfa,1
Londra,Şanlıurfa Arkeoloji ve Mozaik Müzesi,1
Londra,Neolitik Çağ,1
Londra,İspanya,1
Londra,olitik,1
Londra,tepe,1
Asur,New York,1
Kaniş ( Kayseri ),Londra,1
New York,İspanya,1
Roma,İstanbul,1
Colosseum ( Kolezyum ),İtalya,1
Roma,Tokyo Mihver Blok,1
Roma,Rönesans,1
Roma,Rusya,1
Roma,Venedik,1
Roma,İmparatorluğu,1
Roma,Temsilî ),1
Kahire,Krallık,1
Roma,Viyana,1
Roma,Türkiye Selçukluları,1
Roma,Yunanistan,1
Roma,Tuna Nehri,1
Roma,Sâsânî,1
Roma,Türkistan,1
Colosseum ( Kolezyum ),Roma,1
Kahire,Mısır Müzesi,1
Kaniş ( Kayseri ),tepe,1
Kahire,Osmanlı Devleti,1
Kaniş ( Kayseri ),New York,1
Kaniş ( Kayseri ),Metropolitan Art Museum,1
Eski Asur,Kültepe - Kaniş ( Kayseri ),1
Giza Piramitleri,Kahire,1
Giza Piramitleri,Mısır,1
Kahire,İskenderiye,1
Kahire,Yıldırım Bayezid,1
Kahire,Nurettin Zengî Hastanesi,1
Kahire,İslam,1
Kahire,Semerkand,1
Kahire,Merv,1
Kahire,Kurtuba,1
Kahire,Konrad Hir,1
Kahire,Kalavun Hastanesi,1
New York,olitik,1
New York,Şanlıurfa Arkeoloji ve Mozaik Müzesi,1
İspanya,İstanbul ' un Fethi,1
Banyoles Bölge Arkeoloji Müzesi,New York,1
Banyoles Bölge Arkeoloji Müzesi,Şanlıurfa,1
Banyoles Bölge Arkeoloji Müzesi,Şanlıurfa Arkeoloji ve Mozaik Müzesi,1
Banyoles Bölge Arkeoloji Müzesi,Jaen ( Hayen ) Müzesi,1
Banyoles Bölge Arkeoloji Müzesi,Neolitik Çağ,1
Banyoles Bölge Arkeoloji Müzesi,İspanya,1
Banyoles Bölge Arkeoloji Müzesi,olitik,1
Banyoles Bölge Arkeoloji Müzesi,Metropolitan Art Museum,1
Jaen ( Hayen ) Müzesi,Metropolitan Art Museum,1
Banyoles Bölge Arkeoloji Müzesi,Londra,1
Banyoles Bölge Arkeoloji Müzesi,British Museum,1
Bilge Avlanmaya gidiyoruz,TARIM DEVRİMİ,1
Eski Çağ,Orta Çağ,1
Eski Çağ,Türkistan,1
Eski Çağ,Mısır,1
Jaen ( Hayen ) Müzesi,Londra,1
Jaen ( Hayen ) Müzesi,New York,1
Eski Çağ,Kırgızistan,1
Neolitik Çağ,Şanlıurfa Arkeoloji ve Mozaik Müzesi,1
İspanya,Şanlıurfa,1
İspanya,Şanlıurfa Arkeoloji ve Mozaik Müzesi,1
olitik,Şanlıurfa,1
olitik,Şanlıurfa Arkeoloji ve Mozaik Müzesi,1
olitik,İspanya,1
Neolitik Çağ,Şanlıurfa,1
Neolitik Çağ,İspanya,1
Jaen ( Hayen ) Müzesi,olitik,1
Neolitik Çağ,olitik,1
Neolitik Çağ,New York,1
Jaen ( Hayen ) Müzesi,Şanlıurfa,1
Jaen ( Hayen ) Müzesi,Şanlıurfa Arkeoloji ve Mozaik Müzesi,1
Jaen ( Hayen ) Müzesi,Neolitik Çağ,1
Jaen ( Hayen ) Müzesi,İspanya,1
Eski Çağ,Irak,1
Eski Çağ,İtalya İlk Türk devletlerin,1
New York,Şanlıurfa,1
Kaniş,Kültepe,1
Boğazköy,Hattuşaş,1
Boğazköy,Hitit İmparatorluğu,1
Boğazköy,Zeynep,1
Hattuşaş,yabandomuzu,1
Hattuşaş,Hitit İmparatorluğu,1
Nümismatik Ç Antropoloji,Paleografi,1
New York,Türkiye,1
Boğazköy,Çorum,1
New York,Wall Street,1
New York,York,1
New York,New York Halk Kütüphanesi Dijital Koleksiyon,1
New York,Saint - Étienne Collegiate ( Sen Etyen Kolicyıt ) Kilisesi,1
New York,Selçuklu Sultan,1
New York,Tuğrul Bey,1
Boğazköy,Yazılıkaya,1
Boğazköy,İtalya Yarımadası,1
Eski Çağ,Tablo,1
Türklerde Konargöçer Yaşam,sistem,1
Eski Çağ,Eski Çağ ' daki,1
Eski Çağ,sistem,1
Eski Çağ,Türklerde Konargöçer Yaşam,1
Tarım Devrimi,Çatalhöyük,1
Tarım Devrimi,sistem,1
Tarım Devrimi,Türklerde Konargöçer Yaşam,1
Ali,Medine,1
Boğazköy,Roma Devleti,1
Ali,Basra,1
Ali,İslam Devleti,1
Ali,Hattuşaş,1
Anadolu Medeniyetleri Sanal Müzesi,Hattuşaş,1
Zeynep,uşaş,1
Boğazköy,Levha,1
Roma,Roma Hükümeti,1
Roma,Roma Devleti,1
Karatay Kervansarayı,Kayseri,1
Bacon,Snell,1
Carnegie Mellon ( Karneyç Melın ) Üniversitesi,Georgetown ( Corçtavn ) Üniversitesinde,1
' un Altı Derece,Francis Bacon,1
Newton ( Nivtın ),Shakespeare ( Şekspir ),1
Bacon,İbnü ' l Heysem,1
Bacon,Descartes,1
Bacon,Fermat,1
Bacon,Kepler,1
Verileri Dijitalleştirme,dijitalleştirilmesi,1
Bacon,Newton ( Nivtın ),1
Bacon,Shakespeare ( Şekspir ),1
( Fransis Beykın,Francis Bacon ',1
( Fransis Beykın,Volter,1
( Fransis Beykın,Voltaire,1
Francis Bacon ',Volter,1
Francis Bacon,Network ora chancel,1
JPEG,PDF,1
Voltaire,Ziya Gökalp,1
British Museum,tepe,1
British Museum,Şanlıurfa Arkeoloji ve Mozaik Müzesi,1
British Museum,Jaen ( Hayen ) Müzesi,1
British Museum,Neolitik Çağ,1
British Museum,İspanya,1
British Museum,olitik,1
British Museum,Kaniş ( Kayseri ),1
Mandarin Çincesi,is,1
JPEG,TIFF,1
Mandarin Çincesi,Türkmen,1
Mandarin Çincesi,ve,1
is,ve,1
Türkmen,is,1
Türkmen,ve,1
PDF,TIFF,1
Francis Bacon ',Voltaire,1
Voltaire,Volter,1
Afrika,Japonya,1
Avrupalı,Karlofça Antlaşması,1
Avrupalı,Napoleon ( Napolyon ),1
Avrupalı,Batı,1
Avrupalı,Hindistan,1
Avrupalı,Doğu,1
Avrupalı,Lehistan,1
Avrupalı,Venedik,1
Avrupalı,İstanbul Antlaşması,1
Avrupalı,Ulus devlet,1
Avrupalı,Güney Amerika,1
Avrupalı,Portekiz,1
Avrupalı,Gine Körfezi,1
Avrupalı,Batı Afrika,1
Avrupalı,Hollanda,1
Avrupalı,devletlerin sömürgecilik faaliyetleri,1
Avrupalı,Fransız askerî sistemi,1
Avrupalı,Mahmut,1
Avrupalı,Sovyetler Birliği,1
Avrupalı,İtalya,1
Avrupalı,ö,1
Avrupalı,James Monroe,1
Avrupalı,Monroe Doktr,1
Avrupalı,Panislam,1
Avrupalı,Paris Antlaşması ',1
Avrupalı,Üçlü İttifak,1
Avrupalı,Mehmet Ali Paşa,1
Avrupalı,Merkantilist,1
Avrupalı,Slav,1
Avrupalı,İngiltere,1
Avrupalı,Ruslar,1
Avrupalı,Boğdan,1
Avrupalı,Eflak,1
Avrupalı,Viyana Kongresi,1
British Museum,Şanlıurfa,1
New,Yale University,1
New,en,1
Afrika,Toulon,1
Afrika,Senegal,1
Afrika,du Sénégal,1
Afrika,Fransa,1
Afrika,Vest İndia Kampan,1
Afrika,West India Company,1
Afrika,Hollanda,1
Afrika,Charles ( Çarls ),1
Afrika,Batı Afrika,1
Afrika,Orta Doğu,1
Afrika,Mısır,1
Afrika,Memlûk Devleti,1
Afrika,Akdeniz,1
Afrika,Kuzey Afrika,1
Afrika,İspanya,1
Afrika,Atlantik,1
Afrika,Gine Körfezi,1
New,Pal,1
Afrika,Arakan,1
Afrika,Almanya,1
Afrika,Dünya Savaşı,1
Afrika,Moritus,1
Afrika,Mauritus,1
Afrika,Madagaskar,1
Afrika,Myanmar,1
Afrika,Azerbaycan,1
Afrika,İngiliz,1
Afrika,Karayipler,1
Afrika,Ticaret,1
Afrika,Transatlantik Köl,1
Afrika,Kızılderi,1
Afrika,Avrupalı,1
Afrika,Hollandalı,1
Afrika,Kırım ' ın Fethi,1
Afrika,İstanbul ' un Fethi,1
Afrika,Doğu Roma İmparatorluğu,1
Pal,en,1
Halil İnalcık,Ömer Lütfi Barkan,1
Değişim,sürekli,1
Mezolitik,Pal,1
Mezolitik,en,1
Mezolitik,New,1
Mezolitik,Yale University,1
Pal,Yale University,1
Afrika,Tunus,1
Yale University,en,1
Hav,Mezolitik,1
Hav,Pal,1
Hav,en,1
Hav,New,1
Hav,Yale University,1
Halil İnalcık,Süleymaniye Camisi,1
Halil İnalcık,Osmanlı İmparatorluğu,1
Halil İnalcık,Herbert Adams Gibbons,1
Halil İnalcık,rt Edıms Gibıns,1
Halil İnalcık,Pol Vitek,1
Halil İnalcık,Mehmet Fuat Köprülü,1
Halil İnalcık,Selçuklu,1
Halil İnalcık,Türk - İslam gaza hareketinin,1
Halil İnalcık,Moğol istilası,1
Halil İnalcık,Türkiye,1
Halil İnalcık,Halil İnancık,1
Halil İnalcık,Koyunhisar ( Bapheus ) Savaşı,1
Halil İnalcık,Panorama 1326 Fetih Müzesi,1
Halil İnalcık,akova,1
Halil İnalcık,Koyunhisar,1
Süleymaniye Camisi,Ömer Lütfi Barkan,1
Afrika,Kafkasya,1
İspanya,Şerefeddin bin Tahir,1
İspanya,İspanyol,1
Avrupalı,Haçlı ittifak,1
Akkad,Dört,1
Güneybatı Asya,Hitit,1
Güneybatı Asya,Mısır,1
Gılgamış,Lugalbanda,1
Erken Han,Gılgamış,1
Erken Han,Lugalbanda,1
Akkad,Sümer,1
Agade,Dört,1
Hitit,Urkagina,1
Agade,Akkad,1
Asur ],Yeni Assur,1
Kral Naramsin,Kral Sargon,1
Akad,Urartula,1
Akad,Hitit,1
Akad,Asurlular,1
Hitit,Mısır,1
Hitit,Türk töre hukukun,1
Akad,Asur,1
Suriye,Şeh,1
Suriye,u Akdeniz,1
Suriye,Urfa,1
Suriye,İkinci ve Üçüncü Haçlı Seferleri,1
Suriye,Yermük,1
Suriye,Yermük Savaşı,1
Suriye,para tor,1
Suriye,eş,1
Hitit,Urartu,1
Hitit,Urartula,1
Hitit,Sümer,1
Hitit,Pazırık halı,1
Hitit,Tanrı,1
Hitit,İyon,1
Hitit,Lidya,1
Akad,Babilli,1
Akad,Babil,1
Suriye,Şahin Giray,1
Nil,kaplan,1
Yukarı,Çifte Altın ve Gümüş,1
Yukarı,nın,1
Amon,on,1
Amon,Mısır,1
Levant,Sile,1
Nil,Papirüs,1
Nil,pars,1
Tahtının,nın,1
Nil,Ortadoğu,1
Nil,Yukarı Mısır,1
Aşağı Mısır,Thes - khau - Amon Tapın,1
Aşağı Mısır,Tanrıça,1
Aşağı Mısır,Çifte Altın ve Gümüş,1
Aşağı Mısır,Tahtının,1
Tahtının,Yukarı,1
Tahtının,Çifte Altın ve Gümüş,1
Akad,Elam,1
Thes - khau - Amon Tapın,Çifte Altın ve Gümüş,1
Akad,Çağ,1
Akad,Mezopotamya,1
Akad,Akad Devleti,1
Akad,Bağdat,1
Akadlan,Sinirlari Harita,1
nın,Çifte Altın ve Gümüş,1
Thes - khau - Amon Tapın,nın,1
Tahtının,Tanrıça,1
Thes - khau - Amon Tapın,Yukarı,1
Tanrıça,Thes - khau - Amon Tapın,1
Tanrıça,Çifte Altın ve Gümüş,1
Tanrıça,nın,1
Tanrıça,Yukarı,1
Tahtının,Thes - khau - Amon Tapın,1
Suriye,Venedik,1
Suriye,k Sultanlığı,1
İspanya,İsveç,1
Akdeniz,Kudüs,1
Akdeniz,Malta,1
Akdeniz,Papalık,1
Akdeniz,Orta Avrupa,1
Akdeniz,Habsburg,1
Akdeniz,Ege ) Denizi,1
Akdeniz,Fatih,1
Akdeniz,Yafa,1
Akdeniz,Preveze Deniz Muharebesi,1
Akdeniz,Bertrandon de La Broquière,1
Akdeniz,Kafkas,1
Akdeniz,Yunan,1
Akdeniz,Türkiye Selçukluları,1
Akdeniz,Anadolu Beylikleri,1
Akdeniz,Orta - Anadolu,1
Akdeniz,Cenova,1
Akdeniz,Braudel,1
Akdeniz,Türkiye Selçuklu Devleti,1
Akdeniz,Rodos,1
Akdeniz,Filistin,1
Akdeniz,Tunus,1
Akdeniz,Rumeli,1
Akdeniz,i Rûm,1
Akdeniz,Haçlı,1
Akdeniz,Lepanto,1
Akdeniz,Hint Denizi,1
Akdeniz,İnebahtı,1
Akdeniz,Osmanlı İmparatorluğu,1
Akdeniz,Uzakdoğu,1
Akdeniz,Hindistan,1
Akdeniz,Basra,1
Akdeniz,Süveyş,1
Akdeniz,Osmanlı donanması,1
Akdeniz,Süleymanşah,1
Akdeniz,Dımaşk ( Şam ) Kuşatması ',1
Suriye,Yemen,1
Suriye,savaşın,1
Kadeş Antlaşması,Mısır,1
Kadeş Antlaşması,eş,1
Kadeş Antlaşması,Suriye,1
Suriye,Tunus,1
Suriye,ülü,1
Suriye,Suriyeli,1
Suriye,Suriye iç,1
Roma Devleti,Yazılıkaya,1
Suriye,Süveyş Kanal,1
Suriye,Yo,1
Suriye,Çoğunluk Planı,1
Suriye,İskenderun,1
Suriye,Tonbi,1
Suriye,ması,1
Roma Devleti,İtalya,1
Roma Devleti,Çorum,1
Akdeniz,Suriye,1
Akdeniz,İslam Devleti,1
Akdeniz,Çağı,1
Akdeniz,Bronz,1
Akdeniz,Britanya,1
Akdeniz,Atlantik,1
Akdeniz,İslam donanması,1
Akdeniz,İskenderiye,1
Akdeniz,Türkistan,1
Roma Devleti,İtalya Yarımadası,1
Akdeniz,Asya,1
Akdeniz,Büyük Okyanus,1
Akdeniz,Doğu,1
Pagan,Roma İmparatorluğu,1
Casear ( Sezar ),Roma İmparatorluğu,1
Casear ( Sezar ),Pagan,1
Aşağı Mısır,nın,1
Aşağı Mısır,Yukarı,1
Aşağı Mısır,Yukarı Mısır,1
Asya,Büyük Okyanus,1
Asya,Avrupalı,1
Asya,Dubrovnik,1
Asya,Ön Asya,1
Asya,Doğu Asya,1
Asya,Türkistan,1
Asya,Türkiye,1
Asya,Macaristan,1
Asya,Fransız,1
Asya,Karadeniz,1
Asya,Kafkaslar,1
Asya,Kavimler Göçü,1
Asya,Kavimler Göçü ' nün,1
Asya,Gök Irmak,1
Asya,Sarı Irmak,1
Asya,Hollanda,1
Asya,Mehmed,1
' daki Tarım Devrimi ',Mezopotam,1
Mısır,Tarım Devrimi,1
Mısır,Ortadoğu,1
Mısır,Yunan,1
Mısır,Nil Nehri,1
Mısır,İtalya İlk Türk devletlerin,1
Mısır,eş,1
Mısır,on,1
Eski Çin,Mısır,1
Asya,Fransız Büyük Devrimi,1
Gök Irmak,Sarı Irmak,1
Asya,Orta Doğu,1
Asya,Dünya Savaşı,1
Asya,Batı Pasifik,1
Asya,İtalya,1
Asya,Yeni Düzen,1
' daki Tarım Devrimi ',ya,1
Mezopotam,ya,1
Aşağı Mısır,Nil,1
Güneydoğu Asya,Sumatra,1
Mezopotamya,Sami,1
Mezopotamya,Sümer Lagaş,1
Mezopotamya,Paris,1
Mezopotamya,uva,1
Mezopotamya,Musee du Louvre,1
Mezopotamya,Sümer Lagas,1
Güneydoğu Asya,Jakarta,1
Mezopotamya,Urartu,1
Güneydoğu Asya,Hindistan,1
Güneydoğu Asya,Hollanda,1
Güneydoğu Asya,Hollandalı,1
Ne,olitik,1
Şanlıurfa,Şanlıurfa Arkeoloji ve Mozaik Müzesi,1
İspanya,İspanya iç,1
Mezopotamya,Çağ,1
Mezopotamya,İyon,1
Dicle,Dicle Nehri,1
Mezopotamya,Musul,1
Dicle,General Townshend ( Tavsınd ),1
Dicle,Kut ' ül - Amâre Zaferi,1
Dicle,Nehri,1
Dicle,OSMANLI DEVLET,1
Dicle,Necmettin Halil Onan,1
Dicle,Fırat,1
Mezopotamya,Suriye,1
Mezopotamya,Urka,1
Mezopotamya,Siyonizm,1
Mezopotamya,Tonbi,1
Mezopotamya,Osmanlı Devleti,1
Mezopotamya,İtalya İlk Türk devletlerin,1
Mezopotamya,Urkagina,1
Mezopotamya,Paris Sümerler,1
Mısır,Nil,1
Mısır,pars,1
Mısır,kaplan,1
A,Mezopotamy,1
A,Sümer Lagaş,1
A,Mezopotamya,1
A,Paris,1
A,uva,1
A,Musee du Louvre,1
A,Sümer Lagas,1
Mezopotamy,Sümer Lagaş,1
Musee du Louvre,uva,1
Mezopotamy,Mezopotamya,1
Mezopotamy,Paris,1
Mezopotamy,uva,1
Mezopotamy,Musee du Louvre,1
Mezopotamy,Sümer Lagas,1
yulaf,ğday,1
Musee du Louvre,Sümer Lagas,1
Musee du Louvre,Sümer Lagaş,1
Mısır,Çin,1
Paris,Türk Tetkikleri,1
Sümer Lagaş,uva,1
Paris,Türkiye,1
Paris,Sovyet Rusya,1
Paris,Sovyetler Birliği,1
Paris,Sevr Antlaşması,1
Paris,İtilaf Devletleri,1
Paris,Sorbonne Üniversitesi,1
Sümer Lagas,uva,1
Paris,Saint Denis Katedrali,1
Paris,Saint Denis ( Sen Denis ) Katedrali,1
Paris,Sümer Lagaş,1
Paris,uva,1
Paris,Sümer Lagas,1
Sümer Lagas,Sümer Lagaş,1
Bu,yulaf,1
Bu,ğday,1
Anadolu coğrafya,Çatalhöyük,1
Mısır,Selim,1
Mısır,Sudan,1
Mısır,manlı Devleti,1
Mısır,İngiliz sömür,1
Mısır,Prusya,1
Mısır,Nizam - ı Cedit ordusu,1
Mısır,k Sultanlığı,1
Mısır,Şehrizor,1
Anadolu coğrafya,Tarım Devrimi,1
Mısır,Venedik,1
Mısır,Rodos,1
Mısır,Yavuz Sultan Selim,1
Mısır,Şam,1
Mısır,İtalyan,1
Mısır,Selçuklu Devleti,1
Mısır,Nizip,1
Mısır,alalı,1
Mısır,İtilaf Devletleri,1
Mısır,Rus,1
Mısır,Orta Doğu,1
Mısır,Çanakkale Boğazı,1
Mısır,İngiliz,1
Mısır,Çoğunluk Planı,1
Mısır,Su,1
Mısır,ye,1
Mısır,Yo,1
Mısır,Süveyş Kanal,1
Mısır,Yasemin Devrimi,1
Mısır,Tahrir Meydanı,1
Mısır,barek,1
Mısır,si,1
Mısır,Suudi Arabistan,1
Avrupalı,Babıali [ Osmanlı hükümeti,1
Avrupalı,Kıbrıs ' ın Fethi,1
Gazi Mustafa Kemal Paşa,TRT,1
Avrupa,Yeni Ticaret Yolları,1
Avrupa,Papa,1
Avrupa,Batı Avrupa,1
Avrupa,Yeni,1
Avrupa,Büyük Petro,1
Avrupa,Uzak Doğu,1
Avrupa,Uzak Asya,1
Avrupa,Floransa,1
Avrupa,Kutsal Roma İmparatorluğu,1
Avrupa,Felemenk,1
Avrupa,Ceneviz,1
Avrupa,Madrid,1
Avrupa,Zitvatorok Antlaşması,1
Avrupa,Brezilya,1
Avrupa,İspanyol sömür,1
Avrupa,Rön,1
Avrupa,Yıl,1
Avrupa,İran,1
Avrupa,Nizam - ı Cedit,1
Avrupa,Türk Mesel,1
Avrupa,hukuk,1
Avrupa,Devlet,1
Avrupa,Londra,1
Avrupa,Hendesehan,1
Avrupa,Yolu,1
Avrupa,Zorunlu,1
Avrupa,Vestfalya,1
Avrupa,Monarş,1
Avrupa,Fransız İhtilali ',1
Avrupa,Vestfalya Barış Antlaşması,1
Avrupa,Gutenberg,1
Avrupa,İpek ve Baharat Yolları,1
Avrupa,Kristof Kolomb,1
Avrupa,Mehmed,1
Avrupa,Hind,1
Avrupa,linona Voncroci,1
Avrupa,Konstantinos Palaylogos,1
Avrupa,Fransız,1
Avrupa,Dubrovnik,1
Avrupa,Orta,1
Avrupa,Şarlken ',1
Avrupa,Şarlken,1
Avrupa,Cem Sultan,1
Avrupa,Konstantinos Paleologos,1
Avrupa,İnebahtı,1
Avrupa,Celâli,1
Avrupa,Doğu Roma İmparatorluğu,1
Avrupa,Güneydoğu Avrupa,1
Avrupa,Doğu Romalı,1
Avrupa,Balkan Yarımadası,1
Avrupa,Tuna Nehri,1
Avrupa,itülasyon,1
Avrupa,Habsburg,1
Avrupa,şarkı,1
Avrupa,Orta Avrupa,1
Avrupa,Ekim 1648,1
Avrupa,Westphalia ( Vestfalya ) Antlaşması,1
Avrupa,Otuz Yıl Savaşı,1
Avrupa,Kutsal Roma Germen ',1
Avrupa,Bohemya,1
Avrupa,Hümanizm,1
Avrupa,Rönesans Dönemi,1
Avrupa,Bahar,1
Avrupa,Endülüs,1
Avrupa,Rönesans Sanat,1
Avrupa,Kuzey,1
Avrupa,Karayipler,1
Avrupa,İngilizler,1
Avrupa,İspanyol Krallığı,1
Avrupa,Şark Meselesi,1
Avrupa,Thomas Tanoweo,1
Avrupa,Kanada,1
Avrupa,Kemal,1
Avrupa,Milletler Cemiyeti,1
Avrupa,Locarno Antlaşması,1
Avrupa,Versay Antlaşması,1
Avrupa,Bal - kan Antantı ',1
Avrupa,Berlin - Roma Mihveri,1
Avrupa,Balkan Antantı,1
Avrupa,Fransız Büyük Devrimi,1
Avrupa,uluslararası barış örgütü,1
Avrupa,Mustafa Kemal ATATÜRK,1
Avrupa,Türkiye Cumhuriyeti,1
Avrupa,Boğazlar,1
Avrupa,Kapitülasyonların,1
Avrupa,Misak - ı Millî,1
Avrupa,İtilaf Devleti,1
Avrupa,Şeyh Said İsyanı ' nı bastırmak,1
Avrupa,Bağımsız Hatay Devleti ',1
Avrupa,TBMM,1
Avrupa,Doğu Almanya,1
Avrupa,e,1
Avrupa,İrangat,1
Avrupa,Bulgaristan,1
Avrupa,Romanya,1
Avrupa,Polonya,1
Avrupa,Çekoslovakya,1
Avrupa,Hitler ' in,1
Avrupa,Yeni Düzen,1
Avrupa,Hitler,1
Avrupa,Pasifik,1
Avrupa,Nagazaki,1
Avrupa,Hiroşima,1
Avrupa,Normandiya Çıkarması,1
Avrupa,Monroe Doktrini,1
Avrupa,İslam devleti,1
Avrupa,İstanbul Hükûmet,1
Avrupa,Metternich Sistemi,1
Avrupa,Üçlü İtilaf,1
Avrupa,Sanayi İnkılabı ' nın,1
Avrupa,Mithat Paşa,1
Avrupa,Şehzade V,1
Avrupa,azi,1
Avrupa,İttifak Devletleri,1
Avrupa,Üçlü İtilaf ',1
Avrupa,Üçlü İttifak,1
Avrupa,Balta Limanı Antlaşması,1
Avrupa,Devrimi,1
Avrupa,Fransız İhtilali ve Sanayi İnkılabı,1
Avrupa,İttifak ve İtilaf Devletleri Beyin Fırtınası,1
Avrupa,Paris Barış Antlaşması,1
Avrupa,Mora,1
Avrupa,Helen Dost,1
Avrupa,Osmanlı Ülke,1
Avrupa,Endüstriyel Üretime Geçiş Sanayi İnkılabı ',1
Avrupa,Manda ve himay,1
Avrupa,Dünya Savaşı ' na,1
Avrupa,Millî Mücadele,1
Avrupa,Millî Mücadele ',1
Avrupa,Sevr Antlaşması,1
Avrupa,ö,1
Avrupa,James Monroe,1
Avrupa,Monroe Doktr,1
Avrupa,Osmanlı Bankası,1
Avrupa,nın,1
Avrupa,Düyûn - ı Umûmiye İdaresi,1
Avrupa,Selanik,1
Avrupa,Kuzey Ingiltere isgal,1
Avrupa,Refik Saydam Hıfzıssıhha Enstitüsü,1
Avrupa,devleti,1
Avrupa,Pet,1
Avrupa,Karesioğulları Beyliği,1
Avrupa,Çanakkale,1
Avrupa,Bergama,1
Metropolitan Art Museum,Neolitik Çağ,1
Fahreddin Paşa,Fahreddin Paşa Koleksiyon,1
Fahreddin Paşa,İstanbul Büyükşehir Belediyesi,1
Fahreddin Paşa,Medine Müdafaası,1
Kaynak B,Kaynak C,1
Metropolitan Art Museum,Şanlıurfa,1
Metropolitan Art Museum,Şanlıurfa Arkeoloji ve Mozaik Müzesi,1
Metropolitan Art Museum,İspanya,1
Fahreddin Paşa,Hüseyin,1
Metropolitan Art Museum,olitik,1
Metropolitan Art Museum,tepe,1
British Museum ( Britiş Müziyum ),Londra,1
Eski Yunan,Roma ',1
II,Zaman dizinin,1
II,Türkiye,1
Fahreddin Paşa,Osmanlı,1
Fahreddin Paşa,Hicaz Cephe,1
II,Kavalalı,1
Cumhurbaşkanlığı Devlet Arşivleri Başkanlığına,Devlet Arşivleri Genel Müdürlüğünün,1
î Tarih Daire Başkanlığı,î Tarih ve Stratejik Etüt Daire Başkanlığı,1
Arşiv,î Tarih Daire Başkanlığı,1
Arşiv,î Tarih ve Stratejik Etüt Daire Başkanlığı,1
ATASE,î Tarih Daire Başkanlığı,1
ATASE,Arşiv,1
ATASE,î Tarih ve Stratejik Etüt Daire Başkanlığı,1
"Başbakanlık Osmanlı Arşivi,",Cumhurbaşkanlığı Devlet Arşivleri Başkanlığına,1
Fahreddin Paşa,İstanbul,1
"Başbakanlık Osmanlı Arşivi,",Devlet Arşivleri Genel Müdürlüğünün,1
Nadir Eserler Kütüphanesi,İstanbul Üniversitesi ',1
Birinci Dünya Harbi ' nde Medine Müdafaası,Fahreddin Paşa,1
General Selim,Orhan Türkkan,1
Fahreddin Paşa,Süleyman Yatak,1
Fahreddin Paşa,Mısır,1
II,Suriye,1
II,İstanbul,1
Avrupa,Balıkesir,1
Nuran Devres,TRT,1
Eski,Kahire,1
Eski,Mısır,1
Eski,Çağ,1
Eski,Rönesans,1
Antik Yunan medeniyet,Arkaik,1
Aristo,Ibni Haldun,1
Nagazaki,Pasifik,1
Eski,Çag Anadolu Medeniyet Harita Genel Müdürlügü,1
Nagazaki,ohito,1
Nagazaki,TRT,1
Nagazaki,Nuran Devres,1
Geyve Boğazı,TRT,1
Geyve Boğazı,Nuran Devres,1
Geyve Boğazı,Nagazaki,1
Eski,Giza Piramitleri,1
Rönesans,Çağ,1
II,Mustafa,1
II,Kadeş Savaşı ',1
II,Çelebi Mehmed,1
II,Yıldırım Bayezid,1
II,Murad,1
II,Mehmet ',1
II,Papa,1
II,Mikhail,1
Büyük Ebu Simbel Tapınağı,Kadeş Savaşı,1
Rönesans,hümanizm,1
Büyük Ebu Simbel Tapınağı,Mısır,1
Kadeş Savaşı,Mısır,1
Kadeş Savaşı,Mısır Krallığı,1
Hitit İmparatorluğu,Zeynep,1
Hitit İmparatorluğu,Mısır Krallığı,1
Hitit İmparatorluğu,Kadeş Savaşı,1
Atatürk Kitaplığı,Dünya Savaşı,1
Atatürk Kitaplığı,Fahreddin Paşa,1
Atatürk Kitaplığı,Medine,1
Avrupa,Kuzeybatı Üniversitesi,1
Avrupa,mont ( Kılermon ) Konsülü,1
Avrupa,Clé,1
Avrupa,Urbanus,1
Avrupa,Bizans,1
Avrupa,Haçlı Sefer,1
Avrupa,Suriye,1
Avrupa,Katalan Atlası,1
Avrupa,Türkiye Selçuklu,1
Avrupa,İpek Yolu,1
Avrupa,Cenova,1
Avrupa,İskenderiye,1
Avrupa,Kızıldeniz,1
Avrupa,Doğu Afrika,1
Avrupa,Yemen,1
Avrupa,Lombar,1
Avrupa,İslâm,1
Atatürk Kitaplığı,İstanbul Büyükşehir Belediyesi,1
Avrupa,Orta Çağ Avrupası,1
Avrupa,Doğu Roma,1
Avrupa,Haçlı Seferleri ',1
Avrupa,New York,1
Avrupa,Metropolitan Museum,1
Avrupa,Saint - Étienne Collegiate ( Sen Etyen Kolicyıt ) Kilisesi,1
Avrupa,Kate,1
Avrupa,Cambridge,1
Avrupa,Gırnata,1
Avrupa,Oksford,1
Avrupa,Oxford,1
Avrupa,Bologna ( Bolonya ) Üniversitesi,1
Avrupa,Şerefeddin bin Tahir,1
Avrupa,Sultan Sencer,1
Avrupa,Granada,1
Avrupa,İzmir,1
Avrupa,Poitiers,1
Avrupa,Tours,1
Kuzey Amerika,Yerli Halklar,1
Avrupa,Vinland Bölgesi,1
Avrupa,Kuzey Amerika,1
Avrupa,land Haritası,1
Avrupa,Yale ( Yeyl ) Üniversitesi,1
Vinland Bölgesi,land Haritası,1
Vinland Bölgesi,Yale ( Yeyl ) Üniversitesi,1
Kuzey Amerika,Vinland Bölgesi,1
Avrupa,Hun Devleti Doju Roma Imparatorlugu Bati Roma Imparatorlugu Harita,1
Kuzey Amerika,land Haritası,1
Kuzey Amerika,Yale ( Yeyl ) Üniversitesi,1
Yale ( Yeyl ) Üniversitesi,land Haritası,1
Fahreddin Paşa Koleksiyon,İstanbul Büyükşehir Belediyesi,1
Fahreddin Paşa Koleksiyon,Medine,1
Atatürk Kitaplığı,Fahreddin Paşa Koleksiyon,1
Avrupa,Dünya Sağlık Örgütü,1
Avrupa,Mektup Cumhuriyetin,1
Avrupa,Hun,1
Avrupa,Roma Dönemi,1
Avrupa,nın siyasi,1
Avrupa,Roma,1
Avrupa,Konstantinopolis Batı,1
Avrupa,Büyük Kavimler Göçü,1
Avrupa,İrnek Dönemi,1
Avrupa,İtil nehrin,1
Avrupa,Roma imparatorluğu,1
Avrupa,Ger,1
Avrupa,Bulgar,1
Avrupa,Peçenek,1
Avrupa,Uz,1
Avrupa,Kuman,1
Avrupa,Kavimler Göçü Sonrasi,1
Avrupa,Olayı ( 1986,1
Avrupa,Avustralya,1
Avrupalı,Doğu Romalı,1
Gertrude Bell,Newcastle ( Nivkesıl ) Üniversitesi,1
Sir Hugh Bell,Sö,1
Sir Hugh Bell,üd Bel,1
Gertrude Bell,Newcastle Üniversitesi,1
Gertrude Bell,Kıble Mescid,1
Gertrude Bell,Kudüs,1
Gertrude Bell,İngiltere,1
Gertrude Bell,r Hüug Bel,1
Sir Hugh Bell,İngiltere,1
Gertrude Bell,Sö,1
Gertrude Bell,Sir Hugh Bell,1
Gertrude Bell,üd Bel,1
Gertrude Bell,"l ' or regrettes not ben worth zan 13 at won und, tod nest in Palatine i so up a semesser Capella 1 come ca a sleno yea",1
Gertrude Bell,iad ( Aleksiyad ),1
iad ( Aleksiyad ),"l ' or regrettes not ben worth zan 13 at won und, tod nest in Palatine i so up a semesser Capella 1 come ca a sleno yea",1
Sir Hugh Bell,r Hüug Bel,1
Sö,üd Bel,1
Ayasofya Camisi ',"l ' or regrettes not ben worth zan 13 at won und, tod nest in Palatine i so up a semesser Capella 1 come ca a sleno yea",1
Newcastle ( Nivkesıl ) Üniversitesi,İngiltere,1
Kudüs,r Hüug Bel,1
Kudüs,Sö,1
Kudüs,Sir Hugh Bell,1
Kudüs,üd Bel,1
üd Bel,İngiltere,1
Newcastle ( Nivkesıl ) Üniversitesi,Newcastle Üniversitesi,1
Newcastle ( Nivkesıl ) Üniversitesi,r Hüug Bel,1
Sö,r Hüug Bel,1
Newcastle ( Nivkesıl ) Üniversitesi,Sö,1
Newcastle ( Nivkesıl ) Üniversitesi,Sir Hugh Bell,1
Newcastle ( Nivkesıl ) Üniversitesi,üd Bel,1
r Hüug Bel,İngiltere,1
r Hüug Bel,üd Bel,1
Sö,İngiltere,1
Ayasofya Camisi ',Gertrude Bell,1
Ayasofya Camisi ',iad ( Aleksiyad ),1
Kudüs,İngiltere,1
Balkanlar,Fransız,1
Balkanlar,Trablusgarp Savaşı,1
Balkanlar,Mustafa Kemal,1
Balkanlar,Doğu Trakya,1
Balkanlar,Ege Adaları,1
Balkanlar,Karadağ,1
Balkanlar,Manastır,1
Balkanlar,Mısır,1
Balkanlar,Tobruk,1
Balkanlar,Rus,1
Balkanlar,Trablusgarp Harbi ',1
Balkanlar,Reval,1
Balkanlar,İttifak Devletleri,1
Balkanlar,Kuzey Afrika,1
Balkanlar,Mezopotamya,1
Balkanlar,Derne,1
Balkanlar,Türk İşbirliği ve Koordinasyon Ajansı Başkanlığı,1
Anna Komnena ',Gertrude Bell,1
Manuel,slan,1
Anna Komnena ',"l ' or regrettes not ben worth zan 13 at won und, tod nest in Palatine i so up a semesser Capella 1 come ca a sleno yea",1
Anna Komnena ',Ayasofya Camisi ',1
Anna Komnena ',iad ( Aleksiyad ),1
Niketas,Sebaste,1
Manuel,Osmanlı Devleti,1
Manuel,İstanbul,1
Manuel,s,1
Balkanlar,Yurtdışı Türkler ve Akraba Topluluklar Başkanlığı,1
Manuel,Niketas,1
Balkanlar,Yarımada,1
Balkanlar,Bosna - Hersek,1
Balkanlar,İslam Konferansı Örgütü,1
Balkanlar,Yunus Emre Enstitüsü,1
Balkanlar,Uluslararası Türk Kültürü Teşkilatı,1
Kudüs,Newcastle ( Nivkesıl ) Üniversitesi,1
Kudüs,Kıble Mescid,1
Avrupa,BM Barış Gücü,1
Analitik Dereceli Puanlama Anahtarı,Kanıta Dayalı Ürün Oluşturma,1
Kemp Füstın ),İspanyol gri,1
Camp Funston,Kansas,1
Camp Funston,Kemp Füstın ),1
Camp Funston,İspanyol gri,1
dan Bilgi Toplama,itik derece,1
Analitik Dereceli Puanlama Anahtarı,itik derece,1
Analitik Dereceli Puanlama Anahtarı,Kaynağı Sorgulama,1
Kansas,Kemp Füstın ),1
Analitik Dereceli Puanlama Anahtarı,Kaynağı İnceleme,1
Analitik Dereceli Puanlama Anahtarı,dan Bilgi Toplama,1
Kanıta Dayalı Ürün Oluşturma,itik derece,1
Kanıta Dayalı Ürün Oluşturma,Kaynağı Sorgulama,1
Kanıta Dayalı Ürün Oluşturma,Kaynağı İnceleme,1
Kanıta Dayalı Ürün Oluşturma,dan Bilgi Toplama,1
Kansas,İspanyol gri,1
kuş gribi virüsü,İspanyol gribi virüsü,1
Kaynağı Sorgulama,Kaynağı İnceleme,1
Ayasofya Kütüphanesi,Balkanlar,1
Avrupalı,İslam,1
Avrupalı,Malazgirt Savaşı ',1
Avrupalı,Kudüs,1
Avrupalı,Haçlı Seferi,1
Avrupalı,Büyük Göç veya Kavimler Göçü,1
Avrupalı,Stanford ( Stanford ) Üniversitesi,1
Kutuphane Kültür,Türkiye,1
VID -,Çin,1
COVID - 19 salgın,İspanyol gribi,1
Vuhan,Çin,1
Hubei,Vuhan,1
Hubei,Çin,1
Hubei,VID -,1
VID -,Vuhan,1
Kaynağı Sorgulama,itik derece,1
Kaynağı Sorgulama,dan Bilgi Toplama,1
Kudüs,Newcastle Üniversitesi,1
Kudüs,dö Ş,1
Kudüs,Ortodoks Rusya,1
Kudüs,Venedik,1
Kudüs,oçentiyus ),1
Kudüs,Sûr,1
Kudüs,tin Muharebesi,1
Kudüs,yon,1
Kudüs,Renaud de Chatillon,1
Kudüs,Trablusşam,1
Kudüs,Musul,1
Kudüs,Trablus,1
Kudüs,Urfa,1
Kudüs,İliya,1
Kudüs,Patrik Sophronios,1
Kudüs,İslam ordusu,1
Kudüs,Osmanlı,1
Kıble Mescid,üd Bel,1
Kaynağı İnceleme,itik derece,1
Newcastle Üniversitesi,Sö,1
Kaynağı İnceleme,dan Bilgi Toplama,1
Tarihsel Bilginin Üretim Süreci,Tarihsel bilginin,1
Excus 12 Am 14,Tarihsel Bilginin Üretim Süreci,1
Excus 12 Am 14,Tarihsel bilginin,1
Newcastle Üniversitesi,İngiltere,1
Newcastle Üniversitesi,r Hüug Bel,1
Newcastle Üniversitesi,Sir Hugh Bell,1
Kıble Mescid,Sir Hugh Bell,1
Newcastle Üniversitesi,üd Bel,1
Kıble Mescid,Newcastle Üniversitesi,1
Kıble Mescid,İngiltere,1
Kıble Mescid,Newcastle ( Nivkesıl ) Üniversitesi,1
Kıble Mescid,r Hüug Bel,1
Kıble Mescid,Sö,1
Balkanlar,Irak,1
Balkanlar,Panslavizm,1
Balkanlar,Ege ) Denizi,1
Elâzığ,Halep,1
Elâzığ,İtilaf Devletleri,1
Elâzığ,İngiltere,1
Elâzığ,Güney Irak,1
Elâzığ,Fransa,1
Elâzığ,Şam,1
Elâzığ,Lübnan,1
Elâzığ,Rusya,1
Elâzığ,Mustafa Kemal,1
Elâzığ,Trabzon,1
Harput Zindanı,Kale,1
Harput Zindanı,Harput İç,1
Harput Kalesi,Harput Zindanı,1
Harput Kalesi,Kale,1
Harput Kalesi,Harput İç,1
Elâzığ,Sivas Kongresi,1
Bizans,Ioannes Komnenos,1
Harput İç Kale,Osmanlı Dönemi,1
Bizans,İslâm dünyası,1
Bizans,Miryokefalon,1
Bizans,Malazgirt Meydan Savaşı ',1
Bizans,Miryokefalon Zaferi,1
Bizans,Yermük,1
Bizans,Filistin,1
Bizans,Suriye,1
Bizans,Emeviler,1
Bizans,İrene,1
Bizans,Dört Halife Dönemi,1
Bizans,Bizans İmparatorluğu,1
Bizans,Türkiye,1
Bizans,Macaristan,1
Bizans,İran,1
Bizans,Çin,1
Harput İç,Kale,1
nüvis,sal,1
Balkanlar,Fatih,1
Avrupa,Uluslararası Türk Kültürü Teşkilatı,1
Kolomb,Kristof Kolomb,1
Avrupa,Yarımada,1
Avrupa,Bosna - Hersek,1
Avrupa,Yugoslavya,1
Avrupa,İslam Konferansı Örgütü,1
Avrupa,Yunus Emre Enstitüsü,1
Avrupa,Yurtdışı Türkler ve Akraba Topluluklar Başkanlığı,1
Kolomb,Nina,1
Avrupa,Türk İşbirliği ve Koordinasyon Ajansı Başkanlığı,1
Avrupa,İsrail Devleti,1
Avrupa,Srebrenica Katliamı ',1
Avrupa,Birleşik Milletler,1
Avrupa,Srebrenitsa,1
Avrupa,Srebrenica,1
Kolomb,Santa Maria,1
Kolomb,Pinta,1
Tah,nüvis,1
Orta Çağ,Türkistan,1
Tah,sal,1
Andronikos ',Türk tarihi,1
Relatıons Hıstorıques,hymérès,1
Orta Çağ,Roma,1
Orta Çağ,İstanbul,1
Orta Çağ,İslam Devleti,1
Orta Çağ,âsânî,1
Kolomb,İspanyol,1
Orta Çağ,S,1
Orta Çağ,Çin,1
Orta Çağ,feodaliz,1
Orta Çağ,Yale Üniversitesi,1
Kolomb,Yeni Dünyanın,1
Kolomb,İnka,1
Bizans,Doğu Anadolu,1
Bizans,Yunan,1
Bizans,Kafkas,1
Balkanlar,İtil nehrin,1
Balkanlar,Yıldırım Bayezid,1
Balkanlar,Batı Anadolu,1
Balkanlar,Trakya,1
Balkanlar,Edirne,1
Balkanlar,Pe,1
Balkanlar,Doğu Avrupa,1
Balkanlar,Doju Avrupa,1
Balkanlar,Niğbolu Zaferi ',1
Balkanlar,Kafkaslar,1
Balkanlar,İran,1
Balkanlar,Türkistan,1
Balkanlar,Kutuphane Kültür,1
Balkanlar,Manuel,1
Kılıç Arslan,Manuel,1
Balkanlar,Macar,1
Balkanlar,Kosova Savaşı,1
Bizans,Gibbons,1
Balkanlar,Kuzey Makedonya,1
Balkanlar,Sırp,1
Balkanlar,Türk,1
Balkanlar,Rumeli,1
Balkanlar,Rum,1
Balkanlar,cıyân,1
Balkanlar,one,1
Balkanlar,Kurbinovo,1
Balkanlar,Varna Savaşı ',1
Balkanlar,Saint George ( Sen Corc ) Kilisesi,1
Balkanlar,Doğu Romalı,1
Balkanlar,Franz Babinger,1
Balkanlar,Yenişehir,1
Balkanlar,Teselya,1
Balkanlar,İkinci Kosova Muharebesi ve zaferi,1
Kılıç Arslan,Malazgirt,1
Aleksios,Aleksios Komnenos,1
Ioannes,Theodoros Prodromos,1
Bizans,III,1
Bizans,Yıldırım Bayezid,1
Bizans,Georgios Gemistos Plethon,1
Bizans,Edirne,1
Bizans,Theodora,1
Bizans,Despina Anna,1
Bizans,Latin,1
Bizans,Orhan Bey,1
Basileus Romaion ),ların İmparatoru,1
Bizans,Osman Bey,1
Bizans,Halil İnalcık,1
Bizans,Osman Gazî,1
Bizans,Selçuk,1
Bizans,Osman,1
Bizans,Osmanlı Devleti,1
Bizans,Fethi,1
Bizans,Sırp,1
Bizans,i Rûm,1
Bizans,Rumeli,1
Bizans,Karadeniz,1
Bizans,II,1
Bizans,Katerina,1
Bizans,Odessa,1
Bizans,Doğu Roma ',1
Ioannes Komnenos,İrene,1
Aleksios Komnenos,ların İmparatoru,1
Aleksios Komnenos,Basileus Romaion ),1
Aleksios Komnenos,Anna Komnena ',1
Aleksios Komnenos,iad ( Aleksiyad ),1
Aleksios Komnenos,Ayasofya Camisi ',1
Aleksios Komnenos,"l ' or regrettes not ben worth zan 13 at won und, tod nest in Palatine i so up a semesser Capella 1 come ca a sleno yea",1
Aleksios Komnenos,Gertrude Bell,1
Azerbaycan,İstanbul Hükûmet,1
Azerbaycan,Gümrü,1
Azerbaycan,ya,1
Orhan Gazi,Theodora,1
Orhan Gazi,İznik Orhaniye,1
Orhan Gazi,Çelebi Mehmet,1
Orhan Gazi,Yıldırım Bayezid,1
Orhan Gazi,Trakya,1
Orhan Gazi,Rumeli,1
Orhan Gazi,Süleyman Paşa,1
Orhan Gazi,Sakarya,1
Orhan Gazi,İznik Medres,1
Orhan Gazi,İzmit,1
Orhan Gazi,Panorama 1326 Fetih Müzesi,1
Orhan Gazi,Osman Gazi,1
Karahisar,Sivrihisar,1
Karahisar,İzmit,1
Karahisar,İznik,1
Orhan Gazi,İznik Orhaniyesi,1
Orhan Gazi,Orhan Gazi Medres,1
Geyve,Lefke,1
İzmit Körfezi,İznik,1
Bolayir,Cimpe Kalesi,1
ih,İznik,1
Latin,İznik,1
Gebze,İzmit Körfezi,1
Gebze,İzmit,1
Gebze,İznik,1
Marmara,Çanakkale Boğazı,1
Orhan Gazi,Taronites,1
Marmara,Rumeli,1
Marmara,Osmanlı Beyliği,1
Marmara,Orhan Bey,1
Bitinya ( Bursa havalisi,Bizans,1
Bursa ',Osmanlı Beyliği,1
Orhan Gazi,Tebriz,1
Geyve,Mekece,1
Geyve,Karatekin,1
Bolayir,Rumeli,1
Koyunhisar ( Bapheus ) Savaşı,İznik,1
Koyunhisar Zaferi,ih,1
Koyunhisar Zaferi,İznik,1
Koyunhisar Zaferi,Osmanlı Beyliği,1
Yenişehir,İznik,1
İzmit,İzmit Körfezi,1
Yalakova,İznik,1
Koyunhisar ( Bapheus ) Savaşı,akova,1
Karaçepiş,Sakarya,1
Koyunhisar ( Bapheus ) Savaşı,Panorama 1326 Fetih Müzesi,1
Bapheus ( Koyunhisar ),Orhan,1
Al -,Osman,1
Al -,Tevarih,1
Al -,Bapheus Zafer,1
Al -,Heteriarch Muzalon,1
Karaçepiş,İznik,1
Karaçepiş,Lefke,1
Geyve,Karaçepiş,1
Lefke,Mekece,1
Geyve,Sakarya,1
Geyve,İznik,1
Mekece,Sakarya,1
Mekece,İznik,1
Lefke,Magusa,1
Lefke,İkinci Barış Harekâtı,1
Lefke,Sakarya,1
Karaçepiş,Mekece,1
Lefke,İznik,1
Karatekin,Mekece,1
Karatekin,Lefke,1
Karatekin,Karaçepiş,1
Karatekin,Sakarya,1
Karatekin,İznik,1
Bolayir,Çimpe ( Çimbi Kalesi,1
Bolayir,Edirne ' nin Fethi,1
Tevarih,İznik,1
Gazi Fazıl,Osmanlı,1
Ece Bey,Evrenos Gazi,1
Ece Bey,Karesioğulları,1
Ece Bey,Osmanlı,1
Gazi Fazıl,Rumeli,1
Gazi Fazıl,Osmanlı Devleti,1
Gazi Fazıl,Karesioğulları,1
Evrenos Gazi,Hacı İl - Bey,1
Ece Bey,Osmanlı Devleti,1
Evrenos Gazi,Osmanlı Devleti,1
Evrenos Gazi,Gazi Fazıl,1
Evrenos Gazi,Karesioğulları,1
Evrenos Gazi,Osmanlı,1
Karesioğulları,Rumeli,1
Karesioğulları,Osmanlı Devleti,1
Ece Bey,Gazi Fazıl,1
Ece Bey,Rumeli,1
Tuna Nehri,Viyana,1
Süleyman Paşa,e,1
ayır,e,1
ayır,Çimbi Hisarı,1
Süleyman Paşa,Şehzade Murad,1
Süleyman Paşa,Tekirdağ,1
Süleyman Paşa,Tekfurdağı,1
Süleyman Paşa,Trakya,1
Süleyman Paşa,ayır,1
Despina Anna,Orhan Gazi,1
Süleyman Paşa,Çimbi Hisarı,1
Süleyman Paşa,Çimbi Kalesi,1
Kantakuzenos,Süleyman Paşa,1
Kantakuzenos,Çimbi Kalesi,1
Kantakuzenos,Theodora,1
Despina Anna,İstanbul,1
Karesioğulları,Osmanlı,1
Tuna Nehri,İstanbul,1
Cimpe Kalesi,Çimpe ( Çimbi Kalesi,1
Kuzeybatı Anadolu,Sakarya,1
Ioannes Kantakuzenos,Yoannis Kantakuzinos,1
Kocaeli Bölgesi,Sakarya,1
Kocaeli Bölgesi,İzmit,1
Kocaeli Bölgesi,Orhan Gazi,1
Kocaeli Bölgesi,Kuzeybatı Anadolu,1
Kocaeli Bölgesi,İznik,1
Kuzeybatı Anadolu,İzmit,1
Balkan Yarımadası,Balıkesir,1
Kuzeybatı Anadolu,Orhan Gazi,1
Kuzeybatı Anadolu,İznik,1
Edirne ' nin Fethi,Rumeli ',1
Edirne ' nin Fethi,Çimpe ( Çimbi Kalesi,1
Cimpe Kalesi,Edirne ' nin Fethi,1
Cimpe Kalesi,Rumeli,1
Yoannis Palaylogos ),İoannis Paleologos,1
Balkan Yarımadası,Bergama,1
Tuna Nehri,Çanakkale,1
Bergama,Çanakkale,1
Karesioğulları Beyliği,Tuna Nehri,1
Karesioğulları Beyliği,İstanbul,1
Karesioğulları Beyliği,Çanakkale,1
Bergama,Tuna Nehri,1
Bergama,İstanbul,1
Bergama,Karesioğulları Beyliği,1
Balkan Yarımadası,Orta Asya,1
Balkan Yarımadası,Çanakkale,1
Balkan Yarımadası,Kafkasya,1
Balkan Yarımadası,Sırbistan,1
Balkan Yarımadası,Stefan Lazareviç,1
Balkan Yarımadası,Tuna Nehri,1
Balkan Yarımadası,İstanbul,1
Balkan Yarımadası,Karesioğulları Beyliği,1
Al -,İznik,1
Bapheus Zafer,Osman,1
Azerbaycan,Moskova,1
Kâtip Çelebi,Nabi,1
Osmanlı Dönemi,Türk - İslam devletlerin,1
Osmanlı Dönemi,Sırbistan Sultan I,1
Osmanlı Dönemi,Pirot Kalesi,1
Osmanlı Dönemi,Tarihi Osmani,1
Kâtip Çelebi,Naima Efendi,1
Kâtip Çelebi,Murad,1
Kâtip Çelebi,Matrakçı Nasuh,1
Osmanlı Dönemi,devletlerin,1
Kâtip Çelebi,Sabuncuoğlu Şerefeddin,1
Kâtip Çelebi,Piri Reis,1
Kâtip Çelebi,Mimar Sinan,1
Kâtip Çelebi,İbrahim,1
Bapheus [ Bafeyus ( Koyunhisar ) ] Savaşı,Osman Bey,1
Orhan,Osmanlı Ordusu,1
Osmanlı Dönemi,Türk - İslam,1
Osmanlı Dönemi,Selçuklu,1
Orhan,gaz,1
Almanca,Türkçe,1
Adams Gibbons Fuat Köprülü,Osmanlı Devleti,1
Adams Gibbons Fuat Köprülü,Halil İnalcık,1
Adams Gibbons Fuat Köprülü,Paul Wittek,1
Osman Gâz,Osman Gâzi,1
Osman Gâz,İznik,1
Almanca,İngilizce,1
Ankara Üniversitesi Dil ve Tarih - Coğrafya Fakültesi,Halil İnalcık,1
Osmanlı Dönemi,Selçuklu Dönemi,1
0sman Bey,Karacahisar,1
0sman Bey,Osmanlı Devleti,1
0sman Bey,Tarihi Osmani,1
0sman Bey,Osmanlı Dönemi,1
Osmanlı Dönemi,Türkiye Cumhuriyeti,1
Osmanlı Dönemi,Osmanlı şehir,1
Orhan,Osman Bey,1
Orhan,Osmanlı Beyliği,1
DOGU ROMA IMPARATO,Konstantinopolis,1
Eskişehir,Selânik,1
Eskişehir,Mustafa Kemal,1
Eskişehir,Maarif Kongresi,1
Eskişehir,Londra Konferansı,1
Eskişehir,Sevr ',1
Eskişehir,İnönü Muharebesi,1
Eskişehir,Karaman,1
Eskişehir,Karacahisar,1
George Pachymeres,ç Paşimeres,1
Eskişehir,Sakarya,1
Eskişehir,Osman Bey,1
Türk - İslam gaza hareketinin,Türkiye,1
Ayasuluk,Halil İnalcık,1
Ayasuluk,Türkiye,1
Ayasuluk,Bursa,1
George Pachymeres,Osmanlı Devleti,1
George Pachymeres,Yahşi Fakih,1
Orhan,İznik,1
Osman Gazi,Turgut Alp,1
Osman Gazî,Söğüd,1
Osman Gazi,hisar,1
Osman Gazi,şıkpaşazade,1
Osman Gazi,Âşıkpaşazade,1
Osman Gazi,Panorama 1326 Fetih Müzesi,1
Osman Gazi,Osmanlı Devleti,1
Osman Gazi,Yenişehir,1
Yahşi Fakih,ç Paşimeres,1
Osman Gazi,şehir,1
Osman Gazi,alcık,1
Karacahisar,Yenişehir,1
Karacahisar,Tarihi Osmani,1
Karacahisar,Osmanlı Dönemi,1
Karacahisar,Yahşi Fakih,1
DOGU ROMA IMPARATO,LU,1
DOGU ROMA IMPARATO,Yalova Koyunhisar,1
Bapheus Zafer,Tevarih,1
Bursa ' nın Fethi,Doğu Roma,1
Bitinya,şehir,1
Bithynia,Bursa,1
Bithynia,İznik,1
Bithynia,Bitinya,1
Bithynia,Osman Gazi,1
Bithynia,şehir,1
Bursa ' nın Fethi,Rumeli,1
Bitinya,Bizans,1
Bursa ' nın Fethi,Rumeli ',1
Bursa ' nın Fethi,Koyunhisar,1
Bursa ' nın Fethi,Iznik,1
Bursa ' nın Fethi,Yalakdere,1
Yalakdere,Yalakova,1
Yalakdere,İznik,1
Bitinya,Osman Gazi,1
Bitinya,Osman Gâzi,1
Koyunhisar Savaşı,Rumeli,1
Kızılhisar,İznik,1
Bapheus Zafer,Heteriarch Muzalon,1
Bapheus Zafer,İznik,1
Heteriarch Muzalon,Osman,1
Heteriarch Muzalon,Tevarih,1
Heteriarch Muzalon,İznik,1
Kızılhisar,Marmaracık,1
Avdan,Kızılhisar,1
İznik,şehir,1
Avdan,Koyunhisar,1
Avdan,Marmaracık,1
Avdan,Bursa,1
Avdan,İznik,1
Marmaracık,İznik,1
İznik,İznik ' in Fethi 1329 ' da Pelekanon Muharebesi ',1
Yalakdere,İznik ' in Fethi,1
Koyunhisar Savaşı,Rumeli ',1
LU,Yalova Koyunhisar,1
Halil inalcik,nhisar,1
Dogu Roma,nhisar,1
Dogu Roma,Iznik,1
Dogu Roma,akova,1
Dogu Roma,Halil inalcik,1
Dogu Roma,Panorama 1326 Fetih Müzesi,1
Dogu Roma,Koyunhisar ( Bapheus ) Savasi,1
Halil inalcik,Iznik,1
Iznik,Panorama 1326 Fetih Müzesi,1
Halil inalcik,akova,1
Halil inalcik,Panorama 1326 Fetih Müzesi,1
Halil inalcik,Koyunhisar ( Bapheus ) Savasi,1
Koyunhisar ( Bapheus ) Savasi,nhisar,1
Koyunhisar ( Bapheus ) Savasi,akova,1
Koyunhisar ( Bapheus ) Savasi,Panorama 1326 Fetih Müzesi,1
Iznik,Koyunhisar ( Bapheus ) Savasi,1
Iznik,akova,1
Koyunhisar Savaşı,Yalakdere,1
Koyunhisar,İznik ' in Fethi,1
Koyunhisar,Yalakova,1
Koyunhisar,akova,1
Koyunhisar,Panorama 1326 Fetih Müzesi,1
Koyunhisar,Koyunhisar ( Bapheus ) Savaşı,1
Koyunhisar,Kızılhisar,1
Koyunhisar,Marmaracık,1
Koyunhisar,Koyunhisar Savaşı,1
Iznik,nhisar,1
akova,İznik,1
akova,nhisar,1
Iznik,İznik ' in Fethi,1
Iznik,Koyunhisar Savaşı,1
Iznik,Koyunhisar,1
Iznik,Yalakdere,1
ayır,Çanakkale Boğazı,1
ayır,Çimpe Kalesi,1
e,Çimbi Hisarı,1
Makedonya,Yunanistan,1
Makedonya,Musevi,1
Makedonya,Ul,1
Makedonya,Sırp,1
Makedonya,Yunan,1
Makedonya,Selanik,1
Makedonya,Zübeyde Hanım,1
Makedonya,Rusya,1
Makedonya,ristan,1
Makedonya,İngiltere,1
Makedonya,Serez,1
Lazar Hrebeljanovic ( Herbelyanoviç,Makedonya,1
Lazar Hrebeljanovic ( Herbelyanoviç,Serez,1
Karamanoğu,Orhan Gazi,1
Karamanoğulları,İzmir,1
Makedonya,Niyazi,1
Makedonya,Çanakkale,1
Karamanoğulları,Saruhanoğulları,1
Serez,Sofya,1
Niş,Sırp,1
Niş,Serez,1
Serez,mülcine,1
Serez,Tırhala,1
Serez,Üsküp,1
Serez,Sırp,1
Sırp,Ul,1
Makedonya,Rusya ',1
Sırp,Yunan,1
Sırp,Çek,1
Sırp,Ukraynalı,1
Sırp,Yıldırım Bayezid,1
Sırp,Çirmen Savaşı,1
Makedonya,Yugoslavya,1
Karamanoğulları,Menteşeoğulları,1
Karamanoğulları,Osmanlı Devleti,1
Sofya,Terhala,1
Murad,Osmanlı Devleti,1
Murad,İslam,1
Murad,Trakya,1
Murad,Şeyh Bedreddin İsyanı ( 1420,1
Murad,Çelebi Mehmed,1
Murad,Yıldırım Bayezid,1
Murad,Rumeli,1
Murad,İstanbul,1
Murad,Üç Şerefeli Cami ve,1
Edirne,Erkân - ı Harbiye Mektebi,1
Edirne,İSMET PAŞA,1
Edirne,manlı Devleti,1
Edirne,Çatalca,1
Edirne,Kırklareli,1
Edirne,Ege Adaları,1
Murad,Selânik,1
Murad,Saatli Medres,1
Karamanoğulları,Murad,1
Evrenos Bey,Lâlâ Şahin,1
Edirne ' nin Fethi Osmanlı,Rumeli,1
Mur,Orhan Gâzi,1
62,Murad,1
Hacı İlbey,Lâlâ Şahin,1
Hacı İlbey,Murad,1
Evrenos Bey,Hacı İlbey,1
Evrenos Bey,Murad,1
Murad,Vakıflar Genel Müdürlüğü Arşivi,1
Babaeski,Lüleburgaz,1
Babaeski,Misili,1
Babaeski,Çorlu,1
Lüleburgaz,Misili,1
Lüleburgaz,Çorlu,1
Misili,Çorlu,1
Sofya,Sırp,1
Sofya,Üsküp,1
e,İrangat,1
Karaman,Söke,1
Beyşehir,Seydişehir,1
Beyşehir,Karahisar,1
Beyşehir,Sivrihisar,1
Beyşehir,Eskişehir,1
Beyşehir,Selânik,1
Karaman,Kızıl Oğuz,1
Karaman,Temeşvar,1
Stefan Lazarevic ( Lazareviç ),Yıldırım Bayezid,1
Karaman,Van,1
Karaman,Şam,1
Karaman,Rumeli,1
Karaman,Osmanlı Devleti,1
Karaman,Oklukhisarı,1
Karaman,Seydişehir,1
Beyşehir,Oklukhisarı,1
Stefan Lazarevic ( Lazareviç ),Sırp,1
Sigismund,Tuna,1
Arnavutluk,Bulgar Krallığı,1
Arnavutluk,Yeni Zelanda,1
Arnavutluk,Manastır,1
Arnavutluk,Osmanlı,1
Arnavutluk,Balkan Savaş ',1
Arnavutluk,İttihat ve Terakki,1
Arnavutluk,Eflak Prensliği,1
Selânik,Varna,1
Aydınoğulları,Karamanoğulları,1
Selânik,Üsküp,1
Selânik,gnostis,1
Selânik,Venedik,1
Menteşeoğulları,Saruhanoğulları,1
Aydınoğulları,Menteşeoğulları,1
Aydınoğulları,Saruhanoğulları,1
Karaman,Selânik,1
Macar,Polonya,1
Sofya,İstanbul,1
Bosna,Macaristan,1
1389 tarihli Kosova Polye Muharebesi ( Karakuşlar Sahrası ),Sırplara karşı verilen,1
Birinci Kosova savaşın,Bizans,1
Birinci Kosova savaşı,Stephan Duşan,1
Bosna,Osmanlı İmparatorluğu,1
Bosna,Trablusgarp,1
Bosna,İtalya,1
Bosna,Sırp Devleti,1
Lazar,Osmanlı Padişah,1
Bosna,Kosova Savaşı,1
Bosna,Rumeli,1
Bosna,Osmanlı Devleti,1
Karamanoğulları Beyliği,Kastamonu,1
Karamanoğulları Beyliği,Murad,1
Sofya,Şam,1
Lazar,Stefan Lazarevic,1
Osmanlı Padişah,Stefan Lazarevic,1
Macar,Sultan Mahmud,1
Macar,Mehmet Han,1
Macar,Papalık,1
Macar,İspanyol,1
Macar,Çek,1
Macar,Macar Krallığı,1
Macar,Mora,1
Macar,Sofya,1
Macar,liği,1
Kosova Zaferi,Macaristan,1
Macar,Mehmet,1
Macar,Venedik,1
Macar,İstanbul,1
Macar,Niğbolu,1
Macar,Tuna,1
Macar,Sigismund,1
Edirne,Gökçeada,1
Edirne,Enez,1
Edirne,Midye,1
( Çimbi Kalesi,Bolayır,1
Eratna Beyliği,Rumeli,1
Tekirdağ,Şarköy,1
Gelibolu Yarımada sı,Çimpe Kalesi,1
Gelibolu Yarımada sı,Çanakkale Boğazı,1
Gelibolu Yarımada sı,ayır,1
( Çimbi Kalesi,Rumeli,1
( Çimbi Kalesi,Çimpe Kalesi,1
Eratna Beyliği,Sivrihisar,1
Gazi Fadıl [ Fazıl ],Yakub Ece,1
Bolayır,Çanakkale,1
Bolayır,Gelibolu,1
Bolayır,Malkara,1
Bolayır,Tekirdağ,1
Bolayır,Tekfurdağı,1
Eratna Beyliği,Çimpe Kalesi,1
Eratna Beyliği,Süleyman Paşa,1
Bolayır,Süleyman Paşa,1
Malkara,Rumeli,1
Hayrabolu,Karesi Bölgesi,1
Hayrabolu,Keşan,1
Hayrabolu,Vize,1
Tekfurdağı,Tekirdağ,1
Malkara,Tekirdağ,1
Malkara,Tekfurdağı,1
Malkara,Süleyman Paşa,1
Eratna Beyliği,Murad,1
Sivrihisar,Süleyman Paşa,1
Sivrihisar,Çimpe Kalesi,1
Eratna Beyliği,Karamanoğu,1
Eratna Beyliği,Orhan Gazi,1
Eratna Beyliği,Karamanoğulları,1
Eratna Beyliği,Osmanlı Devleti,1
Bolayır,Gelibolu Yarımadası,1
Bolayır,Çimpe Kalesi,1
Edirne,Meriç Nehri,1
Gelibolu,Karesi Bölgesi,1
Gelibolu,Göynük,1
Gelibolu,Çimbi,1
Gelibolu,Serez,1
Gelibolu,Tırhala,1
Gelibolu,Üsküp,1
Gelibolu,Hayrabolu,1
Gelibolu,Marmara,1
Gelibolu,Çanakkale,1
Gelibolu,Çanakkale Boğazı,1
Gelibolu,Orhan Gazi,1
Gelibolu,e,1
Gelibolu,ayır,1
Gelibolu,Süleyman Paşa,1
Gelibolu,Çimbi Hisarı,1
Gelibolu,Hamil - ton ( Hemıltın ),1
Gelibolu,Çanakkale Cephesi,1
Bolayır,İstanbul,1
Trakya,İstanbullu,1
Bolayır,Trakya,1
Bolayır,Kalesi,1
Bolayır,Gelibolu yarıma,1
Gelibolu yarıma,İstanbul,1
Gelibolu yarıma,Trakya,1
Gelibolu yarıma,Kalesi,1
Trakya,Van,1
Gelibolu,Kuzey Grubu,1
Trakya,İzmir İktisat Kongresi ' nin toplanması,1
Trakya,Trakya - Paşaeli Müdâfaa - i Heyet - i Osmaniye Cemiyeti,1
Trakya,Yunanistan,1
Trakya,e,1
Trakya,ayır,1
Trakya,Çimbi Hisarı,1
Hayrabolu,Rumeli,1
Dimetoka,Hayrabolu,1
Dimetoka,Vize,1
Edirne,Fatih Sultan Mehmet,1
Edirne,Çankırı,1
Edirne,Kastamonu,1
Edirne,Isparta,1
Edirne,Muğla,1
Edirne,Manisa,1
Edirne,Topkapı Sarayı,1
Edirne,Fatih Sultan Mehmet Han,1
Edirne,Çorum,1
Edirne,Saatli Medrese,1
Edirne,Saatli Medres,1
Edirne,Üç Şerefeli Cami ve,1
Edirne,Larissa,1
Edirne,Terhala,1
Edirne,Sofya,1
Edirne,Tokat,1
Edirne,Tarsus,1
Dimetoka,Keşan,1
Edirne,Orta Makedonya,1
Edirne,İstanbul Antlaşması,1
Edirne,Girit,1
Edirne,Güney Makedonya,1
Edirne,Romanya,1
Edirne,Silistre,1
Edirne,Sırbistan,1
Edirne,Kuzey,1
Edirne,Silifke,1
Edirne,seddin,1
Edirne,Varna,1
Edirne,Rusçuk,1
Edirne,Saraybosna,1
Edirne,Selânik,1
Edirne,Manavgat,1
Edirne,Tunca,1
Edirne,Meriç,1
Edirne,Osmanlı Dönemi,1
Lala Şahin Paşa,Şehzade Murad,1
Şehzade Halil,Şehzade Murad,1
Lala Şahin Paşa,Manastır,1
Lala Şahin Paşa,Serez,1
Lala Şahin Paşa,mülcine,1
Lala Şahin Paşa,Murad Hüdavendigâr,1
Lala Şahin Paşa,Şehzade Halil,1
Lala Şahin Paşa,Rumeli,1
Edirne,Gazi Mihal Camisi,1
Lala Şahin Paşa,Süleyman Paşa,1
Keşan,Vize,1
Dimetoka,Kırklareli,1
Dimetoka,Osmanlı Devleti,1
Dimetoka,Osmanlı Beyliği,1
Dimetoka,Orhan Gazi,1
Edirne,Osmanlı Beyliği,1
Edirne,Evrenos Bey,1
Edirne,Hacı İlbey,1
Edirne,Sazlıdere,1
Edirne,Mur,1
Edirne,Orhan Gâzi,1
Edirne,Lazar Hrebeljanovic ( Herbelyanoviç,1
Edirne,Makedonya,1
Edirne,Gelibolu,1
Edirne,Tırhala,1
Edirne,Kütahya,1
Edirne,Konya,1
Edirne,Türkiye Selçuklu,1
Edirne,Kaleiçi,1
Edirne,İznik Orhaniye,1
Edirne,Yıldırım Bayezid,1
Edirne,Osmanli Dönemi,1
Ayasuluk,Denizli,1
Ayasuluk,Moğol istilası,1
Ayasuluk,Türk - İslam gaza hareketinin,1
Hakk ',Tanrım,1
Rabbi,Tanrım,1
Kıyamet,Tanrım,1
Kıyamet,Muhab,1
Kıyamet,Rabbi,1
Muhab,Tanrım,1
Muhab,Rabbi,1
Hakk ',Kıyamet,1
Rum,Türkçe,1
Hakk ',Kul Hace Ahmed kulum,1
Hakk ',Muhab,1
Hakk ',Rabbi,1
Hakk ',Kul Hâce Ahmed,1
Kul Hace Ahmed kulum,Tanrım,1
Kul Hace Ahmed kulum,Kıyamet,1
Hoca Ahmed Yesevi ( Yıldız,diğerleri,1
Rum,cıyân,1
Kul Hace Ahmed kulum,Rabbi,1
Açgöz,sede,1
Bektaş,nkâr,1
Suluca Karahöyük,köy,1
Suluca Karahöyük,Türkiye Selçuklu Devleti,1
Sevgi,köy,1
Sevgi,Suluca Karahöyük,1
Sevgi,Türkiye Selçuklu Devleti,1
Mecalis - i Seb ' a,Mesnevi,1
Rum,Rumeli,1
Fihi Ma Fih,Mecalis - i Seb ' a,1
Fihi Ma Fih,Mesnevi,1
Divan - ı Kebir,Mecalis - i Seb ' a,1
Divan - ı Kebir,Fihi Ma Fih,1
Divan - ı Kebir,Mesnevi,1
Rum,Sırp,1
Kul Hace Ahmed kulum,Muhab,1
Kul Hace Ahmed kulum,Kul Hâce Ahmed,1
Fatiha Sûresi,Hacı Bektaş - ı Veli,1
Sadreddin Konevi,Sarı Saltuk,1
Somuncu Baba,Yunus Emre,1
Somuncu Baba,Tapduk Emre,1
Sarı Saltuk,Somuncu Baba,1
Sarı Saltuk,Yunus Emre,1
Sarı Saltuk,Tapduk Emre,1
Sadreddin Konevi,Somuncu Baba,1
Sadreddin Konevi,Yunus Emre,1
Divan - ı Hikmet,Fakrname,1
Sadreddin Konevi,Tapduk Emre,1
Tapduk Emre,Yunus Emre,1
Davud - i Kayseri,Osmanlı,1
Davud - i Kayseri,Merağa Okulu,1
Davud - i Kayseri,Selçuklu,1
Davud - i Kayseri,İbnülarabi,1
Divan - ı Hikmet,Hoca Ahmet Yesevi,1
Divan - ı Hikmet,Risale,1
Kul Hâce Ahmed,Tanrım,1
Erbain,Fakrname,1
Kul Hâce Ahmed,Kıyamet,1
Kul Hâce Ahmed,Muhab,1
Kul Hâce Ahmed,Rabbi,1
Risale,ı Tarikat,1
Erbain,ı Tarikat,1
Erbain,Risale,1
Erbain,Hoca Ahmet Yesevi,1
Divan - ı Hikmet,ı Tarikat,1
Hoca Ahmet Yesevi,ı Tarikat,1
Hoca Ahmet Yesevi,Risale,1
Fakrname,ı Tarikat,1
Fakrname,Risale,1
Fakrname,Hoca Ahmet Yesevi,1
Divan - ı Hikmet,Erbain,1
Fatiha Sûresi,Hacı Bektaş Veli,1
Hacı Bektaş - ı Veli,Hacı Bektaş Veli,1
Abbasi,Charlemagne ( Şarlman ),1
Ibni Bibi,Türkiye Selçuklulari,1
Bagdat,Divân - i Hümâyun,1
Bagdat,Misir,1
Bagdat,â,1
Bagdat,ûr,1
Bagdat,İbni Bibi,1
Bagdat,Mogo,1
Hisarin Fil Su Saati,erî,1
Alâeddin Ata Melik ü,Mogo,1
Fil Su Saati,erí,1
Artuklu Emîri Nâsırüddin lı,Hiyel,1
eri,İslam,1
Hiyel,İslam,1
Hiyel,eri,1
Melikşah Takvimi,Melikşahî,1
Bagdat,insan hakları ve adalet,1
Alâeddin Ata Melik ü,Bagdat,1
Celali,Melikşah Takvimi,1
â,ûr,1
Charlemagne ( Şarlman ),Harun Reşid,1
Charlemagne ( Şarlman ),Kutsal Roma - Germen İmparator,1
Mag,Musa,1
Fren,Mag,1
Fren,Musa,1
Alâeddin Ata Melik Cüveyni,Bağdat,1
â,İbni Bibi,1
Alâeddin Ata Melik ü,İbni Bibi,1
ûr,İbni Bibi,1
Mogo,â,1
Mogo,ûr,1
Mogo,İbni Bibi,1
Alâeddin Ata Melik ü,â,1
Alâeddin Ata Melik ü,ûr,1
Celali,Melikşahî,1
yam,İbn Sina,1
Besmele,Hacı Bektaş Veli,1
Dımaşk,İbnü ' l - Arabî,1
Ibnu ' l - Arabi,Muhyiddin İbnülarabi,1
vâk,ûh,1
Mekkiyye,vâk,1
Mekkiyye,ûh,1
İbnü ' l - Arabî,Şam,1
Dımaşk,Şam,1
İbnülarabi,Şam,1
Muhyiddin İbnü ' l - Arabî,Yunus Emre,1
İbnülarabi,İslam,1
Muhyiddin,ülarabi,1
Endülüs ' ün,Muhyiddin,1
Endülüs ' ün,ülarabi,1
Besmele,Hacı Bektaş - ı Veli,1
Besmele,Fatiha Sûresi,1
cehâlet,âlet,1
Hacı Bektaş Veli Muhyiddin İbnülarabi,Hoca Ahmed Yesevi,1
yam,Ömer Hayyam,1
Divânü Lugâti ' t - Türk,Kaşgarlı Mahmud,1
Divânü Lugâti ' t * ' Divanü Lugati ' t - Türk ',Türk,1
Divânu Lugâti ' t - Türk,Divânü Lugâti ' t * ' Divanü Lugati ' t - Türk ',1
Divânu Lugâti ' t - Türk,Türk,1
maz,İki kılıç kına,1
buzağı başı,Öküz ayağı,1
Divânü Lugati ' t * Şaş,Kâşgarlı Mahmud ( Temsilî ),1
GARLI MAHMUD,K,1
Hacı Bektaş Veli Muhyiddin İbnülarabi,Mevlana Celaleddin Rumi,1
Cezeri,Selçuklu,1
Cezeri,Divânü Lugâti ',1
Kaşgarlı Mahmud,Selçuklu,1
Kaşgarlı Mahmud,Türkistan,1
KASGARLI MAHMUD,Mevlana Celaleddin Rumi,1
Hacı Bektaş Veli Muhyiddin İbnülarabi,KASGARLI MAHMUD,1
Davud - i Kayseri,Tebriz,1
Davud - i Kayseri,Şam,1
Davud - i Kayseri,Panorama 1326 Fetih Müzesi,1
Topkapı Sarayı Müzesi Kütüphanesi,Varka,1
Topkapı Sarayı Müzesi Kütüphanesi,İstanbul ' un Fethi,1
Topkapı Sarayı Müzesi Kütüphanesi,Varna Savaşı,1
Topkapı Sarayı Müzesi Kütüphanesi,İstanbul Stanislaw Chlebowski,1
Topkapı Sarayı Müzesi Kütüphanesi,ırma,1
Topkapı Sarayı Müzesi Kütüphanesi,Çelebi Mehmet,1
Topkapı Sarayı Müzesi Kütüphanesi,şah,1
Varka,İstanbul,1
Karatay Müzesi,Kubâdâbâd Sarayı,1
Varka,şah,1
Ser Schenke no Lumpung,İstanbul,1
Ser Schenke no Lumpung,Topkapı Sarayı Müzesi Kütüphanesi,1
Ser Schenke no Lumpung,şah,1
Ser Schenke no Lumpung,Varka,1
Chartres Katedrali ' nin,Fransa,1
Abdülmü ' min el - Hoyî,Türkiye Selçuklu Dönemi,1
Karatay Müzesi,Konya,1
( Kraliyet ) Kapısı,Chartres Katedrali ' nin,1
Hoca Ahmed Yesevi,Sadreddin Konevi,1
Hacı Bektaş Veli,Sadreddin Konevi,1
Hacı Bektaş Veli,Tapduk Emre,1
Hoca Ahmed Yesevi,KASGARLI MAHMUD,1
Hoca Ahmed Yesevi,Muhyiddin İbnü ' l - Arabî,1
Hoca Ahmed Yesevi,Somuncu Baba,1
Hoca Ahmed Yesevi,Sarı Saltuk,1
Hoca Ahmed Yesevi,Tapduk Emre,1
Heidelberg,Heidelberg Üniversitesi Kütüphanesi,1
Hoca Ahmed Yesevi,iran,1
Hoca Ahmed Yesevi,Türkistan,1
Hoca Ahmed Yesevi,Horasan,1
Hoca Ahmed Yesevi,İbnülarabi,1
Büyük Heildelberg ( Haydelberg ),Heidelberg,1
Büyük Heildelberg ( Haydelberg ),Heidelberg Üniversitesi Kütüphanesi,1
Chartres Katedrali ' nin,Kapısı,1
( Kraliyet ) Kapısı,Fransa,1
Davud - i Kayseri,Somuncu Baba,1
Divriği Ulu Cami ' nin,Divriği Ulu Cami ve Dar,1
Türk - İslam,İslamiyet,1
Türk - İslam,şifası,1
Divriği Ulu Cami ' nin,Mengücek,1
Divriği Ulu Cami ' nin,Divriği Ulu Cami ve Darüşşifası,1
Divriği Ulu Cami ' nin,Türk - İslam,1
Divriği Ulu Cami ' nin,şifası,1
Divriği Ulu Cami ve Dar,Mengücek,1
Türk - İslam,geleneği,1
Divriği Ulu Cami ve Dar,Divriği Ulu Cami ve Darüşşifası,1
Divriği Ulu Cami ve Dar,Türk - İslam,1
Divriği Ulu Cami ve Dar,şifası,1
Saint Denis ( Sen Denis ) Katedrali,Saint Denis Katedrali,1
Eski Ahit ( Tevrat ),Yeni Ahit ' te ( İncil,1
Sinop,Suğdak,1
Türk - İslam,devletlerin,1
Türk - İslam,İstanbul,1
( Kraliyet ) Kapısı,Chartres,1
Chartres ( Şaht ) Katedrali ' nin,Chartres Katedrali ' nin,1
( Kraliyet ) Kapısı,Kapısı,1
( Kraliyet ) Kapısı,Chartres ( Şaht ) Katedrali ' nin,1
Chartres,Chartres Katedrali ' nin,1
Chartres,Fransa,1
Chartres,Kapısı,1
Chartres,Chartres ( Şaht ) Katedrali ' nin,1
Chartres ( Şaht ) Katedrali ' nin,Fransa,1
Divriği Ulu Cami ve Darüşşifası,şifası,1
Chartres ( Şaht ) Katedrali ' nin,Kapısı,1
Cennet Kapısı,Kuzey Taç Kapısı,1
Mengücek,Türk - İslam,1
Mengücek,şifası,1
Divriği Ulu Cami ve Darüşşifası,Mengücek,1
Divriği Ulu Cami ve Darüşşifası,Türk - İslam,1
Hacı Bektaş Veli,Sarı Saltuk,1
Hacı Bektaş Veli,Somuncu Baba,1
Hacı Bektaş Veli,Sevgi,1
Balkan,Saraybosna,1
Balkan,İttihatçı,1
Balkan,Balkan Savaşı,1
Balkan,Londra,1
Balkan,İstanbul Sirkeci,1
Balkan,Varna,1
Balkan,Rusçuk,1
Balkan,Selânik,1
Balkan,Kırım,1
Balkan,İstanbul,1
Balkan,Bursa,1
Balkan,Larissa,1
Balkan,Terhala,1
Balkan,Selanik,1
Balkan,Sofya,1
Balkan,Tuna,1
Balkan,Meyrutiyet ',1
Hacı Bektaş Veli,Horasan,1
Davud - i Kayseri,Hoca Ahmed Yesevi,1
Davud - i Kayseri,Sarı Saltuk,1
Davud - i Kayseri,Hacı Bektaş Veli,1
Davud - i Kayseri,Sadreddin Konevi,1
Davud - i Kayseri,Mevlana Celaleddin Rumi,1
Davud - i Kayseri,Yunus Emre,1
Davud - i Kayseri,Tapduk Emre,1
Balkan,Şam,1
Balkan,Ikinci inpiltere,1
Balkan,Belgrat,1
Balkan,Fransız - Alman rekabet,1
Balkan,Bükreş Antlaşması,1
Balkan,Dimetoka,1
Balkan,Kırklareli,1
Balkan,Meşrutiyet,1
Balkan,Balkanlar,1
Balkan,Türk,1
Balkan,Bulgaristan,1
Mevlana Celaleddin Rumi,Tapduk Emre,1
Mevlana Celaleddin Rumi,Mevlana Müzesi,1
Mevlana Celaleddin Rumi,Muhyiddin İbnü ' l - Arabî,1
Mevlana Celaleddin Rumi,İk,1
Mevlana Celaleddin Rumi,Somuncu Baba,1
Mevlana Celaleddin Rumi,Sarı Saltuk,1
Mevlana Celaleddin Rumi,Sadreddin Konevi,1
Mevlana Celaleddin Rumi,Türkiye Selçuklu Devleti,1
Balkan,Yıldırım Bayezid Han,1
Mevlana Celaleddin Rumi,İbnülarabi,1
Hacı Bektaş Veli,Muhyiddin İbnü ' l - Arabî,1
Hacı Bektaş Veli,Yeniçeri Ocağı,1
Hacı Bektaş Veli,Osmanlı Devleti,1
Hacı Bektaş Veli,köy,1
Hacı Bektaş Veli,Suluca Karahöyük,1
Mevlana Celaleddin Rumi,Yıldırım Bayezid,1
Endülüs ',Muhyiddin İbnülarabi,1
Endülüs ',Türk - İslam,1
Muhyiddin İbnülarabi,Türk - İslam,1
Mevlana ve Hoşgörü Yılı,UNESCO,1
H,OCA AHMED YESEVİ,1
H,Irak Devlet,1
H,Saddam Hüseyin,1
H,Şahı Rıza Pehlevî,1
H,stan,1
Divân,Hikmet,1
Balkan,iran,1
Balkan,Batı Türkistan,1
Balkan,Hoca Ahmed Yesevi,1
Balkan,İran,1
Balkan,Bizans,1
Balkan,Kuzey Makedonya,1
Abbasi,Kutsal Roma - Germen İmparator,1
Abbasi,Harun Reşid,1
Ayasuluk,Selçuklu,1
Bilecik,Doğu Roma,1
Bilecik,Kütahya,1
Bilecik,Osmanlı,1
Bilecik,Söğüt,1
Bilecik,Âşıkpaşazade,1
Bilecik,Panorama 1326 Fetih Müzesi,1
Bilecik,Şam,1
Bilecik,Karacahisar,1
Ertuğrul Gazi ' yi Anma ve Yörük Şen,Osman,1
Bilecik,Bitinya,1
Bilecik,Bithynia,1
Bilecik,şehir,1
Bilecik,Söğüt Meydanı,1
Bilecik,Ertuğrul Gazi ' yi Anma ve Yörük Şen,1
Bilecik,Osman,1
Bilecik,Eskişehir,1
Ertuğrul Gazi ' yi Anma ve Yörük Şen,Söğüt Meydanı,1
Bilecik,Ertugrul Gaziyi Anma ve,1
Ertuğrul Gazi ' yi Anma,Osmanlı Beyliği,1
Paul Wittek,rt Edıms Gibıns,1
Herbert Adams Gibbons,Osmanlı Devleti,1
Herbert Adams Gibbons,Mehmet Fuat Köprülü,1
Herbert Adams Gibbons,Pol Vitek,1
Herbert Adams Gibbons,Paul Wittek,1
Herbert Adams Gibbons,rt Edıms Gibıns,1
Ertuğrul Gazi ' yi Anma,Şen,1
Ertuğrul Gazi,Osmanlı Devleti,1
Ertuğrul Gazi,Osman Gazi,1
Ertuğrul Gazi,Osmanlı Beyliği,1
Ertuğrul Gazi,Sakarya,1
Ertuğrul Gazi,Eskişehir,1
Ertuğrul Gazi,Osman Bey,1
Ertuğrul Gazi,Ertuğrul Gazi ' yi Anma ve Yörük Şenlikleri,1
Bilecik,Senlikleri,1
Ertugrul Gaziyi Anma ve,Senlikleri,1
Pol Vitek,rt Edıms Gibıns,1
Osmanlı Devleti ',Söğüt,1
Kuruluşu,Söğüt,1
Osmanlı Devleti ',kuruluş süreci,1
Osmanlı Devleti ',Osmanlı Devleti ' nin Kuruluş Tarihi Problem,1
Osmanlı Devleti ',Osmanlı Devleti ' nin Kuruluşu ( Efsan,1
Osmanlı Devleti ',Osmanlı Devleti ' nin Kuruluşuna,1
Osmanlı Devleti ',İstanbul,1
Söğüt,Şeyh Edebali,1
Kuruluşu,Osmanlı Devleti ',1
Söğüt,Ulu Çınar,1
Söğüt,bons,1
Söğüt,kuruluş süreci,1
Söğüt,İstanbul,1
Osmanlı Beyliği,İznik Medres,1
Osmanlı Beyliği,İznik Orhaniyesi,1
Kuruluşu,İstanbul,1
Kuruluşu,Osmanlı Devleti ' nin Kuruluşuna,1
kuruluş süreci,İstanbul,1
Osmanlı Devleti ' nin Kuruluşu ( Efsan,Osmanlı Devleti ' nin Kuruluşuna,1
Osmanlı Devleti ' nin Kuruluş Tarihi Problem,kuruluş süreci,1
Osmanlı Devleti ' nin Kuruluş Tarihi Problem,Osmanlı Devleti ' nin Kuruluşu ( Efsan,1
Osmanlı Devleti ' nin Kuruluş Tarihi Problem,Osmanlı Devleti ' nin Kuruluşuna,1
Osmanlı Devleti ' nin Kuruluş Tarihi Problem,İstanbul,1
Osmanlı Devleti ' nin Kuruluş Tarihi Problem,Söğüt,1
Osmanlı Devleti ' nin Kuruluşu ( Efsan,kuruluş süreci,1
Osmanlı Devleti ' nin Kuruluşu ( Efsan,İstanbul,1
Kuruluşu,Osmanlı Devleti ' nin Kuruluşu ( Efsan,1
Osmanlı Devleti ' nin Kuruluşu ( Efsan,Söğüt,1
Osmanlı Devleti ' nin Kuruluşuna,kuruluş süreci,1
Osmanlı Devleti ' nin Kuruluşuna,İstanbul,1
Osmanlı Devleti ' nin Kuruluşuna,Söğüt,1
Kuruluşu,kuruluş süreci,1
Kuruluşu,Osmanlı Devleti ' nin Kuruluş Tarihi Problem,1
Paul Wittek,Pol Vitek,1
Mehmet Fuat Köprülü,rt Edıms Gibıns,1
Harun Reşid,Kutsal Roma - Germen İmparator,1
Fuat Köprülü,hukukun üstünlüğünü savunmak,1
Fridrih Giize,Köprülü,1
Friedrich Giese,Osman Bey,1
Friedrich Giese,Köprülü,1
Anadolu Selçuk,Türk,1
Anadolu Selçuk,Osmanlı Devleti,1
Anadolu Selçuk,Fuat Köprülü,1
Fuat Köprülü,İnsan hakları,1
Fridrih Giize,Osman Bey,1
Fuat Köprülü,SSCB,1
Fuat Köprülü,NATO ',1
Fuat Köprülü,Türkiye,1
Fuat Köprülü,Refik Ko raltan,1
Fuat Köprülü,Varşova Paktı,1
Fuat Köprülü,Kore Savaşı Marshall Planı Molotof Planı,1
Fridrih Giize,Friedrich Giese,1
Okyanus,Selçuk Anadolusu,1
Fuat Köprülü,Re,1
Gazi oğlu Gâzî,Sultan,1
Moğol istilası,İran,1
Moğol istilası,Selçuk,1
Moğol istilası,Türkiye,1
Moğol istilası,Türk - İslam gaza hareketinin,1
Moğol istilası,Selçuklu,1
savaş,İslam dinini,1
Gazi oğlu Gâzî,Osmanlı,1
Selçuk,İlhanî,1
Tevrat,İncil,1
Ahmedî ',name,1
Londra Üniversitesinde,bons,1
Anadolu Türkleri,İlhanî,1
Anadolu Türkleri,Selçuk,1
Selçuk,İran,1
Fuat Köprülü,fik Koraltan,1
Fuat Köprülü,ltan,1
Mehmet Fuat Köprülü,Paul Wittek,1
Ulu Çınar,bons,1
Osman Bey,Osmanlı Beyliği,1
Osman Bey,Yahşi Fakih,1
Osman Bey,Sakarya,1
Osman Bey,Söğüt,1
Osman Bey,Ulu Çınar,1
Osman Bey,bons,1
Irk,Osman,1
Osman Bey,Şeyh Edebali,1
Gibbons,Kaynak B,1
Gibbons,Kaynak A,1
Gibbons,İstanbul,1
Amerikalı,Herbert Adams Gibbons,1
Mehmet Fuat Köprülü,Osmanlı Devleti,1
Mehmet Fuat Köprülü,Pol Vitek,1
Osman Bey,gaz,1
Kur ' an,Osman Bey,1
Fuat Köprülü,Refik Ko,1
Köprülü,Osman Bey,1
Fuat Köprülü,Menderes,1
Fuat Köprülü,Paul Wittek,1
Fuat Köprülü,Türk,1
Fuat Köprülü,Osmanlı Devleti,1
Köprülü,Türk,1
Köprülü,Sultan İbrahim,1
Köprülü,Osmanlı Devleti,1
Kur ' an,Muhammed,1
Köprülü,bons,1
Sorbonne Üniversitesi,Türk Tetkikleri,1
Küçük Asya,Maveraünnehir,1
Kur ' an,Osmancık Medresesi,1
Kur ' an,İncil,1
Kur ' an,Tevrat,1
Osmanlı Beyliği,İznik,1
Osmanlı Beyliği,Söğüt,1
Osmanlı Beyliği,gaz,1
Marco Polo,Çin,1
Marko Polo,İbn Battuta,1
Marko Polo,Çin,1
Marko Polo,Uzak Doğu,1
Marko Polo,İbni Battuta,1
Marko Polo,Museum With No Frontiers,1
Marco Polo,İbn Battuta,1
Marco Polo,Uzak Doğu,1
Museum With No Frontiers,Vit No Fro,1
Marco Polo,İbni Battuta,1
Marco Polo,Museum With No Frontiers,1
Danimarka,İsveç,1
Danimarka,İrlanda,1
Danimarka,İtalya,1
Danimarka,İngiltere,1
Museum With No Frontiers,İbni Battuta,1
Museum With No Frontiers,tiyırs,1
Danimarka,Türkiye,1
Ani Arkeolojik Alanı,tavus,1
Vit No Fro,ükneddin Kılıçarslan,1
Vit No Fro,İzzeddin Keykavus,1
Vit No Fro,Viyana,1
Vit No Fro,tiyırs,1
Ebu ' l - Menüçehr Camisi,tavus,1
Ebu ' l - Menüçehr Camisi,Kars,1
Ani Arkeolojik Alanı,Kars,1
Museum With No Frontiers,Viyana,1
Ani Arkeolojik Alanı,Ebu ' l - Menüçehr Camisi,1
Museum With No Frontiers,ükneddin Kılıçarslan,1
Museum With No Frontiers,R,1
Museum With No Frontiers,İzzeddin Keykavus,1
Museum With No Frontiers,Selçuklu,1
Museum With No Frontiers,Türkiye,1
Danimarka,Strazburg,1
Danimarka,Polonya,1
Osmanlı Beyliği,alcık,1
Latin İmparatorluğu,İstanbul,1
cihat,gaza,1
örfi hukuk,İslam hukuku,1
Karahanh Devleti,Türkistan,1
Gazneli Devleti Müslüman Türk devletleri,Türkistan,1
Gazneli Devleti Müslüman Türk devletleri,Karahanh Devleti,1
Moğol,Türkiye Selçuklu,1
Haçlı Seferi ',Latin İmparatorluğu,1
Smithsonian Institution,Washington,1
Haçlı Seferi ',İstanbul,1
Manuel Komnen,Selçuklu,1
Malazgirt Ovası,Sultan Alp Arslan,1
1048,Pasinler Savaşı,1
1048,Doğu Roma,1
Galen,Hipokrat,1
Örfi hukukun,şeri hukuk,1
Smithsonian Institution,Türkiye Selçuklu Dönemi,1
Danimarka,Yıldırım Harekâtı,1
Danimarka,Kopenhag,1
Danimarka,Otto fon Bismak,1
Danimarka,Otto von Bismarck,1
Danimarka,usya,1
Danimarka,İbni Battuta,1
Danimarka,Marko Polo,1
Danimarka,Marco Polo,1
Danimarka,Museum With No Frontiers,1
Türkiye Selçuklu Dönemi,Washington,1
Kopenhag,İbni Battuta,1
Kopenhag,Marko Polo,1
Kopenhag,Marco Polo,1
Kopenhag,Museum With No Frontiers,1
Türkiye Selçuklu Dönemi,İran Türk - İslâm,1
Türkiye Selçuklu Dönemi,İslâm,1
R,Vit No Fro,1
R,tiyırs,1
R,Viyana,1
Rumeli,cıyân,1
Rumeli,Van,1
Rumeli,Şam,1
Rumeli,Selanik,1
Rumeli,İspanyol,1
Rumeli,Saruhan Aydın,1
Rumeli,Çimbi,1
Rumeli,Sarı Saltuk,1
Rumeli,Topkapı Sarayı,1
Rumeli,Rumeli Türklüğü,1
Rumeli,Çanakkale Boğazı,1
Rumeli,İznik ' in Fethi,1
Rumeli,Şehzade Murad,1
Rumeli,Tekirdağ,1
Rumeli,Tekfurdağı,1
Rumeli,Temeşvar,1
Rumeli,i Rûm,1
R,Türkiye,1
Panorama 1326 Fetih Müzesi,İznik,1
Osmanlı Beyliği,Türkmen bey,1
Osmanlı Beyliği,İnalcık,1
Osmanlı Beyliği,Şen,1
Osmanlı Beyliği,Rumeli,1
Panorama 1326 Fetih Müzesi,Âşıkpaşazade,1
Panorama 1326 Fetih Müzesi,Şeyh Edebali,1
Panorama 1326 Fetih Müzesi,nhisar,1
Rumeli,Çeşme,1
Panorama 1326 Fetih Müzesi,Türkiye Selçuklu Devleti,1
Rumeli,lu,1
Rumeli,Samsun,1
Rumeli,İttihat ve Terakki,1
Rumeli,İngiltere,1
Rumeli,Rusya,1
Rumeli,Sivrihisar,1
Rumeli,Çimpe ( Çimbi Kalesi,1
Rumeli,sistemi,1
R,TURAN GÜNEŞ,1
Münster Üniversitesi,Orta Asya,1
Münster Üniversitesi,İslâm,1
Münster Üniversitesi,Türkiye Selçuklu Dönemi,1
ükneddin Kılıçarslan,İzzeddin Keykavus,1
tiyırs,ükneddin Kılıçarslan,1
tiyırs,İzzeddin Keykavus,1
R,Çelebi Sultan Mehmet,1
Osmanlı Devleti ' nde,Rumeli,1
R,ükneddin Ahmet,1
R,lû,1
R,Zekeriya el - Kazvinî,1
R,ükneddin Kılıçarslan,1
R,İzzeddin Keykavus,1
R,Selçuklu,1
Münster Üniversitesi,İran Türk - İslâm,1
Münster Üniversitesi,Selçuklu,1
İran Türk - İslâm,İslâm,1
Jolie ( Juli ),Léo ',1
Jolie ( Juli ),Leo,1
Leo,Léo ',1
Divânü Lugâti ',Kaşgarlı Mahmud,1
Divânü Lugâti ',Ömer Hayyam,1
Divânü Lugâti ',İbni Bibi,1
Divânü Lugâti ',Selçuklu,1
- Türk,Kaşgarlı Mahmud,1
- Türk,Divânü Lugâti ',1
- Türk,Ömer Hayyam,1
- Türk,Cezeri,1
- Türk,İbni Bibi,1
- Türk,Selçuklu,1
Osmanlı Devleti ' nde,sistemi,1
Arnavutluk,Finlandiya,1
Arnavutluk,İngiltere,1
Arnavutluk,Avusturya,1
Acemi Oğlanlar Ocağı,Yeniçeri Asker Ocağı,1
Orta Anadolu,Saruhan Aydın,1
Orta Anadolu,Rumeli,1
Ordu sistemi,Toprak sistemi,1
Hukuk sistemi,Toprak sistemi,1
Hukuk sistemi,Ordu sistemi,1
Yeniçeri Asker Ocağı,Yeniçeri Ocağı,1
Acemi Oğlanlar Ocağı,Yeniçeri Ocağı,1
Karesi,Rumeli,1
Anakara Savaşı,İstanbul,1
Anakara Savaşı,Osmanlı Devleti,1
Meriç,Tunca,1
Kantakuzen,İstanbul,1
Kantakuzen,Rumeli,1
Biga,Marmara,1
Orta Anadolu,Trakya,1
Karesi,Orta Anadolu,1
Andronikos III,Marmara,1
Johannis Anagnostis,Selânik,1
Selanik,Yunanistan,1
Selanik,Silistre,1
Selanik,Sırbistan,1
Selanik,İspanyol,1
Selanik,Üsküp,1
Selanik,Terhala,1
Saruhan Aydın,Trakya,1
Karesi,Saruhan Aydın,1
Menteşe,Trakya,1
Menteşe,Saruhan Aydın,1
Menteşe,Orta Anadolu,1
Menteşe,Rumeli,1
Karesi,Trakya,1
Karesi,Menteşe,1
Andronikos III,Biga,1
Bapheus Zaferi,Bizans,1
Selanik,Zübeyde Hanım,1
Akşemseddin,İstanbul,1
Akşemseddin,ülâh,1
Akşemseddin,Göynük,1
Akşemseddin,âtih,1
Akşemseddin,Ebû Eyyûb el Ensârî,1
Akşemseddin,Fâtih,1
Akşemseddin,Edirne,1
Akşemseddin,Hacı Bayram,1
Akşemseddin,ûriyye,1
Akşemseddin,Akşeyh,1
Akşemseddin,Nabi,1
Akşemseddin,Matrakçı Nasuh,1
Akşemseddin,Evliya Çelebi,1
Akşemseddin,Kâtip Çelebi,1
Akşemseddin,Buhurizade Mustafa Itri Efendi,1
Akşemseddin,Risâlet,1
Akşemseddin,Def ',1
Bapheus Zaferi,Bitinya,1
Malazgird meydanı,İran,1
Koyunhisar Savaşı ',Orhan,1
Bapheus Savaşı,Orhan,1
Bapheus Savaşı,Koyunhisar Savaşı ',1
Bapheus Savaşı,Edirne ' nin Fethi 1361,1
Edirne ' nin Fethi 1361,Orhan,1
Edirne ' nin Fethi 1361,Koyunhisar Savaşı ',1
Malazgird meydanı,Moğol istilası,1
Akşemseddin,Evliyâ,1
Malazgird meydanı,Selçuk,1
Osmanlı Devleti ' nin Kuruluşu,Paul Wittek,1
Adams Gibbons,Paul Wittek,1
Adams Gibbons,Osmanlı Devleti ' nin Kuruluşu,1
Sultan II,İspanya,1
Sultan II,Yıldırım Bayezid Han,1
Selanik,Trakya,1
Selanik,Şam,1
Demirköy,Fatih Dökümhanesi,1
Sırp Despotluğu,oğulları,1
Mora,Sofya,1
Mehmet Han,Osmanlı Devleti,1
Mehmet Han,Şehzade Orhan,1
Mehmet Han,Çorlu,1
Mehmet Han,Mora,1
Mehmet Han,Sofya,1
Kasr - ı Şirin Antlaşması,Van,1
Mora,Pasarofça,1
Kasr - ı Şirin Antlaşması,Kerkük,1
Kasr - ı Şirin Antlaşması,Musul,1
Kasr - ı Şirin Antlaşması,Revan,1
Kasr - ı Şirin Antlaşması,Kıbrıs ' ın Fethi,1
Girit ' in Fethi ve Bucaş Antlaşması,Kıbrıs ' ın Fethi,1
Girit ' in Fethi ve Bucaş Antlaşması,Hint Deniz Seferleri,1
Mora,Prut Zaferi,1
Mora,Yunan,1
Ferhat Paşa Antlaşması,Hint Deniz Seferleri,1
Cen,İstanbul,1
( Boğazkesen ) Hisar,Anadolu,1
( Boğazkesen ) Hisar,İstanbul ' un Fethi,1
( Boğazkesen ) Hisar,IMPEXATORIS,1
IMPEXATORIS,İstanbul ' un Fethi,1
Cen,Venedik,1
Cen,Osmanlı Devleti,1
Çorlu,Şehzade Orhan,1
Mora,Osmanlı,1
Çorlu,İstanbul,1
Mora,Suriye,1
Mora,alalı,1
Mora,Rum İsyanı,1
Mora,İngiltere,1
Mora,Petesburg,1
Ferhat Paşa Antlaşması,Kıbrıs ' ın Fethi,1
Hint Deniz Seferleri,Portekiz,1
Larissa,Sofya,1
Cihan Devleti Hâline Gelmesi,Osmanlı Devleti,1
Celâli,Tebriz,1
Celâli,Osmanlı,1
Mohaç Muharebesi,İstanbul ' un Fethi,1
Mohaç Muharebesi,İstanbul,1
Mohaç Muharebesi,Topkapı Sarayı Müzesi Kütüphanesi,1
an devleti,sömürgecilik,1
' nin,Cihan Devleti Hâline Gelmesi,1
Kırım ' ın Fethi,İspanya,1
' nin,Osmanlı Devleti,1
Saatli Medres,Üç Şerefeli Cami ve,1
Terhala,Üsküp,1
Larissa,Üsküp,1
Larissa,Terhala,1
Larissa,Selanik,1
Kırım ' ın Fethi,İstanbul ' un Fethi,1
Kırım ' ın Fethi,Çaldıran Savaşı,1
Hint Deniz Seferleri,Kanuni Sultan Süleyman,1
Preveze Deniz Savaşı,kapitülasyon,1
Hint Deniz Seferleri,Medine,1
Hint Deniz Seferleri,Mekke,1
Hint Deniz Seferleri,Kasr - ı Şirin Antlaşması,1
kapitülasyon,İstanbul Antlaşması,1
Preveze Deniz Savaşı,İstanbul Preveze Deniz Savaşı ',1
Preveze Deniz Savaşı,kapitülasyonlar,1
Viyana Kuşatması,kapitülasyonlar,1
Kırım ' ın Fethi,Mısır Seferi,1
Viyana Kuşatması,kapitülasyon,1
Mısır Seferi,Osmanlı Devleti,1
Mısır Seferi,İspanya,1
Mısır Seferi,İstanbul ' un Fethi,1
Çaldıran Savaşı,İspanya,1
Çaldıran Savaşı,İstanbul ' un Fethi,1
Akşemseddin,Sabuncuoğlu Şerefeddin,1
Akşemseddin,Piri Reis,1
Akşemseddin,Mimar Sinan,1
Abdurrahman el - Bistamî,Şemseddin el - Cezerî,1
' 1 Gazi Mihal Camisi,Anadolu Beylik,1
' 1 Gazi Mihal Camisi,Edirne,1
Georgios Gemistos Plethon,Osmanlı,1
Georgios Gemistos Plethon,Yıldırım Bayezid,1
İbn Arabşah,Şemseddin el - Cezerî,1
Abdurrahman el - Bistamî,İbn Arabşah,1
Abdurrahman el - Bistamî,Mecdeddin el - Firuzâbâdî,1
' 1 Gazi Mihal Camisi,Osmanlı,1
Abdurrahman el - Bistamî,Osmanlı,1
Mecdeddin el - Firuzâbâdî,İbn Arabşah,1
Mecdeddin el - Firuzâbâdî,Şemseddin el - Cezerî,1
Mecdeddin el - Firuzâbâdî,Osmanlı,1
Ahmed - i Dâî,Bedreddin el - Simavî,1
Ahmed - i Dâî,Ahmedî,1
' 1 Gazi Mihal Camisi,Osmanli Dönemi,1
Anadolu Beylik,Edirne,1
Ahmed - i Dâî,Kadı - zâde Şemseddin el - Fenarî,1
Buhari,Müslim bin Haccac,1
Os,manlı Devleti,1
Os,manlı,1
Gazali,Muhyiddin Arabi,1
Attar,Muhyiddin Arabi,1
Attar,Gazali,1
Kuran,Müslim bin Haccac,1
Buhari,Kuran,1
Anadolu Beylik,Osmanli Dönemi,1
Devlet Hatun,Mevlana Celaleddin Rumi,1
Devlet Hatun,Yıldırım Bayezid,1
Gazi Mihal Camisi,Osmanlı Dönemi,1
Gazi Mihal Camisi,Selçuklu,1
Osmanli Dönemi,Osmanlı,1
Anadolu Beylik,Osmanlı,1
Ahmed - i Dâî,Hoca Paşa,1
Bedreddin el - Simavî,Hoca Paşa,1
Akşemseddin,Ali Kuşçu,1
T,ceddin - i Kürdî,1
Osmanlı devleti,Selçuklular,1
Selçuklular,İran,1
Manastır Medres,Orhan Gazi Medres,1
Manastır Medres,Orhan Gazi,1
T,Türk Mukavemet Teşkilatı,1
T,Volkan Teşkilatı,1
Alâeddin Ali Esved,ceddin - i Kürdî,1
Nikaia,İznik,1
Alâeddin Ali Esved,T,1
Alâeddin Ali Esved,Dâvûd - i Kayserî,1
Dâvûd - i Kayserî,ceddin - i Kürdî,1
Dâvûd - i Kayserî,T,1
İznik Medres,İznik Orhaniyesi,1
Grigoryos Palamas,Selânik,1
Osmanlı devleti,İran,1
Antakyalı Abdürrahman - ül - Bistamî,İznik,1
Bedreddin el - Simavî,Kadı - zâde Şemseddin el - Fenarî,1
Halil Paşa,Haliliye Medres,1
Ahmedî,Bedreddin el - Simavî,1
Ahmedî,Hoca Paşa,1
Ahmedî,Kadı - zâde Şemseddin el - Fenarî,1
Hoca Paşa,Kadı - zâde Şemseddin el - Fenarî,1
Haliliye Medres,Mehmet ',1
Halil Paşa,Kut ' ül - Amâre Zaferi,1
Halil Paşa,Mehmet ',1
Antakyalı Abdürrahman - ül - Bistamî,Nikaia,1
Çelebi Sultan Mehmet,ükneddin Ahmet,1
lû,Çelebi Sultan Mehmet,1
lû,ükneddin Ahmet,1
Zekeriya el - Kazvinî,Çelebi Sultan Mehmet,1
Zekeriya el - Kazvinî,ükneddin Ahmet,1
Zekeriya el - Kazvinî,lû,1
Os,Rusya,1
Hacı Bayram Veli,Molla Fenari,1
Hacı Bayram Veli,Somuncu Baba,1
Akaton,Kindi,1
Harezmi,Sabit bin Kurra,1
Harezmi,Kindi,1
Akaton,İznik Medres,1
Akaton,İbni Heysem,1
Akaton,Sabit bin Kurra,1
Akaton,Harezmi,1
Akaton,Aristoteles,1
Harezmi,İznik Medres,1
Merağa Okulu,Osmanlı,1
Merağa Okulu,Selçuklu,1
Merağa Okulu,İbnülarabi,1
Merağa Okulu,Tebriz,1
Merağa Okulu,Şam,1
Tebriz,İran,1
Harezmi,İbni Heysem,1
Kindi,Sabit bin Kurra,1
Hacı Bayram Veli,Sultan,1
Hundî Fatma Sultan,Yıldırım Bayezid,1
Akşemseddin,Osmanlı Devleti,1
Akşemseddin,Fatih Sultan Mehmet Han,1
Akşemseddin,Fatih Sultan Mehmet,1
Eski Cami,Murad,1
Molla Fenari,Somuncu Baba,1
Bursa Ulu Cami,Yıldırım Bayezid,1
hisar,şıkpaşazade,1
Kindi,İbni Heysem,1
Şeyh Ebebali,Şeyh Edebali,1
Davud - i Kayseri ',İznik Medres,1
İbni Heysem,İznik Medres,1
Sabit bin Kurra,İznik Medres,1
Sabit bin Kurra,İbni Heysem,1
Kindi,İznik Medres,1
Tebriz,İbnülarabi,1
Tebriz,Şam,1
Tebriz,İznik,1
D - İ KAYSERİ,Panorama 1326 Fetih Müzesi,1
Tokat,İran,1
Tokat,i Sartak,1
Tokat,amiye,1
Tokat,sar,1
DA,Panorama 1326 Fetih Müzesi,1
DA,Davud - i Kayseri,1
D - İ KAYSERİ,Davud - i Kayseri,1
- i Kayseri,İznik,1
D - İ KAYSERİ,DA,1
Âşıkpaşazade Tarihi,Şeyh Edebali,1
Osman Gazi Malhun Hatun,Şeyh Edebali,1
Edebal,Hak Teâlâ,1
Âşıkpaşazade,Şeyh Edebali,1
Hacı Bayram Veli,Yıldırım Bayezid Han,1
Tokat,Yavuz Sultan Selim Han,1
Tokat,oklu Şeyh Celâl,1
Tokat,Çorum,1
Save,Tokat,1
Save,sar,1
Save,amiye,1
Save,i Sartak,1
Save,İran,1
amiye,sar,1
amiye,i Sartak,1
amiye,İran,1
i Sartak,sar,1
i Sartak,İran,1
sar,İran,1
- i Kayseri,Tebriz,1
- i Kayseri,Orhan Gazi,1
- i Kayseri,Osmanlı,1
Demirköy,Kırklareli,1
Fatih Dökümhanesi,Kırklareli,1
Grigorios Palamas,Grigoryos Palamas,1
Leh,Sejm [ Leh Meclisi,1
Leh,Papalık,1
Leh,Macar,1
Leh,İspanyol,1
Leh,Osmanlı,1
Leh,İstanbul,1
Leh,dolya,1
Leh,burg,1
Leh,Rus,1
Leh,s,1
Leh,Rusya,1
Leh,Lehistan,1
Leh,Osmanlı ordusu,1
Leh,Litvanya,1
Fatih Sultan Mehmed,İstiklal Savaşı,1
Leh,Ukrayna,1
Leh,Ukraynalı,1
Fatih Sultan Mehmed,Teşkilat Kanunnamesi,1
Dinyeper,Don,1
Ali Kuşçu,Osmanlı Devleti,1
Ali Kuşçu,İstanbul,1
Ali Kuşçu,Fatih Sultan Mehmet Han,1
Hüma Hatun,Murad,1
Dinyeper,Karadeniz,1
Dinyeper,Kırım,1
Dinyeper,Rusya,1
Leh,Sırp,1
Don,Karadeniz,1
Don,Kırım,1
Don,Rusya,1
Tatar,kır,1
Leh,Slovak,1
Leh,Sloven,1
Fatih Sultan Mehmed,Mütareke Dönemi,1
Fatih Sultan Mehmed,Kırım,1
Ali Kuşçu,Piri Reis,1
Can,Karadeniz Bölgesi,1
Can,ber,1
Can,Zünnun,1
Can,Kanuni Sultan Süleyman,1
Can,Kırım,1
Can,Karadeniz,1
Can,oğulları Beyliği,1
Suğdak,Trabzon,1
Karadeniz Bölgesi,oğulları Beyliği,1
Boğdan,Londra Protokolü,1
Boğdan,Dakya Projesi,1
Boğdan,Tuna Nehri,1
Boğdan,Kırım,1
Boğdan,Rus,1
Boğdan,Kırım Hanlığı,1
Can,Kalender Şah,1
Karadeniz Bölgesi,Kırım,1
Kırım,İngiltere,1
Kırım,Türkiye,1
Kırım,Sivastopol,1
Kırım,Lehistan,1
Kırım,Çeşme,1
Kırım,Rumeli,1
Kırım,Osmanlı İmparatorluğu,1
Kırım,Kırım Türk,1
Kırım,Petersburg,1
Kırım,oğulları Beyliği,1
Kırım,Tuna Nehri,1
Kırım,Osmanlı - Rus savaşı,1
Kırım,Mahmut,1
Kırım,Ukrayna,1
Kırım,Özi Nehri,1
Kırım,ı Hümâyun,1
Ali Kuşçu,Mimar Sinan,1
Ali Kuşçu,Sabuncuoğlu Şerefeddin,1
Fatih Sultan Mehmet Han,Sultan Mehmet bin Murad Han,1
Bayezid Han,İspanyol,1
Aragon,ya,1
Aragon,Kas,1
Aragon,Isabella ( Izabella ),1
Mehmet Bey,İstanbul,1
Mehmet Bey,Topkapı Sarayı Müzesi Kütüphanesi,1
Bayezid Han,Benî Ahmer Devleti,1
Bayezid Han,Cem Sultan,1
Aragon,İspanya,1
Bayezid Han,Osmanlı Devleti,1
Bayezid Han,İstanbul,1
Bayezid Han,Topkapı Sarayı Müzesi Kütüphanesi,1
Bayezid Han,Mehmet Bey,1
Modon,Venedik,1
Boğdan voyvodas,Kırım,1
Aragon,Isabella ( İzabella ),1
Fernando,Isabella ( Izabella ),1
Akkirman,Kili,1
ya,İspanya,1
ELGRAV Endülüs Emevi Devleti,İslam,1
ELGRAV Endülüs Emevi Devleti,Endülüs,1
ya,Çekoslovakya,1
ya,İtalya,1
ya,İngiltere,1
ya,İstanbul Hükûmet,1
Isabella ( İzabella ),İspanya,1
Fernando,Kas,1
Isabella ( İzabella ),ya,1
Isabella ( İzabella ),Kas,1
Isabella,Sultan II,1
Fernando,İspanya,1
Fernando,Isabella ( İzabella ),1
Fernando,ya,1
Boğdan Seferi,Kili,1
Akkirman,Boğdan Seferi,1
Ali Kuşçu,Buhurizade Mustafa Itri Efendi,1
Fatih Camisi,Fatih Sultan Mehmet Han,1
Cem Sultan,Temsilî ),1
Cem Sultan,Devleti,1
Cem Sultan,Yenişehir Savaşı,1
Yeni,Çağ,1
Yeni,se,1
Fatih Camisi,İstanbul,1
Sahn - ı Semân,İstanbul ' un Fethi,1
Cem Sultan,Roma,1
Bellini ',İstanbul,1
Bellini ',Venedik,1
Ali Kuşçu,Nabi,1
Ali Kuşçu,Matrakçı Nasuh,1
Ali Kuşçu,Evliya Çelebi,1
Ali Kuşçu,Kâtip Çelebi,1
Cem Sultan,Fransa,1
Cem Sultan,İspanyol,1
Akkirman,Bayezid,1
Rodos,İstanbul,1
Koron,Venedik,1
Ramazanoğlu,lû,1
Dulkadiroğlu,Osmanlı Devleti,1
Dulkadiroğlu,lû,1
Dulkadiroğlu,Ramazanoğlu,1
Rodos,İtalya,1
Rodos,Roma,1
Bayezid ( Temsilî ) Cem Sultan,Temsilî ),1
Rodos,Temsilî ),1
Bayezid ( Temsilî ) Cem Sultan,Osmanlı Devleti,1
Bayezid ( Temsilî ) Cem Sultan,Roma,1
Bayezid ( Temsilî ) Cem Sultan,Fransa,1
Bayezid ( Temsilî ) Cem Sultan,Rodos,1
Bayezid ( Temsilî ) Cem Sultan,Cem Sultan,1
Boğdan,Mekke Şerifliği,1
Boğdan,Genç Osman (,1
Boğdan,Ukrayna,1
Ayasofya - i Kebir Vakfı,Fatih Sultan Mehmet Han,1
Emevi,Mehmed,1
Genç Mehmed,Osmanlı,1
Ermeni Patrikliği,Ortodoks Patrikliği,1
Ermeni Patrikliği,İstanbul,1
Ortodoks Patrikliği,İstanbul,1
Ayasofya - i Kebir Vakfı,Fatih Külliyesi,1
Fatih Külliyesi,Fatih Sultan Mehmet Han,1
Mehmed,Muaviye,1
Fatih,Kadîm,1
Fatih,Kanuni,1
Fatih,Yavuz,1
Fatih,Süleymaniye,1
Fatih,Mimar Sinan,1
Fatih,Zeyrek Çinili Hamam,1
Emevi,Muaviye,1
Ayasofya Kilisesi,İmparator Justinianus,1
Fatih,Mehmet Han,1
Fatih ',Osmanlı ordusu,1
BULGARISTAN Otranto 1479,OYUNLULAR,1
BULGARISTAN Otranto 1479,Edirne istanbul,1
BULGARISTAN Otranto 1479,S 14,1
' un Fethi,Osmanlı Devleti,1
Fatih ',Topkapı Sarayı,1
Fatih ',İstanbul,1
Osmanlı payitaht,Tuna,1
Ayasofya Kilisesi,Bizans İmparatorluğu,1
Kırım Yarımadası,Osmanlı payitaht,1
Kırım Yarımadası,Tuna,1
Bizans İm paratorluğu,İtalyan,1
Bizans İm paratorluğu,Karadeniz,1
Buda,Viyana,1
Buda,Roma,1
Fatih,Osmanlı,1
Bizans kara,İstanbul,1
Boğdan,Polonya,1
Fatih Sultan Mehmet Han,II,1
Fatih Sultan Mehmet Han,Tobias Stimmer,1
Fatih Sultan Mehmet Han,Türkistan,1
Fatih Sultan Mehmet Han,Nakkaş Sinan Bey,1
Fatih Sultan Mehmet Han,lû,1
Fatih Sultan Mehmet Han,se,1
Fatih Sultan Mehmet Han,Yeni,1
Fatih Sultan Mehmet Han,Karadeniz,1
Fatih Sultan Mehmet Han,Spe,1
Fatih Sultan Mehmet Han,Osmanlı Devleti,1
Fatih Sultan Mehmet Han,İstanbul ' un Fethi,1
Fatih Sultan Mehmet Han,Kibris Kralligi Osmanli Devleti Ramazanogullar Dulkadirogullari Kara Savasi Deniz Savasi,1
Fatih Sultan Mehmet Han,OYUNLULAR,1
Fatih Sultan Mehmet Han,S 14,1
Fatih Sultan Mehmet Han,Istanbul,1
Fatih Sultan Mehmet Han,Mehmet,1
Fatih Sultan Mehmet Han,lum Romanae Magnificentiae,1
Ceneviz,Karadeniz,1
Ceneviz,Floransa,1
Ceneviz,Portekiz,1
Ceneviz,Papalık,1
Ceneviz,Lehistan,1
Ceneviz,İsveç,1
Ceneviz,İspanya,1
Ceneviz,İngiltere,1
Ceneviz,Felemenk,1
Fî,sene semân,1
Ceneviz,Orhan Gazi,1
Ceneviz,Doğu Roma,1
Ceneviz,Ege,1
145,Ayasofya,1
Konstantinos Palaylogos,Konstantinos Paleologos,1
Sultan Murad Han oğlu Sultan Mehmet,i recep,1
BULGARISTAN Otranto 1479,"Dulkadirogullar, Ramazanogullari",1
BULGARISTAN Otranto 1479,Kibris Kralligi Osmanli Devleti Ramazanogullar Dulkadirogullari Kara Savasi Deniz Savasi,1
BULGARISTAN Otranto 1479,İstanbul ' un Fethi,1
Halil Bey,Osmanlı Devleti,1
Memlûk Devleti,Yavuz Sultan Selim,1
Memlûk Devleti,lû,1
Memlûk Devleti,Safevi Devleti,1
Memlûk Devleti,Trablusgarp Osmanlı Devleti,1
Memlûk Devleti,Yakup Bey,1
Uzun Hasan,Yakup Bey,1
Halil Bey,Yakup Bey,1
Memlûk Devleti,Ridaniye,1
Halil Bey,Uzun Hasan,1
Halil Bey,Otlukbeli Savaşı,1
Otlukbeli Savaşı,Yakup Bey,1
Otlukbeli Savaşı,Uzun Hasan,1
Akkoyunlu Hüküm,Yakup Bey,1
Akkoyunlu Hüküm,Halil Bey,1
Memlûk Devleti,Mercidabık,1
Memlûk Devleti,Osmanlı Devleti,1
BULGARISTAN Otranto 1479,Fatih Sultan Mehmet Han,1
Kefe,Suğdak,1
Boğdan,Devleti,1
Boğdan,Suğdak,1
Boğdan,Kefe,1
Boğdan,Trabzon,1
Boğdan,Sinop,1
Kefe,Kırım,1
Kefe,Sinop,1
Akkoyunlu,Karakoyunlu,1
Amasra,Devleti,1
Amasra,Boğdan,1
Amasra,Suğdak,1
Amasra,Kefe,1
Amasra,Trabzon,1
Amasra,Sinop,1
Akkoyunlu Hüküm,Uzun Hasan,1
Akkoyunlu Hüküm,Otlukbeli Savaşı,1
Akkoyunlu Devleti,Osmanlı Devleti,1
OYUNLULAR,S 14,1
"Dulkadirogullar, Ramazanogullari",Kibris Kralligi Osmanli Devleti Ramazanogullar Dulkadirogullari Kara Savasi Deniz Savasi,1
"Dulkadirogullar, Ramazanogullari",OYUNLULAR,1
"Dulkadirogullar, Ramazanogullari",Edirne istanbul,1
"Dulkadirogullar, Ramazanogullari",S 14,1
OYUNLULAR,Osmanlı Devleti,1
OYUNLULAR,İstanbul ' un Fethi,1
Edirne istanbul,Osmanlı Devleti,1
Akkoyunlu Devleti,Anadolu,1
Edirne istanbul,Fatih Sultan Mehmet Han,1
Edirne istanbul,İstanbul ' un Fethi,1
Edirne istanbul,Kibris Kralligi Osmanli Devleti Ramazanogullar Dulkadirogullari Kara Savasi Deniz Savasi,1
Edirne istanbul,OYUNLULAR,1
Edirne istanbul,S 14,1
BULGARISTAN Otranto 1479,Osmanlı Devleti,1
"Dulkadirogullar, Ramazanogullari",İstanbul ' un Fethi,1
"Dulkadirogullar, Ramazanogullari",Fatih Sultan Mehmet Han,1
"Dulkadirogullar, Ramazanogullari",Osmanlı Devleti,1
Kibris Kralligi Osmanli Devleti Ramazanogullar Dulkadirogullari Kara Savasi Deniz Savasi,S 14,1
Kibris Kralligi Osmanli Devleti Ramazanogullar Dulkadirogullari Kara Savasi Deniz Savasi,OYUNLULAR,1
Kibris Kralligi Osmanli Devleti Ramazanogullar Dulkadirogullari Kara Savasi Deniz Savasi,İstanbul ' un Fethi,1
Kibris Kralligi Osmanli Devleti Ramazanogullar Dulkadirogullari Kara Savasi Deniz Savasi,Osmanlı Devleti,1
S 14,İstanbul ' un Fethi,1
Ege ) Denizi,Fatih,1
Ege ) Denizi,Kuzey Afrika,1
Ege ) Denizi,Habsburg,1
Ege ) Denizi,Papa,1
Ege ) Denizi,Venedik,1
Akkoyunlu Devleti,Otlukbeli Savaşı,1
Akkoyunlu Devleti,Memlûk Devleti,1
Akkoyunlu Devleti,İran,1
Akkoyunlu Devleti,Safevi,1
Grigorios Palamas,Selânik,1
Kösedağ Savaşı ',İran,1
Arnavutluk,Çekoslovakya,1
Beypazarı,Sivrihisar,1
Beypazarı,Tokat,1
Beypazarı,Sevr Antlaşması ',1
Beypazarı,Damat Ferit,1
Beypazarı,Çandarlıoğlu Süleyman Çelebi,1
Beypazarı,Beyşehir,1
Beypazarı,Karahisar,1
Yanoş Hunyadi,nos Hunyadi,1
Beypazarı,Kırşehir,1
J,Osmanlı,1
J,Yanoş Hunyadi,1
J,nos Hunyadi,1
J,Osmanlı Devleti,1
Belgrad,Pasarofça Antlaşması ',1
Belgrad,Erdel,1
Beypazarı,Çankırı,1
Beypazarı,Koçhisar,1
Belgrad,Venedik,1
Akşehir,Oklukhisarı,1
Edirne - Segedin Antlaşması,Sırp Krallığı,1
Edirne - Segedin Antlaşması,Macar Krallığı,1
Edirne - Segedin Antlaşması,Osmanlı Devleti,1
Macar Krallığı,Mohaç Savaşı,1
Macar Krallığı,Tuna,1
Macar Krallığı,Sırp Krallığı,1
Akşehir,Seydişehir,1
Beypazarı,Erzurum,1
Akşehir,Karaman,1
Akşehir,Karahisar,1
Akşehir,Ankara,1
Akşehir,Beypazarı,1
Akşehir,Sivrihisar,1
Beypazarı,Millet Meclisi,1
Belgrad,Rusya,1
Belgrad,Murad Han,1
Edirne - Segedin Antlaşması,Mehmet,1
Mustafa Çelebi,Osmanlı Devleti,1
Fet,Musa Çelebi,1
Mehmet Çelebi,İsa Çelebi,1
Mehmet Çelebi,Süleyman Çelebi,1
Mehmet Çelebi,Musa Çelebi,1
Mustafa Çelebi,Semerkand,1
Mustafa Çelebi,Yıldırım Bayezid,1
Musa Çelebi,İsa Çelebi,1
Fet,Mehmet Çelebi,1
Musa Çelebi,Süleyman Çelebi,1
Musa Çelebi,Semerkand,1
Musa Çelebi,Mustafa Çelebi,1
Musa Çelebi,Yıldırım Bayezid,1
Musa Çelebi,Osmanlı Devleti,1
Kosova Savaşı,Yunanistan,1
Fet,Süleyman Çelebi,1
Fet,İsa Çelebi,1
Semendire,Sırp Despotluğu ',1
Hamidoğulları,İzmir,1
Candaroğulları,Hamidoğulları,1
Candaroğulları,Karamanoğulları,1
Candaroğulları,Osmanlı,1
Candaroğulları,İzmir,1
Hamidoğulları,Karamanoğulları,1
Hamidoğulları,Osmanlı,1
Mehmet,aniçe,1
Mehmet,Rumeli,1
Mehmet,lum Romanae Magnificentiae,1
Mehmet,Spe,1
Mehmet,Metropolitan Müzesi,1
Mehmet,New York Halk Kütüphanesi Dijital Koleksiyon,1
Mehmet,Panorama 1326 Fetih Müzesi,1
Mehmet,liği,1
Edirne - Segedin Antlaşması,Tuna,1
Edirne - Segedin Antlaşması,Macar,1
Dönemi,Orhan Bey,1
Dursun Fakih,şıkpaşazade,1
Hasan Alp,Turgut Alp,1
Hasan Alp,İnegöl,1
Hasan Alp,Yarhisar,1
Dursun Fakih,Selçuklu,1
Dursun Fakih,Germiyan,1
Dursun Fakih,hisar,1
Dursun Fakih,Karacahisar,1
Turgut Alp,Yarhisar,1
Dursun Fakih,Edebalı,1
Dursun Fakih,Osmanlı,1
Dursun Fakih,Gündüz Alp subaşı,1
Ankara Savaşı ve II,"Kosova Savaşı,",1
Rumeli ',İznik ' in Fethi,1
Kosova Muharebesi,Osmanlı,1
Yarhisar,İnegöl,1
Turgut Alp,İnegöl,1
Despotu Brankoviç,Sırp,1
Abdurrahman Gazi,Konur Alp,1
Köse Mihal,Osman Gazi,1
Konur Alp,Köse Mihal,1
Konur Alp,Turgut Alp,1
Konur Alp,Osman Gazi,1
Abdurrahman Gazi,Köse Mihal,1
Abdurrahman Gazi,Turgut Alp,1
Abdurrahman Gazi,Akça Koca,1
Akça Koca,Doğu Roma,1
Abdurrahman Gazi,Osman Gazi,1
Abdurrahman Gazi,Doğu Roma,1
Akça Koca,Köse Mihal,1
Akça Koca,Turgut Alp,1
Akça Koca,Konur Alp,1
Akça Koca,Osman Gazi,1
Varna Savaşı ',İstanbul,1
János Hunyadi,Kosova,1
Edirne - Segedin Antlaşması,liği,1
Murad Han,Stanislov Hılebovski,1
Eflak,Murad Han,1
Murad Han,Sultan III,1
Murad Han,Safevi,1
Murad Han,Rev,1
Murad Han,Uzunköprü,1
Murad Han,Varna Savaşı,1
Murad Han,İstanbul Stanislaw Chlebowski,1
Eflak,na Savaşı,1
Murad Han,Topkapı Sarayı Müzesi Kütüphanesi,1
Murad Han,Nakkaş Osman,1
Murad Han,na Savaşı,1
Murad Han,Var,1
Oklukhisarı,Seydişehir,1
Sırp Krallığı,Tuna,1
Eflak,Var,1
Eflak,Macar,1
János Hunyadi,Sırp Despotluğu,1
Eflak,Londra Protokolü,1
Harbiye Askerî Müzesi,İstanbul,1
Varna Savaşı,İstanbul Stanislaw Chlebowski,1
Stanislov Hılebovski,Varna Savaşı,1
Stanislov Hılebovski,İstanbul Stanislaw Chlebowski,1
Stanislov Hılebovski,Topkapı Sarayı Müzesi Kütüphanesi,1
Var,na Savaşı,1
Eflak,Tuna Nehri,1
Eflak,Polonya,1
Eflak,Kırım,1
Eflak,Kırım Hanlığı,1
Eflak,Mekke Şerifliği,1
Eflak,Salyaneli Eyaletler,1
Eflak,ar,1
Eflak,Ukrayna,1
Kosova Savaşı,Sırp Devleti,1
Kosova Savaşı,Semerkand,1
Kosova Savaşı,Mustafa Çelebi,1
Emîr Timur,Osmanlı Devleti,1
Altın Orda Devleti,Anadolu,1
Altın Orda Devleti,Hindistan,1
Mâverâünnehir,Türkistan,1
Mâverâünnehir,Semerkand,1
Emîr Timur,Mustafa Çelebi,1
Emîr Timur,Musa Çelebi,1
Emîr Timur,Kosova Savaşı,1
Altın Orda Devleti,Azerbaycan,1
Emîr Timur,Çubuk Ovası,1
Emîr Timur,Hindistan,1
Emîr Timur,Türkistan,1
Emîr Timur,Mâverâünnehir,1
Memlûk,İstanbul,1
Memlûk,Mısır,1
Altın Orda Devleti,Emîr Timur,1
Celâyirli,Sultan Ahmet Celâyir,1
Memlûk,Ridaniye,1
Ankara Savaşı,Musa Çelebi,1
Ankara Savaşı,Timur,1
Ankara Savaşı,Rumeli,1
Ankara Savaşı,Bizans İmparatorluğu,1
Ankara Savaşı,Bayezid,1
Ankara Savaşı,Semerkand,1
Ankara Savaşı,Mustafa Çelebi,1
Ankara Savaşı,Kosova Savaşı,1
Celâyirli,Karakoyunlu Türkmen Bey,1
Sultan Ahmet Celâyir,i Kara Yusuf,1
Karakoyunlu Türkmen Bey,Osmanlı Devleti,1
Karakoyunlu Türkmen Bey,i Kara Yusuf,1
Karakoyunlu Türkmen Bey,Sultan Ahmet Celâyir,1
Celâyirli,Osmanlı Devleti,1
Celâyirli,i Kara Yusuf,1
Memlûk,Memlûk Devleti,1
Memlûk,Mercidabık,1
Kosova Savaşı,Musa Çelebi,1
Arnavutluk,Lübnan,1
Arnavutluk,Doğu Almanya,1
Arnavutluk,Çin,1
Arnavutluk,Cominform,1
Arnavutluk,Rusya,1
Arnavutluk,Balkan Antantı ',1
Arnavutluk,İsviçre,1
Arnavutluk,Pakistan,1
Arnavutluk,Ye,1
Arnavutluk,Japonya,1
Arnavutluk,Macaristan,1
Arnavutluk,Fransa,1
Arnavutluk,Türkiye,1
Arnavutluk,Brezilya,1
Arnavutluk,Güney Afrika,1
Arnavutluk,Küba,1
Arnavutluk,men,1
Memlûk,İspanyol,1
Niğbolu Savaşı ',Osmanlı Devleti,1
Memlûk,İlhanlı,1
Memlûk,Türkiye Selçuklu,1
Memlûk,Timur Devleti,1
Akçay Savaşı,Karamanoğlu Beyliği,1
Niğbolu Zaferi ',Osmanlı Devleti,1
Niğbolu Savaşı ',İslam,1
Haçlı sefer,Osmanlı Devleti,1
Arnavutluk,Doğu Ak,1
Haçlı sefer,Manuel,1
Eflak Prensliği,Semendire,1
Eflak Prensliği,Sırp Despotluğu ',1
Eflak Prensliği,Osmanlı Devleti,1
Bulgar Krallığı,Eflak Prensliği,1
Bulgar Krallığı,Osmanlı Devleti,1
Yıldırım Bayezid,İstanbul,1
Yıldırım Bayezid,Çubuk Ovası,1
Yıldırım Bayezid,ne,1
Bayezid,Venedik,1
Bayezid,Şahkulu,1
Bayezid,Şah İsmail,1
Bayezid,Teke,1
Bayezid,Trabzon,1
Bayezid,Kefe,1
Bayezid,Karadeniz,1
Bayezid,Yavuz Sultan Selim,1
Menteşe Bey,Saruhan,1
Bayezid,Safevi,1
Bayezid,Şahkulu İsyanı,1
Bayezid,Kuzey Afrika,1
Bayezid,Kanuni Sultan Süleyman Han,1
Bayezid,Endülüs,1
Bayezid,Macaristan,1
Bayezid,Fetret Devr,1
Menteşe Bey,Timur,1
Yıldırım Bayezid,Çelebi Mehmet,1
Nakkaş Osman,Çelebi Mehmet,1
Kosova Savaşı,Yıldırım Bayezid,1
Nakkaş Osman,Varna Savaşı,1
Nakkaş Osman,Stanislov Hılebovski,1
Nakkaş Osman,İstanbul Stanislaw Chlebowski,1
Nakkaş Osman,İstanbul,1
Nakkaş Osman,ırma,1
Çelebi Mehmet,İstanbul,1
Saruhan,Timur,1
Çelebi Mehmet,ırma,1
Stefan Lazareviç,Sırbistan,1
Fetret Devr,Yıldırım Bayezid,1
Fetret Devr,Osmanlı,1
Mehmed Çelebi,İsa Çelebi,1
Mehmed Çelebi,Süleyman Çelebi,1
Bayezid,Kili,1
Bayezid,Boğdan Seferi,1
Bayezid,Cem Sultan,1
Germiyan,hisar,1
Aydın,Söke,1
Aydın,Timur,1
Aydın,Bayezid,1
Aydın,Menteşe Bey,1
Aydın,Saruhan,1
Aydın,Germiyan,1
Germiyan,Osman Gazi,1
Bayezid,Fatih Sultan Mehmet Han,1
Germiyan,şıkpaşazade,1
Germiyan,Timur,1
Germiyan,Menteşe Bey,1
Germiyan,Saruhan,1
Yıldırım Bayezid,Çelebi Mehmed,1
Yıldırım Bayezid,Yıldırım Külliyesi,1
Aydın,Kızıl Oğuz,1
Aydın,Karaman,1
Aydın,I T,1
Aydın,Sultanahmet Mitingi,1
Aydın,Hamdullah Suphi ( Tanrıöver ) Bey,1
Aydın,Muğla,1
Aydın,İtalyan,1
Aydın,Çine,1
Aydın,Gül Esin ( Übbül,1
Aydın,Türkiye,1
Aydın,Ayyıldız Kuvây - ı Mil - liye Birliği,1
Aydın,CHP,1
Bayezid,Germiyan,1
Bayezid,Saruhan,1
Bayezid,Menteşe Bey,1
Bayezid,Bizans İmparatorluğu,1
Bayezid,Rumeli,1
Köse Mihal,Turgut Alp,1
Dönemi,İstanbul,1
Kösedağ Savaşı ',Türkistan,1
köy,man Baba,1
Abdal Musa,Geyikli Baba Aşıkpaşazade,1
Abdal Musa,Kumral Abdal,1
Abdal Murad,Geyikli Baba Aşıkpaşazade,1
Abdal Murad,Kumral Abdal,1
Abdal Murad,Abdal Musa,1
Abd,Osmanlı,1
Gani Baba,man Baba,1
Abdal,Horasan,1
Gani Baba,Hüsam Şah,1
Gani Baba,köy,1
Gani Baba,kovo,1
Hüsam Şah,man Baba,1
Hüsam Şah,köy,1
Hüsam Şah,kovo,1
Geyikli Baba Aşıkpaşazade,Kumral Abdal,1
Abdalan - ı Rum,Osmanlı Devleti,1
kovo,köy,1
Akyazılı Sultan,Otman Baba,1
Kütahya,Osmanlı Devleti,1
Kütahya,Türkiye Selçuklu,1
Kayı,Oğuzların,1
Müz,e Gözlem Formu,1
TARİHSEL KAYNAK ANALİZ FORMU,kaynaklardan,1
Akyazılı Sultan,Rumeli,1
Akyazılı Sultan,Kızıl Deli,1
Abdalan - ı Rum,Anadolu,1
Akyazılı Sultan,Sarı Saltuk,1
Otman Baba,Rumeli,1
Otman Baba,Sarı Saltuk,1
Kızıl Deli,Rumeli,1
Kızıl Deli,Otman Baba,1
Kızıl Deli,Sarı Saltuk,1
kovo,man Baba,1
Bogomil köyü,man Baba,1
Kütahya,inönü Muharebesi,1
Gü,Lala Şahin Paşa,1
Manastır,Sofya,1
Manastır,İstanbul,1
Manastır,Serez,1
Manastır,mülcine,1
Manastır,Murad Hüdavendigâr,1
Gü,Türk Dili Kurultayı,1
Gü,Manastır,1
Manastır,Sırbistan,1
Gü,Serez,1
Gü,mülcine,1
Gü,Murad Hüdavendigâr,1
Malkoçoğulları,Turahanoğuları,1
Evrenosoğulları,Malkoçoğulları,1
Evrenosoğulları,Turahanoğuları,1
Manastır,Yunanistan,1
Manastır,Mehmet Emin ( Yurdakul ),1
Bogomil köyü,Gani Baba,1
Mihaloğlu Ali Bey,ne,1
Bogomil köyü,Hüsam Şah,1
Bogomil köyü,Bulgaristan,1
Bogomil köyü,köy,1
Bogomil köyü,kovo,1
"Hüdavendigâr Camisi, Filibe /",Rumeli,1
Mihaloğlu Ali Bey,Niğbolu,1
Mihaloğlu Ali Bey,Yıldırım Bayezid,1
Manastır,Namık Kemal,1
Gazi Evrenos Bey,Lala Şahin Paşa,1
Gazi Evrenos Bey,Manastır,1
Gazi Evrenos Bey,Serez,1
Gazi Evrenos Bey,mülcine,1
Gazi Evrenos Bey,Gü,1
Gazi Evrenos Bey,Murad Hüdavendigâr,1
Kütahya,Kütahya Antlaşması,1
Kütahya,İnönü Muharebesi,1
Dönemi,Osmanlı,1
Büyük Selçuklular,Karahanlı,1
Medres,Yeşil Külliyesi,1
Medres,Mehmet ',1
Mehmet ',Yeşil Külliyesi,1
gird,İran,1
Bedred din Muslih,Konya,1
Büyük Selçuklular,Gazneli,1
Yıldırım Darüşşifası,Yıldırım Külliyesi,1
Endülüs,İran,1
Bursa Osmanlı Devleti,Panorama 1326 Fetih Müzesi,1
Bursa Osmanlı Devleti,Davud - i Kayseri,1
Bursa Osmanlı Devleti,D - İ KAYSERİ,1
Bursa Osmanlı Devleti,DA,1
Bursa Osmanlı Devleti,Muradiye Camisi ',1
Bursa Osmanlı Devleti,Muradiye Camisi,1
Endülüs,Maveraünnehir,1
Endülüs,Irak,1
Muradiye Külliyesi,Sultan,1
Endülüs,Sicilya,1
Alâeddin Keykubad,Anadolu,1
Alâeddin Keykubad,İslam coğrafya,1
Alâeddin Keykubad,Moğol istila,1
Endülüs,Yunan,1
Endülüs,esans,1
Endülüs,Haçlı Seferleri,1
Endülüs,Osmanlı Devleti,1
Endülüs,Kuzey Afrika,1
Endülüs,nata,1
Endülüs,Endülüs Eme,1
Endülüs,İspanya,1
Endülüs,Macaristan,1
Endülüs,Şam,1
Endülüs,Mısır,1
Sultan Bayezid Han oğlu Mehmet oğlu Sultan Murad,Sultan oğlu,1
Muradiye Külliyesi,Sultan Bayezid Han oğlu Mehmet oğlu Sultan Murad,1
Kütahya,TBMM,1
Hüdavendigar,Çelebi Mehmet,1
Orhan Camii,İznik,1
Orhan Camii,Orhan Gazi,1
At Pazarı,Garipler Pazarı,1
Muradiye,Çelebi Mehmet,1
Muradiye,Yıldırım Bayezid,1
Muradiye,Orhan Gazi,1
Hüdavendigar,Yıldırım Bayezid,1
Alâeddin Bey,Çoban Bey,1
Hüdavendigar,Muradiye,1
Hüdavendigar,Orhan Gazi,1
Kaleiçi,Osmanlı,1
Kütahya,Mustafa Kemal,1
Kütahya,Maarif Kongresi,1
Kütahya,Sevr ',1
Orhan Camii,Osmanlı Beyliği,1
Alâeddin Bey,Hoca Nâib,1
Muradiye Külliyesi,Sultan oğlu,1
Tarih Araştırma ve Yazımında Dijital Dönüşüm,bilgi,1
Muradiye Camisi,Muradiye Camisi ',1
Muradiye Camisi,Sultan Bayezid Han oğlu Mehmet oğlu Sultan Murad,1
Muradiye Camisi,Sultan oğlu,1
Muradiye Camisi,Muradiye Külliyesi,1
Bursa ' daki,Hanlar Bölgesi,1
Yeşil Cami ve Külliyesi,İpek Hanı,1
Orhan Gazi Camisi ve Külliyesi,İpek Hanı,1
Hoca Nâib,Çoban Bey,1
Emir Han,Yeşil Cami ve Külliyesi,1
Emir Han,İpek Hanı,1
Emir Han,Orhan Gazi Camisi ve Külliyesi,1
Sultan Mehmed ( Yeşil ),Yıldırım,1
Emîr Sultan,Sultan Mehmed ( Yeşil ),1
Emîr Sultan,Yıldırım,1
Kaynak K,Osmanlı Devleti,1
Kaynak H,Kaynak K,1
Kaynak H,Osmanlı Devleti,1
Bulgaristan,Doğu Roma,1
Bulgaristan,Hüsam Şah,1
Bulgaristan,köy,1
Bulgaristan,kovo,1
Bulgaristan,Muradiye,1
Bulgaristan,"Hüdavendigâr Camisi, Filibe /",1
Bulgaristan,Osmanlı,1
Pirot Kalesi,Sırbistan Sultan I,1
Bulgaristan,man Baba,1
Teselya,Yunanistan,1
Teselya,Yenişehir,1
Tırhala,Üsküp,1
Meriç Vadisi,Trakya,1
Yıldırım Bayezid Han,Üsküp,1
Kuzey Makedonya,Makedonya,1
Bulgaristan,Gani Baba,1
Bulgaristan,Murad,1
Kuzey Makedonya,Saint George ( Sen Corc ) Kilisesi,1
Bulgaristan,Yu nanistan,1
Bulgaristan,Meşrutiyet rejimin,1
Bulgaristan,Girit Meclisi,1
Bulgaristan,Sofya,1
Bulgaristan,Manastır,1
Bulgaristan,Makedonya,1
Bulgaristan,Kafkas,1
Bulgaristan,Enver Paşa,1
Bulgaristan,Kuzey,1
Bulgaristan,Dedeağaç,1
Bulgaristan,Girit,1
Bulgaristan,Güney Makedonya,1
Bulgaristan,Selanik,1
Bulgaristan,Silistre,1
Bulgaristan,Orta Makedonya,1
Kuzey Makedonya,one,1
Kuzey Makedonya,Yıldırım Bayezid Han,1
Kaynak F,Kaynak K,1
Malkoçoğlu,Turhan,1
Acemi Ocağı,Yeniçeri Ocağı,1
Acemi Ocağı,kulu,1
ellettlue na,u,1
Murad Hüdave dig,Yeniçeri Ocagi,1
Agasi,Yeniçeri Ocagi,1
Agasi,Murad Hüdave dig,1
Malkoçoğlu,Mihal,1
Ağa Divanı,Dîvân - ı Hümâyun,1
Mihal,Turhan,1
Evrenos,Malkoçoğlu,1
Evrenos,Turhan,1
Evrenos,Mihal,1
Arvanid Sancağı,"İnalcık, 1987",1
Alâeddin Paşa,Çandarlı Halil Paşa,1
Yeniçeri Ocağının,İstanbul,1
Murad Hüdavendigâr,Timurtaş Paşa,1
Kuzey Makedonya,Üsküp,1
Osmanlı hukuk sisteminin,leşme,1
Cisr - i Ergene,Uzunköprü,1
Cisr - i Ergene,Murad Han,1
Karesi Bölgesi,Rumeli,1
Domaniç,Söğüt,1
Domaniç,Doğu Roma,1
Domaniç,Osmanlı Beyliği,1
Edebalı,Osmanlı,1
Murad Hüdavendigâr,Pirot,1
fi,hukuk,1
Bertrandon de La Broquière,Kudüs,1
Bertrandon de La Broquière,Yafa,1
Bertrandon de La Broquière,Venedik,1
Murad Hüdavendigâr,Serez,1
Murad Hüdavendigâr,mülcine,1
Bulgaristan,Midye,1
Bulgaristan,Enez,1
Bulgaristan,Gökçeada,1
Saint George ( Sen Corc ) Kilisesi,one,1
Nikeia ( İznik ),Patrik XIV Johannes,1
I,ravna Cavac,1
I,Rusva,1
I,ROMANYA,1
I,Çanakkale Cephesi Büyük Taarruz,1
I,Saint George Kilisesi,1
Kurbinovo,one,1
Fethiye Camisi,Kalesi,1
Kurbinovo,Kuzey Makedonya,1
Kurbinovo,Saint George ( Sen Corc ) Kilisesi,1
Hacı İl - Bey,Rumeli,1
Angelov,Slav,1
Angelov,Grek,1
Filibe,Varna,1
Dobruca,Romanya,1
Fethiye Camisi,Yanya,1
Bulgaristan,Ege Adaları,1
Bay Pavlos,Yanya,1
Kaynak F,Kaynak H,1
Epir Kroniği,Kaynak L,1
Stanitzi,Yanya,1
Boisabos,Yanya,1
Boisabos,Stanitzi,1
Boisabos,Sinan Paşa,1
Bay Pavlos,Stanitzi,1
Fethiye Camisi,Rumeli Beyler,1
Bay Pavlos,Boisabos,1
Bay Pavlos,Sinan Paşa,1
Sinan Paşa,Stanitzi,1
Rumeli Beyler,Sinan Paşa,1
Rumeli Beyler,Yanya,1
Fethiye Camisi,Sinan Paşa,1
Filibe,Rusçuk,1
Filibe,Saraybosna,1
Filibe,Selânik,1
Bulgaristan,İsviçre,1
Bulgaristan,Na,1
Bulgaristan,Polonya,1
Bulgaristan,Doğu Almanya,1
Bulgaristan,Mihver Devletler,1
Bulgaristan,Montreux Boğazlar Sözleşmesi,1
Bulgaristan,Sovyetler Birliği,1
Bulgaristan,Lübnan,1
Filibe,İstanbul,1
Bulgaristan,Pakistan,1
Bulgaristan,Güney Afrika,1
Bulgaristan,Finlandiya,1
Bulgaristan,Yeni Zelanda,1
Bulgaristan,torluğu,1
Bulgaristan,İstanbul,1
Bulgaristan,Şalamanov,1
Bayezıd,Saruhan,1
Bayezıd,Menemen Ovası,1
Bayezıd,Filibe,1
Menemen Ovası,Saruhan,1
Filibe,Saruhanbeylü,1
Filibe,Murad Hüdavendigâr,1
Filibe,Gü,1
Filibe,mülcine,1
Filibe,Serez,1
Filibe,Manastır,1
Filibe,Gazi Evrenos Bey,1
Filibe,Lala Şahin Paşa,1
Filibe,Sofya,1
Filibe,Selanik,1
Filibe,Terhala,1
Filibe,Larissa,1
Sinop,Trabzon,1
Sinop,Tokat,1
Sinop,Sivas,1
Osmanlı,nos Hunyadi,1
Osmanlı,İbn Arabşah,1
Osmanlı,Şemseddin el - Cezerî,1
Osmanlı,Türkistan,1
Osmanlı,Sırbistan,1
Osmanlı,İlhanlı,1
Osmanlı,Yanoş Hunyadi,1
Osmanlı,İzmir,1
Osmanlı,Selçuklular,1
Osmanlı,Selânik,1
Osmanlı,Şehzâde Murad,1
Osmanlı,Sultan,1
Osmanlı,Selçuk,1
Osmanlı,Osmanlı imparator,1
Osmanlı,kale mahalle kazısı,1
Osmanlı,Yıldırım Bayezid,1
Osmanlı,Söğüt,1
Harput iç,kale mahalle kazısı,1
Osmanlı,Şii,1
Osmanlı,Podolya,1
Osmanlı,Yemen,1
Osmanlı,İstanbul Antlaşması,1
Osmanlı,tti,1
Osmanlı,Şarlken,1
Osmanlı,İslâm din hukukun,1
Osmanlı,Sultan II,1
Osmanlı,İznik,1
Osmanlı,İspanya,1
Osmanlı,an devleti,1
Osmanlı,sömürgecilik,1
Osmanlı,Şeyh Ebebali,1
Osmanlı,İbnülarabi,1
Osmanlı,Şam,1
Harput iç,Osmanlı,1
Ermeni Sorunu Gerçeği Konferansı,TBMM Basımevi,1
Osmanlı,dolya,1
Osmanlı Devleti,Trabzon,1
Osmanlı Devleti,Çarlık Rusyası,1
Osmanlı Devleti,TBMM,1
Osmanlı Devleti,Sevr Antlaşması ',1
Osmanlı Devleti,Yunan idari bölgesi,1
Osmanlı Devleti,lar Komisyonu,1
Osmanlı Devleti,Trabzon Komnenos Krallığı,1
Osmanlı Devleti,abi,1
Osmanlı Devleti,Safevîler,1
Osmanlı Devleti,Teâlî - i İslam Cemiyeti,1
Osmanlı Devleti,tihat,1
Osmanlı Devleti,İtilaf Devletleri ',1
Osmanlı Devleti,Tobruk,1
Osmanlı Devleti,Trablusgarp Savaşı,1
Osmanlı Devleti,torluğu,1
Osmanlı Devleti,Üniversite Reformu,1
Osmanlı Devleti,İngiliz Hükûmeti,1
"McCarthy, J",migration,1
Sakarya,Yunan ordusu,1
"McCarthy, J",world,1
"McCarthy, J",t / books,1
migration,world,1
migration,t / books,1
t / books,world,1
Modern kavimler göçü,Suriye,1
Sakarya,Uluslararası Tarih Eğitimi Sempozyumu,1
Osmanlı Devleti,İsrail Devleti,1
Dijitalleşen,e - sosyal hizmet ( sosyal hizmet,1
Palermo,İslam başkenti,1
Ortaçağ Akdeniz ' inde,Palermo,1
Ortaçağ Akdeniz ' inde,İslam başkenti,1
A 7,Ortaöğretim Tarih 9 Ders Kitabı,1
Toros,"Türkmen, Yürük",1
Osmanlı,Sejm [ Leh Meclisi,1
Osmanlı,Topkapı Sarayı,1
Ammi Şaduqa Fermanı,Babil,1
Osmanlı,Üçlü İtilaf ',1
Osmanlı,Yanya,1
Osmanlı,Çok Partili Hayata Geçiş,1
Osmanlı,Seçimler,1
Osmanlı,Türkçülük,1
Osmanlı,İslamcı,1
Osmanlı,padişah,1
Osmanlı,alalı,1
Osmanlı,Üsküp,1
Osmanlı,Suud,1
Osmanlı,Vehhabil,1
Osmanlı,İngiliz sömür,1
Osmanlı,Sevk ve İskân Kanunu,1
Osmanlı,Rus savaşı ihtimali,1
Osmanlı,Şeyh Şam,1
Osmanlı,Yahya Kemal Beyatlı,1
Osmanlı,Salgın Günleri,1
Osmanlı,Rus donan,1
Osmanlı,İttihat ve Terakki Brest - Litovsk Anafartalar Grup Komutanı,1
Assur Kanunları,Babil,1
Assur Kanunları,Sumer,1
Osmanlı,İskenderun Sancağı,1
Osmanlı,Sevr Antlaşma - sı ',1
Osmanlı,Osmanlı milleti,1
Osmanlı,Osmanlıcılık Vatan ve Hürriyet Londra Antlaşması,1
Osmanlı,letleri,1
Osmanlı,ra,1
Osmanlı,İtilaf Dev,1
Osmanlı,Sina Yarımadası,1
Osmanlı,Trablusgarp,1
Osmanlı,Trablusgarp Savaşı,1
Osmanlı,milliyetçi,1
Osmanlı,milleti,1
Osmanlı,Sinop,1
Osmanlı,Sırp,1
Osmanlı,danın,1
Osmanlı,orok,1
Osmanlı,İranlı,1
Osmanlı,Prut Antlaşması,1
Osmanlı,Prusya,1
Osmanlı,Çehrin,1
Osmanlı,Rus çar,1
Osmanlı,Zitvatorok Antlaşması,1
Osmanlı,Türkiye Cumhuriyeti,1
Osmanlı,Petersburg,1
Osmanlı,Şahkulu İsyanı ',1
Osmanlı,İltizam,1
Osmanlı,Yeniçeri Ocağı,1
Osmanlı,s,1
Osmanlı,Venedik,1
Osmanlı,İstanbul ' un Fethi ',1
Osmanlı,Polonya,1
Osmanlı,Çin,1
Osmanlı,Tunus,1
Osmanlı,Zorunlu,1
Osmanlı,Ulus devlet,1
Osmanlı,İtalyan,1
Osmanlı,Semyul Mors,1
Osmanlı,Samuel Morse,1
Osmanlı,•,1
Osmanlı,İstanbul Sirkeci,1
Osmanlı,Sırbistan Prensliği,1
Osmanlı,Pasarofça Antlaşması,1
Osmanlı,i,1
Osmanlı,Samuel,1
Osmanlı,yvit ),1
Osmanlı,İbrahim Müteferrika,1
Osmanlı,çür,1
Osmanlı,Osmanlı Veraset Sistemini,1
Osmanlı Devleti,Yıldırım Orduları,1
Osmanlı Devleti,Sevk ve İskân Kanunu,1
Osmanlı Devleti,Süveyş Kanalı,1
Osmanlı Devleti,Podolya,1
Osmanlı Devleti,Yemen,1
Osmanlı Devleti,Şehrizor,1
Osmanlı Devleti,Temeşvar,1
Osmanlı Devleti,Salyaneli Eyaletler,1
Osmanlı Devleti,ar,1
Osmanlı Devleti,payitaht,1
Osmanlı Devleti,Polonya,1
Osmanlı Devleti,İstanbul İsyanları,1
Osmanlı Devleti,Şehrizo,1
Osmanlı Devleti,Safeviler,1
Osmanlı Devleti,Preveze Deniz Savaşı ' nın,1
Osmanlı Devleti,İnebahtı,1
Osmanlı Devleti,Preveze hıristiyan devletleri,1
Osmanlı Devleti,ço,1
Osmanlı Devleti,cie fedienter oder londer feibaft,1
Osmanlı Devleti,Tavil Halil,1
Osmanlı Devleti,Sultan Abdülmelik,1
Osmanlı Devleti,Prusya,1
Osmanlı Devleti,Çin,1
Osmanlı Devleti,Uzak Asya,1
Osmanlı Devleti,Yeni Ticaret Yolları,1
Osmanlı Devleti,Zenta Muharebesi ',1
Osmanlı Devleti,İmparatorluğu,1
Osmanlı Devleti,Papa,1
Osmanlı Devleti,Otuz Yıl Savaşları,1
Osmanlı Devleti,ri,1
Osmanlı Devleti,in Kalesi,1
Osmanlı Devleti,vatorok,1
Osmanlı Devleti,İç Asya,1
Osmanlı Devleti,İstanbul ve Celâli isyan,1
Osmanlı Devleti,Sabuncuoğlu Şerefeddin,1
Osmanlı Devleti,Piri Reis,1
Osmanlı Devleti,Vadiüsseyl Savaşı,1
Osmanlı Devleti,Yavuz Sultan Selim,1
Osmanlı Devleti,ristan,1
Osmanlı Devleti,İslam,1
Osmanlı Devleti,Sırp Krallığı,1
Osmanlı Devleti,Yanoş Hunyadi,1
Osmanlı Devleti,nos Hunyadi,1
Osmanlı Devleti,Semerkand,1
Osmanlı Devleti,i Kara Yusuf,1
Osmanlı Devleti,Sultan Ahmet Celâyir,1
Osmanlı Devleti,Çirmen Savaşı,1
Osmanlı Devleti,nin,1
Osmanlı Devleti,İznik,1
Osmanlı Devleti,Tarihi Osmani,1
Osmanlı Devleti,Yahşi Fakih,1
Osmanlı Devleti,ç Paşimeres,1
Osmanlı Devleti,bons,1
Osmanlı Devleti,Pol Vitek,1
Osmanlı Devleti,Tuna,1
Osmanlı Devleti,Süleyman Paşa,1
Osmanlı Devleti,Çaldıran Savaşı,1
Osmanlı Devleti,Şehzade Orhan,1
Osmanlı Devleti,lû,1
Osmanlı Devleti,Ramazanoğlu,1
Osmanlı Devleti,Rodos,1
Osmanlı Devleti,Temsilî ),1
Osmanlı Devleti,İstanbul ' un Fethi,1
Osmanlı Devleti,S 14,1
Osmanlı Devleti,Çorlu,1
Osmanlı Devleti,Çimpe Kalesi,1
Osmanlı Devleti,an devleti,1
Osmanlı Devleti,sömürgecilik,1
Osmanlı Devleti,Türk - İslam,1
Osmanlı Devleti,Âşıkpaşazade,1
Osmanlı Devleti,İslam devletlerin,1
Osmanlı Devleti,Saruhan Bölgesi,1
Osmanlı Devleti,Türk Gölü,1
Osmanlı Devleti,İstanbul Antlaşma sı,1
Osmanlı Devleti,ça,1
Osmanlı Devleti,Paris Antlaşması,1
Osmanlı Devleti,az,1
Osmanlı Devleti,Reval,1
Osmanlı Devleti,İttifak,1
Osmanlı Devleti,Üçlü İtilaf,1
Osmanlı Devleti,Üçlü İttifak ',1
Osmanlı Devleti,Üçlü İtilaf ',1
Osmanlı Devleti,Türk Boğaz,1
Osmanlı Devleti,hukuk devleti,1
Osmanlı Devleti,İstanbul ve Çanakkale Boğazları,1
Osmanlı Devleti,İstanbul Boğazı,1
Osmanlı Devleti,Petro,1
Osmanlı Devleti,lar,1
Osmanlı Devleti,Rus ordusu,1
Osmanlı Devleti,İbrahim,1
Osmanlı Devleti,yolu,1
Osmanlı Devleti,Paris Antlaşması ',1
Osmanlı Devleti,Peter - varadin Muharebesi ',1
Osmanlı Devleti,Zübeyde Hanım,1
Osmanlı Devleti,Çanakkale,1
Osmanlı Devleti,İttihat ve Terakki,1
Osmanlı Devleti,Ouchy ( Uşi ) Antlaşması,1
Osmanlı Devleti,İngiltere ' nin Mısır ' ı işgali,1
Osmanlı Devleti,Tanzimat Fermanı ' nın ilanı,1
Osmanlı Devleti,Yunan İsyanı,1
Osmanlı Devleti,Sıhhiye - i Umumiye,1
Osmanlı Devleti,Tersane Konferansı ',1
Osmanlı Devleti,tudou le son loucar entolon,1
Osmanlı Devleti,Sanayi İnkılabı,1
Osmanlı Devleti,Sanayi İnkılabı ' nın,1
Osmanlı Devleti,İttihatçı,1
Osmanlı Devleti,İttihat ve Terakki Fırkası,1
Osmanlı Devleti,Tanzimat,1
Osmanlı Devleti,Trablusşam,1
Osmanlı Devleti,alalı,1
Osmanlı Devleti,Vehhabil,1
Osmanlı Devleti,Paris,1
Osmanlı Devleti,İskenderiye,1
Osmanlı Devleti,Yolu,1
Osmanlı Devleti,Türk Savunma Sanayisi ',1
Osmanlı Devleti,Tanzimat Dönemi,1
Osmanlı Devleti,Yunan ( Mora ) İsyanı ',1
Osmanlı Devleti,Rus Çarlığı,1
Osmanlı Devleti,Osmanlı İli,1
Osmanlı Devleti,Vehhabi İsyanı ',1
Osmanlı Devleti,Yirmisekiz Mehmet Çelebi,1
Osmanlı Devleti,Pasarofça Antlaşması ',1
Osmanlı Devleti,veraset sistemi,1
Osmanlı Devleti,Çeşme,1
Osmanlı Devleti,Osmanlı donanmasının,1
Osmanlı Devleti,Prut Zaferi,1
Osmanlı Devleti,s,1
Osmanlı Devleti,Türkçe,1
Osmanlı Devleti,Ulus devlet,1
Osmanlı Devleti,Slav,1
Osmanlı Devleti,Viyana Kongresi,1
Osmanlı Devleti,Tepedelenli Ali Paşa,1
Osmanlı Devleti,Petesburg,1
Osmanlı Devleti,Rum İsyanı,1
Osmanlı Devleti,Rus donan,1
Osmanlı Devleti,Sinop,1
Osmanlı Devleti,Şeyh Şamil,1
Osmanlı Devleti,İtalyan,1
Osmanlı Devleti,Piyemonte Krallığı,1
Osmanlı Devleti,Osmanlı idaresi,1
Osmanlı Devleti,Paris Barış Antlaşması,1
Osmanlı Devleti,Rum,1
Osmanlı Devleti,Paris Barış Antlaşması ',1
Ammi Şaduqa Fermanı,Sumer,1
Ammi Şaduqa Fermanı,Assur Kanunları,1
Osmanlı Devleti,sistemi,1
Büyük,Dandanakan,1
Selçuklu,İsfahan,1
Selçuklu,ön Asya,1
Selçuklu,şah,1
Selçuklu,İran,1
Selçuklu,… ) Malazgirt Zaferi,1
Selçuklu,İstanbul,1
Büyük,Gaz,1
Selçuklu,Sivas,1
Büyük,Karahanlı,1
Dandanakan,Gaz,1
Dandanakan,Karahanlı,1
neli,Çağrı Bey,1
Gaz,İran,1
Gaz,Horasan,1
Selçuklu,Sultan Melikşah,1
Selçuklu,İnce Minareli Medrese,1
Gaz,Çağrı Bey,1
Selçuklu,İslâm,1
Selçuklu,Tebriz,1
Selçuklu,Şam,1
Selçuklu,Türk - İslam gaza hareketinin,1
Selçuklu,İbni Bibi,1
Selçuklu,Ömer Hayyam,1
Selçuklu,İran Türk - İslâm,1
Selçuklu,Türkiye Selçuklu Dönemi,1
Selçuklu,Sultan Alp Arslan,1
Selçuklu,ükneddin Kılıçarslan,1
Selçuklu,İzzeddin Keykavus,1
Selçuklu,Viyana,1
Selçuklu,tiyırs,1
Selçuklu,Vit No Fro,1
Selçuklu,Suriye,1
Gaz,Karahanlı,1
Gaz,neli,1
Doğu Romalı,Tuğrul Bey,1
Kalesi,Sultan Mahmud,1
Kalesi,Rumeli Beyler,1
Kalesi,Yanya,1
Kalesi,İstanbul,1
Kalesi,Trakya,1
Kalesi,Kalinc,1
Kalesi,Selçuk Bey,1
Kalinc,Selçuk Bey,1
Kalesi,Osmanlı,1
Kalinc,Sultan Mahmud,1
Selçuk Bey,Selçuklular,1
Selçuk Bey,Tuğrul Bey,1
Selçuk Bey,Sultan Mahmud,1
Arslan Yabgu,Kutalmış,1
Arslan Yabgu,Kalesi,1
Kalesi,Sinan Paşa,1
Kalesi,Kamani,1
Dandanakan Kalesi,Gaz,1
Dandanakan Savaşı,Horasan,1
Dandanakan Kalesi,Dandanal kazan,1
Dandanal kazan,Gaz,1
Dandanakan Savaşı,Selçuklu Devleti,1
Dandanakan Savaşı,Gazneli Devleti,1
Dandanakan Savaşı,Gaz,1
Dandanakan Savaşı,İran,1
Dandanakan Savaşı,Devleti,1
Kalesi,Podolya,1
Dandanakan Savaşı,Gaznel,1
Dandanakan Savaşı,Çağrı Beyler,1
Dandanakan Savaşı,Tuğrul,1
Çağrı Beyler,İnanç Musa Yabgu,1
Tuğrul,İnanç Musa Yabgu,1
Kalesi,Süleyman Şah,1
Selçuklu,İbnülarabi,1
Doğu Romalı,Gürcü,1
937,Osmanlı,1
Erzurum,Trakya,1
Tuğrul Bey,İslam Camii / Arap Camii,1
Tuğrul Bey,İbrahim Yınal Bey,1
Ab,Pasinler Ovası,1
Ab,Erzurum,1
Erzurum,İzmir,1
Erzurum,Sam,1
Erzurum,İstanbullu,1
Tuğrul Bey,İbrahim Yınal,1
Erzurum,Mustafa Kemal Atatürk ',1
Erzurum,Saltanatın kaldırılması,1
Erzurum,Tevhid - i Tedrisat Kanunu ' nun kabulü,1
Erzurum,Medeni Kanun ' un kabulü,1
Erzurum,Millet Mekteplerinin açılması,1
Erzurum,İzmir İktisat Kongresi ' nin toplanması,1
Tuğrul Bey,abur,1
Tuğrul Bey,Çağrı Bey,1
Erzurum,Koçhisar,1
Alp Arslan,Selçuklu,1
Emir Sanduk,Orta,1
Afşin,Güney Anadolu,1
Afşin,Orta,1
Afşin,Emir Sanduk,1
Alp Arslan,Kasım 1072,1
Alp Arslan,şah,1
Alp Arslan,Romanos Diogenes,1
Pasinler Ovası,Pasinler Savaşı,1
Alp Arslan,Malazgirt,1
Alp Arslan,Anadolu,1
Alp Arslan,Doğu Roma,1
Alp Arslan,Halep,1
Alp Arslan,Mısır,1
Alp Arslan,Ani Kalesi,1
Erzurum,Millet Meclisi,1
Erzurum,Kırşehir,1
Doğu Romalı,Haçlı,1
Doğu Romalı,Lukas Notaras,1
Erzurum,Rumeli,1
Erzurum,Osmanlı Devleti,1
Erzurum,Moğollar,1
Erzurum,Sinop,1
Erzurum,Kayseri,1
Erzurum,Pasinler Ovası,1
Doğu Romalı,İstanbul Boğazı,1
Erzurum,Temeşvar,1
Doğu Romalı,Epir Bölgesi,1
Doğu Romalı,one,1
Doğu Romalı,Kuzey Makedonya,1
Doğu Romalı,Kurbinovo,1
Doğu Romalı,Saint George ( Sen Corc ) Kilisesi,1
Doğu Romalı,Türkistan,1
Erzurum,Karaman,1
Erzurum,Muş,1
Erzurum,Çankırı,1
Erzurum,Mondros Ateşkes Antlaşması ',1
Erzurum,Sevr Antlaşması ',1
Erzurum,İstiklal Mahkemeleri,1
Erzurum,Hüseyin Avni Bey,1
Erzurum,Sivas Kongre,1
Erzurum,Mustafa Kemal Paşa,1
Erzurum,Kazım Karabekir Paşa,1
Erzurum,Erzurum Kongresi,1
Erzurum,Rusya,1
Erzurum,Hükûmet,1
Erzurum,İtilaf Devletleri,1
Erzurum,Güney Irak,1
Erzurum,Harput,1
Erzurum,Lübnan,1
Erzurum,Halep,1
Arslan Yabgu,Kalinc,1
Arslan Yabgu,Selçuk Bey,1
Arslan Yabgu,Sultan Mahmud,1
Büyük Selçuklu,Göktürk,1
Büyük Selçuklu,Malazgirt Savaşı,1
Büyük Selçuklu,Türkiye Selçuklu Devleti,1
Büyük Selçuklu,Büyük Selçuklu Devleti,1
Büyük Selçuklu,Karahan,1
Büyük Selçuklu,Tuğrul Bey,1
Büyük Selçuklu,Uygur,1
Büyük Selçuklu,Dandanakan Savaşı,1
Büyük Selçuklu,Malazgirt Ovası,1
Büyük Selçuklu,Devleti,1
Gazneli,Osmanlı Dönemi,1
Gazneli,Osmanlı Devleti,1
Gazneli,Konya,1
Gazneli,Karatay Müzesi,1
Gazneli,Kubâdâbâd Sarayı,1
Büyük Selçuklu,İsfahan,1
Büyük Selçuklu,Sultan Alp Arslan,1
Gazneli,Türkiye Selçuklu Devleti,1
Karahanlı,ar,1
Karahanlı,Türkiye Selçuklu Devleti,1
Karahanlı,Karahanlı Devleti,1
Karahanlı,Selçuk,1
Karahanlı,Selçuklular,1
Karahanlı,sat,1
Karahanlı,ili,1
Karahanlı,Türk - İslam,1
Büyük Selçuklu,Doğu Roma,1
Karahanlı,Türkiye,1
Karahanlı,Türkistan,1
Karahanlı,Uygur,1
Karahanlı,Maveraünnehir,1
Büyük Selçuklu,Osmanlı,1
Büyük Selçuklu,İslam,1
Gazneli,Malazgirt Savaşı,1
Gazneli,Gazneli Devleti,1
Arslan Yabgu,Gazneli Devleti,1
Federasyonu,Y Ü Rusya,1
Federasyonu,Rusya,1
Federasyonu,İslamlaşma,1
Federasyonu,Türk - İslam medeniyet,1
Federasyonu,Türk,1
Federasyonu,Türkiye,1
Federasyonu,Türkistan,1
RUSYA FEDERASYONU OZERK BOLGE SINIR,"i TÜRK CUMHURIYETLERI, GAGAVUZ YERI ÇUVASISTAN C",1
Türk - İslam medeniyet,Türkleri,1
Balkanlar ' da İslam Medeniyeti,Üçüncü,1
Muhasebe - i Vilayet Defterleri,Osmanlı,1
1530,Muhasebe - i Vilayet Defterleri,1
1530,937,1
1530,Osmanlı,1
937,Muhasebe - i Vilayet Defterleri,1
Türk - İslam medeniyet,Y Ü Rusya,1
Türk - İslam medeniyet,Türkistan,1
Gazneli,Karahanlı Devleti,1
Gazneli,Hindistan,1
Gazneli,Karahan,1
Gazneli,Selçuk,1
Gazneli,Selçuklular,1
Gazneli,Türk - İslam,1
Gazneli,Türkiye,1
Gazneli,Türkistan,1
Gazneli,Sultan Mahmud,1
Türk - İslam medeniyet,Türkiye,1
Gazneli,Uygur,1
Gazneli,Göktürk,1
Miryo,lon,1
Ohio,Toledo Sanat Müzesi,1
Y Ü Rusya,İslamlaşma,1
Türk - İslam medeniyet,İslamlaşma,1
Karahanlı,Malazgirt Savaşı,1
Karahanlı,Kubâdâbâd Sarayı,1
Karahanlı,Karatay Müzesi,1
Haçlı Seferi,Urfa Kont,1
Haçlı Seferi,Latin İmparatorluğu,1
Haçlı Seferi,Konstantinopolis,1
Haçlı Seferi,Konstantiniye,1
Haçlı Seferi,Messina,1
Haçlı Seferi,İmadeddin Zengi,1
Haçlı Seferi,Musul,1
Haçlı Seferi,Trablus,1
Dukak Bey,Oğuz,1
Haçlı Seferi,Urfa,1
Haçlı Seferi,Türkiye,1
Malazgirt Zaferi ',Türkiye Selçuklu Devleti,1
Malazgirt Zaferi ',Roma,1
Gaznel,Sultan Mahmud,1
Gaznel,Çağrı Beyler,1
KINGAN DAGLARI ALTAY DAGLARI,Selenga Nehri Baykal Gold ( Karabalgasun,1
Dukak Bey,Selçuk Bey,1
Karahanlı,Konya,1
Gazneli Devleti,Kalinc,1
Gazneli Devleti,Selçuklu Devleti,1
Gazneli Devleti,Karahanlı,1
Gazneli Devleti,Türkiye Selçuklu Devleti,1
Gazneli Devleti,Türkiye,1
Gazneli Devleti,Türkistan,1
Gazneli Devleti,Kalesi,1
Gazneli Devleti,Selçuk Bey,1
Oğuz,Selçuk Bey,1
Gazneli Devleti,Sultan Mahmud,1
Cend,Dandanakan Savaşı,1
Cend,Gaznel,1
Cend,Çağrı Beyler,1
Cend,Tuğrul,1
Cend,Selçuk Bey,1
Gaznel,Tuğrul,1
Gaznel,Karahanlı,1
Gaznel,Maveraünnehir,1
Doğu Roma ( Bizans ) İmparatorluğu,İstanbul,1
Konstantinopolis,LU,1
Konstantinopolis,Latin İmparatorluğu,1
Konstantinopolis,L ' Ermite,1
Konstantinopolis,Türkleri,1
Konstantinopolis,ar,1
Doğu Roma ( Bizans ) İmparatorluğu,Mehmed,1
Doğu Roma ( Bizans ) İmparatorluğu,Türkleri,1
Gaznel,Horasan,1
Doğu Roma ( Bizans ) İmparatorluğu,ar,1
Karahanlı,Osmanlı Dönemi,1
Karahanlı,Osmanlı Devleti,1
Karahanlı,Osmanlı,1
Karahanlı,Semerkand,1
Karahanlı,Tamgaç Buğra Han İbrahim,1
Konstantinopolis,Yalova Koyunhisar,1
Konstantinopolis,Mehmed,1
ar,İstanbul,1
ar,ili,1
ar,sat,1
Horasan,Karahanlı,1
Horasan,Tuğrul,1
Horasan,Çağrı Beyler,1
Horasan,İnanç Musa Yabgu,1
Horasan,Kuzey Mezopotamya,1
Horasan,Mevlana Celaleddin Rumi,1
Horasan,Sevgi,1
Horasan,Türkiye Selçuklu Devleti,1
Horasan,Suluca Karahöyük,1
Horasan,köy,1
Horasan,Küçük Asya,1
Horasan,gird,1
Osmanlı Devleti,rt Edıms Gibıns,1
Osmanlı Devleti,Osmanlı Devleti ' nde,1
Güney Anadolu,Orta,1
Osmanlı İmparatorluğu,cu,1
Osmanlı İmparatorluğu,Trablusgarp,1
Osmanlı İmparatorluğu,İtalya,1
Osmanlı İmparatorluğu,İkinci Abdülhamit,1
Osmanlı İmparatorluğu,it,1
Osmanlı İmparatorluğu,ûmeti,1
Osmanlı İmparatorluğu,Türkiye Cumhuriyeti,1
Osmanlı İmparatorluğu,Prusya,1
Tarihsel Kaynak Analiz Formu,tarihsel kaynak analiz formunu,1
Osmanlı İmparatorluğu,Rusya,1
Osmanlı İmparatorluğu,İngiltere,1
Osmanlı İmparatorluğu,Çeşme,1
Osmanlı İmparatorluğu,Rumeli,1
Osmanlı İmparatorluğu,Podolya,1
Osmanlı İmparatorluğu,Ukraynası,1
Osmanlı İmparatorluğu,Otto Liman von Sanders,1
Islam,lari,1
Osmanlı İmparatorluğu,Uzakdoğu,1
Asya Medeniyet Havzalari,Bati Avrupa,1
Bati ( Avrupa ) Medeniyet Havzasi,Bati Avrupa,1
Bati ( Avrupa ) Medeniyet Havzasi,Orta Çag,1
Bati ( Avrupa ) Medeniyet Havzasi,Orta Çag ' daki,1
Bati ( Avrupa ) Medeniyet Havzasi,lari,1
Bati ( Avrupa ) Medeniyet Havzasi,Islam,1
Asya Medeniyet Havzalari,Orta Çağ ',1
Asya Medeniyet Havzalari,Orta Çag,1
Islam,Orta Çag ' daki,1
Asya Medeniyet Havzalari,Bati ( Avrupa ) Medeniyet Havzasi,1
Asya Medeniyet Havzalari,Orta Çag ' daki,1
Asya Medeniyet Havzalari,lari,1
Asya Medeniyet Havzalari,Islam,1
Islam,Orta Çağ ',1
Islam,Orta Çag,1
Osmanlı İmparatorluğu,şarkı,1
Osmanlı İmparatorluğu,Süveyş,1
Bati Avrupa,Islam,1
Batı,Haçlı Seferleri,1
Batı,Yunan,1
Batı,Farsça,1
Batı,Kasr - ı Şirin Antlaşması ',1
Batı,Kuzey,1
Batı,Kanunî Sultan Süleyman,1
Batı,Uzunçarşılı,1
Batı,Paris,1
Batı,Çağ,1
Batı,Cambridge,1
Batı,Oksford,1
Batı,Oxford,1
Batı,Bologna ( Bolonya ) Üniversitesi,1
Batı,İslâm,1
Batı,Orta Çağ dünyasında,1
Batı,Yeni,1
Batı,Batı dışı,1
Osmanlı İmparatorluğu,Viyana,1
Batı,Doğu Bloku,1
Osmanlı İmparatorluğu,İstanbul,1
Ortaöğretim Genel Müdürlüğü,Öğrenme Köprüsü,1
Asya Medeniyet Havzası,Batı ( Avrupa ) Medeniyet Havzası,1
Asya Medeniyet Havzası,İslam Medeniyet Havzası,1
Batı ( Avrupa ) Medeniyet Havzası,İslam Medeniyet Havzası,1
Batı,İsrail,1
Batı,Sovyet,1
Batı,Osmanlı,1
Batı,Kemal,1
Batı,Cumhuriyet,1
Batı,Türkiye Cumhuriyeti,1
Batı,Batı Cephesi,1
Batı,Trakya,1
Batı,Trakya - Paşaeli Müdâfaa - i Heyet - i Osmaniye Cemiyeti,1
Bati ( Avrupa ) Medeniyet Havzasi,Orta Çağ ',1
Bati Avrupa,lari,1
ABD,Minneapolis,1
Fârâbî,İbn Sina,1
Batı medeniyeti,İslam dünyası,1
Bîrûnî ',Orta Çağ,1
Bîrûnî,Me,1
Bîrûnî,Ziyariler,1
Bîrûnî,Fârâbî,1
Bîrûnî,İbn Sina,1
İbranice,İngilizce,1
Katalan Atlası,Çin,1
Türkçe,İslam,1
Türkçe,İbranice,1
Farsça,Fransızca,1
Farsça,Kâşgarlı Mahmud,1
Farsça,Rum,1
Farsça,Hoca Ahmed Yesevi,1
Kavimler Göçü sonrası,Orta Çağ,1
Katalan Atlası,İpek Yolu,1
Farsça,Latince,1
ABD,Türkistan,1
ABD,La ilahe illallah,1
ABD,Muhammed ',1
ABD,Selçuklu Sultan,1
ABD,Tuğrul Bey,1
ABD,Ohio,1
ABD,Toledo Sanat Müzesi,1
ABD,Kuzeybatı Üniversitesi,1
Katalan Atlası,Kuzeybatı Üniversitesi,1
ABD,Katalan Atlası,1
ABD,İpek Yolu,1
Kuzeybatı Üniversitesi,Türkistan,1
Kuzeybatı Üniversitesi,İpek Yolu,1
Kuzeybatı Üniversitesi,Çin,1
Katalan Atlası,Türkistan,1
Farsça,İbranice,1
Batı dünyası,İslam,1
Bati Avrupa,Orta Çag ' daki,1
F,âbî,1
Friedrich Risner,Opticae Thesaurus Alhazeni Arabis Libri Septem,1
Friedrich Risner,Latince,1
- Menâzır,Kitâb,1
- Menâzır,İbn el - Heysem,1
Kitâb,İbn el - Heysem,1
F,İbnü ' l - Heysem,1
Orta Çag,Orta Çağ ',1
Basel,Friedrich Risner,1
Orta Çag,Orta Çag ' daki,1
Orta Çag,lari,1
Orta Çag ' daki,Orta Çağ ',1
Orta Çag ' daki,lari,1
Bati Avrupa,Orta Çağ ',1
Bati Avrupa,Orta Çag,1
Basel,Latince,1
Basel,Opticae Thesaurus Alhazeni Arabis Libri Septem,1
Abbasiler Devr,Harezmî,1
Fermat,Snell,1
îrûnî,İbn Sina,1
özellikleri,"İslâm Medeniyetinin ortaya çıkışı,",1
Eski Türklerde,ve teşkilat,1
Descartes,Fermat,1
Descartes,Snell,1
Descartes,Kepler,1
Fermat,Kepler,1
Latince,Opticae Thesaurus Alhazeni Arabis Libri Septem,1
Kepler,Snell,1
Latince,Tobyas Stimır ),1
Latince,Tobias Stimmer,1
Latince,İngilizce,1
Latince,Türkçe,1
Latince,İbranice,1
Dünya,Papa,1
Dünya,Kilise,1
Dünya,Hristiyan evren,1
fildiş,sandal kereste,1
kaşmir yün,palmiye yağı,1
kaşmir yün,sandal kereste,1
kaşmir yün,ıspanak,1
fildiş,yakut,1
fildiş,şekerkamışı,1
fildiş,palmiye yağı,1
fildiş,ıspanak,1
kaşmir yün,yakut,1
fildiş,kaşmir yün,1
Hindistan,Millî Mücadele,1
Hindistan,İngiliz,1
Hindistan,Uzak Doğu,1
Hindistan,Uzak Asya,1
Hindistan,Yeni Ticaret Yolları,1
kaşmir yün,şekerkamışı,1
sandal kereste,ıspanak,1
Hindistan,Jakarta,1
yakut,şekerkamışı,1
samur,sincap,1
samur,tilki,1
samur,vaşak,1
Kuzey Yolu,Kürk Yolu,1
Kuzey Yolu,İpek Yolu,1
Kuzey Yolu,İskit,1
yakut,ıspanak,1
sandal kereste,şekerkamışı,1
ıspanak,şekerkamışı,1
palmiye yağı,yakut,1
palmiye yağı,şekerkamışı,1
palmiye yağı,sandal kereste,1
palmiye yağı,ıspanak,1
sandal kereste,yakut,1
Hindistan,Sumatra,1
Hindistan,Senegal,1
Dünya,Güneş,1
Taberistan,Çin Türkistan,1
Hindistan,iran,1
Hindistan,Sultan Mahmud,1
Hindistan,Orta Asya,1
Hindistan,İskandinav,1
Hindistan,Slav,1
Hindistan,Çinli,1
Azerbaycan,SO,1
Hindistan,Kızıldeniz,1
Azerbaycan,Uluslararası Türk Kültürü Teşkilatı,1
Azerbaycan,Türk Cumhuriyet,1
Azerbaycan,Tacikistan,1
Azerbaycan,Moldova,1
Azerbaycan,yonası,1
Azerbaycan,Kars,1
Hindistan,Hoca Ahmed Yesevi,1
Hindistan,Süveyş,1
Hindistan,du Sénégal,1
Hindistan,Vasko dö Gama,1
Hindistan,Vest İndia Kampan,1
Hindistan,West India Company,1
Hindistan,Toulon,1
Hindistan,İnka,1
Hindistan,Kolomb,1
Hindistan,Kalikut Limanı,1
Hindistan,Vasco de Gama,1
Hindistan,Uzakdoğu,1
Hindistan,Seydi Ali Reis,1
Hindistan,Murad Reis,1
Hindistan,Piri Reis,1
Hindistan,Kaliküt,1
Hindistan,Hint Denizi,1
Hindistan,Osmanlı İmparatorluğu,1
samur,sansar,1
kunduz,samur,1
kunduz,vaşak,1
Baltık,Çin,1
Slav,İran,1
Slav,İskandinav,1
Baltık,SSCB,1
Baltık,Rusya,1
Baltık,Rus,1
Baltık,Polonya,1
Baltık,Hindistan,1
Arabistan,Slav,1
Baltık,İran,1
Baltık,Orta Asya,1
Baltık,İskandinav,1
Baltık,Slav,1
İdil,İdil Bulgar Devleti,1
Samani,İdil Bulgar,1
Slav,Çin,1
Arabistan,Baltık,1
kunduz,tilki,1
İran,İstanbul Antlaşması,1
Dünya,ilei,1
Dünya,Katolik Kilisesi,1
Dünya,cihanşümul,1
Dünya,dünya ortak mirası,1
İran,İran Devrimi,1
İran,İran - Irak Savaşı,1
İran,Şam,1
Arabistan,İskandinav,1
İran,İsfahan Cuma Camisi,1
İran,İskandinav,1
Arabistan,Çin,1
Arabistan,Hindistan,1
Arabistan,İran,1
Arabistan,Orta Asya,1
Hazar,SSCB,1
Hazar,Hükûmet,1
Hazar,Osmanlı,1
sansar,sincap,1
Aksaray,Türkistan,1
Aksaray,Türkiye Selçuklu Sultanı,1
Aksaray,Sultanhanı Kervansaray,1
Aksaray,Alanya,1
Aksaray,Alay Hanı,1
Aksaray,Sultanhanı Kervansarayı,1
sansar,tilki,1
Hazar,Kafkas İslam Ordusu,1
sansar,vaşak,1
sincap,tilki,1
sincap,vaşak,1
tilki,vaşak,1
kunduz,sansar,1
kunduz,sincap,1
Sultanhanı Kervansarayı,Türkiye,1
Sultanhanı Kervansarayı,Türkiye Selçuklu Dönemi,1
ET,Şeki Kervansarayı,1
ET,TARI,1
TARI,Şeki Kervansarayı,1
Hazar Devleti,İdil Bulgar,1
Hazar Devleti,İdil Bulgar Devleti,1
Aşağı İdil,İdil Bulgar,1
Hanbalık,Hazar Devleti,1
Hanbalık,İdil Bulgar Devleti,1
Harezm,İslam,1
Harezm,Samanoğulları,1
Harezm,İdil Bulgar,1
Harezm,Hazar,1
Harezm,Samani,1
Hazar,İdil Bulgar,1
Hazar,Samani,1
ABD,Minneapolis Institute of Art ( Mineapolis İnstütüyt of Art ),1
ABD,Dede Korkut Destanı,1
Cyperus,Nil,1
Avusturya,İzzeddin Keykavus,1
Avusturya,Bohemya,1
Avusturya,lı Habsburg Hanedanı,1
Avusturya,Kutsal Roma - Germen,1
Avusturya,Paul Wittek,1
Avusturya,ükneddin Kılıçarslan,1
Avusturya,R,1
Avusturya,Selçuklu,1
Avusturya,Kanuni Sultan Süleyman,1
Avusturya,tiyırs,1
Avusturya,Vit No Fro,1
Avusturya,Museum With No Frontiers,1
Avusturya,arşidük,1
Harem,Raimundus Aguilers,1
Haçlılar,Kudüs,1
Avusturya,Budin,1
Avusturya,Macar Krallığı,1
Haçlı,Kıbrıs,1
Avusturya,Girit Kuşatması ',1
Avusturya,Kepçe Kazan Savaşı,1
Avusturya,Herman Ofto,1
Avusturya,vatorok,1
Avusturya,Safevi hane,1
Avusturya,İran,1
Avusturya,Uyvar Kalesi,1
Avusturya,Safevi,1
Avusturya,İstanbul,1
Avusturya,Celâli isyan,1
Avusturya,Haçova Meydan Savaşı,1
Avusturya,İngiliz,1
Avusturya,Şarlken,1
Avusturya,İbrahim Paşa,1
Avusturya,Sadraz,1
Haçlı,Lepanto,1
Haçlı,Kudüs,1
Avusturya,Çek,1
ABD,İKA,1
ABD,ABD Savunma Bakanlığı,1
ABD,İkiz Kuleler,1
ABD,Dünya Ticaret Merkezi,1
ABD,El Kaide,1
ABD,Filistin Devleti,1
ABD,BM Genel Kurulu,1
ABD,BM,1
ABD,radikal İslam,1
ABD,Fetullah Gülen,1
ABD,Ege,1
ABD,Akdeniz,1
ABD,Karadeniz,1
ABD,Cumhuriyeti,1
ABD,Kıbrıs Türk,1
ABD,Pentagon,1
ABD,İslami terör,1
Haçlı,Haçlılar,1
Amr bin As,Muaviye bin Ebi Süfyan,1
Tank,betü ' s -,1
Kubbetü ' s - sahre,Mescid - i Aksâ,1
Halid bin Velid,Muaviye bin Ebi Süfyan,1
Abdurrahman bin Avf,Muaviye bin Ebi Süfyan,1
Abdurrahman bin Avf,Amr bin As,1
Abdurrahman bin Avf,Halid bin Velid,1
Amr bin As,Halid bin Velid,1
ABD,Çekiç Güç,1
Patrik Sophronios,Ömer,1
Ebû Ubeyde,Patrik Sophronios,1
Ebû Ubeyde,Ömer,1
Tang Hanedanlığı,Çin ',1
ABD,izm,1
ABD,İslam,1
Avusturya,Haçova Muharebesi ',1
Avusturya,Leh,1
ABD,Saint - Étienne Collegiate ( Sen Etyen Kolicyıt ) Kilisesi,1
Avusturya,Bosna,1
Avusturya,Yeni Zelanda,1
Avusturya,iyanon,1
Avusturya,Triannon,1
Avusturya,Saint Germain ( Sen Jermen ) Antlaşması,1
Avusturya,Trablusgarp,1
Avusturya,Hersek,1
Avusturya,Üçlü İtilaf,1
Avusturya,Güney Afrika,1
Avusturya,Üçlü İttifak,1
Avusturya,Meşrutiyet rejimin,1
Avusturya,Girit Meclisi,1
Avusturya,Belçika,1
Avusturya,Orta Doğu,1
Avusturya,Fransız,1
Avusturya,Finlandiya,1
Avusturya,Brezilya,1
Avusturya,Üçlü İtilaf ',1
Avusturya,Ç,1
Cyperus,Papirüs,1
Cam kaya,sidiye,1
c,ülus,1
beşerî,İnsanoğlu,1
aşık kemiği,Çift tırnak,1
Avusturya,slovakya,1
Avusturya,Loren,1
Avusturya,Japonya,1
Avusturya,Uluslararası Savaş Suçları Mahkemesi,1
Avusturya,Nazi,1
Avusturya,SSCB,1
Avusturya,İsviçre,1
Avusturya,Lübnan,1
Avusturya,Pakistan,1
Avusturya,Mısır,1
Avusturya,Danimarka,1
Avusturya,Nemçe,1
Avusturya,Vasvar Antlaşması,1
Avusturya,Pasarofça,1
Avusturya,Boğdan,1
Avusturya,Hırvatistan,1
Avusturya,Zenta Muharebesi ',1
Avusturya,Azak,1
Avusturya,Kara Mustafa Paşa,1
Avusturya,İmparatorluğu,1
Avusturya,Fransız İhtilali,1
Avusturya,Papa,1
Avusturya,Portekiz,1
Avusturya,İsveç,1
Avusturya,Floransa,1
Avusturya,Felemenk,1
Avusturya,Ceneviz,1
Avusturya,cu,1
Avusturya,Fransız Devrimi,1
Avusturya,Otto fon Bismak,1
Avusturya,nih,1
Avusturya,Otto von Bismarck,1
Avusturya,usya,1
Avusturya,Piyemonte Krallığı,1
Avusturya,Teselya,1
Avusturya,Sistemi,1
Avusturya,Metternich,1
Avusturya,ternich,1
Avusturya,Kraliçe Marie,1
Avusturya,Viyana Kongresi,1
Avusturya,Selim,1
Avusturya,Lajos Kossuth,1
Avusturya,Mari Tereza,1
Avusturya,Marie Theresa,1
Avusturya,İmparator,1
ABD,Kıbrıslı Rumların,1
ABD,Bağlantısızlar Hareketi ',1
ABD,Rauf Denktaş,1
ABD,İsviçre,1
ABD,Aristid Birian,1
ABD,Aristide Briand,1
ABD,Habeşistan,1
ABD,Mançurya,1
ABD,Sovyetler Birliği,1
ABD,Dünya Tasarruf,1
ABD,Yunanistan,1
ABD,Briand - Kellogg ( Birian - Kellog ) Paktı,1
ABD,Pakistan,1
ABD,Yugoslavya,1
ABD,Macaristan,1
ABD,Bulgaristan,1
ABD,Brezilya,1
ABD,Güney Afrika,1
ABD,Kellogg,1
ABD,ya,1
ABD,Finlandiya,1
ABD,Azak,1
ABD,Dumbartın Oaks,1
ABD,Dumbarton Oaks,1
ABD,Manhattan ( Menhettın ) Projesi,1
ABD,Pearl Harbor Deniz ve Hava Üs,1
ABD,Havai Ada,1
ABD,Pearl Harbor Baskını,1
ABD,Pörl Harbır,1
ABD,Polonya,1
ABD,Harbor,1
ABD,Pearl,1
ABD,Mihver Devletler,1
ABD,Britanya,1
ABD,New Deal,1
ABD,Belçika,1
ABD,Arnavutluk,1
ABD,Yeni Zelanda,1
ABD,C Bandung Konferansı Çoğunluk Planı,1
ABD,National Christopher Columbus Quincentenary Jubilee Commission,1
ABD,Yerli Halklar,1
ABD,Kolomb Günü,1
ABD,Beş Yüzüncü,1
ABD,un,1
ABD,Kristof Kolomb,1
ABD,Kristofır Kolombus,1
ABD,İspanya,1
ABD,New York Halk Kütüphanesi Dijital Koleksiyon,1
ABD,us,1
ABD,tenary,1
ABD,Columbus Quince,1
ABD,Türkiye Selçuklu Dönemi,1
ABD,Washington,1
ABD,Smithsonian Institution,1
ABD,Afrika,1
ABD,Metropolitan Müzesi,1
ABD,Kafkasya,1
ABD,Avrupalı,1
ABD,Jems Har - bırd,1
ABD,James Harbord,1
ABD,Başkanı Wilson,1
ABD,Harbord,1
ABD,General,1
ABD,Bristol [,1
ABD,ö,1
ABD,Berlin Antlaşması ',1
ABD,James Monroe,1
ABD,Monroe Doktr,1
ABD,ABD Başkanı Wilson,1
ABD,Mondros Ateşkes Antlaşması ' nın,1
ABD,İtilaf Devletleri,1
ABD,Meksika,1
ABD,Birleşmiş Milletler Ana Sözleşmesi,1
ABD,Moskova Konferansı,1
ABD,Sovyetler,1
ABD,Savaş,1
ABD,Çoğunluk Planı,1
ABD,BM ',1
ABD,Helsinki Sözleşmesi,1
ABD,Yumuşama Dönemi,1
ABD,Soğuk Savaş Dönemi,1
ABD,Küba Krizi,1
ABD,So,1
ABD,Ürdün,1
ABD,CHP,1
ABD,DP,1
ABD,Sovyet,1
ABD,u,1
ABD,Batı Blok,1
ABD,Doğu Anadolu,1
ABD,Suriye,1
ABD,Enver Sedat,1
ABD,Berlin,1
ABD,İsmet İnönü,1
ABD,Mühendisliği,1
ABD,İstanbul Teknik Üniversitesi,1
ABD,Avustralya,1
ABD,Ermeni Diasporası 1915 Olayları,1
ABD,ASALA,1
ABD,Barış Harekâtı,1
ABD,sın,1
ABD,Arap,1
ABD,Johnson (,1
ABD,Bay Başbakan,1
ABD,Başkanı Johnson,1
ABD,Olayı ( 1986,1
ABD,e,1
ABD,İrangat,1
ABD,Dünya Savaşı ',1
ABD,hukukun üstünlüğünü savunmak,1
ABD,İnsan hakları,1
ABD,Güvenlik Konseyi,1
ABD,Loren,1
ABD,Alsas,1
ABD,Uluslararası Savaş Suçları Mahkemesi,1
ABD,Nazi,1
ABD,Potsdam,1
ABD,Potsdam Konferansı,1
ABD,rulunun,1
ABD,NATO ',1
ABD,Birleşmiş Milletler Genel Ku,1
ABD,San Francisco Konferansı,1
ABD,Mihver,1
ABD,Birleşmiş Milletler Güvenlik Konseyi,1
ABD,San Francisco,1
ABD,Birleşmiş Milletler Teşkilatı,1
ABD,Ç,1
ABD,slovakya,1
ABD,Birleşmiş Milletler,1
ABD,Batı,1
ABD,Soğuk Savaş,1
ABD,ve,1
ABD,Batı güvenlik,1
ABD,Sovyet tehdidi,1
ABD,Kore,1
ABD,NATO,1
ABD,Avrupa Konseyi Demokrat Parti Truman Doktrini,1
ABD,Kore Savaşı Marshall Planı Molotof Planı,1
ABD,Varşova Paktı,1
ABD,Adnan Menderes,1
ABD,Fuat Köprülü,1
ABD,Refik Ko raltan,1
ABD,Doğu Bloku ',1
Emir Sanduk,Güney Anadolu,1
Güney Anadolu,TBMM,1
Diyarbakır,Trakya,1
Alanya,Antalya,1
Cuma Camisi,Sultan Melikşah,1
Cuma Camisi,İsfahan,1
Cuma Camisi,Selçuklu,1
Alanya,Diyarbakır,1
Alanya,Erzurum,1
Alanya,Sinop,1
Alanya,Kayseri,1
Sultan Melikşah,İsfahan,1
Alanya,Amasya,1
Alanya,Tokat,1
Alanya,Malatya,1
Alanya,Sivas,1
Batı Anadolu,Trakya,1
Batı Anadolu,Boğaz,1
Cuma Camisi,Murad Hüdavendigâr,1
Karahanlı Dönemi,Yusuf Has Hacib,1
Batı Anadolu,Misak - ı Millî,1
Abbasi Halife,Nasır Lidinillah,1
t,İbn Bat,1
Ahi Evran,Fatma Bacının,1
Ahi Evran,Doğu Romalı,1
Ahi Evran,Anadolu,1
Ahi Evran,Türkistan,1
Nasır Lidinillah,Selçuklu Dönemi,1
Abbasi Halife,Anadolu,1
Karahanlı Dönemi,adgu,1
Abbasi Halife,Selçuklu Dönemi,1
Ahilik teşkilatı,Selçuklular,1
adgu,samur,1
Yusuf Has Hacib,samur,1
Yusuf Has Hacib,adgu,1
Karahanlı Dönemi,samur,1
Batı Anadolu,İstanbul,1
Batı Anadolu,Ekim 1922,1
ûta,İbn Bat,1
Ceyhun,Selçuklu Devleti,1
Batı Anadolu,Ceyhun,1
Batı Anadolu,Selçuklu Devleti,1
Batı Anadolu,İran,1
Ceyhun,Suriye,1
Ceyhun,Mısır,1
Ceyhun,Irak,1
Ceyhun,İran,1
Batı Anadolu,Mısır,1
Karahanlılar,Türkiye Selçuklu,1
Karahanlılar,Maveraünnehir,1
Katar,İslam Sanatları Müzesi,1
Doha,Katar,1
Doha,İslam Sanatları Müzesi,1
Karahan,Türkistan,1
Batı Anadolu,Irak,1
Batı Anadolu,Suriye,1
Batı Anadolu,Mudanya Ateşkes Antlaşması,1
Batı Anadolu,Etniki Eterya Cemiyeti,1
Batı Anadolu,Yunanistan,1
Batı Anadolu,Doğu Trakya,1
Batı Anadolu,Edirne,1
Batı Anadolu,Bursa,1
Batı Anadolu,manlı Devleti,1
Batı Anadolu,Doğu Karadeniz,1
Batı Anadolu,Yunan,1
Batı Anadolu,Orta Anadolu,1
Batı Anadolu,Trablusgarp,1
Batı Anadolu,On İki Ada,1
Batı Anadolu,İtilaf Devletleri,1
Batı Anadolu,Doğu Roma,1
Batı Anadolu,Yıldırım Bayezid,1
Batı Anadolu,Bizans,1
t,ûta,1
Seyahatnâmesi,İbn Bat,1
Hırvatistan,Yugoslavya,1
Japonya,Yeni Zelanda,1
Japonya,İspanya,1
Japonya,Montreux Boğazlar Sözleşmesi,1
Japonya,İsviçre,1
Japonya,Lübnan,1
Japonya,Pakistan,1
Japonya,Çekoslovakya,1
Japonya,Versailles ( Versay ) Antlaşması,1
Japonya,Mussolini,1
Japonya,Yunus Emre Enstitüsü,1
Japonya,TÜRKSOY,1
TÜRKSOY,Türkiye,1
TÜRKSOY,Yunus Emre Enstitüsü,1
Yahya Kemal Beyatlı,Üsküp,1
Yahya Kemal Beyatlı,Yunus Emre Enstitüsü,1
Japonya,Yeni Düzen,1
Japonya,Uzak Doğu,1
2024 İstanbul Kültür Yolu Festivali,Yunus Emre Enstitüsü,1
Sarıkeçili,Yunus Emre Enstitüsü,1
Hırvatistan,Mora,1
Hırvatistan,Venedik,1
Hırvatistan,Vinkovci,1
Hırvatistan,Sarıkeçili,1
Hırvatistan,Yunus Emre Enstitüsü,1
Sarıkeçili,Vinkovci,1
Japonya,ver,1
Japonya,İTO,1
Japonya,üzerindeki etkileri neler olmuştur,1
Japonya,Pearl Harbor Baskını,1
Japonya,San Francisco,1
Japonya,Pearl Harbor Deniz ve Hava Üs,1
Japonya,u,1
Japonya,Uzak Do,1
2024 İstanbul Kültür Yolu Festivali,Yahya Kemal Beyatlı,1
Senegal,du Sénégal,1
Seyahatnâmesi,t,1
Sultanhanı Kervansaray,Türkiye Selçuklu Sultanı,1
Yahya Kemal,Yunus Emre Enstitüsü,1
2024 istanbul Kültür Yolu Festivali,Yahya Kemal,1
2024 istanbul Kültür Yolu Festivali,Yunus Emre Enstitüsü,1
AHYA KEMAL SAIR,Y,1
Ahilik,Osmanlı Devleti,1
Ahilik,Fütüvvet,1
Adalar Denizi,Akdeniz,1
SOY,Yunus Emre Enstitüsü,1
Adalar Denizi,Karadeniz,1
Adalar Denizi,Orta - Anadolu,1
Adalar Denizi,Anadolu,1
Adalar Denizi,Süleymanşah,1
Orta - Anadolu,Süleymanşah,1
Seyahatnâmesi,ûta,1
Yahya Kemal,âk,1
SOY,Vinkovci,1
Senegal,Vest İndia Kampan,1
"Following the Yoruks "" Photography Exhibition Opens in",Yunus Emre Enstitüsü,1
Senegal,West India Company,1
Senegal,Toulon,1
Senegal,Vinkovci,1
Senegal,Yunus Emre Enstitüsü,1
"Following the Yoruks "" Photography Exhibition Opens in",Senegal,1
"Following the Yoruks "" Photography Exhibition Opens in",Vinkovci,1
"Following the Yoruks "" Photography Exhibition Opens in",SOY,1
SOY,Senegal,1
"""",nt Deniz Sefer,1
"""",Senegal,1
"""","Following the Yoruks "" Photography Exhibition Opens in",1
"""",Vinkovci,1
"""",Yunus Emre Enstitüsü,1
"""",SOY,1
Maveraünnehir,Şam,1
Maveraünnehir,Mısır,1
Maveraünnehir,Türkistan,1
Batı Avrupa,Roma,1
Batı Avrupa,Marshall Planı,1
Batı Avrupa,İspanya,1
Batı Avrupa,Hollanda,1
Batı Avrupa,İngiltere,1
Batı Avrupa,Fransız,1
Batı Avrupa,Uzun Hasan,1
Batı Avrupa,İtalyan,1
Fethiye,Makri Körfezi,1
Dede Korkut Destanı,Minneapolis,1
Dede Korkut Destanı,Minneapolis Institute of Art ( Mineapolis İnstütüyt of Art ),1
Minneapolis,Minneapolis Institute of Art ( Mineapolis İnstütüyt of Art ),1
Bitlis,Kut ' ül - Amâre ' de İngiliz kuvvetleri,1
Bitlis,Çanakkale Savaşlarında düşmanı,1
Bitlis,Hareket Ordusu tarafından,1
Batı Avrupa,Dünya Savaşı,1
Fethiye,Mısır,1
Bitlis,Kafkas Cephesi ',1
Kastamonu,Çankırı,1
Kastamonu,Türk,1
Kastamonu,Manavgat,1
Kastamonu,Silifke,1
Kastamonu,Tarsus,1
Kastamonu,Çorum,1
Kastamonu,Tokat,1
Kastamonu,Muğla,1
Makri Körfezi,Mısır,1
Kastamonu,Manisa,1
Kastamonu,Murad,1
Kastamonu,Paflagonya,1
Kastamonu,Osman Gazî,1
Kastamonu,Osman Gazi,1
Kastamonu,Sinop,1
Bitlis,Trablusgarp Savaşı ' nda İtalyan,1
Bitlis,İtilaf Devletleri,1
Dandanakan Zaferi ',Horasan,1
Büyük Selçuklu Dönemi,Karahanlı,1
Bitlis,Mey,1
Bitlis,Evliya Çelebi,1
Moğol istila,Osman,1
Moğol istila,İslam coğrafya,1
Moğol istila,Türkiye Selçuklu Devleti,1
Büyük Selçuklu Dönemi,Gazneli,1
Büyük Selçuklu Dönemi,Konya,1
Bitlis,Hısnıkeyfâ,1
Büyük Selçuklu Dönemi,Karatay Müzesi,1
Büyük Selçuklu Dönemi,Kubâdâbâd Sarayı,1
Büyük Selçuklu Dönemi,Nizamiye Medres,1
Büyük Selçuklu Dönemi,Moğol istila,1
Büyük Selçuklu Dönemi,Türkiye Selçuklu Devleti,1
hukukun,Örfi hukuk,1
Bitlis,âfârikîn,1
Bitlis,Urfa,1
Bitlis,Dünya Savaşı,1
Bitlis,Rusya,1
Bitlis,İngiltere,1
Bitlis,Güney Irak,1
Bitlis,Fransa,1
Bitlis,Şam,1
Bitlis,Lübnan,1
Bitlis,Halep,1
Bitlis,Mustafa Kemal,1
Bitlis,Mardin,1
Bitlis,Kafkasya Cephesi,1
Bitlis,Erzincan,1
Bitlis,Musul,1
Bitlis,Güneydoğu Anadolu,1
Bitlis,Rakka,1
Bitlis,Cezîre,1
Kastamonu,İnebolu Limanı,1
Kastamonu,Mustafa Kemal,1
Ankara,İslâm,1
Ankara,Lozan Kon,1
Ankara,Türkiye Cumhuriyeti,1
Ankara,Tevfik Paşa,1
Ankara,Sadraz,1
Ankara,Hükûmeti,1
Ankara,Mudanya Ateşkes Antlaşması ',1
Ankara,feransı,1
Ankara,Lozan Konferansı,1
Ankara,Türkiye Devleti,1
Ankara,Barış Konferan,1
Ankara,Kars,1
Ankara,Kafkas Cumhuriyet,1
Ankara,Konstantin,1
Ankara,Yunan,1
Ankara,İzmir,1
Ankara,Lozan Barış Antlaşması,1
Ankara,İslam,1
Ankara,Rumeli,1
Ankara,Etnografya Müzesi,1
Aleksandr Natanoviç Bernştam,Rus,1
Seyhun,iderya,1
Seyhun,derya,1
Bozkır - İli,Türk İslâm devletlerin,1
Ankara,Pegem Akademi,1
Ankara,Yurtta Sulh Komitesi,1
Ankara,İzmit,1
Ankara,Türkçe,1
Ankara,Yavuz Zırhlısı,1
Ankara,Halk Fırkası,1
Ankara,Hıfzıssıhha Enstitüsü,1
Ankara,Trabzon,1
Ankara,Sivas,1
Ankara,İstanbul Radyo,1
Ankara,Sevr ',1
Ankara,İnönü Muharebesi,1
Ankara,ûmet,1
Ankara,Emîr Timur,1
Ankara,Beyşehir,1
Ankara,Karahisar,1
Ankara,Beypazarı,1
Ankara,Cenova,1
Ankara,Timur,1
Ankara,Çubuk Ovası,1
Ankara,Yıldırım Bayezid,1
Ankara,Londra Konferansı ',1
Ankara,Karamanoğu,1
Ankara,Osmanlı Beyliği,1
Ankara,Dimetoka,1
Ankara,Edirne,1
Ankara,Süleyman Paşa,1
Ankara,Çimpe Kalesi,1
Ankara,Hacı Bayram,1
Ankara,Hacibayram Camii,1
Ankara,seddin,1
Ankara,Hacıbayram Camii,1
Ankara,Mekt,1
Ankara,Millî Savunma Üniversitesi,1
Ankara,Kara Harp Okulu,1
Ankara,Ankara Üniversitesi Siyasal Bilgiler Fakültesi,1
Ankara,Dünya Savaşı,1
Ankara,Üsküp,1
Ankara,Mustafa Kemal Paşa,1
Ankara,Batı Cephesi,1
Ankara,Müdâfaa - i Hukuk Grubu,1
Ankara,Misak - ı Millî,1
Ankara,Mehmet Rıfat ( Börekçi ) Osman Oral,1
Ankara,İnebolu,1
Ankara,Fuat Paşa,1
Hırvatistan,Osmanlı Devleti,1
Hırvatistan,Sırbistan,1
Nizamulmülk,Selçuklu Devleti,1
Anadolu Beylikleri,Osmanlı Dönemi,1
Kafkas,Roma,1
Kafkas,Yunan,1
Kafkas,Türkiye Selçukluları,1
Türkiye Selçukluları,Yunan,1
Anadolu Beylikleri,Osmanlı,1
Anadolu Beylikleri,Selçuklular,1
Anadolu Beylikleri,Selçuklu,1
Kafkas,Sırbistan,1
Anadolu Beylikleri,Edirne,1
Anadolu Beylikleri,Gazi Mihal Camisi,1
Anadolu Beylikleri,Anadolu Selçuk,1
Anadolu Beylikleri,Türk,1
Anadolu Beylikleri,Osmanlı Devleti,1
Anadolu Beylikleri,Fuat Köprülü,1
Kafkas,Osmanlı ordusu,1
Kafkas,Yunanistan,1
Anadolu Beylikleri,Bizans,1
Amasya,Kayseri,1
Amasya,Doğu Roma,1
Amasya,İsa Çelebi,1
Amasya,Mehmed Çelebi,1
Amasya,Süleyman Çelebi,1
Amasya,Diyarbakır,1
Amasya,Sinop,1
Amasya,Malatya,1
Kafkas,Türkiye,1
Amasya,Sivas,1
Kafkas,Orta Asya,1
Kafkas,Rusya ',1
Kafkas,Makedonya,1
Kafkas,Kanal,1
Kafkas,Çanakkale,1
Anadolu Beylikleri,Kafkas,1
Anadolu Beylikleri,Roma,1
Amasya,Türkiye Selçuklu,1
Asi Nehri,Hama,1
Üsame bin Münkız,Şeyzer Kalesi,1
tes,Üsame bin Münkız,1
tes,Şeyzer Kalesi,1
Asi Nehri,Üsame bin Münkız,1
Asi Nehri,Şeyzer Kalesi,1
Asi Nehri,tes,1
Hama,Üsame bin Münkız,1
Abbasiler Dönemi,Bağdat,1
Hama,Şeyzer Kalesi,1
Hama,tes,1
İbn Nefis,İtalya,1
Michael Servetus,Realdo Colombus,1
Kalavun Hastanesi,Nurettin Zengî Hastanesi,1
Kalavun Hastanesi,Şam,1
Konrad Hir,Şam,1
Abbasiler Dönemi,İslam,1
Anadolu Beylikleri,Yunan,1
Semerkand,Yıldırım Bayezid,1
Anadolu Beylikleri,Türkiye Selçukluları,1
Karahan lı Devleti,Türkistan,1
Karahan lı Devleti,Konya,1
Karahan lı Devleti,İnce Minareli Medres,1
Ortaçağ Avrupası,İtalya,1
Semerkand,Tamgaç Buğra Han İbrahim,1
Semerkand,Türkistan,1
' l Hikme,Abbasiler Dönemi,1
Semerkand,İslam,1
Kurtuba,İslam,1
Kurtuba,Semerkand,1
Kurtuba,Merv,1
' l Hikme,İslam,1
' l Hikme,Bağdat,1
Amasya,Kütahya,1
Amasya,Mehmet ',1
Hırvatistan,na,1
Diyarbakır,Rumeli,1
Diyarbakır,Safevi,1
Diyarbakır,Revan,1
Diyarbakır,Kasr - ı Şirin Antlaşması,1
Diyarbakır,Temeşvar,1
Diyarbakır,Dulkadir,1
Diyarbakır,Karaman,1
Diyarbakır,Osmanlı Devleti,1
Diyarbakır,Kerkük,1
Diyarbakır,Sinop,1
Diyarbakır,Kayseri,1
Diyarbakır,Tokat,1
Diyarbakır,Malatya,1
Diyarbakır,Konya,1
Kayseri,Urfa,1
Diyarbakır,Musul,1
Diyarbakır,Rusya,1
Kayseri,Mısır,1
Diyarbakır,İzmir İktisat Kongresi ' nin toplanması,1
Diyarbakır,İstanbullu,1
Diyarbakır,Mustafa Kemal Atatürk ',1
Diyarbakır,Saltanatın kaldırılması,1
Diyarbakır,Tevhid - i Tedrisat Kanunu ' nun kabulü,1
Diyarbakır,Medeni Kanun ' un kabulü,1
Diyarbakır,Millet Mekteplerinin açılması,1
Diyarbakır,İtilaf Devletleri,1
Diyarbakır,Halep,1
Diyarbakır,Dünya Savaşı,1
Diyarbakır,İngiltere,1
Diyarbakır,Güney Irak,1
Diyarbakır,Fransa,1
Diyarbakır,Harput,1
Diyarbakır,Lübnan,1
Kayseri,Mardin,1
Kayseri,Sinop,1
Amasya,Halil Paşa,1
Amasya,Tarsus,1
Amasya,Pontus,1
Amasya,Mithridates ( Mitridates ),1
Amasya,Pers Satrap,1
Amasya,Kavak,1
Amasya,Manavgat,1
Amasya,Silifke,1
Amasya,Çorum,1
Amasya,Hrisantos ( Hırisantos ),1
Amasya,Bolu,1
Amasya,Kastamonu,1
Amasya,Isparta,1
Amasya,Muğla,1
Amasya,Manisa,1
Amasya,Balıkesir,1
Amasya,Trabzon,1
Amasya,Germanos,1
Kayseri,Tokat,1
Amasya,Damat Ferit,1
Kayseri,Malatya,1
Amasya,Millet Meclisi,1
Amasya,Koçhisar,1
Amasya,Beypazarı,1
Amasya,Kırşehir,1
Amasya,Sevr Antlaşması ',1
Amasya,Bahriye Nazırı,1
Amasya,Harbiye Nezaret,1
Amasya,Heyet - i Temsiliye,1
Amasya,Mustafa Kemal,1
Amasya,Rauf,1
Amasya,Refet,1
Amasya,gesi,1
Amasya,İstanbul,1
Nurettin Zengî Hastanesi,Şam,1
lamasi,masi,1
lama,İbrahim Çolak,1
Bağdad,İsfahan,1
Bağdad,Ceziretu İbnü Ömer,1
Bağdad,Âmil,1
Bağdad,Musul,1
Bağdad,Merv,1
Bağdad,Herat,1
Bağdad,Rey,1
Bağdad,Belh,1
Ceziretu İbnü Ömer,Nişabur,1
Bağdad,Nişabur,1
Bağdad,Nizâmülmülk,1
Nizâmülmülk,Âmil,1
Nizâmülmülk,Rey,1
Nizâmülmülk,İsfahan,1
Nizâmülmülk,Nişabur,1
Ceziretu İbnü Ömer,Nizâmülmülk,1
Ceziretu İbnü Ömer,İsfahan,1
Oksford,Paris,1
Kent Üniversiteler,Padua,1
Sivas,Sâhibiye Medresesi ( Gök Medrese,1
Bologna Üniversitesi,İtalya Universitas ( Universitas,1
Bol,İtalya Universitas ( Universitas,1
Bol,Bologna Üniversitesi,1
Ferdinand ',Salamanka,1
Frederik,Napoli ve Kastilyalı III,1
Bologna,Kent Üniversiteler,1
Ceziretu İbnü Ömer,Rey,1
Bologna,Padua,1
Âmil,İsfahan,1
Ceziretu İbnü Ömer,Âmil,1
Ceziretu İbnü Ömer,Musul,1
Ceziretu İbnü Ömer,Merv,1
Ceziretu İbnü Ömer,Herat,1
Cambridge,Oksford,1
Oksford,Oxford,1
lama,lamasi,1
FOTO GALER,Su Çar,1
Gırnata,Şerefeddin bin Tahir,1
Gırnata,Sultan Sencer,1
Gırnata,İspanya,1
Gırnata,Sicilya,1
Malazgirt Savaşı,Türkiye Selçuklu,1
Türbin kanat,mak,1
TİKA,Yunus Emre Enstitüsü,1
Gırnata,Osmanlı,1
Hırvatistan,donya,1
Hırvatistan,Kuzey Make,1
Hırvatistan,Karadağ,1
Hırvatistan,ya,1
Hırvatistan,Makedon,1
Hırvatistan,Kosova,1
Gırnata,İspanyol,1
Gırnata,Memlûk,1
Bologna ( Bolonya ) Üniversitesi,Paris,1
Sicilya,İslam,1
Bologna ( Bolonya ) Üniversitesi,Cambridge,1
Bologna ( Bolonya ) Üniversitesi,Oksford,1
Bologna ( Bolonya ) Üniversitesi,Oxford,1
Sultan Sencer,Şerefeddin bin Tahir,1
Sultan Sencer,İspanya,1
Sicilya,esans,1
Sicilya,Şerefeddin bin Tahir,1
Granada,Sicilya,1
Sicilya,Sultan Sencer,1
Sicilya,İspanya,1
Granada,Şerefeddin bin Tahir,1
Granada,Sultan Sencer,1
Granada,İspanya,1
Granada,Gırnata,1
Sivas,Tokat,1
Sivas,Şam,1
Sivas,İngiltere,1
Me,Ziyariler,1
Tutulma,lamasi,1
Tutulma,masi,1
Tutulma,lama,1
Gazne,izm,1
Gazne,Gazneli Mahmud,1
Gazneli Mahmud,izm,1
Ve,mgir,1
Gölge dairesi,Tutulma,1
Biruni,Buhara,1
Ebü ' lVefa el - Buzcani,Harizm,1
Ebu Mahmud el - Hucendi,Rey,1
Kas,İspanya,1
Kas,ya,1
Kas,Rey,1
Tutulma,Türk,1
Gölge dairesi,lama,1
Sivas,Sivas Kongresi,1
-,Türk,1
lama,masi,1
-,Hersek,1
-,Bosna,1
-,ülük,1
-,Ziya Gökalp,1
-,Mehmet Emin Bars,1
-,lamasi,1
Gölge dairesi,masi,1
-,Gölge dairesi,1
-,masi,1
-,lama,1
-,Tutulma,1
Gölge dairesi,Türk,1
Gölge dairesi,lamasi,1
Gürgenç,Rey,1
Gürgenç,Kas,1
Gürgenç,Harizmşahlar,1
Sâhibiye Medres,Türkiye Selçuklu Dönemi,1
Arapça,Türkçe,1
Arapça,Hoca Ahmed Yesevi,1
Arapça,Servetus,1
Arapça,Avrupa,1
Sâhib Ata,Türkiye Selçuklu Dönemi,1
Sâhib Ata,Sâhibiye Medres,1
Nizamiye Medresesi,Sivas,1
Cürcan,Gürgenç,1
Nizamiye Medresesi,Sâhibiye Medresesi ( Gök Medrese,1
Sivas,Sivas Valiliği,1
Sivas,İstanbul,1
Sivas,İnönü,1
Sivas,Urfa,1
Sivas,İrade - i Millîye,1
Arapça,Rum,1
Arapça,Kâşgarlı Mahmud,1
Arapça,Batı,1
Arapça,İngilizce,1
Oxford üniversitesi,Roger Bacon,1
Al - Hazen,Bacon,1
Al - Hazen,İbnü ' l Heysem,1
Harizmşahlar,Kas,1
Harizmşahlar,Rey,1
Gilan,Harizmşahlar,1
Gilan,Kas,1
Gilan,Rey,1
Gilan,Gürgenç,1
Cürcan,Harizmşahlar,1
Cürcan,Kas,1
Cürcan,Rey,1
Cürcan,Gilan,1
im,İslam,1
Nizamulmülk,Sultan Melikşah,1
Diogenes,Selçuklu,1
Türkiye Selçuklu Devleti,Yunus Emre,1
Gürcü,Haçlı,1
Malazgirt Zaferi,Sultan Alp Arslan,1
Miryokefalon Savaşı,Selçukluların Anadolu akın,1
Miryokefalon Savaşı,Türkiye Selçuklu Devleti,1
Miryokefalon Savaşı,Türkiye Selçuklu Devletin,1
Türkiye Selçuklu Devleti,köy,1
Türkiye Selçuklu Devleti,İstanbul,1
"Haçlı Seferleri,",Hıttin Muharebesi,1
Türkiye Selçuklu Devleti,Türkiye Selçuklu Devletin,1
1182 Artuklu Devleti ',Miryokefalon Savaşı,1
1182 Artuklu Devleti ',Türkiye Selçuklu Devleti,1
1182 Artuklu Devleti ',Türkiye Selçuklu Devletin,1
1182 Artuklu Devleti ',1182 Artuklu Devletin,1
1176 Miryokefalon Zaferi,Miryokefalon Savaşı,1
Danişmend Gazi Destanı ',Haçlı Savaşları,1
"Haçlı Seferleri,",Kudüs ' ün yeniden fethi,1
1176 Miryokefalon Zaferi,1182 Artuklu Devleti ',1
Haçlı Seferleri,Sicilya,1
Clé,mont ( Kılermon ) Konsülü,1
Clé,Urbanus,1
Aleksios Komminos,Bizans,1
Kutalmışoğlu Süleyman,Marmara,1
Haçlı Seferleri,esans,1
Haçlı Seferleri,İslam,1
Haçlı Seferleri,Moğol istilası,1
Hıttin Muharebesi,Kudüs ' ün yeniden fethi,1
Haçlı Seferleri,Urbanus ( Urban ),1
1071 Malazgirt Zaferi ',Filistin,1
1071 Malazgirt Zaferi ',Suriye,1
1071 Malazgirt Zaferi ',Anadolu,1
Hıttin Muharebesi,Kudüs,1
Hıttin Muharebesi,Selahaddin Eyyubi,1
1176 Miryokefalon Zaferi,Türkiye Selçuklu Devleti,1
1176 Miryokefalon Zaferi,1176 Niksar Muharebesi,1
Pierre L ' Ermite,Piyer Lermit,1
Miryokefalon Zaferi ',Türkiye Selçuklu Devleti,1
Kılıçarslan,İznik,1
Kılıçarslan,Miryokefalon Muharebesi,1
Kılıçarslan,Sandıklı,1
Din,Kiliçarslan,1
Malazgirt Meydan Savaşı ',Miryokefalon,1
Bizans İmparator,Türkiye Selçuklu Devleti,1
Manuel Comnenos,Miryokefalon Savaşı,1
Dinar,Kılıçarslan,1
1176,Miryokefalon Savaşı,1
1176,Manuel Comnenos,1
Balıkesir,Karesi,1
Balıkesir,Mehmet Âkif Ersoy,1
Balıkesir,Kuvây - ı Milliye,1
Balıkesir,Pozantı Kongre,1
Kılıçarslan,Miryokefalon Zaferi,1
Dinar,Sandıklı,1
1176 Miryokefalon Zaferi,Türkiye Selçuklu Devletin,1
1182 Artuklu Devletin,Miryokefalon Savaşı,1
1176 Miryokefalon Zaferi,1182 Artuklu Devletin,1
1176 Niksar Muharebesi,Miryokefalon Savaşı,1
1176 Niksar Muharebesi,Türkiye Selçuklu Devleti,1
1176 Niksar Muharebesi,1182 Artuklu Devleti ',1
1176 Niksar Muharebesi,Türkiye Selçuklu Devletin,1
1176 Niksar Muharebesi,1182 Artuklu Devletin,1
1182 Artuklu Devletin,Türkiye Selçuklu Devleti,1
Dinar,Gelendost,1
1182 Artuklu Devletin,Türkiye Selçuklu Devletin,1
Miryokefalon Muharebesi,Sandıklı,1
Gelendost,Miryokefalon Muharebesi,1
Gelendost,Sandıklı,1
Gelendost,Kılıçarslan,1
Dinar,Miryokefalon Muharebesi,1
Urbanus,mont ( Kılermon ) Konsülü,1
L ' Ermite,İstanbul,1
Alman Haçlı,Louis ( Lui ),1
1148,Anadolu,1
Alman Haçlı ordusu,rad,1
1148,Dımaşk ( Şam ) Kuşatması ',1
1148,Suriye,1
1148,Akdeniz,1
1148,Ege,1
1148,Adalar,1
1148,Haçlı Seferi,1
Alman Haçlı ordusu,ileon,1
Urfa Kont,İmadeddin Zengi,1
Musul,Paris,1
Musul,Sovyetler Birliği,1
Musul,İngiltere,1
Musul,İngiliz,1
Musul,TBMM,1
Alman Haçlı ordusu,Anadolu,1
Alman Haçlı ordusu,Sultan Mesud,1
Musul,Çukurova,1
Türkiye Selçuklu,Türkiye Selçuklu Devleti,1
Louis ( Lui ),Marie Antoinette,1
Louis ( Lui ),İznik,1
Fransız Haçlı,İznik,1
Fransız Haçlı,Louis ( Lui ),1
Türkiye Selçuklu,İlhanlı,1
Türkiye Selçuklu,İbni Bibi,1
Türkiye Selçuklu,Uygur,1
Alman Haçlı ordusu,Türkiye Selçuklu,1
Türkiye Selçuklu,ileon,1
Türkiye Selçuklu,rad,1
Sultan Mesud,Türkiye Selçuklu,1
Sultan Mesud,ileon,1
Sultan Mesud,rad,1
ileon,rad,1
Musul,Osmanlı Devleti,1
Musul,İstanbul,1
Kulan Arslan Bey,Kılıçarslan,1
Malatya,Sam,1
Ereğli,Merzifon,1
Lombar,Türkiye Selçuklu,1
Trablus,Urfa,1
Dorileon ( Dorilyon ) Sa vaşı,Eskişehir,1
Malatya,TURGUT ÖZAL,1
Malatya,İzmir,1
Malatya,Trabzon,1
Haçlı Seferi ' nin,Türk,1
Malatya,Yerli Malı,1
Malatya,Memlûk,1
Malatya,Sinop,1
Malatya,Tokat,1
Malatya,Sivas,1
Malatya,Sultan I,1
Ereğli,Konya,1
Musul,Urfa Kont,1
Musul,Van,1
Musul,Rey,1
Musul,Safevi,1
Musul,Revan,1
Musul,Rakka,1
Musul,Urfa,1
Musul,âfârikîn,1
Musul,Âmil,1
Musul,İsfahan,1
Musul,İmadeddin Zengi,1
Musul,Nişabur,1
Musul,Nizâmülmülk,1
Musul,yon,1
Musul,dö Ş,1
Musul,Renaud de Chatillon,1
Musul,Selahaddin Eyyubi,1
Balıkesir,Nazilli,1
Balıkesir,Manavgat,1
Balıkesir,Silifke,1
Bozkır kapan,Turan,1
Malazgirt,Miryokefalon,1
Malazgirt,ve,1
Malazgirt,Sultan Alp Arslan,1
Ahlat,ve,1
Ahlat,Malazgirt,1
Ahlat,Sultan Alp Arslan,1
Bozkır kapan,Sultan Alp Arslan,1
Haçlı Sefer,Selçukluların Anadolu akın,1
Sultan Alp Arslan,Tuğrul Bey,1
Sultan Alp Arslan,ve,1
Sultan Alp Arslan,Turan,1
Muş,Çanakkale Savaşlarında düşmanı,1
Muş,Trablusgarp Savaşı ' nda İtalyan,1
Muş,Trabzon,1
Haçlı Sefer,Suriye,1
Haçlı Sefer,Miryokefalon Savaşı,1
Muş,Sultan Alp Arslan ( Temsilî ) Malazgirt Zafer Anıtı,1
Alman,Sûr,1
Alman,Saksonya,1
Alman,berg ) Ş,1
Alman,Wittenberg ( Vit,1
Alman,Martin Luther ( Martin Luter,1
Alman,Ferdinand,1
Alman,Cihan Devleti Osmanli,1
Alman,Antakya,1
Malazgirt Zaferi ' nin,Türkistan,1
Alman,Friedrich,1
Alman,Anadolu,1
Alman,Çanakkale Boğazı,1
Alman,Friedrich ( Fridrih ) Barbaros sa ( Barbarossa ),1
Alman,İmparator,1
Alman,Manuel Comnenos ( Manuel Komnen ),1
Muş,Van,1
Kars Kalesi,Muş,1
Balıkesir,Tarsus,1
Rey,Âmil,1
Kars,Safevi,1
Kars,Revan,1
Kars,tavus,1
Kars,Muş,1
Kars,Sultan Alp Arslan ( Temsilî ) Malazgirt Zafer Anıtı,1
Kars,Kars Kalesi,1
Rey,İsfahan,1
Kars,Şehrizo,1
Rey,İran,1
Rey,urt,1
Rey,İstanbul,1
Diogenes,Malazgirt,1
Diogenes,İstanbul,1
Diogenes,Rey,1
Kars,Van,1
Kars,Osmanlı İmparatorluğu,1
Kars Kalesi,Sultan Alp Arslan ( Temsilî ) Malazgirt Zafer Anıtı,1
Kars,Çarlık Rusyası,1
Kars,Çanakkale,1
Kars,İstanbul,1
Kars,han,1
Kars,Montr,1
Kars,ya,1
Kars,İstanbul Hükûmet,1
Kars,Misak - ı Millî,1
Kars,Kars İslam Şûrası,1
Kars,TBMM,1
Kars,Sarıkamış,1
Kars,Kazım Karabekir Paşa,1
Kars,Selâs,1
Kars,Wilson İlke,1
Kars,Mondros Ateşkes Antlaşması ' nın,1
Alman,Frederick ( Frederik ),1
Alman,Martin Luther,1
Alman,Kutsal Roma - Germen İmparatoru,1
Alman,Moskova,1
Alman,Dünya Savaşı,1
Alman,Leh ( Polonya,1
Alman,İngiltere,1
Alman,Avrupa,1
Alman,Müttefik,1
Alman,Normandiya,1
Alman,Leningrad,1
Alman,Kafkasya,1
Alman,Britanya,1
Alman,Hitler,1
Alman,Tek partili totaliter ideoloj,1
Alman,Darülbedayi,1
Alman,Muhsin Ertuğrul,1
Alman,İcra ve İflas Kanun,1
Alman,Sovyetler Birliği,1
Balıkesir,Göller Bölgesi,1
Alman,Augsburg ( Oksburg ) Barışı,1
Balıkesir,Muğla,1
Balıkesir,Çorum,1
Balıkesir,Tokat,1
Balıkesir,Bolu,1
Balıkesir,Çankırı,1
Balıkesir,Kastamonu,1
Balıkesir,Isparta,1
Balıkesir,Manisa,1
Balıkesir,Bergama,1
Balıkesir,Bursa,1
Balıkesir,Edirne,1
Balıkesir,Tuna Nehri,1
Balıkesir,İstanbul,1
Balıkesir,Karesioğulları Beyliği,1
Balıkesir,Çanakkale,1
Alman,Ceza Muhakemeleri Usulü Kanunu,1
Alman,Hukuk Muhakemeleri Usulü Kanunu,1
Alman,Türk Ticaret Kanunu,1
Alman,Venedik,1
Alman,II,1
Alman,Prusya,1
Alman,İngiliz,1
Alman,Musevi,1
Alman,Fransız Rus,1
Alman,Malta,1
Alman,Lehistan,1
Alman,İsviçre,1
Alman,Macar,1
Alman,Leh,1
Alman,İspanyol,1
Alman,Çek,1
Alman,Haçova Muharebesi ',1
Alman,Kepçe Kazan Savaşı,1
Alman,Hans von Wangenheim,1
Alman,Hans fon Vangenhaym,1
Alman,Manastır,1
Alman,Mehmet Emin ( Yurdakul ),1
Alman,Namık Kemal,1
Alman,Harp Akademisi,1
Alman,Japon,1
Alman,Uzak,1
Alman,Yakın Doğu,1
Alman,ya,1
Alman,Cihan Harbi ',1
Alman,Baltık,1
Alman,Polonya,1
Alman,Rusya,1
Alman,Türk Medeni Kanunu,1
Alman,İtalyan Ceza Kanunu,1
Alman,Türk Ceza Kanunu,1
Louis ( Lui ),Mari Ontion,1
Alman Haçlı,Anadolu,1
Kasım 1072,şah,1
Avrupa Hun devletleri,Büyük Selçuklu,1
cih,gaz,1
cih,hi,1
cih,tu,1
abur,İbrahim Yınal,1
Tanrı,İslamiyet,1
Avrupa Hun devletleri,Türkiye Selçuklu,1
Avrupa Hun devletleri,Gazneli,1
gaz,tu,1
Avrupa Hun devletleri,Karahanlı,1
Avrupa Hun devletleri,Uygur,1
Avrupa Hun devletleri,Göktürk,1
Süleyman Şah,Türkiye Selçuklu Devleti,1
Süleyman Şah,İznik,1
Kösedağ,İznik,1
hi,tu,1
gaz,hi,1
Haçlı seferinde,Konya,1
Abdülkerim,Muhammed,1
Muhammed,Tuğrul Bey,1
Muhammed,Satuk Buğra Han,1
Satuk Buğra Han,Çağrı Bey,1
Satuk Buğra Han,Tuğrul Bey,1
Abdülkerim,Davut,1
Abdülkerim,Çağrı Bey,1
Abdülkerim,Tuğrul Bey,1
Cihan,Halife,1
Abdülkerim,Satuk Buğra Han,1
Karahanlı Devleti,Türkiye Selçuklu Devleti,1
Karahanlı Devleti,Türkiye,1
Karahanlı Devleti,Türkistan,1
Karahanlı Devleti,Türk - İslam devlet,1
Türklerin,İslamiyet ' i,1
Haçlı seferinde,Kösedağ,1
Haçlı seferinde,İznik,1
Muhammed,Tevrat,1
Baba İlyas,Yunus Emre,1
Baba İlyas,Somuncu Baba,1
Baba İlyas,Sarı Saltuk,1
Baba İlyas,Hacı Bektaş Veli,1
Baba İlyas,Davud - i Kayseri,1
Baba İlyas,Sadreddin Konevi,1
Baba İlyas,Mevlana Celaleddin Rumi,1
Baba İlyas,Tapduk Emre,1
Adıyaman,Maraş,1
Baba İlyas,Hoca Ahmed Yesevi,1
Baba İlyas,Selçuklu,1
Baba İlyas,Baba İshak,1
Bizans Kralligi Latin Kralligi Trabzon Dükaligi Kilikya Kralligi Ülke Sinirs Harita,man Türkiye Selçuklu Devleti Savas iznik,1
Bizans Kralligi Latin Kralligi Trabzon Dükaligi Kilikya Kralligi Ülke Sinirs Harita,Hama K / BRIS KRALLIG,1
Hama K / BRIS KRALLIG,man Türkiye Selçuklu Devleti Savas iznik,1
Baba İshak,Selçuklu,1
Adıyaman,Orta Anadolu,1
Kösedağ Savaşı,Türkiye Selçuklu Devleti,1
Babaîler İsyanı,Türkiye Selçuklu Devleti,1
Kösedağ Savaşı,Moğol,1
Kösedağ Savaşı,Sivas,1
Gıyaseddin Keyhüsrev,Tokat,1
Gıyaseddin Keyhüsrev,Sivas,1
Baycu Noyan,Kösedağ Savaşı,1
Baycu Noyan,Gıyaseddin Keyhüsrev,1
Maraş,demir yolu,1
Maraş,Orta Anadolu,1
Maraş,TBMM,1
Maraş,Sütçü İmam,1
Maraş,Urfa,1
Maraş,Mu,1
Maraş,İskenderun,1
Maraş,Sykes - Picot Antlaşması ',1
Muhammed,Çağrı Bey,1
Muhammed,İncil,1
Alman Haçlı,Fransız Haçlı,1
Metropolitan Museum,Saint - Étienne Collegiate ( Sen Etyen Kolicyıt ) Kilisesi,1
( sav,Selçuklu Sultan,1
( sav,ABD,1
( sav,New York,1
( sav,Metropolitan Museum,1
( sav,Tuğrul Bey,1
Selçuklu Sultan,Tuğrul Bey,1
Metropolitan Museum,Muhammed ',1
( sav,La ilahe illallah,1
Metropolitan Museum,Selçuklu Sultan,1
Metropolitan Museum,Tuğrul Bey,1
Sultan Mesut,Tuğrul Bey,1
Em,izm,1
Em,i Çeşnigir,1
Em,i Candar,1
( sav,Muhammed ',1
La ilahe illallah,Tuğrul Bey,1
- İslam,Anadolu,1
Edinburgh Üniversitesi Kütüphanesi,Reşîdüddîn,1
Kasım 1072,Selçuklu,1
Reşîdüddîn,Türkiye,1
Reşîdüddîn,İskoçya,1
Edinburgh Üniversitesi Kütüphanesi,Türkiye,1
Edinburgh Üniversitesi Kütüphanesi,İskoçya,1
Edinburgh Üniversitesi Kütüphanesi,Melikşah,1
Melikşah,Türkiye,1
La ilahe illallah,Metropolitan Museum,1
Melikşah,İskoçya,1
Melikşah,Reşîdüddîn,1
Divan - ı A ' lâ,Divan - ı Saltanat,1
La ilahe illallah,Muhammed ',1
La ilahe illallah,Selçuklu Sultan,1
La ilahe illallah,New York,1
- İslam,Balkanlar,1
- İslam,Osmanlı Beyliği,1
Davut,Satuk Buğra Han,1
Selçuklu Devleti,İslam coğrafya,1
Büyük Selçuklu Devleti,Kavurt Bey,1
Büyük Selçuklu Devleti,Selçuklu,1
Büyük Selçuklu Devleti,Osmanlı,1
Selçuklu Devleti,Suriye,1
Selçuklu Devleti,İran,1
Selçuklu Devleti,Sultan Melikşah,1
Selçuklu Devleti,Türkistan,1
Büyük Selçuklu Devleti,Gazneli Devleti,1
Gazneliler Dönemi,ı Vezaret,1
Karahanlılar Dönemi,Âlî,1
ili,sat,1
Davut,Çağrı Bey,1
Davut,Muhammed,1
Davut,Tuğrul Bey,1
Büyük Selçuklu Devleti,Karahanlı Devleti,1
Büyük Selçuklu Devleti,Türkiye Selçuklu Devleti,1
- İslam,Osman Gazi,1
- İslam,Türkiye Selçuklu,1
- İslam,alcık,1
- İslam,Batı,1
- İslam,Selçuklu,1
- İslam,Gazneli,1
- İslam,Karahanlı,1
- İslam,Osmanlı,1
- İslam,Büyük Selçuklu Devleti,1
Büyük Selçuklu Devleti,Karahanlı,1
Büyük Selçuklu Devleti,Osmanlı Devleti,1
Büyük Selçuklu Devleti,Safevîler,1
Büyük Selçuklu Devleti,Karakoyunlular,1
Büyük Selçuklu Devleti,Irak Selçuklu Devleti,1
Büyük Selçuklu Devleti,İran,1
Büyük Selçuklu Devleti,Gazneli,1
Harran,Urfa,1
Birecik,Harran,1
Birecik,Urfa,1
Eyyubi,dö Ş,1
Guy,Kerek,1
Guy,Kudüs,1
Guy,Musul,1
Guy,Halep,1
Guy,Selahaddin Eyyubi,1
Eyyubi,yon,1
Eyyubi,Renaud de Chatillon,1
Guy,dö Ş,1
Eyyubi,Kerek,1
Eyyubi,Guy,1
Eyyubi,Kudüs,1
Eyyubi,Musul,1
Eyyubi,Halep,1
Eyyubi,Selahaddin Eyyubi,1
Guy,Renaud de Chatillon,1
Guy,yon,1
Denizli,İzmir,1
Renaud de Chatillon,yon,1
Friedrich ( Fridrih ) Barbaros sa ( Barbarossa ),Çanakkale Boğazı,1
Friedrich ( Fridrih ) Barbaros sa ( Barbarossa ),İmparator,1
dö Ş,yon,1
Selahaddin Eyyubi,tin Muharebesi,1
Selahaddin Eyyubi,yon,1
Selahaddin Eyyubi,dö Ş,1
Renaud de Chatillon,dö Ş,1
Kerek,Selahaddin Eyyubi,1
Renaud de Chatillon,Selahaddin Eyyubi,1
Kerek,yon,1
Kerek,dö Ş,1
Kerek,Renaud de Chatillon,1
Kerek,Kudüs,1
Kerek,Musul,1
Haçlı seferleri,İslâm,1
Denizli,Halil İnalcık,1
Birinci Haçlı Seferi,Türkiye Selçukluları,1
Adalar,Dımaşk ( Şam ) Kuşatması ',1
Adalar,Habsburg,1
Adalar,Batı Akdeniz,1
Adalar,Kuzey Afrika,1
Adalar,Barbaros Hayrettin Paşa,1
Adalar,Balkanlar,1
Adalar,Fatih,1
Adalar,Suriye,1
Adalar,Venedik,1
Adalar,Ege,1
Adalar,Anadolu,1
Fransız Haç lı,Göller Bölgesi,1
Fransız Haç lı,Türkiye Selçuklu ordusu,1
Göller Bölgesi,Türkiye Selçuklu ordusu,1
Alman Haçlı,İznik,1
Adalar,Papa,1
Ege,Suriye,1
Denizli,Türkiye,1
Dımaşk ( Şam ) Kuşatması ',Suriye,1
Denizli,Moğol istilası,1
Denizli,Türk - İslam gaza hareketinin,1
Denizli,Selçuklu,1
Denizli,Fransız Haçlı ordusu,1
Denizli,ikinci Haçlı seferi,1
Fransız Haçlı ordusu,ikinci Haçlı seferi,1
Dımaşk ( Şam ) Kuşatması ',Ege,1
Ege,Venedik,1
Ege,Kıbrıs Türk,1
Ege,Kıbrıslı Rumların,1
Ege,SSCB,1
Ege,Rauf Denktaş,1
Ege,Mavi Vatan,1
Ege,Türkiye Cumhuriyeti,1
Friedrich,Silifke,1
Friedrich,Göksu Irmağı,1
Friedrich,cadnos,1
Konstantiniye,Latin İmparatorluğu,1
Trabzon,İngiltere,1
Trabzon,Şam,1
Trabzon,Venedik,1
Trabzon,İznik,1
Trabzon,iye,1
Konstantiniye,İznik Rum İmparatorluğu,1
Konstantiniye,Konstantinopolis,1
Trabzon,tus,1
San Marco ( San Marko ) Kilisesi,Venedik,1
Haçlı ordusu,İstanbul,1
Doğu Roma imparator,Osman Gazi,1
Doğu Roma imparator,İstanbul,1
Doğu Roma imparator,Haçlı ordusu,1
Doğu Roma Ortodoks Kilisesi,Katolik Roma Kilisesi,1
Trabzon,Trabzon Muhâfaza - i Hukuk - ı Millîye Cemiyeti,1
Trabzon,İzmir İktisat Kongresi ' nin toplanması,1
Friedrich,Silifke Çayı,1
Epir,Epiros,1
Birinci Haçlı Seferi,Suriye,1
Sefer,Türkiye Selçuklu Devleti,1
Konstantiniye Eregli paf,Türkiye Selçuklu Devleti,1
Konstantiniye Eregli paf,Sefer,1
iye,İznik,1
Epir,İznik,1
Epir,Trabzon,1
Trabzon,İstanbullu,1
Epir,iye,1
Epiros,İznik,1
Epiros,Trabzon,1
Epiros,iye,1
Trabzon,İzmir,1
Trabzon,Trakya,1
Konstantinopol,is,1
Innocentius,Kudüs,1
Innocentius,oçentiyus ),1
Cal,cadnos,1
Cal,Wiesner,1
Cal,Güney Almanya,1
Cal,Kuzey Almanya,1
Cal,Orta Avrupa,1
Cal,Luther,1
Cal,Silifke Çayı,1
Cal,Göksu Irmağı,1
Akka,Hayfa,1
Cal,Friedrich,1
Cal,Silifke,1
Göksu Irmağı,Silifke Çayı,1
Göksu Irmağı,cadnos,1
Göksu Irmağı,Silifke,1
Friedrich,Sûr,1
Silifke,cadnos,1
Silifke,Silifke Çayı,1
Silifke,Çankırı,1
Silifke,Tokat,1
Silifke,Çorum,1
Silifke,Tarsus,1
Silifke Çayı,cadnos,1
Akka,Akka Limanı,1
Akka,Mısır,1
Akka,Filistin,1
Akka,Fransız,1
Akka,Cezzar Ahmet Paşa,1
Akka,Nap,1
Akka,olyon ',1
Akka,İtalya,1
Akka,Mersin,1
Akka,İskenderun,1
BALKARYA C,ÇERKESYA KABARDIN,1
