Group,Sentence,Label,Category,Confidence
Türk,6 Şubat 2023'te gerçekleşen ve Kahramanmaraş'ın Pazarcık ile Elbistan ilçeleri merkez olmak üzere on bir ilde büyük bir yıkıma neden olan iki depremden sonra Türk halkı topyekûn seferber olmuş ve bölge halkına pek çok yardım malzemesi göndermiştir,NEGATIVE,Negative,0.896091878414154
Türk,Bu konuda 'Türk çocuğu ecdadını tanıdıkça daha büyük işler yapmak için kendinde kuvvet bulacaktır,NEGATIVE,Negative,0.7502307891845703
Türk,Abidenin tavan kısmında mozaiklerle Türk bayrağı işlenmiştir,POSITIVE,Positive,0.9480264186859131
Türk,''(…) Atatürk 1935 yılında Gelibolu Yarımadası'nı gezen Profesör Doktor Afet İnan'ın Gelibolu Yarımadası'nda neden Türk Abideleri bulunmadığı sorusuna şu sözleri söylemişti,NEGATIVE,Negative,0.5644311904907227
Türk,"Ancak seni tatmin etmek için söyleyeyim ki, bu toprakların Türk hudutları içinde kalmasıyla, Mehmetçik en büyük abideyi bizzat kurmuştur",POSITIVE,Positive,0.9731884598731995
Türk,"Vatanını savunan emperyalizme karşı mücadele veren insanların, isimsiz Türk askerlerinin abidesi",POSITIVE,Positive,0.8466896414756775
Türk,"Jale İnan (1914-2001)
Türkiye'nin önde gelen arkeologlarından biri olan ve Türk arkeoloji bilimine yaptığı katkıları ile tanınan Jale İnan, yaptığı araştırma ve kazı çalışmalarıyla Anadolu'nun antik dönemlerine ışık tutan buluntuların keşfedilmesinde önemli bir role sahiptir",POSITIVE,Positive,0.843513548374176
Türk,"Aynı şekilde ilk endüstriyel buhar makinesinin 1769'da James Watt (Ceymis Vat) tarafından icat edilmesi olay, Sanayi Devrimi olgu; 1789'da Fransız İhtilali'nin başlaması olay, milliyetçilik düşüncesinin ortaya çıkması olgu; Atatürk'ün 19 Mayıs'ta Samsun'a çıkışı olay, Türk inkılabı ise olgudur",NEGATIVE,Negative,0.5596199035644531
Türk,"Andronikos'un 1259'da doğumundan başlayarak 1308'e kadar, kendi döneminin yarım yüzyılı kapsayan tarihini yazdığı eserinde, az önce bahsettiğimiz konuların hepsine değinmesi, eserin Türk tarihi açısından ne kadar önemli olduğunu bir kez daha ortaya koymaktadır",POSITIVE,Positive,0.9817638993263245
Türk,"Türk düşmanlığı üzerine kurgulanmış, çarpıtılmış bilgilerle kaleme alınmışlardı",NEGATIVE,Negative,0.9992984533309937
Türk,"Onun için Türk tarihçisi bir yere varmak için hem mühendis, mimar olacak, hem de amele gibi çalışacak",NEGATIVE,Negative,0.8287764191627502
Türk,"Bu yıl, Türk Kara Kuvvetlerinin sembolik olarak kuruluş yılı kabul edilmiştir",POSITIVE,Positive,0.5084115266799927
Türk,"Grubunuzla birlikte 5N1K tekniğini kullanarak Eski Çağ'da hazırlanmış ve uygulanmış Urkagina, Hammurabi, Hitit ve 12 Levha Kanunları ile Türk töre hukukundan seçtiğiniz konuda hukukun toplumsal düzeni sağlamadaki rolüyle ilgili sorular belirleyiniz",POSITIVE,Positive,0.6009326577186584
Türk,"Türkistan'da yaşayan Türk toplulukları, toplumsal düzeni töre (yazılı olmayan kanunlar) aracılığıyla sağlamıştır",POSITIVE,Positive,0.8165544867515564
Türk,"Bir devlet kurduklarında önce töre kurallarını belirleyen Türkler, devletlerini bu kurallara göre yönetmiştir (Görsel 2",POSITIVE,Positive,0.7977609634399414
Türk,"yüzyılda Antik Yunanlar tarafından inşa edilen Concordia (Konkordiya) Tapınağı, İtalya
İlk Türk devletlerinde mezarların etrafına dikilen ve ölen kişinin hayattayken öldürdüğü düşman sayısını gösteren balballar, Kırgızistan
Mezopotamya uygarlıklarında ibadet yeri, okul, arşiv, depo ve rasathane olar",POSITIVE,Positive,0.9649627208709717
Türk,"Türkler, atı evcilleştirmiş ve at arabasını icat etmiştir",POSITIVE,Positive,0.8092537522315979
Türk,"Türkler, mezarların üzerine balbal adı verilen taşlar dikmiştir",POSITIVE,Positive,0.9194052815437317
Türk,"Türkler, konargöçer yaşam tarzından dolayı halı, kilim gibi kolay taşınabilen eşyalar kullanmıştır",NEGATIVE,Negative,0.9594501852989197
Türk,"Hitit tanrı rölyefi
Bir Türk atlısı
Antik Yunan vazosu
Sümer duvar resmi
Yunan tapınağı
Aztek tanrı heykeli
Eski Mısırlılar, MÖ 3000'lerde hiyeroglif adı verilen bir duvar yazısı kullanmışlardır",NEGATIVE,Negative,0.7555302977561951
Türk,"Eski Çağ'da Türkistan'da yaşayan Türkler, yaygın olarak Gök Tanrı inancını benimsemiştir",POSITIVE,Positive,0.8036646842956543
Türk,"Gök Tanrı'yı tek yaratıcı olarak kabul eden Türkler, yılın belli zamanlarında hem Gök Tanrı hem de ataları için kurban kesmiştir",POSITIVE,Positive,0.5841778516769409
Türk,"Atalarının ruhlarına büyük saygı duyan Türkler; ölülerin hayatta kalanları korumaya devam ettiğine inanmışlar, mezarlarına yapılan herhangi bir saygısızlığı savaş nedeni saymışlardır",POSITIVE,Positive,0.9068228006362915
Türk,"Halılara işledikleri motiflere özel anlamlar yükleyen Türkler, zaman zaman bu motiflerin aralarına gizledikleri şifreler yardımıyla birbirleriyle haberleşmişlerdir",POSITIVE,Positive,0.9109175801277161
Türk,Türk kağanlar da tahta çıkma törenlerinde halı üzerinde tahta kaldırılmıştır,NEGATIVE,Negative,0.9532524347305298
Türk,"Savaşçı bir karaktere sahip olan Türkler, bakır ve demiri işleyerek o dönem için oldukça gelişmiş silahlar üretmişler; kullandıkları kama, kılıç, miğfer ve zırhları özgün motiflerle süslemişlerdir",POSITIVE,Positive,0.8179711103439331
Türk,"Ayrıca tarihte atı ilk kez evcilleştiren Türkler, koşum takımını ve at arabasını da icat etmişlerdir",POSITIVE,Positive,0.9497648477554321
Türk,"'Çin vakanüvisleri tarafından Hunlarda tespit edilen Gök-Tanrı, güneş, ay yer-su, atalar ve ölüler kültü Türk kavimlerinde, muhtelif kültürlerin tesirleri altında kalmalarına rağmen, son devirlere kadar devam ettirilen kültlerdir",POSITIVE,Positive,0.6287012696266174
Türk,Çünkü Türkler öbür dünyada ikinci bir hayatın varlığına (âhiret) ve ruhların ebediliğine inanıyorlardı,POSITIVE,Positive,0.828123927116394
Türk,"Eski Türkçede (Gök-Türk, Uygur) ruh, can mânasında «tin» kelimesi kullanılıyordu",NEGATIVE,Negative,0.7481082677841187
Türk,"Eski Türk takvimi, her biri bir hayvan adı ile anılan '12 yıllık' devre esasına dayanıyordu",POSITIVE,Positive,0.8506902456283569
Türk,"Aslında Ay yılına dayandığı söylenen bu 12 Hayvanlı Türk Takviminin Gök-Türkler zamanında Güneş yılına çevrildiği anlaşılmaktadır (…)''
GAZETE TARIH
GAZETE TARIH
Türk Tarihinin ilk Izleri =
sonra dúnyada altn süslemeli sahip",POSITIVE,Positive,0.7142288088798523
Türk,"Tanri Daglarinin zirvesinde bulunan Saymali
Tas, Türk tarihinin en eski izlerini tagiyan bir yer bulgulann en çok lespit edil-
digi ikinci büyük mezar odasi
2008 2009 2010 2011 2012 2013 2014 2015 2016 2017 2 0 1 8 2019
2005 2006
2022 2023
1996 1997 1998
1986 1987 1988 1989 1990 1991 1992 1993 1994 ",POSITIVE,Positive,0.9501816034317017
Türk,"*
İlk Türklerin kullandığı On İki Hayvanlı Türk Takvimi, güneş yılı esasına göre hazırlanmıştır",POSITIVE,Positive,0.822532057762146
Türk,Yazılı kaynakların olmadığı devirlere ışık tutmakta ve bu sayede Ön Türk tarihinin anlaşılması mümkün olmaktadır,POSITIVE,Positive,0.9862456321716309
Türk,"Tas lahitlerden ve-
Iskit, Saka ve Hun akraba top-
'Bozkır Uygarlığının yaratıcıları Türkler olmuştur",NEGATIVE,Negative,0.5251681804656982
Türk,Orta Asya'da [Türkistan] atı Türkler evcilleştirmişler ve arabayı da icat etmişlerdir,NEGATIVE,Negative,0.7270339131355286
Türk,") Türklerin altun ve gümüş gibi kıymetli mâdenlere tatbik ettikleri san'at motifleri ve hükümdarların otağlarına, örginlerine (tahtlarına) ve Türk topluluğunun taşıdığı zevk inceliğine dair müşahedelere dayanan hâtıra notları ziyadesiyle ilgi çekicidir",POSITIVE,Positive,0.7670153975486755
Türk,"'
'Türkler evrenin bir kubbe biçiminde olduğunu düşünüyorlardı",POSITIVE,Positive,0.7192460894584656
Türk,"'
Türkler evreni kubbe şeklinde düşünmüşler, yurt adını verdikleri çadırlarını da kubbe şeklinde tasarlamışlardır",POSITIVE,Positive,0.8999509811401367
Türk,Türkler tarafından icat edilen görseldeki arabanın konargöçerlerin yaşamına ne gibi faydalar sağlamış olabileceğini arkadaşlarınızla,NEGATIVE,Negative,0.905897855758667
Türk,"Tann Daglar
Konargöçer Türk topluluk ve devletleri ile ilgili verilen haritayı inceleyerek soruyu",POSITIVE,Positive,0.6236338019371033
Türk,Türkler yerleşik hayata geçmeden önce konargöçer yaşam tarzını benimsemiştir,NEGATIVE,Negative,0.6655967831611633
Türk,Türkistan'da yaşayan ilk Türk boyları geçimlerini hayvancılıkla sağladıkları ve hayvanlarını aşırı sıcak ve soğuktan korumaya çalıştıkları için yılda iki kez yaylak ve kışlaklar arasında gidip gelmek zorunda kalmıştır,NEGATIVE,Negative,0.924461305141449
Türk,"Bu yer değiştirmeler, Türk boylarının bazı yaşamsal faaliyetlerini sürdürmelerini de kolaylaştırmıştır",NEGATIVE,Negative,0.7442135214805603
Türk,"'
'Büyük Selçuklu Devleti'nin siyaseti sonucunda, göçle birlikte Anadolu'ya gelen ve buralarda yerleşik yaşama geçirilen Türkler, yerleştirildikleri coğrafyaya göre isimlendirilmişlerdir",NEGATIVE,Negative,0.5437747240066528
Türk,"Ancak genel anlamda göçer Türk kabileleri, Türkmen ve Yörük isimleriyle bilinmektedirler",NEGATIVE,Negative,0.9835571050643921
Türk,"Konargöçer yaşam Türkler arasında birlik ve beraberlik duygusunun, yardımlaşma ve dayanışma becerisinin gelişmesine fayda sağlamıştır",POSITIVE,Positive,0.7563335299491882
Türk,"Türkler, bu ve benzeri sebeplerle yaylak (Görsel 2",NEGATIVE,Negative,0.9846632480621338
Türk,"Konargöçer Türkler, yaşadıkları coğrafyanın çetin koşulları nedeniyle geçimlerini genellikle hayvancılıkla sağlamıştır",NEGATIVE,Negative,0.976421594619751
Türk,"Türkler için at, bozkır yaşamının en önemli unsurudur",POSITIVE,Positive,0.9515708684921265
Türk,Türkistan'da konargöçer olarak yaşamış Türk toplulukları hangileridir,NEGATIVE,Negative,0.5561822652816772
Türk,"Eski Türkler oturma, dinlenme, yatma, yemek pişirme gibi faaliyetlerinin tamamını çadırların içinde gerçekleştirir (Görsel 2",NEGATIVE,Negative,0.5043782591819763
Türk,"Eski Türkler, hayvancılık dışında dokumacılık, demircilik ve ticaretle de uğraşmışlardır",POSITIVE,Positive,0.6952768564224243
Türk,"Boylar Federasyonu
Eski Türkler, hayvancılık dışında dokumacılık, demircilik ve ticaretle de uğraşmışlardır",POSITIVE,Positive,0.6637451648712158
Türk,"Türk kağanları, kıl ve keçeden yapılmış çadırlarda aileleriyle birlikte yaşamış, oba halkını koruyup gözetmenin çok önemli bir görev olduğu bilinciyle hareket etmiştir",POSITIVE,Positive,0.8622567653656006
Türk,"Türk aileleri genellikle anne, baba ve çocuklardan oluşan çekirdek aile biçimindedir",POSITIVE,Positive,0.7167448401451111
Türk,"Türk topluluklarında sınıfsal bir ayrım yapılmamış, eli silah tutan herkes asker kabul edilmiştir",POSITIVE,Positive,0.7825629711151123
Türk,"Konargöçer yaşam tarzı nedeniyle daha cesur, sabırlı, disiplinli ve teşkilatçı bir karaktere sahip olan Türkler, hızlı ve birlikte hareket etme becerisi de kazanmıştır",NEGATIVE,Negative,0.6268360614776611
Türk,"Konargöçer Türkler, yaşadıkları coğrafyanın zorlu
koşulları sebebiyle küçük yaşlardan itibaren birer savaşçı olarak yetiştirilmiştir",NEGATIVE,Negative,0.8918750286102295
Türk,"Çocukken koyunların sırtında gezdirilen, biraz büyüdüklerinde ise ata binmekte ustalaşan Türkler, okçulukta da (Görsel 2",NEGATIVE,Negative,0.8376969695091248
Türk,"Konargöçer Türkler taşınabilir el tezgâhlarıyla küçük sanat eserleri yapmışlar, günlük hayatta kullandıkları eşyaların üzerine pars, kurt, yılan gibi hayvan motiflerini ve kendi tamgalarını işlemişlerdir",NEGATIVE,Negative,0.680676281452179
Türk,"Türkler için önemli bir besin maddesi olan pastırma özellikle akınlara giden askerlerin, beslenme ihtiyaçlarını karşılamaktaydı",NEGATIVE,Negative,0.9096917510032654
Türk,"43) geçen 'Ey Türk bodunu, devletini ve töreni kim bozabilir",NEGATIVE,Negative,0.721192479133606
Türk,"Devlet göçebe olduğu için sürekli hapishaneler kurulması istenmemiştir'
Türkler; ton (don) adını verdikleri giysilerini kuzu, koyun, sığır ve tilki derisinden ya da koyun, keçi ve deve yününden imal etmiştir",NEGATIVE,Negative,0.8399192094802856
Türk,"Genellikle pantolon, ceket, deri çizme veya çarık giyen konargöçer Türkler, başlarına börk adı verilen başlıklar takmıştır",POSITIVE,Positive,0.7907866835594177
Türk,"44), Anadolu'da konargöçer yaşam kültürünü devam ettiren son Türk topluluklarından biridir",POSITIVE,Positive,0.9546663165092468
Türk,Grup olarak kendi rollerinizi canlandırdıktan sonra Türk kültürünün oluşmasında konargöçer yaşamın etkileri hakkında ve ulaştığınız çıkarımları grup sözcüleri aracılığıyla diğer gruplarla paylaşınız,POSITIVE,Positive,0.9723673462867737
Türk,"y Turk savascilar
M, Dusman savasçilar
Türk savasçilann hareketi
Düsman savasçilann hareketi
7-9",NEGATIVE,Negative,0.5524958968162537
Türk,Öğrencilerden Alper 'Bu iki ordu savaşmış olsa Türkler galip gelirdi,NEGATIVE,Negative,0.9513709545135498
Türk,Ayrıca Türklerin fiziksel ve ruhsal özellikleri sayesinde tüm bu zorlukların üstesinden kolayca gelebildiğini ve eski Türk topluluklarının üretken bir yapıya sahip olduğunu vurgulamıştır,POSITIVE,Positive,0.8816903829574585
Türk,"Eski Çağ Medeniyetleri
Konargöçer yaşamın Türk kültürüne ne gibi katkıları olmuştur",NEGATIVE,Negative,0.5268192291259766
Türk,"Savaşçı bir toplum olan ve zor bir coğrafyada yaşayan konargöçer Türkler, giyim kuşamlarını bu unsurları göz önünde bulundurarak biçimlendirmiştir",POSITIVE,Positive,0.6658403277397156
Türk,Aynı şekilde ceket ve iç çamaşırı giyme kültürü de Türkler aracılığıyla Avrupa'ya taşınmıştır,POSITIVE,Positive,0.8270074129104614
Türk,Türkistan'da konargöçer yaşam tarzını sürdüren Türk topluluklarında sürü önemlidir,POSITIVE,Positive,0.6451144218444824
Türk,"Büyük sürüler hâlinde baktıkları hayvanların ürünleriyle geçimlerini sağlayan Türkler, her zaman sürülerine otlak arayışında olmuşlardır",NEGATIVE,Negative,0.9668005108833313
Türk,"Türk toplulukları siyasi, sosyal, iktisadi ve coğrafi etkenler nedeniyle zamanla farklı bölgelere göç etmiştir",NEGATIVE,Negative,0.8897503614425659
Türk,"'Tarihî kayıtlarda Türk göçlerinin iktisadî sıkıntı, yâni Türk anayurt topraklarının geçim bakımından yetersiz kalması dolayısıyla olduğu belirtilmiştir",NEGATIVE,Negative,0.994690477848053
Türk,Türk tarihine dâir kayıtlarda göçlerin başlıca sebebi olarak zikredilen bu hususlar Türklerin yalnız başka memleketlere yönelmelerine sebep oluyordu,NEGATIVE,Negative,0.989268958568573
Türk,(…) Türklerin birbiri arkasına çeşitli yönlerde yayılmalarını sağlayan başka bir amil de Türk maneviyatının sağlamlığıdır,POSITIVE,Positive,0.9226849675178528
Türk,"Bu durum Türklerde, zamanla, dünyayı huzur ve barışa kavuşturmağı gaye edinen bir fütuhat düşüncesi ve her yerde âdil, eşitlikçi Türk töresini yürürlüğe koymak üzere bir cihan hâkimiyeti ülküsü doğurmuştur",POSITIVE,Positive,0.9309778213500977
Türk,"'
'Türk göçleri, genellikle doğu-batı ekseni üzerinde gerçekleşmiştir",POSITIVE,Positive,0.608786940574646
Türk,Bu durum Türk göçlerini ve yayılmasını teşvik eden önemli bir etken olmuştur,POSITIVE,Positive,0.8436318635940552
Türk,"Eğer bu yönde Türklerin önüne yerleşik medeniyete sahip güçlü bir devlet çıksaydı, Türk göçleri ve yayılması bu kadar kolay olmayabilirdi",NEGATIVE,Negative,0.974687397480011
Türk,"'
Kaynaklara göre Türk toplulukları ve Germen kavimlerinin yaşam tarzı hakkında neler söylenebilir",NEGATIVE,Negative,0.850572943687439
Türk,"kaybeden Hun boylar1, Balamir ön- derliginde Itil Nehri'ni geçerek 374
Hun Türkleri ilk olarak yar Iranh yar1
Türk kökenli olan Alanlar ile karsilasmis-
namarm har chele geymieolyle Uouogu1
lar, Vizigotlar, Vandallar, Süevler,
Burgundlar, Franklar, Angillar ve
Saksonlar göç etmeye baslamistir",NEGATIVE,Negative,0.5159077048301697
Türk,"yüzyılın sonunda Avrupa'ya gelmeye başlayan Hunlar, Türkistan'dan batıya göç eden ilk Türk kavmi olmuştur",POSITIVE,Positive,0.6092340350151062
Türk,Hun göçlerini daha sonra diğer Türk topluluklarının hareketleri izlemiştir,NEGATIVE,Negative,0.8125596046447754
Türk,Kavimler Göçü nasıl ki Avrupalıları birçok açıdan etkilemişse benzer etkiler Türkistan'da yaşayan Türk topluluklarında da görülmüştür,NEGATIVE,Negative,0.5282217860221863
Türk,"En eski ve köklü kavimlerden biri olan Türkler; dört bin yıllık tarihleri boyunca ana yurtları dışında Kafkaslar ve Karadeniz'in kuzeyinde, Asya ülkelerinde, Doğu ve Orta Avrupa'da, Balkanlarda hatta Macaristan ovalarına kadar uzanan geniş bir coğrafyada yaşamışlardır",POSITIVE,Positive,0.9925899505615234
Türk,Türk topluluklarının yaylak ve kışlak hayatı üzerine kurulu bir sistemleri vardır (Görsel 3,NEGATIVE,Negative,0.6686474084854126
Türk,"Yaşanan göçlerde Türkler; yaylak ve kışlak arasında yer değiştirmemiş, çeşitli nedenlerle yaşadıkları bölgeyi kitleler
V",NEGATIVE,Negative,0.8888458609580994
Türk,"Ana yurtları dışında da etkin olan Türkler; bütün Asya ülkelerinde, Doğu ve Orta Avrupa'da, Balkanlarda eski çağlardan yeni çağlara kadar irili ufaklı devletler kurup hâkimiyetlerini sürdürmüşlerdir",POSITIVE,Positive,0.9572533369064331
Türk,"Ancak Türklerin tarih boyunca yaptığı göçler, Türk tarihinin belirli zaman kesitlerinde veya bir bütün hâlinde incelenmesini zorlaştırmaktadır",NEGATIVE,Negative,0.9658476710319519
Türk,"Belli bir coğrafi çevre içinde yaşam sürdüren bazı milletlerin aksine Türkler, yüzyıllar boyunca yeni yurtlar ve iklimler ararken dünyanın farklı bölgelerinde izler bırakmıştır",POSITIVE,Positive,0.9842983484268188
Türk,"4: Türk topluluklarının göçleri
Türklerin ana yurdu neresidir",NEGATIVE,Negative,0.7154130935668945
Türk,Bilgi görselini inceleyerek Avrupa'ya göç eden Türk topluluklarının isimlerini yazınız,NEGATIVE,Negative,0.8712216019630432
Türk,'Türk tarihinin bir bütün hâlinde ele alınıp araştırılması çok zordur,NEGATIVE,Negative,0.9237594604492188
Türk,"Kavimler Göçü'nün ve Türk topluluklarının yaptıkları diğer kitlesel göçlerin kavimlere ve devletlere etkisini; siyasi, sosyal, ekonomik ve kültürel bakımından sınıflandırınız",NEGATIVE,Negative,0.6933528184890747
Türk,Türk tarihi açısından kanaatimizce önemi Hunlar ve Attila'nın yüzyıllardır dünya üzerinde hafızalardan silinemeyen bir algı oluşturmasında büyük pay sahibi olmasıdır,POSITIVE,Positive,0.8884912133216858
Türk,376'lardan itibaren Türk tarihinde büyük bir öneme haiz olmuştur,POSITIVE,Positive,0.9793983101844788
Türk,"Bu Türk kavimleri bölgeyi kendilerine yurt edinerek hem vatan telakki etmişler, hem de Balkan milletlerinin teşekküllerinde ve kültürel gelişimlerinde önemli roller oynamışlardır",POSITIVE,Positive,0.6661233305931091
Türk,Balkanlar'daki Türk varlığı Anadolu Selçuklu Devleti ile Osmanlı Devleti zamanında da devam etmiştir,POSITIVE,Positive,0.7928184866905212
Türk,'Macaristan Türk tarihi açısından önemli bir ülkedir,POSITIVE,Positive,0.8826497793197632
Türk,Yani Macarlar Türk kökenli Turanî kavimlerdendir,NEGATIVE,Negative,0.8576450943946838
Türk,900-950 yıllarındaki Bizans kaynaklarında Macarlar için Türkler ve Macaristan için de Türkiye ifadesinin kullanılması boşuna değildir,POSITIVE,Positive,0.6482576131820679
Türk,yüzyılın ortalarından itibaren Asya bozkırlarında Türk adı yaygın şekilde kullanılmaya başlanmıştır,POSITIVE,Positive,0.8612065315246582
Türk,Türk milletine adını veren I,POSITIVE,Positive,0.908295750617981
Türk,"Göktürk Devleti'nin hükümdarı olan Mukan Kağan, doğuda Kore'den başlayıp batıda Karadeniz'e kadar uzanan bölgelerdeki Türk boylarını ve yabancı kavimleri Göktürklere bağlamıştır",NEGATIVE,Negative,0.5188921689987183
Türk,(…) Müstakil bir devletten yoksunluk Gök-Türkler için haysiyet kırıcı bir ıstırap kaynağı teşkil ediyordu,NEGATIVE,Negative,0.9944983124732971
Türk,Türk kavminin uygunsuz tutumu (…) 3,NEGATIVE,Negative,0.9989650249481201
Türk,"(…) Gök-Türk tarihinin bu 50 yıllık fetret devrinin sonunda, Kitâbeler yoluyla çok iyi tanınan, Aşına soyundan, Kutluk istiklâl savaşına girişti (680)",NEGATIVE,Negative,0.7543006539344788
Türk,Bu dönemde Türkistan'daki diğer Türk boyları hâkimiyet altına alınmaya çalışılmış ve isyanlar nedeniyle zor durumda kalan Tang Hanedanı'na yardım edilmiştir,NEGATIVE,Negative,0.9695125818252563
Türk,"'Ben Tanrı gibi ve Tanrıdan olmuş Türk Bilge Hakan, bu devirde tahta oturdum",NEGATIVE,Negative,0.6062992215156555
Türk,") Türk halkının adı sanı yok olmasın diye babam Hakanı, annem Hatunu yücelten Tanrı, onlara devlet veren Tanrı, Türk halkının adı sanı yok olmasın diye beni o Tanrı hakan olarak tahta oturttu",POSITIVE,Positive,0.5933037400245667
Türk,") Türk halkı için gece uyumadım, gündüz oturmadım; Kardeşim Kül Tigin ile iki şad ile birlikte ölesiye yitesiye çalıştım, çabaladım",POSITIVE,Positive,0.8654977679252625
Türk,"Türk hükümdarı kanunları (töre) uygular, kendisi de uyar fakat kanun yapamazdı",NEGATIVE,Negative,0.5082705020904541
Türk,(…) Gök Türk kağanları meclisin tabii başkanı oluyorlardı,NEGATIVE,Negative,0.8123663067817688
Türk,"(…)
Gök Türk Devleti'nde kulluk ve kölelik yoktu",POSITIVE,Positive,0.9242634773254395
Türk,(…) Gök Türk Devleti'nde bir adliye müessesesi vardı,POSITIVE,Positive,0.7574298977851868
Türk,"'
'Uygur Kağanlığı, Gök Türk Devleti'nin sahip olduğu mirasın üzerine kurulduğu için bu devletin yani bozkır kültürünün geleneğini sürdürüyordu",POSITIVE,Positive,0.7541773915290833
Türk,Türk ordusunda börüler olarak adlandırılan ve etkin bir güce sahip olan bu hafif zırhlı askerlerin bulunması savaşlarda Türk ordusuna üstünlük kazandırmıştır,NEGATIVE,Negative,0.7934625148773193
Türk,"Hafif zırhlı Türk askeri (Temsilî)
Türkler, savaşlara atlı kuvvetlerle katılırdı",NEGATIVE,Negative,0.9363639950752258
Türk,"Türk süvarilerinin en önemli özellikleri, çok hızlı hareket etmeleri ve ata çok iyi hâkim olmalarıydı",NEGATIVE,Negative,0.5666669011116028
Türk,"Bizanslı tarihçi Anna Komnena, Türk askerleriyle ilgili şöyle demiştir: 'Bir Türk kovalamaya geçmişse düşmanını ok atarak haklar",NEGATIVE,Negative,0.6627370715141296
Türk,Türkler gerçekten çok usta okçulardır,POSITIVE,Positive,0.9710724949836731
Türk,(…) Türk ordusu ücretli değildir,POSITIVE,Positive,0.9717651605606079
Türk,Türk ordusu temelde atlı birliklerden oluşur,POSITIVE,Positive,0.8653333187103271
Türk,(…) Silah konusunda Türkler Orta Çağda oldukça ileriydiler,POSITIVE,Positive,0.5739901661872864
Türk,(…) Eski Türk ordusunda en büyük askerî birlik 'tümen' denilen on bin kişilik kuvvettir ve bunlar 'tümen başı' denilen komutanların emrindeydi,POSITIVE,Positive,0.6179348230361938
Türk,(…) Özellikle Türk birliklerinin hilâfet ordusunun saflarına katılmasından sonra bazı değişiklikler olmuş ve Türkler'deki onlu sistem esas alınmıştır,NEGATIVE,Negative,0.8790463209152222
Türk,"'
Abbasi Devleti
Yönetim Yapısının Özellikleri
Ordu Yapısının Özellikleri
Türkler, kılıç zoruyla değil kendi istek ve iradeleriyle doğal bir geçiş süreci içinde İslamiyet'i benimsemiştir",POSITIVE,Positive,0.6037613153457642
Türk,Ayrıca Gök Tanrı dini ile İslamiyet arasında benzerlikler bulunması ve İslamiyet'in Türk mizacına uygun olması da bu süreci kolaylaştırmıştır,POSITIVE,Positive,0.8707417249679565
Türk,"Bu yolun doğu kanadı, Türk devletlerinin merkezi olan Orhun Bölgesi'nden geçerek Çin topraklarına kadar uzanırdı",POSITIVE,Positive,0.8260681629180908
Türk,"Bu ıssız yolların geçtiği Türk illerindeki topraklar üzerinde, 30-40 kilometre aralıklarla, mimari açıdan ve sanat değeri bakımından görkemli ve özenli hayvan, bitki işleme ve süslemeleri olan kesme taşlardan yapılmış hanlar, kervansaraylar inşa edilmiştir",NEGATIVE,Negative,0.9861152172088623
Türk,"'Farabi, İslam felsefesini metot, terminoloji ve problemler açısından temellendiren ünlü Türk filozofudur",POSITIVE,Positive,0.9818106889724731
Türk,İstanbul Üniversitesi Umumi Türk Tarihi Kürsüsü,POSITIVE,Positive,0.5929533839225769
Türk,Türk Tarihi Kurumu Yayınları,POSITIVE,Positive,0.6389380097389221
Türk,"Sık sık meydana gelen hastalıklarla başlıca ekonomik varlıklarını yitiren Türkler, yeni ekonomik sahalar aramak için göç etmeye başlamıştır",NEGATIVE,Negative,0.9822326898574829
Türk,"Abbasi Devleti'nde Türkler, sadece askerî alanda değil siyasi ve idari alanlarda da devlette etkili olmuşlardır",POSITIVE,Positive,0.870259702205658
Türk,Türkistan'daki Türkler yaklaşık elli yıl Çin esaretinde yaşamıştır,POSITIVE,Positive,0.5360413193702698
Türk,(…) Bir Türk'ün başarılı bir kağan olabilmesi için Tanrı tarafından kendisine verilmiş başlıca üç özelliği kendine toplaması gerekiyordu,POSITIVE,Positive,0.7843807935714722
Türk,(…) Gök Türk kağanları meclisin tabii başkanı oluyorlardı,NEGATIVE,Negative,0.8123663067817688
Türk,"Çin ordusunda piyadeler çoğunluğu oluşturmuşsa da Türk atlılarına benzeyen hafif süvari birlikler, özel olarak seçilmiştir",NEGATIVE,Negative,0.9826706051826477
Türk,"Göktürk ve Uygurlarda barış zamanında günlük işleriyle meşgul olan Türkler, savaş döneminde topyekûn seferberlik hâlinde bulunmuştur",NEGATIVE,Negative,0.7490168213844299
Türk,toy: Türk hükümdarlarının ve beylerin çeşitli vesilelerle verdikleri büyük ziyafet,POSITIVE,Positive,0.955390989780426
Türk,"Yörük: Hayvancılıkla geçinen, genellikle Toroslarda yaşayan göçebe Türk oymağı; Türkmen, Yürük",NEGATIVE,Negative,0.9813721179962158
Türk,"Türk Akademisi Siyasi Sosyal Stratejik Araştırmalar Vakfı, 1-5",NEGATIVE,Negative,0.9473250508308411
Türk,Milletlerarası Türk Halk Kültürü Kongresi (20-23 Kasım 2017) Bildirileri (ss,NEGATIVE,Negative,0.8365775942802429
Türk,"Balkanlar'daki Türk boylarının (Peçenek, Uz, Kuman) sosyo-kültürel değişimlerinde Osmanlının rolü",POSITIVE,Positive,0.7361319661140442
Türk,"RUSYA FEDERASYONU
OZERK BOLGE SINIRI
120 D 130 D 140D |
30D 40D 50'D 60'D
TÜRK BÖLGELERi
TÜRK CUMHURIYETLERI,
GAGAVUZ YERI
ÇUVASISTAN C",POSITIVE,Positive,0.63383948802948
Türk,"B Ü Y Ü
Rusya Federasyonu Türkleri
ÜLKE KISALTMALARI
Bu ünitede sizlerden
Türkistan'dan Türkiye'ye uzanan süreçte 1040-1299 yılları arasında meydana gelen önemli askerî mücadelelerin Türk tarihinin seyrine etkilerini karşılaştırabilmeniz,
Türkistan'dan Türkiye'ye uzanan süreçte Türklerde devlet ve o",POSITIVE,Positive,0.7143917679786682
Türk,"yüzyıl sonu, Toledo Sanat Müzesi, Ohio / ABD
Türkler, Anadolu'yu vatan yapma sürecinde tarihin akışını değiştiren ve Türklüğün kaderini tayin eden büyük zaferler kazanmıştır",POSITIVE,Positive,0.9942089319229126
Türk,"Anadolu'da vücut bulan Türk kültür mirası, bu zaferler yoluyla sonraki nesillere aktarılmıştır",POSITIVE,Positive,0.9659697413444519
Türk,"Bunun sonucunda Türkler, kendilerine özgü bir medeniyet ve şehir kültürü oluşturmuş, bilim ve sanat alanlarında yaptıkları çalışmalar yoluyla da bu kültürel dokunun zenginleşmesini sağlamıştır",POSITIVE,Positive,0.9373616576194763
Türk,ÖNEMLİ ASKERÎ MÜCADELELERİN TÜRK TARİHİNİN SEYRİNE ETKİLERİ 1,NEGATIVE,Negative,0.6536219716072083
Türk,"yüzyılda İskitler tarafından başlatılan Anadolu'ya yönelik Türk akınları, IV",NEGATIVE,Negative,0.843927800655365
Türk,"Yerleşme amacı taşımayan bu akınlarda Türkler, Anadolu'yu keşfederek yeni geçim kaynakları bulmayı ve Anadolu'da yaşayan topluluklarla ticaret yapmayı hedeflemiştir",NEGATIVE,Negative,0.967369794845581
Türk,"Türkiye Selçukluları Dönemi'nde yazılmış Türk-İslam kaynaklarında Romalılar ve Bizanslılar için Rum tabiri kullanılmış, Anadolu coğrafyası da Diyar-ı Rum şeklinde ifade edilmiştir",NEGATIVE,Negative,0.7207079529762268
Türk,"Türklerin 'diyar-ı Rum (Roma ülkesi)' adıyla andıkları Anadolu, Malazgirt Zaferi'nden sonra gerek kültürel gerekse demografik açıdan tam bir Türk yurdu hâline gelmiştir",POSITIVE,Positive,0.9076796174049377
Türk,"Haçlı Seferi sırasında Türk nüfusunun çok olduğuna ve Türkler tarafından büyük bir gayretle savunulduğuna şahit oldukları Anadolu için Türkiye (Turkhia, Turquia) ismini kullanmaya başlamıştır",NEGATIVE,Negative,0.8027048707008362
Türk,"Dandanakan zaferi, Türk-İslâm ve dünya tarihi açısından çok önemli sonuçlar doğurmuştur",POSITIVE,Positive,0.9551188349723816
Türk,Pasinler Savaşı Türk tarihinin seyrini nasıl etkilemiştir,POSITIVE,Positive,0.678325355052948
Türk,"1066 yılından itibaren Gümüştegin, Afşin, Emir Sanduk gibi güçlü Türk beylerinin komutasında düzenlenen akınlarla Orta ve Güney Anadolu'da birçok şehir ele geçirildi",POSITIVE,Positive,0.6179019808769226
Türk,Malazgirt Savaşı'nın Türk tarihine etkileriyle ilgili bir gazete haberi yazsaydınız bu habere nasıl bir manşet atardınız,NEGATIVE,Negative,0.9312776327133179
Türk,Malazgirt Zaferi'nin ardından Anadolu'nun kapıları Türklere açılmış ve Türkler gruplar hâlinde Türkistan'dan gelerek buraya yerleşmeye başlamıştı,POSITIVE,Positive,0.9217345118522644
Türk,Kılıçarslan'ın Anadolu'daki Türk varlığını güçlendirmek amacıyla düzenlediği seferler Doğu Roma İmparatorluğu için ciddi bir tehdit oluşturuyordu,NEGATIVE,Negative,0.9483838677406311
Türk,"Kılıç Arslan, burada Bizans ordusunu imha edercesine bozguna uğratıp Malazgirt'ten sonra Türk tarihinin ikinci büyük zaferini kazandı",POSITIVE,Positive,0.9277283549308777
Türk,"Daha doğrusu, Anadolu'daki Türk varlığının geleceği büyük bir tehlike içine düşebilirdi",NEGATIVE,Negative,0.9238471388816833
Türk,"Bütün bu durumları göz önüne alarak bir yargıya varmak gerekirse Miryokefalon Zaferi, Türkler için 'devlet ve vatan koruyan zafer' olarak tarihteki gerçek yerini ve değerini almıştır",POSITIVE,Positive,0.9727000594139099
Türk,Tıpkı Batılılar gibi Bizans da bu yenilgiden sonra Anadolu'nun bir Türk vatanı olduğu gerçeğini kabul etmek zorunda kalmıştır,NEGATIVE,Negative,0.8846504092216492
Türk,"(…)'
Malazgirt ve Miryokefalon zaferlerinin Türk tarihi üzerindeki ortak etkileri nelerdir",POSITIVE,Positive,0.7573918104171753
Türk,"Kılıçarslan (1113-1192)
17 Eylül 1176'da Sandıklı, Dinar ve Gelendost ilçelerinin yakınlarında yapılan Miryokefalon Muharebesi'nde Bizans ordusunu pusuya düşürerek ağır bir yenilgiye uğratmış ve Anadolu'nun Türk yurdu hâline gelmesine büyük katkı sağlamıştır",POSITIVE,Positive,0.7837793827056885
Türk,Anadolu'da kurulan ilk Türk beylikleri ile ilgili metin ve bilgi görselinden yararlanarak soruyu,NEGATIVE,Negative,0.7369276285171509
Türk,"Bu beylikler, fethettikleri toprakların isimlerini Türk çe isimlerle değiştirerek ve birçok cami, medrese, han, kervansaray, şifahane vb",NEGATIVE,Negative,0.9284855723381042
Türk,inşa ederek Türk-İslam kültürünü Anadolu topraklarına taşıdı,POSITIVE,Positive,0.9283497333526611
Türk,"1: Anadolu'da kurulan ilk Türk beylikleri
İlk Türk beylikleri Anadolu'nun Türkleşmesi için hangi faaliyetleri yürütmüş olabilir",POSITIVE,Positive,0.6432808041572571
Türk,"Politik başarılarıyla tanınan İmparator Aleksi Komnen, Türk akınlarının önünü kesmek amacıyla papadan yardım istedi",NEGATIVE,Negative,0.9919554591178894
Türk,'(…) 26 ağustos 1071'de Doğu Anadolu'da Malazgirt'te cihanın en büyük askerî kuvvetleri olan Türk ve Bizans orduları karşılaştı,POSITIVE,Positive,0.5037206411361694
Türk,"Büyük Türk Hakanı, Kutalmışoğlu Süleyman-Şah'a Ege'ye, Marmara'ya kadar Anadolu'nun fethini emretti",NEGATIVE,Negative,0.8256403207778931
Türk,Kılıçars lan'la ve diğer Türk beyleriyle karşı karşıya geldi,NEGATIVE,Negative,0.9666829705238342
Türk,"Merzifon, Konya ve Ereğli'de Haçlılarla mücadele eden Türkler bu savaşlardan zaferle çıktı",POSITIVE,Positive,0.8804693818092346
Türk,Haçlı Seferi'nin sonuçları Türk tarihinin seyrini siyasi ve askerî açıdan nasıl etkilemiş olabilir,NEGATIVE,Negative,0.911425769329071
Türk,"Haçlı ordusunun bu durumunu gören Türkler, merhamete gelerek, çarpışmaya birden son verdiler",NEGATIVE,Negative,0.8154239654541016
Türk,"Bununla birlikte Türkler, onları Müslüman yapmak için hiçbir zorlamada bulunmadılar",NEGATIVE,Negative,0.9601214528083801
Türk,"'Bu sözler, hiç şüphesiz zayıfı ve muhtacı koruyan, merhamet ve şefkat duygusu çok yüksek olan Türk insanındaki karakter ve ruh yapısının en güzel tasviridir",POSITIVE,Positive,0.9941496849060059
Türk,Haçlı Seferi'nin sonuçları Türk tarihinin seyrini siyasi ve askerî açıdan nasıl etkilemiş olabilir,NEGATIVE,Negative,0.911425769329071
Türk,Hıttin Muharebesi'nin sonuçları Türk tarihinin seyrini siyasi açıdan nasıl etkilemiş olabilir,NEGATIVE,Negative,0.9510678648948669
Türk,Haçlı Seferi'nin sonuçları Türk tarihinin seyrini siyasi ve askerî açıdan nasıl etkilemiş olabilir,NEGATIVE,Negative,0.911425769329071
Türk,"Türkler, Orta-Anadolu'ya çekilmek zorunda kaldılar",NEGATIVE,Negative,0.9788438677787781
Türk,"Türkler uğradıkları bütün zararlara rağmen, Anadolu ' da köklü bir şekilde yerleştiler",POSITIVE,Positive,0.7452605366706848
Türk,Haçlı Seferi'nin Türk tarihinin seyrine etkileri nelerdir,NEGATIVE,Negative,0.5497717261314392
Türk,"*
Kösedağ Savaşı'nın Türk tarihindeki siyasi etkileri nelerdir",POSITIVE,Positive,0.6058177947998047
Türk,"Moğol İstilası'nın Anadolu'da neden olduğu karışıklıklar, diğer Türk hanedanlarının Selçuklu karşıtı propagandaları ve komşu dev letlerin kışkırtmaları da ülke güvenliğini tehdit ediyordu",NEGATIVE,Negative,0.9590860605239868
Türk,"Bin bir emek ve yıllar süren mücadeleler sonrasında Malazgirt Savaşı ile Anadolu'ya giren Türkler, bu zahmetin tam tersine bir yolla, Anadolu'yu Moğolların tahakkümüne bırakmış oldular",NEGATIVE,Negative,0.5476927161216736
Türk,"1: MÖ 220-MS 1550 yılları arasında kurulan Türk devletleri
Süleyman Şah'ın H 467 (1074-1075) yılında İznik'i fethedip burayı merkez hâline getirmesiyle Türkiye Selçuklu Devleti fiilen kurulmuştur",NEGATIVE,Negative,0.5669106841087341
Türk,Asya Hun Devleti Dönemi'ndeki siyasi ve askerî uygulamalar neden sonraki Türk devletlerinde de devam ettirilmiş olabilir,NEGATIVE,Negative,0.9872058629989624
Türk,Türkistan'dan Türkiye'ye uzanan süreçte Türk devletlerinin devlet yapıları ve hâkimiyet anlayışları ile ilgili metin ve kaynaklardan yararlanarak soruyu,NEGATIVE,Negative,0.7872982025146484
Türk,Talas Savaşı'ndan sonra Türk topluluklarının İslamiyet'i kabul etme süreci hızlandı,NEGATIVE,Negative,0.6812541484832764
Türk,"yüzyıldan itibaren büyük topluluklar hâlinde Müslüman olan Türkler, X",NEGATIVE,Negative,0.730387806892395
Türk,yüzyılda ilk Türk-İslam devletlerini kurmaya başladı,POSITIVE,Positive,0.9189478158950806
Türk,"Asya Hun Devleti'yle temeli atılıp Göktürk, Uygur ve Avrupa Hun devletleri bünyesinde güçlendirilen Türk devlet teşkilatı; farklı zaman ve coğrafyalarda kurulan Karahanlı, Gazneli, Büyük Selçuklu, Türkiye Selçuklu gibi Türk-İslam devletlerinde de devam ettirildi",POSITIVE,Positive,0.8037537932395935
Türk,İslam öncesi kurulan Türk devletlerinde meşruiyetin kaynağı 'kut' adı verilen ilahi güce dayandırılıyordu,POSITIVE,Positive,0.9478557705879211
Türk,İlk Türk devletlerinde kağanların devlete ve millete karşı belirli sorumlulukları vardı,POSITIVE,Positive,0.760473906993866
Türk,Bu dönemde hüküm süren Türk devletlerinde devlet anlamına gelen 'il' kelimesinin yerini 'mülk' kavramı aldı,NEGATIVE,Negative,0.5216240286827087
Türk,"'
Atçeken ve *
Türkler Müslüman olduktan sonra İslam dininin hem koruyuculuğunu üstlendi hem de yayılmasını sağladı",POSITIVE,Positive,0.9187651872634888
Türk,"Böylece Türkler, sadece bir cihan devleti kurma değil, İslami esaslara uygun olarak dünyada adaleti ve düzeni sağlama (nizam-ı âlem) sorumluluğunu da üstlenmiş oldu",POSITIVE,Positive,0.9786737561225891
Türk,"Gazneli hükümdarı Sultan Mahmud, i'lâ-yı kelimetullah hedefi doğrultusunda Hindistan'a on yedi sefer düzenleyerek bölgedeki Türk-İslam hâkimiyetinin temellerini attı",POSITIVE,Positive,0.6600995063781738
Türk,"(…)
Karahanlılar devri idare anlayışı da tarihî Türk idare anlayışına uygun olarak devletin temel vazifesini teb'anın karnını tok sırtını pek kılmak olarak görmüştür",NEGATIVE,Negative,0.9882628321647644
Türk,"Fakat görüldüğü üzere Türk idare felsefesi bununla da yetinmemiş, devleti (hükümdarı), doyurup giydirdiği teb'asına hayat pahalılığı çektirmemek, onları âdil bir idare altında, dirlik ve huzur içinde yaşatmakla da mükellef kılmıştır",NEGATIVE,Negative,0.5429295897483826
Türk,"Türk-İslam devlet geleneği, Batı Türkistan'da kurulan Karahanlı Devleti'yle başladı",POSITIVE,Positive,0.9121281504631042
Türk,"Türk ve İslam devlet geleneklerini birleştiren Karahanlı ve Gazneli devletleri, kendilerinden sonra kurulan Türk-İslam devletleri için de örnek teşkil etti",POSITIVE,Positive,0.9593067765235901
Türk,Her şehzadenin yönetimde hakkının bulunuyor olması devletin eski Türk ananelerinden izler taşıdığı ve devam eden bir unsur olarak taşra teşkilatında da karşımıza çıkmaktadır,POSITIVE,Positive,0.9597159028053284
Türk,"'
'Gaznelilerin teşkilatı, merkeziyetçi ağırlıklı askeri bir teşkilat olup memleket birinci derecede hükümdar ve ailesi ile hükümdarın bölgesel vali olarak tayin ettiği Türk asıllı yüksek rütbeli saray ricalinin idaresinde idi",NEGATIVE,Negative,0.8840786814689636
Türk,"*
İlk Türk devletlerinde siyasi, askerî, hukuki ve mali meselelerin karara bağlandığı kurultaylar, İslamiyet'in kabulünden sonra divan adını aldı",POSITIVE,Positive,0.9345026612281799
Türk,"Türkistan'da doğan devlet ve ordu teşkilatları, İslam coğrafyasının ortasında kurulan Büyük Selçuklu Devleti'nde Türk-İslam sentezi aracılığıyla daha da olgunlaştı",POSITIVE,Positive,0.8397473096847534
Türk,"Nitekim Büyük Selçuklu Devleti'nin yönetim yapısı ve askerî teşkilatı da Türkiye Selçuklu, Osmanlı gibi hem çağdaşı olan devletleri hem de sonrasında kurulan Türk-İslam devletlerini büyük ölçüde etkiledi",POSITIVE,Positive,0.9088213443756104
Türk,Eski Türk gelenek ve âdetlerinin büyük bölümü Karahanlı ve Gazneli devletlerinde olduğu gibi Selçuklular Dönemi'nde de devam ettirildi,POSITIVE,Positive,0.815721869468689
Türk,"İlk Türk devletlerindeki taht, otağ, tuğ, para, bayrak, sancak gibi hükümdarlık alametlerine zamanla hutbe, çetr, saray, taç, tevki (tuğra), nevbet, hilat (tırâz) gibi yeni alametler eklendi (Görsel 1",NEGATIVE,Negative,0.9557744860649109
Türk,"Türkler, Büyük Selçuklu hükümdarlarından Tuğrul Bey zamanında halifeliğin ve İslam dünyasının koruyuculuğunu üstlenerek Müslüman ülkeler arasında siyasi gücünü ve saygınlığını artırdı",POSITIVE,Positive,0.6903634667396545
Türk,Ayrıca Büyük Selçuklu ve Türkiye Selçuklu dönemlerinde gerek Anadolu topraklarında gerekse Suriye ve Doğu Akdeniz kıyılarında Türk-İslam medeniyetinin gelişimesine önemli katkılar sağlarken bölgenin siyasi ve askerî savunmasını da gerçekleştirdi,POSITIVE,Positive,0.9445943236351013
Türk,Kaynak Ğ ve Kaynak H'deki numaralandırılmış görevlileri Türk saraylarındaki yönetim kadrosu bağlamında karşılaştırarak bu kişilerin hangi saray görevlisi olabileceğini yazınız,NEGATIVE,Negative,0.6092125773429871
Türk,"yüzyıl, İran
Reşîdüddîn'in Camiü't-Tevârîh adlı eserinde Büyük Selçuklu Sultanı Melikşah'ı ve maiyetini tasvir eden minyatür, Edinburgh Üniversitesi Kütüphanesi, İskoçya
Türkistan'dan Türkiye'ye uzanan süreçte Türk devletlerindeki veraset sistemi ile ilgili metin ve kaynaklardan yararlanarak soruyu",POSITIVE,Positive,0.8519888520240784
Türk,"İslamiyet öncesi Türk devletlerinde uygulanan veraset sistemi, Karahanlılardan itibaren diğer Türk-İslam devletlerinde de devam ettirildi",POSITIVE,Positive,0.8207429051399231
Türk,"'
Sevim ve *
Türk-İslam devletlerinde uygulanan veraset sisteminde kesin kurallar olmaması merkezî otoritenin gücünü nasıl etkilemiştir",POSITIVE,Positive,0.8436291813850403
Türk,"4: Türk-İslam devletlerinde ordu teşkilatı
Türkler, ordu-millet olma özelliğini İslamiyet'in kabulünden sonra da devam ettirdi",POSITIVE,Positive,0.9260044693946838
Türk,"Türk-İslam devletlerinde ordular, ilk kez Asya Hun Hükümdarı Mete Han (MÖ 209-174) tarafından oluş turulan onlu sisteme göre yönetildi ve sefer esnasında bu ordulara hükümdarlar kumandanlık etti",POSITIVE,Positive,0.7862786650657654
Türk,"Başta Karahanlı, Gazneli ve Selçuk lu olmak üzere Türk-İslam devletlerindeki ordu teşkilatları büyük ölçüde Türklerden oluşturuldu",POSITIVE,Positive,0.6934723258018494
Türk,Bununla birlikte Karahanlılar dışındaki diğer Türk-İslam or dularında farklı etnik gruplara mensup askerler de görev yaptı,NEGATIVE,Negative,0.7865840792655945
Türk,"'
Büyük Selçuklu Devleti'nin kuruluş sürecinde Türk men birlikleri önemli rol oynadı",POSITIVE,Positive,0.8466070294380188
Türk,Devletin yerleşik düzene geçip kurumsallaşmasıyla birlikte Türkmenlerin yerini gulam sisteminde yetiştirilen Türkler ve diğer kavimlere mensup kişiler aldı,NEGATIVE,Negative,0.9334401488304138
Türk,Geçmişte Türk erkek ve kadınları küçük yaştan itibaren usta birer at binicisi ola rak yetiştirilmiştir,POSITIVE,Positive,0.8821976780891418
Türk,(…) İslamiyet Öncesi Türk ailesi karşılıklı sevgi ve saygı esasına dayanmaktaydı,POSITIVE,Positive,0.9204953908920288
Türk,Türk aile hukukuna göre babadan sonra aileyi anne temsil ederdi,POSITIVE,Positive,0.9531058669090271
Türk,"(…) Aile içinde ekonomik görevi olan Türk kadını ev işleri, çocuk bakımı yanı sıra serbest pazar yerlerine gidip mal alıp satabilmekteydiler",NEGATIVE,Negative,0.9370536208152771
Türk,")
Selçuklu dönemi Türk halkı temel olarak iki tabakadan oluşmaktaydı",POSITIVE,Positive,0.7805718779563904
Türk,") Türk İslâm devletlerinde ev, bahçe, ağıl gibi emlak özel mülkiyete dahil ise de, tarım arazisi ve ormanlar Bozkır-İli'ndeki otlak ve yaylaklar gibi devlet malı idi",POSITIVE,Positive,0.7236495614051819
Türk,")
İlk Türk-İslam devletlerinden Karahanlı, Gazneli ve Selçukluların hâkim oldukları coğrafyalarda inşa ettirdiği mimari yapılar, Türklerin yaşadıkları şehirleri bayındır hâle getirdiğinin en önemli göstergesidir",POSITIVE,Positive,0.9839228987693787
Türk,Selçukluların 1040'ta kazandığı Dandanakan Zaferi'nden sonra birçok Türk aile Horasan bölgesine göç ederek buralarda yurtlar edindi,NEGATIVE,Negative,0.6868358850479126
Türk,Türkler yerleştikleri bu yeni topraklarda hü- kümdarın da desteğiyle çeşitli imar faaliyetleri yürüttü,NEGATIVE,Negative,0.6367464065551758
Türk,"Türkistan'dan göç eden Türkler, yerleştikleri bölgelerde yaşayan toplumlarla etkileşim içine girerek kendi kültürlerini Horasan, Maveraünnehir, İran ve Irak coğrafyalarında yaşanmakta olan İslam kültürüyle sentezledi",POSITIVE,Positive,0.8489320874214172
Türk,"Böylece Karahanlılar Türkistan'da, Selçuklular ise hem Türkistan hem de Anadolu'da Türk-İslam medeniyeti olarak adlandırılan yeni ve özgün bir kent kültürü meydana getirdi",POSITIVE,Positive,0.8936720490455627
Türk,"*
'Dandanakan Savaşı'nın ardından Horasan ve İran bölgesi Gaznelilerin elinden alınınca, Türk boyları büyük kalabalıklar hâlinde bu bölgeye gelmişti",NEGATIVE,Negative,0.7931622862815857
Türk,"Güney ve batı yönlü göç zarureti İran bölgesinde Büyük Selçuklu Devleti'nin kuruluşuna yol açtığı gibi, Ceyhun'dan Irak'a, Mısır, Suriye ve Batı Anadolu'ya kadar Türk varlığının uzanmasına vesile olmuştu",POSITIVE,Positive,0.7397961616516113
Türk,"'
Sezer ve *
Türklerin ekonomik faaliyetleri ile Türk şehirlerinin fiziki yapıları arasındaki bağlantıyı gerekçeleriyle",NEGATIVE,Negative,0.5404919981956482
Türk,"Türkler Konya, Alanya, Aksaray gibi yerleşimleri fethettikten sonra buraları Türk gelenekleri ve İslam düşüncesi doğrultusunda yeniden imar etti",NEGATIVE,Negative,0.7250946164131165
Türk,Hayvancılıkla uğraşan konargöçerler geniş otlakların bulunduğu bölgelere yerleştirilirken zanaat ve ticaretle uğraşan Türkler şehirlerde iskân edildi,NEGATIVE,Negative,0.9347744584083557
Türk,Türkler Anadolu'ya yerleştikten sonra hızla yeni mimari eserler inşa ettiler veya var olanları dönüştürdüler,NEGATIVE,Negative,0.6854088306427002
Türk,İsfahan Cuma Camisi hem İran hem de Türk şehircilik geleneğinden izler taşımaktadır,POSITIVE,Positive,0.9556795358657837
Türk,"*
'(…) 24 Oğuz boyuna mensup kalabalık Türkmen kitleleri, Türkistan, Horasan ve Azerbaycan'dan Anadolu'ya sevkedilerek yerleştirilmiş, böylece Anadolu'da Türk nüfusunun yerli halklara oranla hızla çoğalması sağlanmıştır",NEGATIVE,Negative,0.652472734451294
Türk,"Böylece Süleymanşah'ın fethini tamamladığı Anadolu'ya bütün kültür varlıklarıyla bir millet halinde gelen Türkler, bir yandan Orta-Anadolu'da ve Adalar Denizi kıyılarına kadar uzanan geniş ve verimli ovalarda yerleşip üretici durumuna gelirken, bir yandan da kuzeyde Karadeniz, güneyde Akdeniz kıyıla",POSITIVE,Positive,0.846102237701416
Türk,Önemli Türk-İslam âlimlerinden Cezeri hidrolik mühendisliği ve otomasyon sistemleri alanında çığır açan çalışmalar yapmıştır,POSITIVE,Positive,0.956720769405365
Türk,Türk-İslam bilim insanları tarafından yapılan ve günümüz teknolojisine katkı sağlayan çalışmalardan hangilerini biliyorsunuz,POSITIVE,Positive,0.7505477666854858
Türk,Yandaki karekodda tarih boyunca bazı Türk ve Müslüman bilim insanlarının yaptığı çalışmalar hakkında bilgiler verilmiştir,NEGATIVE,Negative,0.5473231673240662
Türk,"Türk-İslam ve Batı medeniyetlerindeki bilim, kültür, eğitim ve sanat anlayışlarıyla ilgili metin ve haritadan yararlanarak soruları",NEGATIVE,Negative,0.6259398460388184
Türk,"Bu dönemde Türkler, dinî ilimlerin yanı sıra matematik, astronomi, fizik, kimya gibi pozitif bilimlerle ilgili de önemli çalışmalar yaptı",POSITIVE,Positive,0.8505009412765503
Türk,"İlk Türk-İslam devletlerindeki yöneticiler, bilim insanlarını ve bilimsel çalışmaları destekleyerek yeni eğitim kurumları açılmasına öncülük etti",NEGATIVE,Negative,0.6114431619644165
Türk,"Türk-İslam sanatının mimariye yansımasını gösteren bu medreseler, eğitimin ve bilimsel faaliyetlerin merkezi hâline geldi",POSITIVE,Positive,0.9492684006690979
Türk,"Türk-İslam medeniyetinde toplumsal hayatın merkezinde yer alan eğitim faaliyetleri, küttaplar (sıbyan mektepleri) ve medreselerin yanı sıra rasathane, darüşşifa, kütüphane (darülkütüp), sahaf, cami, mescit, ribat ve tekkelerde yürütüldü (Görsel 1",POSITIVE,Positive,0.9338251352310181
Türk,Bu seyahatlerde gerçekleşen etkileşim sayesinde Türk-İslam devletleri kültürel ve bilimsel açıdan büyük ilerleme kaydetti,POSITIVE,Positive,0.9231632351875305
Türk,Türk-İslam medeniyetlerindeki bilim ve eğitim kurumlarının yaygınlığını hangi etkenler şekillendirmiştir,POSITIVE,Positive,0.9680984616279602
Türk,Türk-İslam ve Batı medeniyetlerindeki yüksek öğretim faaliyetleri ile ilgili kaynaklardan yararlanarak soruyu,POSITIVE,Positive,0.5626302361488342
Türk,yüzyıllarda Türk-İslam ve Batı medeniyetlerindeki yükseköğretim yapılanmalarını karşılaştırarak benzer ve farklı yönlerini,POSITIVE,Positive,0.6817628741264343
Türk,"Tutulmanin baglamasi
Tutulmanin tamamlanmasi
Gölge dairesi
Tutulmanin baglamasi
Tutulmanin baglamasi
Türk-İslam ve Batı medeniyetlerinde bilim insanlarına verilen değer hakkında hangi çıkarımlarda bulunur- sunuz",POSITIVE,Positive,0.8916121125221252
Türk,"'
Türk-İslam ve Batı medeniyetlerinde eğitimin yaygınlaştırılması anlayışıyla ilgili iki cümle yazınız",POSITIVE,Positive,0.640967845916748
Türk,yüzyıllarda Türk-İslam ve Batı medeniyetlerindeki eğitim anlayışı ile ilgili metin ve kaynaklardan yararlanarak soruları,NEGATIVE,Negative,0.5132684111595154
Türk,"'
Orta Çağ'da Türk-İslam dünyasındaki medreseler ile Batı'daki katedral ve manastır okullarını konu alan bilgi görsellerinden yararlanarak soruları",NEGATIVE,Negative,0.572250485420227
Türk,Türk-İslam ve Batı medeniyetlerindeki sanat anlayışları ile ilgili metin ve kaynaklardan yararlanarak soruları,POSITIVE,Positive,0.7760376930236816
Türk,"Anadolu Beylikleri ve Türkiye Selçukluları dönemlerinde ortaya konan sanatsal ürünlerde ise hem İslamiyet'in kabulü öncesi Türk geleneklerinin ve İslam sanatının hem de Yunan, Roma, Bizans, Kafkas ve Akdeniz kültür çevrelerinin izleri görüldü",POSITIVE,Positive,0.5764783024787903
Türk,"Taş işleme sanatının en güzel örneklerinden olan ve anıt mezar özelliği taşıyan kümbetler, İslam dünyasında ilk kez Türkler tarafından inşa edildi (Görsel 1",POSITIVE,Positive,0.9085454344749451
Türk,"Türkistan'da yaşadıkları dönemde dokumacılık sanatında uzmanlaşan Türkler, bu sanatı Selçuklular Dönemi'nde Anadolu'da da devam ettirdi",NEGATIVE,Negative,0.6873607039451599
Türk,"İnşa ettikleri ya da ürettikleri her ürünü kendi zevk ve anlayışları doğrultusunda şekillendiren Türkler, yerleştikleri bölgelerdeki sanat anlayışlarını da eserlerine yansıtarak dünya kül- tür mirasına önemli katkılarda bulundu",POSITIVE,Positive,0.9780950546264648
Türk,"Divriği Ulu Cami ve Darüşşifası'nın Kuzey Taç Kapısı, Sivas
Divriği Ulu Cami'nin Kuzey Taç Kapısı'ndaki detaylar
Türk-İslam mimarisinin başyapıtlarından biri olan Divriği Ulu Cami ve Darüşşifası, 1228-1229 yıllarında Mengücekliler tarafından inşa edilmiştir",POSITIVE,Positive,0.8391345143318176
Türk,İncelediğiniz kaynaklardan hareketle Türk-İslam ve Batı medeniyetlerinin mimari anlayışlarını karşılaştırarak benzer ve farklı yönlerini ilgili alanlara yazınız,NEGATIVE,Negative,0.6739124655723572
Türk,"Ser Schenke no Lumpung-
Varka ve Gülşah adlı eserden bir sayfa, Topkapı Sarayı Müzesi Kütüphanesi, İstanbul
Türk ve Fars edebiyatlarında kahramanlarının adıyla anılan aşk hikâyelerinden birini konu alan bu el yazması eserdeki minyatürler, XIII",NEGATIVE,Negative,0.8403854370117188
Türk,"Edindiğiniz bilgilerden yola çıkarak Türk-İslam ve Batı medeni yetlerindeki bilim, kültür, eğitim ve sanat anlayışlarının benzerlik ve farklılıkları hakkında",NEGATIVE,Negative,0.788823127746582
Türk,"yüzyıllarda Türk-İslam ve Batı medeni yetlerindeki bilim, kültür, eğitim ve sanat anlayışlarının benzerlik ve farklılıkları ile ilgili çıkarımlarınızı aşağıda verilen tabloya yazarak sınıftaki",POSITIVE,Positive,0.7724454998970032
Türk,"Benzerlikler
Farklılıklar
Yandaki karekodda 1040-1299 yılları arasında Türk-İslam medeniyetinde bilim, kültür, eğitim ve sanat alanlarında meydana gelen gelişmelerin Anadolu'nun Türkleşme ve İslamlaşma sürecine etkisine ilişkin bir video bulunmaktadır",NEGATIVE,Negative,0.7091608047485352
Türk,"Endülüs'ten Anadolu'ya gelen ve çok sayıda talebe yetiştiren Muhyiddin İbnülarabi, Anadolu'daki tasavvuf düşüncesine yeni bir anlayış kazandırmış ve Türk-İslam medeniyetinin gelişmesine katkıda bulunmuştur",POSITIVE,Positive,0.6017409563064575
Türk,"Hoca Ahmed Yesevi'nin açtığı yoldan yürüyen Tapduk Emre, Yunus Emre, Mevlana Celaleddin Rumi, Sadreddin Konevi, Davud-i Kayseri, Hacı Bektaş Veli, Sarı Saltuk, Baba İlyas, Somuncu Baba gibi mutasavvıflar Türk-İslam medeniyetinin gelişiminde çok önemli mihenk taşları oldu",POSITIVE,Positive,0.9335423707962036
Türk,"Türkler, İslam dininin öğretilerini ve tasavvuf düşüncesinin inceliklerini onun hikmetleri aracılığıyla öğrendi",POSITIVE,Positive,0.9702336192131042
Türk,"yüzyılda Türkistan'da yaşayan ve bölgenin önemli medreselerinde eğitim gören Kaşgarlı Mahmud, Türklerin yaşadığı coğrafyalarda uzun süre dolaşarak buralarda konuşulan Türk lehçeleri hakkında bilgi topladı",POSITIVE,Positive,0.671107292175293
Türk,"Bu yolculuklar sırasında Türkçenin söz varlığıyla ve sözlü kültür ürünleriyle ilgili derlemeler yapan Kaşgarlı Mahmud, 1072-1074 yılları arasında Türkçenin bilinen ilk sözlüğü olan Divânü Lugâti't-Türk 'ü kaleme aldı",POSITIVE,Positive,0.9466525316238403
Türk,"yüzyil Türk kültür tarihine isik tutan Divânu Lugâti't-Türk ilk Türk sözlügü ve dilbilgisi çalismasi özelligi-
Divânü Lugâti't *
'Divanü Lugati 't-Türk'ün söz varlığı aslında Türk kültürünün tarihsel boyutunu ve özelliklerini ortaya koymaktadır",POSITIVE,Positive,0.9442935585975647
Türk,yüzyıl Türk kültür tarihine ışık tutan Dîvânu Lugâti't-Türk ilk Türk sözlüğü ve dilbilgisi çalışması özelliğine sahiptir,POSITIVE,Positive,0.9528932571411133
Türk,"Eserde, Türk toplum hayatının hemen hemen her alanına yönelik bilgiler mevcuttur",POSITIVE,Positive,0.9188947081565857
Türk,"Kâşgarlı Mahmud, bu eserinde farklı Türk boylarının dil yapı ve özellikleri hakkında bilgiler vermiş, Arapça ve Farsça ile karşılaştırmalı örnekler vererek, Türk dilinin zenginliğini gözler önüne sermiştir",POSITIVE,Positive,0.951194703578949
Türk,"Eserde Türk ilinin coğrafyası, tarihi, kültürü, atasözleri, şiirleri, iktisadî ve sosyal hayatına dair değerli bilgiler mevcuttur",POSITIVE,Positive,0.6891558766365051
Türk,"'
Tansü ve *
Yandaki karekod üzerinden Divânü Lugâti't-Türk 'teki Türk dünyası haritası ile ilgili ayrıntılı bilgiye ulaşabilirsiniz",POSITIVE,Positive,0.9723619222640991
Türk,Öğrendiklerinizden yola çıkarak Türk İslam medeniyetinde öne çıkan mutasavvıf ve bilim insanlarının sahip oldukları değerleri listeleyiniz,NEGATIVE,Negative,0.5295115113258362
Türk,"Bu hezimetin ardından Doğu Roma İmparatorluğu, Türk akınlarını durdurmak ve Türkleri Anadolu'dan çıkarmak için yeniden harekete geçti",NEGATIVE,Negative,0.9960095882415771
Türk,Malazgirt Savaşı'ndan sonra Doğu Romalılar Türk akınlarını durdurmak amacıyla Avrupalı devletlerden yardım istedi,NEGATIVE,Negative,0.9399421811103821
Türk,Haçlı Seferleri'nin güzergâhı Anadolu'dan geçtiği için buraya henüz yerleşmeye başlayan Türkler sosyoekonomik açıdan büyük sıkıntılar yaşadı,NEGATIVE,Negative,0.9954133629798889
Türk,Miryokefalon istihkâmlarının yakınında Selçuklularla savaşan Doğu Roma ordusu yine mağlup oldu ve Anadolu'nun Türk yurdu olduğu kesinleşti,POSITIVE,Positive,0.5588892698287964
Türk,Türk tarihinin seyrini değiştiren önemli askerî mücadeleleri aşağıdaki tarih şeridine kronolojik sırayla yazınız,POSITIVE,Positive,0.9823318123817444
Türk,"Karahanh Devleti
Gazneli Devleti
Müslüman Türk devletleri (840-1308)
Türkler, İslamiyet'i kabul ettikten sonra Türkistan bozkırlarında geliştirdikleri kurumsal kültürü ve gelenekleri büyük ölçüde devam ettirdi",POSITIVE,Positive,0.6713001728057861
Türk,"Karahanlı, Gazneli, Büyük Selçuklu ve Türkiye Selçuklu devletleri arasında sık sık güç mücadeleleri yaşanmış, ittifaklar kurulmuş veya bozulmuş, hatta sınırlar sık sık değişmiş olsa da bu devletler ortak Türk kültürünü, geleneklerini ve devlet teşkilatlarındaki devamlılığı korumayı başardı",POSITIVE,Positive,0.9208099246025085
Türk,"İslamiyet'in kabulünden önceki Türk devletlerinde hâkimiyetin kaynağı olarak kabul edilen 'kut' anlayışı, Türkler Müslüman olduktan sonra hükümdarı 'Allah'ın yeryüzündeki gölgesi' olarak kabul eden bir anlayışa dönüştü",NEGATIVE,Negative,0.5593936443328857
Türk,"İlk Türk devletlerindeki 'cihan hâkimiyeti' mefkûresi, adaletin ve düzenin tüm dünyada hâkim kılınması anlamına gelen 'nizam-ı âlem' anlayışına dönüşerek gaza ve cihat kavramları üzerinden devam ettirildi",POSITIVE,Positive,0.9562299847602844
Türk,Zamanla yerleşik düzene dayalı bir yapıya dönüşen Türk-İslam devletlerinde hükümdarlar devleti saraylardan yönetti ve kendilerinden sonra en yetkili kişi olarak vezirleri atadı,POSITIVE,Positive,0.5558920502662659
Türk,İlk Türk-İslam devletlerinde hükümdar eşlerinin (hatun) yönetimde söz sahibi olması geleneği devam ettirildi,POSITIVE,Positive,0.6804777383804321
Türk,"Türkler, temelleri Türkistan'da atılan güçlü bir askerî geleneğe ve tecrübeye sahipti",POSITIVE,Positive,0.9557719826698303
Türk,"İslamiyet'ten önce ordu-millet özelliği gösteren Türk ordusu; daimî olma, büyük bölümü süvarilerden oluşma ve gönüllü askerlerden oluşma özelliklerini Türk-İslam devletlerinde de devam ettirdi",POSITIVE,Positive,0.9233933091163635
Türk,"Bununla birlikte Türkler, İslam ülkelerindeki gulam sistemini örnek alarak kurdukları daimî ve ücretli orduda Türk olmayan yerli unsurlara da yer verdi",POSITIVE,Positive,0.5216946005821228
Türk,Ancak bu ordunun temel gücünü de her zaman Türkler oluşturdu,POSITIVE,Positive,0.6207037568092346
Türk,Ayrıca ilk Türk devletlerinin büyük savaşları kazanmasında etkili olan Turan taktiğini de başarıyla uygulamaya devam etti,POSITIVE,Positive,0.9477918148040771
Türk,Türk askerleri gelişmiş silahlarla donatılsa bile ok ve yayı temel silah olarak kullanmayı sürdürdü,NEGATIVE,Negative,0.8706650733947754
Türk,"Türkistan'dan Türkiye'ye uzanan süreçte Türk devlet ve ordu teşkilatlarında meydana gelen değişim ve sürekliliğin veraset sistemi, hâkimiyet anlayışı ve hükümdarlık alametleri üzerindeki etkilerini örnek- lerle",POSITIVE,Positive,0.9902868270874023
Türk,Türkistan'dan Türkiye'ye uzanan süreçte Türk devlet ve ordu teşkilatları ile ilgili aşağıdaki cümlelerden doğru olanların karşısındaki kutucuğu işaretleyiniz,POSITIVE,Positive,0.9096010327339172
Türk,"Türk-İslam devletlerinde hükümdarlar hakan, keykavus gibi ünvanları kullanmıştır",POSITIVE,Positive,0.8185744881629944
Türk,Türk-İslam devletlerinde ikili teşkilat sistemi uygulanmıştır,NEGATIVE,Negative,0.6266605854034424
Türk,Gulam sistemi örnek alınarak kurulan daimî orduda sadece Türkler görev yapmıştır,NEGATIVE,Negative,0.8517165184020996
Türk,"Türk-İslam devletlerinde kadınlar, devlet yönetiminde etkili olmuşlardır",POSITIVE,Positive,0.9662880897521973
Türk,Türk-İslam devletlerinde ordu-millet anlayışı terk edilmiştir,NEGATIVE,Negative,0.9890217781066895
Türk,Türkler Müslüman olduktan sonra hükümdarlık alametlerine yeni unsurlar eklenmiştir,POSITIVE,Positive,0.630423903465271
Türk,Eski Türk toplumunda en küçük birim ailedir,POSITIVE,Positive,0.7419767379760742
Türk,"Türk sosyal hayatı, âile (oğuş) ve akrabalık (kadaş) bağları üzerine kurulmuştur",POSITIVE,Positive,0.9896368384361267
Türk,"(…) Türk kadını, eşi ile birlikte ailenin bütün faaliyetlerine katılmaktaydı",POSITIVE,Positive,0.9023611545562744
Türk,"(…) Selçuklu devri Türk ailesinde günlük hayatın büyük kısmı, geçim için gösterilen faaliyetlerle geçmekteydi",NEGATIVE,Negative,0.8316629528999329
Türk,"(…) Eski Türk aile fertleri arasındaki ilişkiler, son derece samimi olup, karşılıklı sevgi, saygı ve bağlılık temeline dayanmaktaydı",POSITIVE,Positive,0.9312855005264282
Türk,"yüzyıl, Münster Üniversitesi, Almanya
Türkiye Selçuklu Dönemi'ni gösteren Konya şehir planı
'İç kale, ortaçağ İslâm ve Batı kentlerinde ya da Orta Asya ve İran Türk-İslâm kentlerinde olduğu gibi, Selçuklu çağı Anadolu kentlerinin hemen tümünde kentlerin dış savunma hattından ayrı bir savunma duvarıy",POSITIVE,Positive,0.9311466813087463
Türk,"Selçuklu kentlerinde surlar ve hendeklerle tahkim edilmiş iç kalelerde, kent yöneticisinin ikametgâhı işlevindeki saray ve köşkler, genellikle Bizans kilisesinden dönüştürülen Fetih/Fethiye ya da Kale camisi veya mescidi adı verilen Türk-İslâm nüfusun dinsel gereksinimlerine hizmet verecek nitelikte",NEGATIVE,Negative,0.9164888858795166
Türk,Kaynak A'da Türk ailelerinin günlük yaşamdaki iş bölümünden ve sosyoekonomik faaliyetlerinden söz edilmektedir,NEGATIVE,Negative,0.9672501087188721
Türk,"yüzyıllarda medrese kurulan bazı Türk-İslam şehirleri
Lise öğrencisi olan Alperen ve Emine, değişim programı çerçevesinde gittikleri Fransa'da Jolie (Juli) ve Léo'yla (Leo) tanışmış, onların getirdiği haritayı inceleyerek mensupları oldukları medeniyetlerin XI-XIII",POSITIVE,Positive,0.8155514597892761
Türk,"İnşa ettikleri cami, medrese, kervansaray, köprü gibi mimari eserlerle Anadolu'yu bayındır hâle getiren Türkler; hem İslam düşüncesinin hem de içine girdikleri kültürel çevrenin etkisiyle çinicilik, oymacılık, dokumacılık, cam ve metal işlemeciliği, minyatür gibi sanatlarda özgün eserler ortaya koyd",POSITIVE,Positive,0.8713765740394592
Türk,Türk-İslam medeniyetinde bilim ve eğitime büyük önem verildi,POSITIVE,Positive,0.9641286730766296
Türk,"Kaşgarlı Mahmud Türkçenin korunması ve gelişmesi için yazdığı Divânü Lugâti't-Türk 'le; Ömer Hayyam geometri, matematik ve astronomi alanındaki çalışmalarla; Cezeri kendi tasarladığı mekanik araçlarla ve İbni Bibi yazdığı Selçuklu tarihiyle insanlığın ortak mirasına katkıda bulundu",POSITIVE,Positive,0.8527855277061462
Türk,"Öğrencilerin konuşmalarına göre Türk-İslam ve Batı medeniyetlerinin bilim, kültür, eğitim ve sanat anlayışlarındaki benzerlik ve farklılıklar nelerdir",NEGATIVE,Negative,0.6771760582923889
Türk,"Türk-İslam medeniyetinin bilim, eğitim, kültür ve sanat anlayışı Orta Çağ Avrupası'nı etkilemiştir",POSITIVE,Positive,0.8519933223724365
Türk,"Türk-İslam ve Batı medeniyetlerinin dinî anlayışları bilim, eğitim, kültür ve sanat anlayışlarına da yön vermiştir",POSITIVE,Positive,0.947624146938324
Türk,Türkler inşa ettikleri mimari eserlerle Anadolu'nun Türkleşmesi ve İslamlaşması sürecine katkıda bulunmuştur,POSITIVE,Positive,0.6579263210296631
Türk,"Bursa tekfurunun şehrin anahtarını Orhan Bey'e teslim edişini tasvir eden bir tablo, Panorama 1326 Fetih Müzesi, Bursa
Türkiye Selçuklu Devleti'nin son döneminde Anadolu'da kurulan beylikler Türk tarihinde yeni bir süreç başlatmıştır",POSITIVE,Positive,0.9092786312103271
Türk,"'
'Bitinya hudutlarında tavattun (yurt edinen) eden Türk aşireti, ilk tarihi reisi Osmanlıların babası 'Osman' olan aşirettir",POSITIVE,Positive,0.5146739482879639
Türk,"Şimdi artık 'Türk' değil, ilk defa olarak reislerinin namına izafeten 'Osmanlı' denilen bir kavmin ismini işitiyoruz",NEGATIVE,Negative,0.7536047697067261
Türk,"2), 1934'te Paris Sorbonne Üniversitesi bünyesindeki Türk Tetkikleri Merkezinde verdiği üç konferansla Gibbons'ın tezlerine cevap verdi",POSITIVE,Positive,0.9052822589874268
Türk,"Fuat Köprülü'ye göre 'Osmanlı Devleti'nin kuruluşuna dair karanlıkta kalan konuların umumî Türk tarihinin çerçevesi içinde, Anadolu Beylikleri ile beraber Anadolu Selçuk tarihinin bir devamı olarak görülüp incelenmesi halinde problemlerin anlaşılması mümkün olacaktır",NEGATIVE,Negative,0.8868074417114258
Türk,"(…) Türkler'in etnik teşkilâtı ve Anadolu'da yerleşme şekilleri hakkında hiçbir fikri olmayan Gibbons, 'Selçuk' tabirinin -tıpkı Osmanlı tâbiri gibi- etnik bir ad değil, hanedan müessisinin [kurucu] isminden alınma siyasî bir tâbîr olduğunu düşünmüyor",NEGATIVE,Negative,0.8800188302993774
Türk,Osmanlılar gaza geleneğinden gelen bir Türk boyuydu ve devletin kuruluşunun temel unsuru bu gelenekti,POSITIVE,Positive,0.9235758185386658
Türk,"'
'Türkler, onüçüncü asırın başında Moğol istilasının tazyiki neticesiyle Anadolu'ya hicret ettiler",NEGATIVE,Negative,0.9389559626579285
Türk,"Nihayet bu göçebe Türkler, yakınında bulunan Eskişehir Bizans-Selçuk hududuna yerleştiler",NEGATIVE,Negative,0.9702790975570679
Türk,"*
Ünlü Türk tarihçilerinden Halil İnalcık da (Görsel 2",NEGATIVE,Negative,0.829932451248169
Türk,"Oğuzların, bir başka deyişle Türkmenlerin yoğun şekilde Anadolu'ya göç etmesi ve Selçuklu saltanatının kurulması
Türk-İslam gaza hareketinin Moğol istilası ve egemenliği altında yeni bir ivme kazanması
Denizli, Antalya, Ayasuluk ve Bursa'nın milletlerarası pazar durumuna yükselmesi ve böylece Türkiy",NEGATIVE,Negative,0.5809595584869385
Türk,"İnalcık, bu bilgilerden hareketle Osman Gazi'nin Osmanlı Beyliği'ni yeni ve bağımsız bir Türk-İslam saltanatı olarak teşkilatlandırdığını belirtti",NEGATIVE,Negative,0.8457765579223633
Türk,"6) basılmış, Türk Tarih Kurumu tarafından özel bir takvim (Görsel 2",NEGATIVE,Negative,0.6728427410125732
Türk,"(…) Şimdi, Pachymeres'ten Osman Gâzi'nin asıl amacını okuyup Türk kaynağı ile karşılaştırdığınız zaman çok enteresan durumlar çıkıyor",NEGATIVE,Negative,0.7385530471801758
Türk,"Türk devlet geleneğine uygun olarak fethedilen yerleri kardeşlerine, oğullarına ve komutanlarına paylaştıran Osman Gazi, 1288-1299 yılları arasında Karacahisar ile Bilecik-Yenişehir arasında kalan bölgeyi hâkimiyeti altına aldı",NEGATIVE,Negative,0.509979248046875
Türk,"Türkler geri çekilen kuvvetlerle 11 Haziran'da Filokrene adıyla anılan sahildeki kalede yeniden çatıştı, imparator güçlükle gemiye binip İstanbul'a yelken açtı",NEGATIVE,Negative,0.809556245803833
Türk,"Şehirdeki Rumlar Bursa Kalesi'nin aşağı kısımlarına taşınmış, Türkler ise kale içinde ve etrafında iskân edilmiştir",NEGATIVE,Negative,0.8468442559242249
Türk,"Bazi kaynaklarda Cimpe Kalesi nin bulun- dugu yer olarak tarif edilen Bolayir köyün-
deki tabyanin uydu görüntüsü
Çimpe (Çimbi Kalesi), Türk tarihindeki önemli dönüm noktalarindan biri olan Rumeli ye ge-
Rumeli'ye geçiş, Edirne'nin Fethi ve I",POSITIVE,Positive,0.8692677021026611
Türk,"Osmanlı hâkimiyetine alınmış ilk Türk beyliği olan Karesioğulları'nın denizcilik tecrübesi ve bu beyliğe mensup Evrenos Gazi, Gazi Fazıl, Ece Bey gibi gazilerin savaş tecrübesi, Osmanlı Devleti'ne Rumeli fetihlerinde önemli avantaj sağladı",POSITIVE,Positive,0.7043404579162598
Türk,"'
Bazı kaynaklarda Çimpe Kalesi'nin bulunduğu yer olarak tarif edilen Bolayır köyündeki tabyanın uydu görüntüsü
Çimpe (Çimbi Kalesi), Türk tarihindeki önemli dönüm noktalarından biri olan Rumeli'ye ge çişin sembolüdür",POSITIVE,Positive,0.9148683547973633
Türk,Trakya'nın güneyinde fethedilen yerlere Anadolu'dan getirilen Türkler iskân edilerek bu bölgenin Rumeli fetihleri için bir merkez olması sağlandı,NEGATIVE,Negative,0.7577292323112488
Türk,"Türk ve Batı kaynakları o zaman güneş tutulması olmuş, diyorlar",NEGATIVE,Negative,0.9621900916099548
Türk,Öte taraftan Türk ordusunun kazandığı bu zafer Bizans'ın Balkan ülkeleriyle bağlantısını tamamen koparıyor ve onu Osmanlı devleti arazisi içinde sıkışıp kalan bir adacık durumuna sokuyordu,NEGATIVE,Negative,0.8893460631370544
Türk,"Yüzyıla kadar uzayan dönem ise, Türk hâkimiyetidir",POSITIVE,Positive,0.8506970405578613
Türk,"Niğbolu Zaferi'nden sonra Osmanlı Devleti bir yandan Balkanlardaki ilerleyişini sürdürdü, bir yandan da Anadolu'daki Türk beylikleriyle mücadeleye devam etti",POSITIVE,Positive,0.7328809499740601
Türk,"Yıldırım Bayezid'in Anadolu'daki Türk beyliklerini Osmanlı'ya bağlaması ve merkeziyetçi bir yönetim anlayışı benimsemesi nedeniyle imtiyazlarını ve topraklarını kaybeden bazı Türkmen beyleri, eski statülerine kavuşmak için Emîr Timur'un himayesine girdi",NEGATIVE,Negative,0.9542260766029358
Türk,Tatarlarla birlikte aralarında tımarlı sipahilerin de bulunduğu bir kısım Türk askeri Timur'un saflarına geçti,NEGATIVE,Negative,0.8145913481712341
Türk,"Eski Türklerde 'cesur, yiğit ve kahraman savaşçı' anlamında kullanılan alp kelimesi, Türkler Müslüman olduktan sonra 'din ve vatan uğruna savaşan kimse' anlamındaki 'gazi' kelimesiyle aynı anlamda kullanılmıştır",NEGATIVE,Negative,0.9072940945625305
Türk,Türk gençlerinden meydana getirilen bu ordunun atsız askerine 'yaya' ve atlı askerine 'müsellem' adı verilmiştir,POSITIVE,Positive,0.608642041683197
Türk,"İlk teşkilat fikri ortaya atan Çandarlı Halil Paşa ile Alâeddin Paşa tarafından yapılarak, savaşabilecek güçlükuvvetli il eri olan Türk gençlerinden atlı ve yaya olarak önce biner kişilik birlikler kuruldu",NEGATIVE,Negative,0.9376449584960938
Türk,Orhan Bey Dönemi'nde yaya ve müsellemlere ek olarak bekâr Türk gençleri arasından seçilen ve ücret karşılığında askerlik yapan azaplar da (yaya ve atlı birlikler) orduya alındı,NEGATIVE,Negative,0.7758557796478271
Türk,"Devlet, tarımsal üretimin ana kaynağı olan mirî arazileri işletmek için ilk Türk-İslam devletlerindeki ikta sistemi ile yeni fethedilen bölgelerdeki geçmiş uygulamaları sentezleyerek tımar sistemi adı verilen bir düzen kurdu",POSITIVE,Positive,0.5781028270721436
Türk,"Anadolu'daki genç, bekâr ve güçlü Türk erkekleri arasından seçilen azaplar, kapıkulu ordusu kurulduktan sonra piyade birliklerine dönüştü",NEGATIVE,Negative,0.8721222281455994
Türk,Bununla birlikte başta Karesioğulları olmak üzere idare altına alınan Türk beyliklerinin tersane ve donanmalarından da yararlanıldı,NEGATIVE,Negative,0.9159923791885376
Türk,Geri kalan devşirmeler ise Türk örf ve âdetlerini öğrenmeleri amacıyla bir süreliğine köylerdeki Türk ailelerin yanına gönderilirdi,NEGATIVE,Negative,0.7407422065734863
Türk,Buna 'Türk'e vermek' denirdi,NEGATIVE,Negative,0.7885451316833496
Türk,Türk ailelerin yanında bir süre kalan devşirmeler daha sonra Acemi Ocağına alınır ve burada 3 ila 8 yıl süren askerî bir eğitime tabi tutulurdu,NEGATIVE,Negative,0.5411168932914734
Türk,Bu doğrultuda ilk olarak önceki Türk-İslam devletlerindeki gulam sisteminden hareketle geliştirilen pençik yöntemiyle kapıkulu ocakları oluşturuldu,NEGATIVE,Negative,0.8619021773338318
Türk,(…) Yeniçeriler başlarına gazi serpuşu olan ve Türkler uc bölgelerinde iken kendilerini halktan ayırt etmek için başlarına giydikleri börk adı verilen beyaz keçeden başlık giyerlerdi; (…) Yeniçeri ocağında ilk devirlerde ok talimi (daha sonra tüfenk talimi) için bir talimhane vardı; burada eksersizl,POSITIVE,Positive,0.6624257564544678
Türk,"(…)
Hristiyanlar ne kuvvette bir ordu ile saldıracak olurlarsa olsunlar, Türkler kısa zamanda toplanır ve iki-üç günde karşı çıkarlar; ve o kadar sessiz hareket ederler ki Hristiyanların yüz askeri Türklerin on bin kişilik ordusundan daha fazla gürültü yaparlar",NEGATIVE,Negative,0.9667842388153076
Türk,Türkler sadece bir kös vururlar savaşa gidecek olanlar ve katılanlar alayın başına geçerler,POSITIVE,Positive,0.7371597290039062
Türk,"Beyliğin stratejik konumu ve Osmanlıların Anadolu'daki diğer Türk beylikleriyle çatışmaya girmeden gaza faaliyetlerinde bulunması, bu bölgeye gelen tüccar, esnaf, çiftçi, asker, âlim, derviş ya da konargöçer Türkmenlerin Osmanlılara tabi olmasını sağladı",NEGATIVE,Negative,0.6338549852371216
Türk,"Osmanlı Devleti'nin uc merkezlerinden biri olan bu şehre Saruhan Bölgesi'nden getirilen Türkler yerleştirilmiş ve kısa sürede birçok cami, han, hamam, çarşı vb",POSITIVE,Positive,0.6116628050804138
Türk,Fethedilen topraklarda ayaklanma ihtimali yüksek görülen topluluklar Türk nüfusun yoğun olduğu bölgelere gönderilmiştir,NEGATIVE,Negative,0.7516472935676575
Türk,Osmanlı Devleti fethedilen topraklara Türk nüfusunun yerleştirilmesine de büyük önem vermiştir,POSITIVE,Positive,0.7603579759597778
Türk,"(…) Fetihlerin devam ettiği ilk yıllarda Osmanlılar, Anadolu'nun her tarafından akın akın kendi topraklarına gelen Müslüman Türk halkının Balkanlar'a gönüllü göçünü sürekli teşvik etmiştir",POSITIVE,Positive,0.7532249689102173
Türk,Trakya ve Meriç Vadisi'ndeki yoğun Türk iskanı ancak kendiliğinden gelen bir göç ile açıklanabilir,NEGATIVE,Negative,0.9776813983917236
Türk,(…) Anadolu'dan gelen Türkler genellikle yeni topraklarında ayrı köyler kurmuşlar yerli halka karışmamışlardır,NEGATIVE,Negative,0.7975087761878967
Türk,(…) Ayrıca Balkanlar'da Teselya'daki Yenişehir gibi tamamen Türk nüfuslu şehirler de kurulmuştur,NEGATIVE,Negative,0.5468384027481079
Türk,Hristiyan köylerle mukayese edildiğinde Türk köylerinin nüfusunun oldukça düşük olduğu görülmektedir,NEGATIVE,Negative,0.9686800241470337
Türk,Günümüzde Bulgaristan başta olmak üzere birçok Balkan ülkesinde Türk isimleriyle varlığını sürdüren köy ve kasabalar bulunmaktadır (Grafik 2,POSITIVE,Positive,0.6980044841766357
Türk,"Bundan böyle sultanlar, istisnalar dışlanacak olursa, yalnızca önemli noktalara ve kalelere Türk garnizonları yerleştirdiler",POSITIVE,Positive,0.541146457195282
Türk,Bu durumdan memnun olan bazı gayrimüslimler zaman içinde Müslüman oldu ve Türk geleneklerine uyum gösterdi,NEGATIVE,Negative,0.9186859726905823
Türk,"Türk akıncılarının takip ettiği bir politika vardı ki, buna kaynaklarda 'istimalet' denmektedir",NEGATIVE,Negative,0.9438474178314209
Türk,"yüzyılda Doğu Romalılar tarafından inşa edilen Saint George (Sen Corc) Kilisesinin günümüzde dışarıdan görünümü, Kurbinovo / Kuzey Makedonya
'Fransız seyyah Belone, Müslümanların Balkanlar'ı fethettikten sonra nasıl özenle koruduklarını şöyle açıklamış tır: Müslüman Türkler bir kaleyi veya şatoyu al",POSITIVE,Positive,0.7250800728797913
Türk,Bulgaristan'da Müslüman toplumun meydana gelmesindeki etkenlerden biri bu verimli topraklara Müslüman Türk ve Anadolu Tatarlarının yerleştirilmesidir,NEGATIVE,Negative,0.8386302590370178
Türk,Türk-İslam medeniyetinin ortaya koyduğu bir anlayışla mevcut şehirler ihya edilmiş ve yeni yerleşim yerleri kurulmuştur,POSITIVE,Positive,0.5100643634796143
Türk,"Rumeli'de iskân edilen Türkler, yerleştikleri yerleri vakıfların desteği sayesinde kolaylıkla yurt edinebilmiştir",NEGATIVE,Negative,0.816476047039032
Türk,Bölgesel manada oluşan toplulukların başında Türk dervişleri bulunmaktadır,POSITIVE,Positive,0.7664365768432617
Türk,"Osmanlı kaynaklarında Anadolu gazileri (Gaziyân-ı Rum), Anadolu abdalları (Abdalân-ı Rum), Anadolu Ahileri (Ahiyân-ı Rum), alperen gibi isimlerle anılan bu dervişler, tarih araştırmacıları tarafından kolonizatör Türk dervişleri olarak isimlendirilmiştir",NEGATIVE,Negative,0.9457497000694275
Türk,"Ayrıca bu teşkilat, Türk kültür ve geleneklerinin bu bölgelere taşınmasına ve nesiller boyu sürdürülmesine de aracılık etmiştir",POSITIVE,Positive,0.966966986656189
Türk,Osmanlı Devleti'nin kuruluş yıllarında Doğu Roma'dan fetih yoluyla alınan şehir ve kasabalar iskân politikaları ve imar çalışmaları ile Türk-İslam kimliği kazanmıştır,NEGATIVE,Negative,0.5103938579559326
Türk,Daha önce Türkiye Selçuklularının ve Anadolu beyliklerinin hâkimiyetinde olan bazı şehirler ise Türk-İslam kimliğini kazanmış olarak Osmanlı şehrine dönüşmüştür,NEGATIVE,Negative,0.6352402567863464
Türk,Yeni bir şehir inşa etmek yerine var olanı onarmayı ve şehirlere Türk-İslam kimliği kazandırmayı hedeflemişlerdir,NEGATIVE,Negative,0.9820846915245056
Türk,"Gerek Selçuklular gerekse Türk beylikleri, hâkim oldukları şehirlerde cami, medrese, imaret, kütüphane, darüşşifa gibi vakıf müesseseleri kurarak dinî, ilmî ve sosyal hayatı desteklemiştir",POSITIVE,Positive,0.7894707918167114
Türk,İlk Türk-İslam devletlerinin başlattığı bu faaliyetler Osmanlı Dönemi'nde de devam ettirilmiştir,POSITIVE,Positive,0.9612191915512085
Türk,) Bu çeviride belki ilk defa olarak arzın yuvarlak olduğu Osmanlı-Türk eserlerine geçmiştir,POSITIVE,Positive,0.8907610177993774
Türk,İlk Türk-İslam devletlerinde olduğu gibi Osmanlı Dönemi'nde de medreselerin yanı sıra cami ve mescitlerde eğitim verilmeye devam edildi,POSITIVE,Positive,0.9592751860618591
Türk,"Bu bakımdan tekke ve zaviyeler, fethedilen şehirlerin çevresinde yeni iskân alanlarının kurulmasına ve Türk-İslam kültürünün Anadolu ve Balkanlarda yayılmasına önemli katkılar sağlamıştır",POSITIVE,Positive,0.9375044703483582
Türk,Öğrendiklerinizden yararlanarak ilk Türk-İslam devletlerinden Osmanlı Devleti'ne uzanan süreçteki eğitim faaliyetlerinde değişime uğrayan ve süreklilik gösteren unsurları değerlendirerek tablonun ilgili alanlarını,POSITIVE,Positive,0.9278705716133118
Türk,"Eski Türk eğitiminde önemli yerleri olan tekke ve zâviyeler, dini ve tasavvufi bilgilerin verildiği ve uygulanmasının yapıldığı bir çeşit halk eğitim merkezleri durumunda idi",POSITIVE,Positive,0.8984111547470093
Türk,"Türk-İslam geleneğinde, hayır amaçlı bağışlanan mülklerden elde edilen gelirlerle halka hizmet veren yapılar ……………",NEGATIVE,Negative,0.5869675278663635
Türk,"'
'Kalabalık Türk kafileleri hayret verici bir şiddetle Küçük-Asya'nın garbi eyaletlerine doğru yürüdüler ve tazyik ettiler",NEGATIVE,Negative,0.9693135619163513
Türk,Arazi bir çok Türk Gazi hükümdarlıklarına bölündü,NEGATIVE,Negative,0.8026821613311768
Türk,"Çimbi'den sonra Bolayır'ı da alan Türkler, 1354 yılında bir zelzele neticesinde surları yıkılan Gelibolu'ya da sahip oldular",NEGATIVE,Negative,0.766469419002533
Türk,"Gelibolu'ya yerleşen Türkler, üç istikamette fetihlere devam ettiler",POSITIVE,Positive,0.6679233312606812
Türk,"Gerek Türk, gerekse Balkan devletlerinin tarihinde son derece önemli yeri olan bu savaştan sonra Osmanlı egemenliği kesin olarak Balkanlar'da yerleşmiştir",POSITIVE,Positive,0.6675987243652344
Türk,"Kosova Savaşı
''Kosava zaferi, Türk tarihinin en parlak sayfalarından birini teşkil etmiştir",POSITIVE,Positive,0.9542362689971924
Türk,"Devşirilen erkek çocukların en zeki ve nitelikli olanları devlet adamı olarak yetiştirilmek üzere enderuna kaydedildi, geri kalanlar ise Türk ailelerin yanında Türk âdet ve geleneklerini öğrendikten sonra Acemi Ocağına alındı",NEGATIVE,Negative,0.909071683883667
Türk,"'
'Balkanlar'daki Türk fetihleri sonucunda Arnavutlar'ın Bizans ve Sırp baskısından kurtulduğuna, asimilasyonun engellendiğine, Sırp kilisesinin üstünlüğünün kırıldığı görülmektedir",POSITIVE,Positive,0.6330133080482483
Türk,"Burada, Venedik işgali altındaki Selânik halkının Latin baskısından dolayı çektiği ıstırap anlatıldıktan sonra halkın Türkler'i bir kurtarıcı gibi karşıladığı belirtilmektedir",NEGATIVE,Negative,0.9901127815246582
Türk,"Türkmenlerin en büyük direnmeyi gösteren Balkan bölgeleriyle Edirne, Filibe, Sofya, Selanik, Terhala, Larissa ve Üsküp gibi büyük askeri merkezlerde yerleşmeleriyle buralarda Türk etkisi görülüyordu, ancak bunlar büyük çoğunluğu Hıristiyan olarak kalan halk kütlesi arasında küçük koloniler olmaktan ",NEGATIVE,Negative,0.9869388341903687
Türk,"*
'Bütüne bakıldığında, Avrupa'da Türk göçünün sınırları gibi İslamlaşmanın sınırları da, sonuç olarak şuraya varmıştır: Müslümanlar, XVI",POSITIVE,Positive,0.9650574922561646
Türk,"Osmanlı Devleti'nin ilk yükseköğretim kurumu
Doğu Roma'dan alınarak Osmanlı idare- sine giren ve fetih sonrasında Türk-İslam karakteri kazanan şehir
Osmanlı Devleti'nin ilim ve irfan geleneği, hem ilk Türk-İslam devletlerinden hem de Anadolu'daki tasavvuf geleneğinden etkilenmiştir",POSITIVE,Positive,0.9262633919715881
Türk,Doğu Romalı grandük Lukas Notaras 'Latin külahı görmektense Türk sarığını görmek daha iyidir,NEGATIVE,Negative,0.9790931940078735
Türk,Anadolu'dan getirilen Türkler İstanbul'a yerleştirilerek şehre Türk-İslam kimliği kazandırılmıştır,POSITIVE,Positive,0.7420615553855896
Türk,1473'te yapılan Otlukbeli Savaşı'nda diğer Türk devletlerinden Akkoyunlu Devleti'ne karşı büyük bir zafer kazanıldı (Harita 3,NEGATIVE,Negative,0.6435379981994629
Türk,"Gırnata Müslüman devleti, İspanyol boyunduruğu altına düşüp (1492) kuzey Afrika İslam memleketleri bir istila tehlikesi altına girince, Doğu Akdeniz' de Hıristiyan korsanlarına karşı faaliyette bulunan Türk korsanları faaliyetlerini Batı Akdeniz'e naklettiler",NEGATIVE,Negative,0.9438448548316956
Türk,"Avrupalılar tarafından ''Muhteşem'' ve ''Büyük Türk'' lakaplarıyla anılan Kanuni Sultan Süleyman, devleti adaletle yönetti ve halkın refahını artırmaya çalıştı",POSITIVE,Positive,0.6588295102119446
Türk,"Fakat im paratorluğa karşı bu Türk baskısı, Protestan hareketine dolaylı da olsa yardımcı olmuştu",NEGATIVE,Negative,0.9370436668395996
Türk,"Osman Nuri Paşa'nın Preveze Deniz Savaşı'nı tasvir ettiği yağlı boya tablo, Deniz Müzesi, İstanbul
Preveze Deniz Savaşı'nın büyük bir zaferle sonuçlanmasında Türk denizcilerinin kahramanca mücadelesi ve Barbaros Hayrettin Paşa'nın uyguladığı askerî taktiklerin yanı sıra Osmanlı donanmasındaki gemi t",POSITIVE,Positive,0.7006195783615112
Türk,"Açelilerin askeri taktikler, askeri mühendislik ve topçuluktaki güçleri uzun yıllar Türk damgası taşıdı",POSITIVE,Positive,0.9626458883285522
Türk,"'Kıbrıs'ta hâkimiyetin sürekliliğinin sağlanması, toprağın işlenerek ekonomiye kazandırılması ve ticaretin canlandırılabilmesi için Türk nüfus yeterli değildi",NEGATIVE,Negative,0.9845978021621704
Türk,"Selim, Kıbrıs'ın kalkınması, zenginleşmesi ve Kıbrıs'taki Türk nüfusun takviyesi için 22 Eylül 1572 tarihli bir hüküm ile Kıbrıs'a Türk ailelerin iskânını emretmiştir",NEGATIVE,Negative,0.7080910801887512
Türk,"Osmanlı Devleti, Kıbrıs'ın nüfusunu takviye etmek amacıyla daha sonraki yıllarda da Ada'ya Türk iskânını sürdürmüştür",NEGATIVE,Negative,0.8020606637001038
Türk,"'Kıbrıs fethinde ordu ve donanmanın işbirliği halinde yaptığı büyük ölçüdeki harekât, Osmanlı askeri kudretinin ve dehasının eriştiği en yüksek noktayı temsil eder; bununla beraber Lepanto'da Osmanlıların daima korktukları şey gerçekleşmiş, Akdeniz'in Hıristiyan devletleri büyük bir Haçlı seferinde ",POSITIVE,Positive,0.792843222618103
Türk,Bu dönemde güçlü Türk ailelerinden gelen ilmiye ve kalemiye mensupları yerine kul sınıfı içinde yetiştirilmiş devlet görevlileri veziriazam olarak atandı,NEGATIVE,Negative,0.9801549315452576
Türk,Yandaki karekodda verilen genel ağ bağlantısı üzerinden Topkapı Sarayı Sanal Müzesi'ni geziniz ve bu yapının Türk tarihindeki yerini ve Türk milleti için önemini,POSITIVE,Positive,0.9065084457397461
Türk,'1453 ile 1560'lar arasında Türk deniz kuvvetleri Osmanlı İmparatorluğu'nun yayılmasına hizmet etti,POSITIVE,Positive,0.7034364938735962
Türk,1499-1502 Türk-Venedik Savaşları başlıca Venedik ticaret yollarının Türklerin eline geçmesini sağladı,NEGATIVE,Negative,0.8222573399543762
Türk,1503'te Türk donanması üç yüzden fazla tekneden oluşuyordu,POSITIVE,Positive,0.9547134637832642
Türk,Tek cümleden ibaret olan bu eser Türk Musikisinin en büyük şaheserlerinden birisidir,POSITIVE,Positive,0.9958627223968506
Türk,"Merkez Bankası tarafından 17 Temmuz 2017'de dola- şıma giren 100 Türk lirasının arka yüzündeki Itri portresi
Itri, Osmanlı Devleti'nde yetişmiş önemli sanatkârlara veya büyük şahsiyetlere örnek gösterilebilir mi",POSITIVE,Positive,0.8577033281326294
Türk,"Merkez Bankasının genel ağ sitesinde şu bilgilere yer verilmiştir: 'Kaynaklarda doğum tarihi 1640 olarak kaydedilen Buhurizade Mustafa Efendi (Itri), klasik Türk müziğinin kurucusu kabul edilmek- tedir",POSITIVE,Positive,0.9725913405418396
Türk,"Müzik konusunda sahip olduğu yüksek kuramsal bilgi ve bestelerindeki melodi zenginliğiyle bilinen Itri; peşrev, saz semaisi, kâr, beste ve ilahi başta olmak üzere Türk müzi - ğinin hemen her formunda eser vermiştir",POSITIVE,Positive,0.9973751306533813
Türk,Merkez Bankası tarafından 100 Türk lirasının arka yüzüne Itri'nin portresinin basılmış olmasının neden- leri neler olabilir,NEGATIVE,Negative,0.9744071960449219
Türk,"Matrakçı Nasuh'un Süleymannâme adlı eserinde yer alan Nice (Nis) Kuşatması minyatürü
Bu harita büguk Türk denizcisi
PIRI KEIS taralidan
1513 tarihinde yayolms elan ve
Topkapr Sarayr Müzesinde bafunan islondan Türkçelestirilerek basilmutr",NEGATIVE,Negative,0.844048261642456
Türk,Yandaki karekod üzerinden bazı Türk-İslam âlimleri ile ilgili eşleştirme etkinliğine ulaşabilirsiniz,POSITIVE,Positive,0.7471653819084167
Türk,yabgu: Türkistan'da kurulan ilk Türk devletlerinde kağandan sonra gelen en üst düzeydeki yöneticinin ünvanı,POSITIVE,Positive,0.9842082858085632
Türk,Müslüman-Türk devletleri tarihi,POSITIVE,Positive,0.7403963208198547
Türk,"TÜRK BÖLGELERi
TÜRK CUMHURIYETLERi,
KARAÇAY-ÇERKESYA
KABARDIN-BALKARYA C",NEGATIVE,Negative,0.7324146628379822
Türk,"Türkleri
Mogolistan Türkleri
Rusya Federasyonu Türkleri
ÜLKE KISALTMALARI
KUZEY KIBRIS TÜRK CUMHURIYETI
KUZEY MAKEDONYA
İÇİNDEKİLER
DEVRIMLER ÇAGINDA DEGISEN
DEVLET-TOPLUM ILISKILERI
OSMANLI SIYASETI (1506-1774)
KİTABIN TANITIMI
Haçova Muharcbesi
Bu Ünitede Ögrenecekleriniz
3",NEGATIVE,Negative,0.8536815643310547
Türk,'Türk Gölü' olarak anılan Karadeniz'in tüm kıyıları Osmanlı Devleti'nin egemenliği ve denetimi altında bulunuyordu,POSITIVE,Positive,0.7498933672904968
Türk,Böylece Karadeniz'in bir Türk gölü olma özelliği devam etmiştir,POSITIVE,Positive,0.8854774832725525
Türk,"Ruslar, Türk sınırlarına yakın bölgelerde kale inşa ediyor ve bu kalelerin tüccarların konaklaması maksadıyla yapıldığı yönünde Osmanlı makamlarına açıklamalarda bulunuyordu",NEGATIVE,Negative,0.9703721404075623
Türk,"Çünkü antlaşmanın bu maddesi, büyük bir Müslüman-Türk yurdu olan Kırım'da Rus egemenliğinin yolunu açmıştı",NEGATIVE,Negative,0.5133984684944153
Türk,yüzyılda yaşayan bir Kırım Türk'ü olsaydınız Kırım'da yaşanan olayları nasıl betimlerdiniz,NEGATIVE,Negative,0.742184042930603
Türk,"Karadeniz, Türk gölü olma özelliğini devam ettirmiştir",POSITIVE,Positive,0.9680152535438538
Türk,"Müslüman Türkler'in yaşadığı Kırım'ın, Rus hâkimiyetine geçmesi, Türk milletinde şiddetli tepki ve üzüntü meydana getirirken, Kırım'ın geri alınması arzusu uzun yıllar Osmanlı politikasının temelini oluşturdu",NEGATIVE,Negative,0.9161749482154846
Türk,Türk-İslam bilginlerinin bu alandaki eserlerinden faydalanan Johannes Kepler (Johanes Kepla) gibi isimler gök cisimlerinin de yeryüzü cisimleri gibi benzer fizik kanunlarına bağlı olduğunu savundular,NEGATIVE,Negative,0.543440043926239
Türk,"Çözülmeye Karşı Reçeteler: Islahat Layihaları
Türk devlet geleneğinde bozulan devlet otoritesinin ve toplumsal düzenin yeniden tesisi amacıyla bazı devlet adamları, nasihatname veya siyasetname diye bilinen eserler kaleme almıştır",NEGATIVE,Negative,0.9634115099906921
Türk,"Osmanlı topraklarında daha önce Yahudi, Ermeni ve Rumlar tarafından da matbaa kurulmuştu fakat ilk Türk matbaasını kuran İbrahim Müteferrika olmuştur",POSITIVE,Positive,0.6944629549980164
Türk,İlk Türk matbaasının ancak Lâle Devri'nde kurulabilmesinin birçok sebebi vardı,NEGATIVE,Negative,0.7576065063476562
Türk,"Evliya Çelebi, yarım asra yakın bir sürede Osmanlı topraklarının çoğunu ve başka yerleri gezmiş, Türk kültür tarihinde 'seyahatname' türünün eşsiz bir örneğini vermiştir",POSITIVE,Positive,0.9948350191116333
Türk,"Tulumbacılar Ocağının kurulması
İlk Türk matbaasının kurulması
Batılı eserlerin tercüme faaliyetlerine hız verilmesi
Lâle Devri'nde meydana gelen yukarıdaki gelişmelere bakılarak bu dönemle ilgili aşağıdakilerden hangisi söylenemez",NEGATIVE,Negative,0.9781362414360046
Türk,Osmanlı Devleti'nden günümüze kadar Türk Savunma Sanayisi'nin geldiği seviyeyi göz önünde bulundurarak askerî teknolojideki yerliliği değişim ve süreklilik açısından,POSITIVE,Positive,0.509167492389679
Türk,"Türkler tarih boyunca farklı coğrafyalarda yaşamış, birçok devlet kurmuş büyük bir millettir",POSITIVE,Positive,0.9796757698059082
Türk,Türkler nesilden nesle aktarılarak gelişen ama özü itibarıyla değişmeyen aile yapıları ve dilleri sayesinde varlıklarını devam ettirdi,POSITIVE,Positive,0.9198449850082397
Türk,"Türkler, vatan belledikleri yerlerde köklü bir devlet geleneği oluşturdu",POSITIVE,Positive,0.9608404636383057
Türk,"Türkçe, tarihî devamlılığın sonucunda geçmişteki birçok Türk devletinde görüldüğü gibi Osmanlı Devleti'nde de resmî dil olarak kullanıldı",POSITIVE,Positive,0.9668136835098267
Türk,Kadının bu rolü diğer toplumlarla karşılaştırıldığında Türk toplumunda kadının daha güçlü ve özgür olmasını sağlıyordu,POSITIVE,Positive,0.963853657245636
Türk,Geleneksel Türk aile yapısının bu özellikleri Osmanlı Klasik Dönemi'nde de devam etti,POSITIVE,Positive,0.88929682970047
Türk,Türk ailesi (Görsel 3,NEGATIVE,Negative,0.6490793228149414
Türk,59) günümüze kadar süren Türk varlığının devamı için hayati önem taşıdı,POSITIVE,Positive,0.9900447726249695
Türk,"İlk Türk devletlerinden itibaren kullanılan bayraklarda Türklerin yaşantısını, örf, âdet ve inanışlarını temsil eden nesneler kullanılıyordu",POSITIVE,Positive,0.5847212672233582
Türk,"yüzyıldaki bir çizimde Avrupalılar, Osmanlı toprağı Mora'daki kalelerde ay yıldızlı Türk bayrağını resmetmişlerdi",POSITIVE,Positive,0.7375456094741821
Türk,Geçmişten gelen ay yıldızlı Türk bayrağı (Görsel 3,POSITIVE,Positive,0.8431633710861206
Türk,"İmparatorluk devrindeki millî bayrak Cumhuriyet döneminde de muhafaza edilip ay yıldızlı kırmızı Türk bayrağı olarak son şeklini almıştır (Köprülü, 1992, ss",POSITIVE,Positive,0.8328617215156555
Türk,")
Sizce geçmişten bugüne Türk bayrağının şehirlere hâkim tepe ve kulelerde dalgalandırılması neyi sembolize etmektedir",POSITIVE,Positive,0.994682252407074
Türk,Osmanlı Dönemi'nde kullanılan Türk bayrağının Cumhuriyet Dönemi'nde de kabul edilmesinin sebeplerini analiz ediniz,NEGATIVE,Negative,0.6268949508666992
Türk,"I, II ve III
Türk tarihinde yüzyıllar boyu süren siyasi ve sosyal değişime rağmen bazı unsurlar önemini koruyarak günümüze kadar varlığını devam ettirmiştir",POSITIVE,Positive,0.9804022312164307
Türk,"Bu Ünitede Öğrenecekleriniz
Anahtar Kavramlar
Denge Politikasi
Anahtar Kavramlar
Darbe Denge Politikası
Panslavizm Tanzimat
Türk Bogazlari
Sark Meselesi
Türk Boğazları Şark Meselesi
Unite Karekodu
Ünite Karekodu
Ünite Kapak Görseli: Paris Konferansı (1856), C",NEGATIVE,Negative,0.9088589549064636
Türk,yüzyıldan beri önce Anadolu'ya sonra Balkanlardan Avrupa içlerine kadar gelen Müslüman Türkleri durdurma projesi olan Türk Meselesine dayanmaktaydı,NEGATIVE,Negative,0.8438657522201538
Türk,Ancak 1774'ten sonra Rusya'nın gündeme getirmesiyle 'Şark Meselesi'nin kapsamı Türkler aleyhine genişledi,NEGATIVE,Negative,0.9833041429519653
Türk,Bu sayede zaman kazanarak hem devletin siyasi ömrünü mümkün olduğunca uzatmış hem de yaptığı reformlarla modern bir Türk devletinin temellerini atmıştır,POSITIVE,Positive,0.771859347820282
Türk,Bu isyanda on binlerce Müslüman Türk katledildi,NEGATIVE,Negative,0.9934472441673279
Türk,"Bu şartları değerlendiren Rusya, gayrimüslimlerin Türkler tarafından katledildiği propagandasını yaymaya başladı",NEGATIVE,Negative,0.9687568545341492
Türk,"İkmal ve yaralı konvoylarımız acımasız şekilde katlediliyor, gerilerimizdeki köprüler ve yollar tahrip ediliyor ve Türk köylerinde terör hüküm sürüyordu",NEGATIVE,Negative,0.9980347752571106
Türk,"nallla Anali4
Türk Boğazları
Harita Analizi
Tarih boyunca büyük güçlerin hâkimiyet kurmak için mücadele ettikleri Çanakkale Boğazı ile İstan bul Boğazı jeostratejik ve jeopolitik açıdan büyük öneme sahip olmuştur",POSITIVE,Positive,0.8904955387115479
Türk,"1453 yılında İstanbul'u, sonrasında da Karadeniz çevresini tamamen fetheden Osmanlı Devleti Karadeniz'i bir Türk gölü hâline getirmişti",POSITIVE,Positive,0.5405331254005432
Türk,"Türk Boğazları olarak da ifade edilen İstanbul ve Çanakkale Boğazları, Küçük Kaynarca Antlaşması'na kadar Osmanlı Devleti'nin mutlak hâkimiyetinde kalmıştı",POSITIVE,Positive,0.6811538338661194
Türk,"Osmanlı Devleti, sadece kapitülasyonlarla imtiyazlar verdiği Fransız, İngiliz ve Hollandalı ticaret gemilerinin Türk Boğazlarından geçmelerine izin vermişti",NEGATIVE,Negative,0.8093796372413635
Türk,Küçük Kaynarca Antlaşması ile Rus ticaret gemilerine de Türk Boğazlarından serbest geçiş hakkı tanınmıştı,POSITIVE,Positive,0.7329102754592896
Türk,Böylece Rus savaş gemileri Türk Boğazlarından geçerek Akdeniz'e açılma hakkını elde etti,NEGATIVE,Negative,0.7818633317947388
Türk,Çok taraflı bir şekilde imzalanan bu sözleşmeyle Türk Boğazları uluslararası bir statü kazanmıştı,POSITIVE,Positive,0.6353681683540344
Türk,"Rumeli topraklarının kaybedilmesi ile burada yaşayan yüz binlerce Müslüman Türk, İstanbul'a ve Anadolu'ya göç etmek (Görsel 4",NEGATIVE,Negative,0.9775682687759399
Türk,Dinî ve kültürel birtakım haklar verilse de bunlar hayata geçirilmedi ve bu topraklarda yaşayan Müslüman Türkler ağır baskıya ve zulme maruz kaldı,NEGATIVE,Negative,0.9980641007423401
Türk,"Bakış Açısı
Balkan Savaşları'ndan sonra Balkanlarda kalan Müslüman Türkler ne gibi insan hakları ihlallerine maruz kalmış olabilirler",NEGATIVE,Negative,0.9308615922927856
Türk,"Ayrıca cemiyetin toplantısında şöyle bir karar alınmıştı: 'Türkler bu harpten kurtuluncaya kadar gençler evlenmeyecekler, hiçbir Türk sinema ve tiyatroya gitmeyecek, erkeklerden de hiç kimse tıraş olmayacak",POSITIVE,Positive,0.8582311868667603
Türk,Türkiye'nin günümüzde uzak coğrafyalara götürdüğü yardımlar dikkate alındığında Türk milletine tarihten miras kalan insani özellikleri,NEGATIVE,Negative,0.6658549308776855
Türk,"Bu amaçla Yusuf Akçura, Türk siyasi hayatında mihenk taşı olmuş 'Üç Tarz-ı Siyaset' adlı makalesini 1904 yılında yayımladı",POSITIVE,Positive,0.526796281337738
Türk,Osmanlı topraklarında yaşamış milletlerden milliyetçiliği siyasi bir harekete dönüştüren son millet Türkler olmuştu,POSITIVE,Positive,0.9032694101333618
Türk,"Türkçülük, elde kalan Osmanlı topraklarının kaybedilmemesi için geliştirilen ve Türk millî varlığına dayanan bir fikir akımıydı",POSITIVE,Positive,0.6275901198387146
Türk,İttihat ve Terakki yönetimi zamanında Türk birliğine yönelik faaliyetler çerçe vesinde etkili olmaya başladı,NEGATIVE,Negative,0.6080921292304993
Türk,Meşrutiyet Dönemi'nin ilk seçimleri Türk demokrasisi açısından önem taşımaktaydı,POSITIVE,Positive,0.8615856170654297
Türk,Fakat Türk tarihi açısından çok partili hayatın tam olarak yerleşmesi zaman almıştır,NEGATIVE,Negative,0.6535738110542297
Türk,"Osmanlı Devleti'ndeki darbelerden farklı olarak 15 Temmuz kalkışmasına olan direnişin, Türk siyasi tarihinde bir milat sayılabileceğini düşünüyor musunuz",POSITIVE,Positive,0.6124557256698608
Türk,"Bakış Açısı
Kıbrıs'ta 1571'den beri süren Türk hâkimiyetinin fiilen sona ermesi Osmanlı Devleti için jeostratejik açıdan ne gibi sonuçlara yol açmış olabilir",NEGATIVE,Negative,0.8172749876976013
Türk,"Yunanistan'ın Türk ve Müslüman düşmanlığından, yayılmacı politikalarından vazgeçmemesi üzerine Osmanlı Devleti 1897'de Yunanistan'a savaş ilan etti",NEGATIVE,Negative,0.9896993041038513
Türk,"'Bir Türk'ün gönlünde nehir varsa Tuna'dır, dağ varsa Balkan'dır",POSITIVE,Positive,0.8690432906150818
Türk,"Ayrıca devleti yönetenlerin, fabrikaları rekabetçi bir anlayışla işletebilecek tecrübeleri olmadığı gibi bu alanda yeterli beceriye sahip Müslüman-Türk girişimciler de yoktu",NEGATIVE,Negative,0.9882674813270569
Türk,5) Türk Boğazlarından serbestçe geçiş hakkını elde etmesiydi,POSITIVE,Positive,0.8354248404502869
Türk,Ayrıca Osmanlı hükûmeti bazı vergi muafiyetleri getirerek Türk sanayicisini teşvik etti,POSITIVE,Positive,0.6151108145713806
Türk,"Türk köylüsüne ise karşılıksız arsa tahsisi, tohum desteği verilmesi gibi ayrıcalıklar tanıdı",NEGATIVE,Negative,0.7686131000518799
Türk,Türk üreticilerinin finansman sorunlarını gidermek için millî bankalar kuruldu,NEGATIVE,Negative,0.9577062129974365
Türk,"Ticarette de bazı tedbirler alan devlet yönetimi, ithalat ve ihracatta yabancıların tekelini kırarak Türk-Müslüman tüccarların etkinliğini artırdı",NEGATIVE,Negative,0.5432948470115662
Türk,İttihat ve Terakki yönetimindeki Osmanlı hükûmeti uyguladığı Millî İktisat Politikası'yla Osmanlı iktisat hayatında Müslüman-Türk unsurların hâkim konuma gelmesini amaçladı ve millî bir burjuvazi oluşturmaya çalıştı,NEGATIVE,Negative,0.9885077476501465
Türk,"Ordu büyüklükleri karşılaştırıldığında Rus ordusu, Türk ordusunun beş katına yakın bir büyüklüğe ulaşmıştı",NEGATIVE,Negative,0.9439046382904053
Türk,"Bulgaristan, Sırbistan ve Yunanistan'ın politikaları sonucu Balkanlardan, Rusya'nın politikaları sonucu Kafkaslardan Türkiye'ye Türkler ve Müslümanlar göç etti",NEGATIVE,Negative,0.9795657396316528
Türk,Balkan topraklarında çoğunluğu sağlamak isteyen Hristiyan topluluklar tarafından çeşitli zulümlere maruz kalan Türkler ve Müslümanlar kitleler hâlinde Anadolu'ya göç ettiler,NEGATIVE,Negative,0.7505231499671936
Türk,Osmanlı Devleti'nin savaşlar ve siyasi antlaşmalar sonucunda toprak kaybetmesiyle başlayan Türk ve Müslüman ahalinin Anadolu'ya doğru zorunlu göçlerinde büyük acılar yaşandı,NEGATIVE,Negative,0.9872456789016724
Türk,Özellikle 93 Harbi ve sonrasında yüz binlerce Türk ile Müslüman hayatını kaybetti,NEGATIVE,Negative,0.7931268811225891
Türk,"Balkanlarda Yunanistan, Sırbistan, Bulgaristan, Makedonya, Romanya ve Karadağ devletleri kurulunca Türk ve Müslüman ahali Osmanlı Devleti himayesinden mahrum kaldı",NEGATIVE,Negative,0.9782860279083252
Türk,durumdan kurtulmak için göç etmek zorunda kalan Türkler ve Müslümanlar yollarda yine katliamlara maruz kaldı (Görsel 5,NEGATIVE,Negative,0.9877177476882935
Türk,"McCarthy'nin tespitlerine göre 'Çoğunluğu Türk olan milyonlarca Müslüman ölmüş, milyonlarcası da şimdi Türkiye dediğimiz yere kaçmışlardı",NEGATIVE,Negative,0.8537778258323669
Türk,")
1890'da Üsküp'te doğmuş ve 1920'de Ankara'da yaşayan bir Türk olsaydınız, Balkanlar ve Anadolu'da yaşanan demografik değişimi nasıl betimlerdiniz",POSITIVE,Positive,0.8720120191574097
Türk,"Osmanlı Devleti'nin Kırım ve Balkan topraklarını kaybetmesi, bölgede yaşayan Türk ve Müslüman ahaliyi hangi kararları almak zorunda bırakmıştır",NEGATIVE,Negative,0.9327950477600098
Türk,"RUSYA FEDERASYONU
ÖZERK BÖLGE SINIRI
120°D 130°D
30°D 40°D 50°D 60°D
TÜRK BÖLGELERi
TÜRK CUMHURIYETLERi,
GAGAVUZ YERI
DAGISTAN C",NEGATIVE,Negative,0.6022829413414001
Türk,"Boylece tarhte cumburiyet yénetimine peçen a Türk devieti kurvimug oldu, 1920'de Aserbaycam)
isgal eden Nal Ordu, Azerbaycan Oernokratk Cum hurhyetine son verdi",NEGATIVE,Negative,0.9061793088912964
Türk,"canburda alinan karara karyi çika, 'istanbul Mütúmetine
""Medine kalesinden Türk bayraibni ben kendi elimie indiremem, ejer mutiata tabliye edecelseniz Duraya
bagka bir kumandan gönderin",NEGATIVE,Negative,0.9605565071105957
Türk,"Mustafa Kemal'in büyüdüğü Makedonya; Türk, Yunan, Sırp, Ulah, Bulgar, Arnavut gibi milletlerin Müslüman, Hristiyan, Musevi kimlikleriyle kendi -lerine özgü yaşayışlarını sürdürdükleri bir Osman -lı Devleti toprağıydı",POSITIVE,Positive,0.9349924325942993
Türk,"İdadide 'Vatan ve Hürriyet Şairi' Namık Kemal'in, Türk olmanın gururunu anlatan 'Millî Şair' Mehmet Emin'in eserlerini okudu ve sevdi",POSITIVE,Positive,0.6865187287330627
Türk,"Tarih öğretmeni Kolağası Mehmet Tevfik Bey'in et -kisiyle tarihe, özellikle Türk tarihine ilgi duydu",NEGATIVE,Negative,0.9189334511756897
Türk,"Etnik olarak Türk, Yunan, Makedon, Bulgar ve Yahudilerden oluşan Selanik'te azınlıklar ile Müslümanlar ayrı mahallelerde yaşıyordu",NEGATIVE,Negative,0.9629013538360596
Türk,"Ona göre yabancıların bütün saldırgan tutumlarına rağmen Türk milleti onlardan ilmî, teknik, sosyal, kültürel vb",NEGATIVE,Negative,0.8082304000854492
Türk,Yeni Türk devletinin kurulması ve şekillenmesinde bu fikirler etkili oldu,POSITIVE,Positive,0.5454545021057129
Türk,"Mehmet Emin Yurdakul (1869-1944)
ARAŞTIRALIM
Türk aydınlarının Mustafa Kemal'in fikir hayatı üzerindeki etkilerini",NEGATIVE,Negative,0.928619921207428
Türk,"MİLLİYETÇİLİK
Ben bir Türk'üm; dinim, cinsim uludur; Sinem, özüm ateş ile doludur",POSITIVE,Positive,0.8068978190422058
Türk,"Türk evlâdı evde durmaz, giderim",POSITIVE,Positive,0.5506430864334106
Türk,"Manastır'da Mehmet Emin (Yurdakul), Namık Kemal gibi dönemin güçlü Türk şairlerinin şiirleriyle tanışan genç Mustafa, Harp Akademisi yıllarında özellikle ünlü Alman ve Japon komutanların hayatlarıyla ilgili kitaplar okumaya başladı",NEGATIVE,Negative,0.659295916557312
Türk,"Türkçülük, kurtuluşun Türk milliyetçiliği ile sağlanabileceği, Osmanlı topraklarında yaşayan Türkler arasında millî bilincin uyandırılması gerektiği düşüncesine dayanır",NEGATIVE,Negative,0.5992667078971863
Türk,") Osmanlı Devleti idaresindeki bütün Müslümanlar ve binaenaleyh onun bir parçası olan Türkler, pek güçlü bir bağ ile sımsıkı birleşecekler (",POSITIVE,Positive,0.973757266998291
Türk,"Siyasi ve Askerî Gelişmeler
1870'lerin başında Osmanlı Devleti'nde Jön Türkler (Genç Osman -lılar) olarak anılan bazı aydınların, muhalefeti 1876'da I",NEGATIVE,Negative,0.945773720741272
Türk,")
Mehmet Emin Bars, Ziya Gökalp ve Türk -çülük Üzerine Bazı Değerlendirmeler, s",NEGATIVE,Negative,0.5475782752037048
Türk,"Kanun-ı Esasi
Osmanlı Devleti'nde 1876'da yürürlüğe giren, Türk tarihinin ilk yazılı anayasası",POSITIVE,Positive,0.9784245491027832
Türk,"Vahdettin Engin, İmparatorluktan Ulus Devlete Türk İnkılâp Tarihi, s",NEGATIVE,Negative,0.7762291431427002
Türk,Meşrutiyet Dönemi'nin Türk siyasi hayatına etkileri nelerdir,POSITIVE,Positive,0.8040913939476013
Türk,Makedonya'nın Sırbistan'a bırakılan topraklarında kalan Müslüman ve Türk ahalinin hak ve hukuku ile ilgili de anlaşmaya varıldı,POSITIVE,Positive,0.628787100315094
Türk,Balkanların kaybedilmesiyle burada yaşayan Türk nüfusun bir kısmı Türkiye'ye göç etti,NEGATIVE,Negative,0.969760537147522
Türk,"Bölgede kalan ve azınlık durumuna düşen Türkler, zulüm ve baskılara maruz kaldı",NEGATIVE,Negative,0.989476203918457
Türk,Cihan Harbi ise birçok meseleler arasında Türk-Rus davasını da kökünden halledecekti,POSITIVE,Positive,0.6533551812171936
Türk,22 Aralık 1914'te başlayıp 19 Ocak 1915'e kadar devam eden Sarıkamış Harekâtı'nda binlerce Türk askeri donarak veya salgın hastalıklar nedeniyle şehit düştü,NEGATIVE,Negative,0.8321919441223145
Türk,"Bu zaferle ortaya çıkan millî bilinç, Anadolu'da Türk istiklal mücadelesinin başlamasında büyük pay sahibidir",POSITIVE,Positive,0.9130489230155945
Türk,Çanakkale Zaferi'nin hangi şartlarda kazanıldığını ve Türk as -kerinin cesaretini Anafartalar Komutanı Gazi Mustafa Kemal şöyle anlatır: 'Karşılıklı siperler arasında mesafe 8 metre,POSITIVE,Positive,0.6472766399383545
Türk,"Mustafa Kemal, özellikle 1915'te Anafartalar'da gös -terdiği üstün başarıyla İstanbul'un düşman eline geçmesini ön -lemiş ve hem Türk halkı hem de dünya tarafından 'Anafartalar Kahramanı' olarak tanınmıştır",POSITIVE,Positive,0.9766744375228882
Türk,"Türk kuvvetleri, halkın coşkulu gösterileri arasında Kut'ül-Amâre'ye girdi ve Nisan 1916'da İngiliz kuvvetlerini teslim aldı",POSITIVE,Positive,0.6061710119247437
Türk,")
İşte, Türk sebatının İngiliz inadını kırdığı birinci olayı Çanakkale'de, ikinci olayı da burada görüyoruz",NEGATIVE,Negative,0.9023513197898865
Türk,Böylece tarihte cumhu -riyet yönetimine geçen ilk Türk devleti kurulmuş oldu,POSITIVE,Positive,0.9628692269325256
Türk,"İstanbul Hükûmeti -ne 'Medine Kalesi'nden Türk bayrağını ben kendi elim -le indiremem, eğer mutlaka tahliye edecekseniz buraya başka bir kumandan gönderin",NEGATIVE,Negative,0.962590754032135
Türk,") 1909 yılında başlayan askerlik hayatı 1911-1912 Osmanlı-İtalyan Savaşı, Balkan Savaşı, Birinci Dünya Savaşı ve Türk Kurtuluş Savaşı'nda çeşitli muharebelerde başarılarla geçmiştir",POSITIVE,Positive,0.8957015872001648
Türk,) İngilizler tarafından 'Türk kaplanı' diye adlandı -rılan Fahreddin Paşa 27 Ocak'ta savaş esiri ola -rak Mısır'a gönderildi,POSITIVE,Positive,0.5780423879623413
Türk,(…) 5 Şubat 1936'da Türk Silâhlı Kuvvetleri'nden tümgeneral rütbesiyle emekliye ayrıldı,NEGATIVE,Negative,0.744573175907135
Türk,Asılsız Ermeni iddialarının tam tersine Ermeni çeteleri söz konusu süreçte yüz binlerce Türk'ü katletmiştir,NEGATIVE,Negative,0.9712731242179871
Türk,"Justin McCarthy (Castin Makarti), Türkler ve Ermeniler, s",NEGATIVE,Negative,0.7597125768661499
Türk,"'
Dördüncü Ordu Komutanı Cemal
Justin McCarthy, Türkler ve Ermeniler, s",NEGATIVE,Negative,0.9634921550750732
Türk,"Osmanlı Devleti'nde Türklerin çoğunlukta oldukları bölgelerin ba -ğımsızlığı sağlanacak, Türklerin egemenliği altında bulunan diğer unsurlara da özerk gelişme imkânları verilecek, Türk Boğazları ulus -lararası garanti altında tüm devletlerin ticaret gemilerine açılacak (12",NEGATIVE,Negative,0.6866768598556519
Türk,"Mondros Ateşkes Antlaşması'na Yönelik Tepkiler
Türk halkı uzun yıllar süren savaşlardan oldukça bitkin düşmüş ve perişan olmuştu",NEGATIVE,Negative,0.9862937927246094
Türk,"Sadrazam İzzet Paşa, görüşmeler sırasında Türk heyetinin gördüğü iyi karşılamadan dolayı Amiral Calthorpe'a teşekkür mektubu gönderdi",NEGATIVE,Negative,0.5254967212677002
Türk,Türk milletinin ilk tepkisi millî direniş kuvvetleri oluşturmak oldu,NEGATIVE,Negative,0.9500552415847778
Türk,"Savaş yıllarında İtilaf Dev -letleri'nin aralarında yaptıkları gizli antlaşmaların yanı sıra Osmanlı ülkesindeki Türk olmayan unsurların da toprak talebinde bulunmaları nedeniyle konferansta en çok tartışılan konu, Osmanlı topraklarının paylaşılması oldu",NEGATIVE,Negative,0.9623017907142639
Türk,"1919 Paris Barış Konferansı'nda Türk Tezleri, s",POSITIVE,Positive,0.6331843733787537
Türk,Anadolu dışındaki Türk komutanlar İtilaf Devletleri'ne teslim olacaktır,NEGATIVE,Negative,0.583176851272583
Türk,"Kültürel çeşitliliğin görülmesine
Milliyetçilik akımının etkilerinin görülmesine
Osmanlı Devleti'nin İslamcılık fikrini devlet politikası hâline getirmesine
Mustafa Kemal'in fikir hayatının şekillenmesine
Yabancı devletlerin Osmanlı Devleti'nin iç işlerine karışmasına
Aşağıdakilerden hangisi Mustafa",NEGATIVE,Negative,0.776785671710968
Türk,İzmir'in Yunanistan tarafından işgali Türk milleti için ne anlam ifade etmiştir,NEGATIVE,Negative,0.970185399055481
Türk,Türk kışlası Yunan askerleri tarafından ateşe tutuldu,NEGATIVE,Negative,0.9929749965667725
Türk,Ardın -dan Türk askerleri 'Yaşasın Venizelos,NEGATIVE,Negative,0.8362464308738708
Türk,İzmir'in işgali haberi 16 Mayıs 1919'da İstanbul gazete -lerinde Türk halkının tepkisini yansıtacak şekilde yayım -landı,NEGATIVE,Negative,0.9756987690925598
Türk,Hükûmet Yunan iş -galine kayıtsız kalınca Türk halkı örgütlenerek silahlı mü -cadeleye girme ihtiyacı duydu,NEGATIVE,Negative,0.9587650299072266
Türk,"Müdâfaa-i Hukuk
Millî Mücadele'de Türk milletinin varlığını ve haklarını savunmak amacıyla kurulan sivil örgüt -lenme",NEGATIVE,Negative,0.5150668025016785
Türk,") İzmir'de Türk halkının başına gelenleri, Vali İzzet Bey de dâhil memurların Kordonbo -yu'nda 'Zito Venizelos",POSITIVE,Positive,0.5867695212364197
Türk,")
S O R U L A R
İzmir'in işgali karşısında Türk aydını, İstanbul Hükûmeti ve halk nasıl tepki göstermiştir",NEGATIVE,Negative,0.964999794960022
Türk,"Bu rapora göre
Bölgedeki olayların sorumlusu Türkler değil Yunan ordusu ve yerli Rum -lardır",NEGATIVE,Negative,0.8922882676124573
Türk,Bölgede Türkler çoğunluktadır,NEGATIVE,Negative,0.860736608505249
Türk,"Bunun üzerine Türk milleti, işgallere karşı koymak, bu tür yapılanmaların yıkıcı ve haksız eylemlerini engellemek için çeşitli bölgelerde cemiyetler kurdu",NEGATIVE,Negative,0.8665680289268494
Türk,"BİLGİ KUTUSU
İzmir'in İşgalinden Bir Gün Önceki Mitinge Çağrı
Ey bedbaht Türk",NEGATIVE,Negative,0.9934399724006653
Türk,Türk ve Müslüman halkı çeteler aracılığıyla göçe zorladılar,NEGATIVE,Negative,0.987101674079895
Türk,"MİLLÎ CEMİYETLER
Mustafa Kemal'in Samsun'a çıkışından önce vatanın yer yer işgal edileceğini anlayan vatansever Türk halkı, Anado -lu ve Rumeli'de teşkilatlanmaya başladı",NEGATIVE,Negative,0.6384751200675964
Türk,Kilikyalılar Cemiyeti: Merkezi İstanbul'da olan cemiyet Çukurova'nın Türk yurdu olduğunu ispat etmek ve bölgenin Ermenilere verilmesini engelle -mek amacıyla kuruldu,POSITIVE,Positive,0.8353676199913025
Türk,Ermeni ve Rum propagandaları -na karşı Türk milletinin haklılığını basın yayın yoluy -la bütün dünyaya duyurmaya çalıştı,POSITIVE,Positive,0.5717244148254395
Türk,"Anadolu Kadınları Müdâfaa-i Vatan Cemiyeti: Türk kadınlarının Millî Mücadele'deki varlığını sim -geleyen cemiyet, Kuvây-ı Milliye birliklerine nakdî ve ayni (eşya, erzak vb",NEGATIVE,Negative,0.9969233870506287
Türk,"Raporda Ermenilerin bölgede çoğunlukta olmadığı, katliama uğrayanların Ermeniler değil Türkler olduğu belirtildi",NEGATIVE,Negative,0.9639991521835327
Türk,Türk milletinin tarih boyunca sahip olduğu istiklal anlayışı ile manda ve himaye fikrini karşılaştırınız,NEGATIVE,Negative,0.8620116114616394
Türk,"Amasya Görüşmeleri'nde Alınan Kararlar
Türk vatanının bütünlüğü ve istiklali korunacaktır",POSITIVE,Positive,0.5062512755393982
Türk,Azınlıklara Türk milletinin siyasi ve sosyal dengesini bozacak haklar verilmeyecektir,NEGATIVE,Negative,0.6626546382904053
Türk,"Anadolu halkını aydınlatmak, Türk'ün haklı davasını dünyaya duyurmak ve Ankara ile Anadolu'nun bağını güçlendirmek gayesiyle faaliyetlerde bulunmuştur",NEGATIVE,Negative,0.6045342683792114
Türk,"Sevr Antlaşması'na Yönelik Tepkiler
Türk milletine hayat hakkı tanımayan ve oldukça ağır hükümler içeren Sevr Antlaşması, Türk halkının Millî Mücadele arzusunu ve kurtuluşa olan inancını daha da artırdı",NEGATIVE,Negative,0.9985345602035522
Türk,"BMM, 7 Haziran 1920'de çıkardığı kanunla İstanbul Hükûmetinin yapacağı antlaşmaların Türk mil -
letini bağlamayacağını ilan etmişti",POSITIVE,Positive,0.7453072667121887
Türk,"Mustafa Kemal, Sevr'i Türkler için yüzyıllardan beri hazırlanan büyük bir suikast olarak görmekteydi",NEGATIVE,Negative,0.845697820186615
Türk,"Fransa'da yayın yapan Le Temps (Lö Temps) gazetesi, 'Bir Türk sulh antlaşması hazırlandı",POSITIVE,Positive,0.7489522099494934
Türk,") 'Oysa Türk'ün onuru, kendine güveni ve yetenekleri çok yüksek ve büyüktür",POSITIVE,Positive,0.9512264132499695
Türk,"Yine aynı yazıda Damat Ferit'in yapmış olduğu Sevr Antlaşması'nın kabulü harekâtına karşı Tokat, Amasya, Çankırı, Kırşehir, Beypazarı, Koçhisar, Antalya ve ayrıca memleketin birçok yerinden gelen telgraflarda Türk halkı vatana karşı indirilmek istenen ölüm darbesini reddedeceğini ve Sivas ve Erzurum",NEGATIVE,Negative,0.7372251152992249
Türk,19 Ağustos 1920'de 'Türkiye'de tatbik oluna -cak barış antlaşmasını Türkiye'de yaşayan ve Türkiye'nin bütün arazi ve hukukuna sahip bulunan Türk Milletinden başka kimsenin imza edemeyeceğini ve Türk İstikbal-i Millîsi tanınıncaya kadar mücadele -ye devam olunacağını' karara bağladı,POSITIVE,Positive,0.8262408971786499
Türk,Dünya Savaşı'ndan çekilmesi üzerine Türk ordusu Kafkasya'nın bazı bölgelerini geri aldı,NEGATIVE,Negative,0.5481526255607605
Türk,Mondros Ateşkes Antlaşması'ndan sonra Türk orduları bölgeden çekilince İn -gilizler bölgeyi işgal ederek Ermenileri silahlandırdı,NEGATIVE,Negative,0.5608608722686768
Türk,"Ermenilerin Müslüman Türk unsurlara karşı giriş -tikleri katliamlar, BMM ile Ermenistan arasında savaşlara sebep oldu (Harita 2",NEGATIVE,Negative,0.9930552840232849
Türk,"Ermeni işgaline karşılık veren Kazım Karabekir Paşa komu -tasındaki Türk ordusu, 29 Eylül'de Sarıkamış'ı, 30 Ekim'de Kars'ı Ermenilerden kurtardı",NEGATIVE,Negative,0.769245445728302
Türk,Türk ordusunun Gümrü'ye yaklaşması üzerine Ermeniler barış istedi,NEGATIVE,Negative,0.8458889722824097
Türk,Türk milletinin istiklal anlayışı hakkında neler söyleyebilirsiniz,NEGATIVE,Negative,0.9053579568862915
Türk,"Sadece kimsesiz Türk-Müslüman çocukları değil, Er -meni çocukları da sahiplenen Paşa, 'yetimle -rin babası' olarak anılmaktadır",POSITIVE,Positive,0.9369120001792908
Türk,Böylece uluslararası kamuoyunda Türk Millî Mücadelesi lehine görüşler belirmeye başladı,NEGATIVE,Negative,0.5551390647888184
Türk,Bu sava -şın ardından Türk birliklerinin bir kısmı silah ve mühimmatlarıyla Batı Cephesi'ne sevk edildi,NEGATIVE,Negative,0.9532250165939331
Türk,Fransızların ve Fransız himayesindeki Ermenile -rin yağmalama ve saldırılarına karşı Türk halkı bölgede büyük bir mücadele verdi,NEGATIVE,Negative,0.5642990469932556
Türk,"Halk, Maraş'ta 1919 sonlarında Ermenilerin saldırganlıkları ve Fran -sızların kalede asılan Türk bayrağını indirmeleri üzerine işgale karşı amansız bir mücadeleye girişti",POSITIVE,Positive,0.5353903770446777
Türk,"Cemile Şahin ve Mustafa Şahin, Osmanlı Son Dönemi ile Millî Mücadele Yıllarında Türk Kadınının Sosyal, Siyasi ve Askerî Faaliyetleri, s",NEGATIVE,Negative,0.8674377799034119
Türk,"Kuvây-ı Milliye'den Düzenli Orduya Geçiş
Mondros Ateşkes Antlaşması'nın ardından Anadolu'daki işgaller ve bu işgallere İstanbul Hükûmetinin tutumu karşısında yurdu savunma görevi Türk halkına düştü",NEGATIVE,Negative,0.5258543491363525
Türk,) İnebolu'dan Kastamonu'ya cep -hane taşıyan kahraman Türk kadınını temsil etmektedir,POSITIVE,Positive,0.9433078169822693
Türk,) Lozan Barış Konferansı'na Dışişleri Bakanı ve Türk heye -ti başkanı olarak gönderildi,POSITIVE,Positive,0.7779372930526733
Türk,"İtilaf Devletleri, Sevr Antlaşması'nı küçük değişikliklerle Türk tarafına kabul ettirmek amacıyla 21 Şubat 1921'de Londra'da Yunanistan'ın da katıldığı bir konferans düzenlendi",NEGATIVE,Negative,0.7558767795562744
Türk,"TBMM, konferanstan olumlu bir sonuç alınamayacağını bilmesine rağmen Türk milletinin haklı davasını ve Misak-ı Millî'yi tüm dünyaya duyurmak, Türk milletinin gerçek temsilcisinin TBMM olduğunu kanıtlamak amacıy -la konferansa katıldı",NEGATIVE,Negative,0.5093674063682556
Türk,Konferansta söz hakkı Türk tarafına gelince toplantıya İstanbul Hükûmetini temsilen katılan Tevfik Paşa 'Söz hakkı milletin asıl temsilcilerine aittir,POSITIVE,Positive,0.5441506505012512
Türk,İtilaf Devletleri Sevr'i kü -çük değişikliklerle kabul ettirmeye çalışırken Türk heyeti Misak-ı Millî'ye dayanarak Sevr'i asla kabul etmeyeceğini bildirdi,NEGATIVE,Negative,0.8404744863510132
Türk,"Türk-Afgan Dostluk Antlaşması (1 Mart 1921)
Afganistan Devlet Başkanı Amanullah Han, Mustafa Kemal'e gönderdiği mektuplarda Millî Mücadele'yi destek -lediğini bildiriyordu",NEGATIVE,Negative,0.6492779850959778
Türk,İyi ilişkiler neticesinde Moskova'da bir araya gelen TBMM ve Afganistan heyetleri arasında 1 Mart 1921'de Türk-Afgan Dostluk Antlaşması imzalandı,POSITIVE,Positive,0.5107467174530029
Türk,"İstiklâl Marşı'nın Kabulü (12 Mart 1921) ve Mehmet Âkif Ersoy
Millî Mücadele'nin sancılı günlerinde, Anadolu'daki mücadele ruhunu yansıtacak ve Türk ordusuna şevk verecek bir millî marşa ihtiyaç du -yuldu",NEGATIVE,Negative,0.8261064887046814
Türk,Âkif'in şiiri birinci seçilerek 12 Mart 1921'de Büyük Millet Meclisince 'Türk milletinin İstiklâl Marşı' ilan edildi (Görsel 2,NEGATIVE,Negative,0.8326022028923035
Türk,"Bu sırada TBMM, Koçgiri Ayaklanması ve Pontus çeteleri ile mücadele ederken İsmet Paşa komutasındaki Türk ordusu ise Yunan ordusunu İnönü'de ikinci kez mağlup ederek geri çekilmeye zorladı",NEGATIVE,Negative,0.8969054818153381
Türk,İngilizler ise Malta'daki Türk esirlerden bir kısmını serbest bıraktı,POSITIVE,Positive,0.6434597373008728
Türk,Bu du -rum karşısında Türk ordusu Mustafa Kemal'in talimatı üzerine zaman kazanmak için 25 Temmuz 1921'de Sakarya Irmağı'nın doğusuna çekildi,NEGATIVE,Negative,0.9479148983955383
Türk,Türk ordusunun Kütahya-Eskişehir Muharebeleri sırasındaki geri çekilişi hangi sonuçları doğurmuş olabilir,NEGATIVE,Negative,0.9919251799583435
Türk,"Sakarya Meydan Muharebesi (23 Ağustos -13 Eylül 1921)
Kütahya-Eskişehir Muharebeleri ile Türk ordusunun geri çekilmesinden sonra Yunan orduları Sakarya Irma -ğı'nın batısına yerleşti",NEGATIVE,Negative,0.9696762561798096
Türk,"23 Ağustos'ta harekete geçen Yunanlar, Haymana'da bulunan ve stratejik öneme sahip Mangal Dağı'nı ele geçirerek Türk mevzilerine saldırdı",NEGATIVE,Negative,0.9024782776832581
Türk,"Yüz kilometrelik bir alanda cereyan eden savaşta, sa -vunma hattı yer yer parçalandı ve Türk kuvvetleri zor anlar yaşadı",NEGATIVE,Negative,0.9952993392944336
Türk,Türk ordusu 10 Eylül'de taarruza geçti,POSITIVE,Positive,0.6920900940895081
Türk,"350 subayın şehit edilmesi sebebiyle ""Subaylar Savaşı"" olarak adlandırılan bu savaş ile Türk ordusunun 1683'te Viyana önlerinde başlayan geri çekilişi son buldu",NEGATIVE,Negative,0.8486265540122986
Türk,"Efendiler, bütün cihanın bilmesi lâzımdır ki: Türk halkı, Türkiye Büyük Millet Meclisi ve onun Hükûmeti, uşak muamelesine tahammül edemez",POSITIVE,Positive,0.7521631121635437
Türk,")
Türk milleti ve ordusunun savaşa bakışı hakkında neler söylenebilir",POSITIVE,Positive,0.7335771918296814
Türk,Binbaşılığa kadar yükselen Selanikli Ayşe (Altıntaş) rütbeli olarak savaşa katılan ilk Türk kadınıdır,NEGATIVE,Negative,0.8974087238311768
Türk,Çete Emir Ayşe 'efe' ünvanı alan ilk Türk kadınıdır,NEGATIVE,Negative,0.8006359338760376
Türk,Süleyman Şah'ın mezarının bulunduğu Caber Kalesi Türk bay -rağı altında ve Türk mülkü olarak kalacaktı,NEGATIVE,Negative,0.8652614951133728
Türk,")
Kara Fatma savaş boyunca ve sonrasında esasen Meşrutiyet Dönemi ile ortaya konulmaya çalışılan örnek Türk kadını modelinin de önemli temsilcilerinden biri olmuştur",POSITIVE,Positive,0.9031195640563965
Türk,")
Esma Torun Çelik, Türk Kadın Kahramanlarından Kara Fatma, s",NEGATIVE,Negative,0.7886742353439331
Türk,Yunan ordusu savunma hattı oluştururken Türk ordu -su da kesin sonuçlu bir taarruz için hazırlık yapmaya başladı,NEGATIVE,Negative,0.8830147385597229
Türk,Uzunca bir hazırlık döneminden sonra 26 Ağustos sabahı Türk topçularının açtığı ateşle taarruz başladı,POSITIVE,Positive,0.6338775157928467
Türk,"' emrini alan Türk ordusu, geri çekilen Yunan ordusunu takip ederek İzmir'e doğru ilerleme -ye başladı",NEGATIVE,Negative,0.7571268081665039
Türk,"İzmir'e 9 Eylül 1922'de giren Türk ordusu, Türk halkı tarafından büyük bir coşkuyla karşılandı",POSITIVE,Positive,0.8711968660354614
Türk,"Mudanya Ateşkes Antlaşması (11 Ekim 1922)
Batı Anadolu kurtarıldıktan sonra Misak-ı Millî doğrultusunda İstanbul, Boğazlar ve Trakya'ya doğru ilerleyen Türk kuvvetleri karşısında sadece İngilizler kaldı",NEGATIVE,Negative,0.781668484210968
Türk,"Bunun üzerine Türk ordusunun yaptığı ileri harekât, görüşmelerin yeniden başlamasını ve antlaşmanın imzalanmasını sağladı",POSITIVE,Positive,0.6641053557395935
Türk,"21 Kasım 1922'de başlayan Lozan Görüşmeleri'nde Türki -ye'ye başta kapitülasyonlar ve Ermeni yurdu olmak üzere Türk milletinin adli, mali ve ekonomik bağımsızlığına aykırı maddeler içeren bir barış taslağı sunuldu",NEGATIVE,Negative,0.9838151335716248
Türk,Türk heyetinin bu tasarıyı kabul etmemesi üzerine görüşmeler 4 Şubat 1923'te kesintiye uğradı,NEGATIVE,Negative,0.9813443422317505
Türk,"Bo -ğazların askersiz bölge hâline getirilmesi, İstanbul ve Batı Trakya dışında kalan Türk ve Yunan nüfusun mübadele edilmesi kararlaştırıldı",NEGATIVE,Negative,0.9460562467575073
Türk,"K і
Ordusuyla bütünleşen Türk milleti, büyük fedakârlıklarla verdiği mücadele sonucunda istiklale ulaşmayı başarmış -tır",POSITIVE,Positive,0.9412571787834167
Türk,"Lozan Barış Antlaşması ile tam bağımsız yeni bir Türk
devleti kurulmuş, Türkiye'nin Hatay hariç bugünkü sınırları tanınmış, istiklal ve hâkimiyeti onaylanmıştır",POSITIVE,Positive,0.8586724996566772
Türk,"16), Lozan Antlaşması'nın 'Türk milleti aleyhine yüzyıllardan beri takip edilen ve Sevr Antlaşma -sı'yla tamamlandığı zannedilen yok etme faaliyetlerine set çeken bir belge niteliği taşıdığı ve Osmanlı tarihinde benzeri bulunmayan siyasi bir zafer eseri olduğu' düşüncesindedir",POSITIVE,Positive,0.9283770322799683
Türk,Türk ordusu üzerindeki taarruz baskısı artmıştır,NEGATIVE,Negative,0.8621910214424133
Türk,"Asıl harbi Batı'da yapacak olan Türk ordusu, artık arkası emin şekilde dövüşecek ve bu cephedeki birliklerden bir kısmı Batı Cephesi'ne nakledilecekti",NEGATIVE,Negative,0.5845641493797302
Türk,Türk haklarını tanıyan olumlu bir sonuç görülmüyordu,NEGATIVE,Negative,0.9859939813613892
Türk,"Dış borçlar
Devletin sınırları
Yeni Türk devletinin yönetim biçimi
Kapitülasyonlar
Ermeni Yurdu Meselesi
Etkileşimli sorulara ulaşmak için karekodu okutunuz",NEGATIVE,Negative,0.9147675633430481
Türk,"ATATÜRKÇÜLÜK VE TÜRK İNKILABI
ÜNİTE İÇERİĞİ
3",NEGATIVE,Negative,0.9725396633148193
Türk,"Türkiye Cumhuriyeti'nin Temelleri ve Atatürkçü Düşünce Sistemi
ANAHTAR KAVRAMLAR
Millî Egemenlik
Sosyal Devlet
Karma Ekonomi
Kabine Sistemi
Ünite karekodu
Ünite sunumuna ait karekod
Çağdaş Türkiye'nin temeli olan Atatürk ilkelerini, siyasi alanda meydana gelen gelişmeleri,
Hukuk alanında meydana gel",POSITIVE,Positive,0.7704695463180542
Türk,"ATATÜRKÇÜLÜK VE TÜRK iNKILABI ÜNITESi ZAMAN DiZiNi
3",NEGATIVE,Negative,0.9540770649909973
Türk,"Türk inkılabı, Türk milletini akıl ve bilimin rehberliğinde çağdaş medeniyetler seviyesinin üzerine çıkarma -yı amaç edinmiştir",POSITIVE,Positive,0.862038791179657
Türk,Mustafa Kemal Atatürk 'Türkiye Cumhuriyeti'ni kuran Türkiye halkına Türk milleti denir,POSITIVE,Positive,0.9504613280296326
Türk,"Millî değerleri güçlendiren en önemli ideal olarak milliyetçilik ilkesini benimser ve Türk milliyetçiliğini '(…) ilerleme ve gelişme yolunda ve milletlerarası temas ve münasebetlerde, bütün çağdaş milletlere pa -ralel ve onlarla dengeli bir şekilde Türk toplumunun özel karakterlerini ve başlı başına",POSITIVE,Positive,0.9731014966964722
Türk,"Mustafa Kemal Atatürk, Türk halkını 'ırken, dinen, kültür bakımından birbirine karşı saygılı ve özverili; geleceği ve çıkarları ortak bir toplumsal heyet' şeklinde nitelendirmiştir",POSITIVE,Positive,0.9342947006225586
Türk,"Laik dünya görüşünü Türk milletine kazandıran Atatürk, başta anayasa olmak üzere çeşitli yasalarla laikliğin hukuki yanını tamamlamış; 'Din, bir vicdan meselesi -dir",POSITIVE,Positive,0.9647389650344849
Türk,"İnkılapların temelini teşkil ederek Türk milletinin maddi, manevi ve fikrî tercihlerini çağdaşlık istikametine yöneltmiştir",POSITIVE,Positive,0.9591007828712463
Türk,"İnkılapçılık, Türk inkılabının çağın ihtiyaç ve gerçeklerine, akıl ve bilimin esaslarına göre sürekli geliştirilmesi, yenilenmesidir",POSITIVE,Positive,0.865959107875824
Türk,"Türk inkılabı; toplumun ümmet esasından millet esasına, kişinin egemenliğinden millet egemenliğine, dine bağlı devlet düzeninden laik devlet düzenine geçişini sağlamıştır",POSITIVE,Positive,0.7051754593849182
Türk,"Atatürk, Türk inkılabının temel amacını 'Türkiye Cumhuriyeti halkını tamamen modern ve bütün anlam ve biçimi ile uygar bir toplumsal heyet durumuna getirmektir",POSITIVE,Positive,0.6283063888549805
Türk,' ilkesini esas alan yeni bir Türk devleti kuruldu,POSITIVE,Positive,0.9007856845855713
Türk,"Millî iradeyi esas alan TBMM, Türk milletinin yegâne temsilcisi oldu",POSITIVE,Positive,0.9585021734237671
Türk,Binaenaleyh bu defa da konferansta Türk devletini yalnız bu devletin yegâne meşru hükûmeti olan TBMM Hükûmeti temsil edebilir,NEGATIVE,Negative,0.7614372372627258
Türk,"Bu dü -zenlemelerle millî değerler üzerine kurulan Türk devletinin yönetim sistemini oturtmak, ihtiyaçlarını karşılamak, dünyayla irtibatını güçlendirmek ve hukuk birliğini sağlamak amaçlanı -yordu",POSITIVE,Positive,0.8445469737052917
Türk,"Türk Medeni Kanunu (17 Şubat 1926)
Medeni Kanun, hukuk sisteminin esasını teşkil eder",POSITIVE,Positive,0.7682366967201233
Türk,"Yeni Türk devletini millî, çağdaş, laik ve demokratik esaslara dayandırma hedefi, medeni hukuk alanında da birtakım düzenlemeleri gerekli kıldı",NEGATIVE,Negative,0.5380743145942688
Türk,"Türk Medeni Kanunu, Türk milletinin karakterine en uygun medeni kanun olan İsviçre Me -deni Kanunu esas alınarak hazırlandı",NEGATIVE,Negative,0.7068940997123718
Türk,"17 Şubat 1926'da TBMM'de kabul edilen Türk Medeni Kanunu, 4 Ekim 1926'da yürürlüğe girdi",POSITIVE,Positive,0.5290591716766357
Türk,"Türk Medeni Kanunu ile
Tek eşle evlilik kuralı getirildi ve kadınlara boşanma hakkı tanındı",NEGATIVE,Negative,0.6025742292404175
Türk,Türk Medeni Kanunu ile din ve mezhep ayrımı kaldırılarak hu -kuk birliği sağlandı,POSITIVE,Positive,0.8647273778915405
Türk,"Türk Medeni Kanunu halkçılık, laiklik ve inkılapçılık ilkeleriyle de örtüşmektedir",NEGATIVE,Negative,0.6056008338928223
Türk,Buna rağmen hükûmete müracaat ederek Türk Medeni Kanunu hükümleri -nin kendileri için de uygulanmasını istediler,NEGATIVE,Negative,0.9620227813720703
Türk,"Türk Medeni Kanunu haricinde İtalyan Ceza Kanunu'ndan yararlanılarak Türk Ceza Kanunu (1926); Alman ve İsviçre Kanunlarından yararlanılarak Türk Ticaret Kanunu (1926), Hukuk Muhakemeleri Usulü Kanunu (1927), Ceza Muhakemeleri Usulü Kanunu (1929), İcra ve İflas Kanunları (1932) hazırlandı ve yürürlüğ",NEGATIVE,Negative,0.6089498996734619
Türk,")
Türk hukuk sisteminde düzenlemelere neden gerek duyulmuştur",NEGATIVE,Negative,0.9821929931640625
Türk,"Türk ulusu; dili, kültürü, tarihi ve saygın kimliğiyle aydınlık yarınlara el ele güçlü biçimde yürüyecektir",POSITIVE,Positive,0.9822935461997986
Türk,Türk milletinin savaşla imtihanının Millî Mücadele'yle devam etmesi eğitimdeki sorunları daha da derinleştir -di,NEGATIVE,Negative,0.9968662858009338
Türk,"Kongrede eğitim, kültür ve öğretmenlik mesleği konularında Türk milletinin geleceğini şekillendirecek millî politikalar ge -liştirildi ve Misak-ı Maarif için yol haritası çizildi",POSITIVE,Positive,0.7582136392593384
Türk,"Maarif Vekâletinin hazırladığı bir genelgeyle Türkçe, tarih, coğrafya, yurt bilgisi derslerinin Türk öğretmenler tarafından ve Türkçe verilmesi zorunlu tutuldu",NEGATIVE,Negative,0.7121738791465759
Türk,"Harf İnkılabı (1 Kasım 1928)
Tarih boyunca çok geniş bir coğrafyaya yayılarak farklı kül -türlerle etkileşim hâlinde yaşayan Türkler; Kök Türk, Uygur, Çin, Kiril ve Hint alfabelerini kullandı",NEGATIVE,Negative,0.9939562678337097
Türk,Harf İnkılabı ile ilgili çalışmalar Türk dünyasında da 1922'den sonra yaygınlaştı,NEGATIVE,Negative,0.8046223521232605
Türk,1926'da Bakü'de Türkiye'nin de katıldığı bir toplantıda Latin harfleri meselesi tartışıldı ve Sovyet idaresi içindeki Türk cumhuriyetleri Latin harflerini kabul etti,NEGATIVE,Negative,0.6075186133384705
Türk,Encümenin ha -zırladığı Elifba Raporu doğrultusunda Türkçenin ses yapısına uygun olan Latin harfleri esas alınarak yeni Türk alfabesi oluş -turuldu,NEGATIVE,Negative,0.7523695230484009
Türk,TBMM'de 1 Kasım 1928'de 'Türk Harflerinin Kabulü ve Tatbiki Hakkındaki Kanun' kabul edildi ve bir okuma yazma seferberliği başlatıldı (Görsel 3,NEGATIVE,Negative,0.5517708659172058
Türk,"Öğretmen okullarındaki son sınıf öğrencilerine Maarif Bakanı Mustafa Necati tarafından gönderilen mektup
(…) bilhassa bu sene yeni Türk harflerini yayma gibi şerefli bir vazifen daha vardır",NEGATIVE,Negative,0.9113730788230896
Türk,Bunun için yeni Türk harflerini çabuk öğren ve hemen herkese öğretmeye başla,POSITIVE,Positive,0.9811483025550842
Türk,"Türk Tarih Kurumu (15 Nisan 1931)
Tarih yazmak, tarih yapmak kadar mühimdir",POSITIVE,Positive,0.980211615562439
Türk,"Mustafa Kemal ATATÜRK
Mustafa Kemal, Türklerin dünya medeniyetine katkılarını araştırmak ve Avrupa devletlerinin Türkler hakkın -daki ders kitaplarında yer alan olumsuz iddialarına karşılık vermek gerektiğini düşünüyordu",POSITIVE,Positive,0.9258877635002136
Türk,'Türk Tarih Tezi' olarak adlandırılan ve millet eksenli tarih yazımını esas alan yeni bir anlayış geliştirdi,NEGATIVE,Negative,0.9792807698249817
Türk,Bu tez doğrultusunda ilk çalışma -lar Mustafa Kemal'in talimatıyla Türk Ocakları bünyesin -de kurulan Türk Tarihi Tetkik Heyeti tarafından yapıldı,NEGATIVE,Negative,0.9367004632949829
Türk,"Heyet, 'Türk Tarih Tezi'nin derli toplu sunulduğu ilk eser sayılan Türk Tarihinin Ana Hatları adlı bir çalışma yayımladı",NEGATIVE,Negative,0.7856276631355286
Türk,Türk Ocaklarının kapatılması üzerine heyetin çalışmaları son buldu,NEGATIVE,Negative,0.989844799041748
Türk,"Muctafa Komal Atatiirk I Tiirk Tarih
15 Nisan 1931'de Türk Tarihi Tetkik Cemiyeti kuruldu",NEGATIVE,Negative,0.9353583455085754
Türk,Bu cemiyetin öncelikli görevi millî ve uluslararası kong -relerde Türk Tarih Tezi'ni savunmaktı,POSITIVE,Positive,0.9024273157119751
Türk,Türk Tarih Kongresi'nde Türk ta -rihinin ana hatlarına dair önemli tespitlerde bulunuldu (Görsel 3,POSITIVE,Positive,0.6273566484451294
Türk,Türk Tarihi Tetkik Cemiyetinin adı Türk Tarih Kurumu olarak değiştirildi (1935),NEGATIVE,Negative,0.7350327968597412
Türk,"Türk Tarih Kuru -munun temel amaçları 'Türk tarihini, Türkiye tarihini ve bunlarla ilgili konuları, Türklerin medeniyete hizmetleri -ni ilmî yoldan incelemek, araştırmak, tanıtmak, yaymak; bunlara dayanarak Türk tarihini ve Türkiye tarihini yaz -mak",POSITIVE,Positive,0.7245656847953796
Türk,Türk Tarih Kurumu 1937'den itibaren Atatürk'ün adını bizzat koyduğu Belleten dergi -sini yayımlamaya başladı,POSITIVE,Positive,0.9274769425392151
Türk,"Türk Dil Kurumu (12 Temmuz 1932)
Ulusunu ve yüksek bağımsızlığını korumasını bilen Türk milleti, dilini de yabancı diller egemenliğinden kurtarmalıdır",POSITIVE,Positive,0.8373700976371765
Türk,Türk dilinin yabancı dil -lerin etkisiyle değişime uğraması zaman zaman aydınların tepkisine sebep oldu,NEGATIVE,Negative,0.994318425655365
Türk,Türk yurdunun düşman işga -linden kurtarılmasından sonra sıra kültürel mücadeleye geldi,NEGATIVE,Negative,0.6942809224128723
Türk,"Dil birliğinin, millî kültür ve siyasi bağımsızlığın ön koşulu olduğuna inanan Mustafa Kemal, Türk dilini öz benliğine kavuşturmak, onu yeryüzü dilleri arasında
AFET İNAN (1908-1985)
Atatürk'ün manevi kızı Afet İnan, öğretmen, tarihçi ve sosyoloji profesörüdür",POSITIVE,Positive,0.7161266207695007
Türk,Atatürk'ün isteğiyle Türk Tarih Tezi'ne temel teşkil edecek Türk Tarihinin Ana Hatları adlı kitabın yazarları arasında yer aldı,NEGATIVE,Negative,0.8221816420555115
Türk,değerine yaraşır yüksekliğe eriştirmek amacıyla 12 Tem -muz 1932'de Türk Dili Tetkik Cemiyetini kurdu (Görsel 3,POSITIVE,Positive,0.8820359110832214
Türk,Türk Dili Kurultayı toplandı (26 Eylül-5 Ekim 1932),POSITIVE,Positive,0.6573048233985901
Türk,Türk Dili Kurultayı'nda 'Türk dilinin dünyadaki esas dil olduğu ve dünya dillerindeki birçok kelimenin de Türkçeden türediği' tezine dayanan 'Gü -neş Dil Teorisi' tartışıldı ve önemli kararlar alındı,NEGATIVE,Negative,0.6293697953224182
Türk,Ayrıca Cemiyetin adı Türk Dil Kurumu olarak değiştirildi,POSITIVE,Positive,0.7666751146316528
Türk,kelimeler Türk diline Atatürk tarafından kazandırıldı,POSITIVE,Positive,0.9625065326690674
Türk,")
Yahya Akyüz, Türk Eğitim Tarihi, s",POSITIVE,Positive,0.6971089243888855
Türk,"Bu, yalnız kurumlarında değil, düşüncelerde de köklü bir inkılâp yapmış olan büyük Türk milletinin dina - mik ülküsüdür",POSITIVE,Positive,0.9669374823570251
Türk,"Mustafa Kemal ATATÜRK
Atatürk, Türk inkılabının tamamlayıcı unsurunun güzel sa -natlar olduğu fikrindeydi",POSITIVE,Positive,0.9072957634925842
Türk,"Aynı yıl Musiki Mu -allim Mektebi açıldı, kurumda hem Türk musikisi hem de Batı musikisi eğitimi verildi",POSITIVE,Positive,0.9135283827781677
Türk,1934'te Cumhurbaş -kanlığı Senfoni Orkestrası şefliğine getirilen Ahmet Adnan Saygun ilk Türk operasını besteledi,POSITIVE,Positive,0.9630676507949829
Türk,1943'te bir Türk tarafından bestelen -miş ilk oratoryo kabul edilen Yunus Emre Ora -toryosu 'nu tamamladı,POSITIVE,Positive,0.9576687812805176
Türk,"Öğretmenlik ve şefliğin yanı sıra Türk halk müziği üzerine de araştırmalar ya -pan Adnan Saygun, çok sayıda besteye imza attı",POSITIVE,Positive,0.9846271872520447
Türk,"Türk tarihi ve kültürüne hizmet etmiş şahsiyetlerin heykel ve anıtlarının yapılması ko -nusunda hassasiyet gösteren Atatürk; Fatih Sultan Mehmet, Kanuni Sultan Süleyman, İbn-i Sina, Mimar Sinan gibi Türk bü -yüklerinin heykellerinin yapılmasını teşvik etti",NEGATIVE,Negative,0.8845221400260925
Türk,"Türk kadınını spora teşvik etti, şehit çocukları için spor alanları ha -zırlattı",NEGATIVE,Negative,0.6565220355987549
Türk,"MUHSİN ERTUĞRUL (1892-1979)
Çağdaş Türk tiyatrosunun kurucusu ka -bul edilen Muhsin Ertuğrul, tiyatro ça -lışmalarına rüştiyede öğrenciyken baş -ladı",POSITIVE,Positive,0.9267948269844055
Türk,1953'te Türk sinemasında tamamı renkli ilk film olan Halıcı Kız 'ı çekti,POSITIVE,Positive,0.9850597381591797
Türk,Venedik Film Festivali'nde Türk sinemasına ilk uluslararası ödülü kazandırdı,POSITIVE,Positive,0.9939688444137573
Türk,"Çambel, olimpiyatlara katılan ilk Türk kadın sporcu olarak tarihe geçmiştir",POSITIVE,Positive,0.9748924374580383
Türk,"SANI 1934
Mecliste Büyük Bir Gün
Türk kadini haklarinin en büyügünü aldi
Bäyük Millet Meclisi, dün yaptgn tarihi toplantida kadmlann meb'us
Sinf farkini gösteren ünvanlar yikildi secme ve seçilmelerini alkislar arasinda ittifakla kabul etti
Batgar saldurige
Lâkap ve ünvanlarin kaldirlmasina dair kan",NEGATIVE,Negative,0.6335728168487549
Türk,"Türk Kadınına Sağlanan Haklar
Mustafa Kemal Atatürk'ün tesis ettiği toplum ve devlet düze -ninde Türk kadınının sosyal, kültürel, siyasi ve hukuki hakları önemli bir yer tutmuştur",POSITIVE,Positive,0.9690185189247131
Türk,"1926'da Medeni Kanun'un kabulü, Türk kadınının toplumsal ha -yatta erkeklerle eşit haklara ulaşmasını sağlayan en önemli ve etkili hukuki adım oldu",POSITIVE,Positive,0.9610595107078552
Türk,"Türk kadınına verilen haklarla inkılapların toplumdaki bütün ke -simlere hitap etmesi sağlanmış ve halk, yönetimde tam olarak yer bulmuştur",POSITIVE,Positive,0.9282199740409851
Türk,"Türk astronom, matematikçi ve aka -demisyen Prof",POSITIVE,Positive,0.7869890332221985
Türk,") 20 yıl kadar başkanlık görevini üstlenmiş olduğu, 1954'te kurulan Türk Astronomi Derneğinin de kurucularındandır",POSITIVE,Positive,0.9892863631248474
Türk,"1893 Yeni Zelanda
1906 Finlandiya
1918 İngiltere, Almanya, Avusturya
1920 ABD, Arnavutluk, Çekoslovakya
1930 Güney Afrika (beyaz kadınlar)
1933 Brezilya
1934 Türkiye
1944 Bulgaristan, Fransa
1945 İtalya, Macaristan, Japonya, Yugoslavya
1947 Arjantin, Pakistan
1952 Lübnan, Yunanistan
1966-1971 İsviçr",POSITIVE,Positive,0.8712519407272339
Türk,"Kongrede Alınan Kararlar
Aşar vergisi ve Reji İdaresinin kaldırılması
Demir yolları inşasının hükûmetçe bir programa bağlanması
Koruyucu gümrük tarifelerinin kabulü ve bu konudaki dış müdahalelerin reddedilmesi
Devlete ait ticaret ve sanayi bankalarının kurulması
Ham maddesi yurt içinden temin edile",NEGATIVE,Negative,0.7603207230567932
Türk,"Türk, dinine, milliyetine, toprağına, hayatına ve müessesatına düşman olmayan
milletlere daima dosttur; ecnebi sermayesine aleyhtar değildir",POSITIVE,Positive,0.9886278510093689
Türk,"Türk açık alın ile serbestçe çalışmayı sever, işlerde inhisar istemez",NEGATIVE,Negative,0.751229465007782
Türk,"Cumhuriyet'in İlk Yıllarındaki Ekonomik Gelişmeler
Türk milleti, bütün tarihinde savaş meydanlarında birçok zafer taçları giymiştir",POSITIVE,Positive,0.5733120441436768
Türk,1926'da Kabotaj Kanunu'nun yürürlüğe girmesiyle Türk kara sularında taşımacılık yapma hakkı sadece Türk müteşebbislere tanındı,POSITIVE,Positive,0.6089584231376648
Türk,Deniz Yolları İşletmesinin ve Türk Ticaret Filosunun gelişimine destek ver -mek amacıyla 1937'de Denizbank kuruldu,POSITIVE,Positive,0.7746232151985168
Türk,"Türk dış ticare -tinde kliring (kıliring) türü düzenlemelere, ithalat kısıtlamalarına gi -dildi",NEGATIVE,Negative,0.9898456335067749
Türk,"1929 sonrası Türk ekonomisinde yaşanan zorluklar, devlet öncülü -ğünde sanayileşme stratejisini ve tasarruf tedbirlerini biçimlendir -di",NEGATIVE,Negative,0.9133032560348511
Türk,") 1934'te Millî Ekonomi ve Yerli Mallar Haftası, 1936'da Ulusal Ekonomi ve Art -tırma Haftası, 1946'da Yerli Malı Haftası ve 1983 yılında da Tutum, Yatırım ve Türk Malları Haftası olarak değiştirilmiştir",NEGATIVE,Negative,0.600040078163147
Türk,"ONUNCU YIL SÖYLEVİ
Türk Milleti",POSITIVE,Positive,0.9089062213897705
Türk,Bu anda büyük Türk milletinin bir ferdi olarak bu kutlu güne kavuşmanın en derin sevinci ve heyecanı içindeyim,POSITIVE,Positive,0.6494242548942566
Türk,"Bu işlerin en büyüğü, temeli Türk kahramanlığı ve yüksek Türk kültürü olan Türkiye Cumhuriyeti'dir",POSITIVE,Positive,0.9727766513824463
Türk,Bundaki muvaffakiyeti Türk milletinin ve onun değerli ordusunun bir ve beraber olarak azimkârâne yü -rümesine borçluyuz,POSITIVE,Positive,0.7625518441200256
Türk,Çünkü Türk milletinin karakteri yüksektir,POSITIVE,Positive,0.9900392889976501
Türk,Türk milleti çalışkandır,NEGATIVE,Negative,0.7408472895622253
Türk,Çünkü Türk milleti millî birlik ve beraberlikle güçlük -leri yenmesini bilmiştir,POSITIVE,Positive,0.9909949898719788
Türk,"Ve çünkü Türk milletinin yürümekte olduğu terakki ve medeniyet yolunda, elinde ve kafasında tuttuğu meşale, müspet ilimdir",POSITIVE,Positive,0.9712335467338562
Türk,"Şunu da ehemmiyetle tebarüz ettirmeliyim ki, yüksek bir insan cemiyeti olan Türk milletinin tarihî bir vasfı da güzel sanatları sevmek ve onda yükselmektir",POSITIVE,Positive,0.9698183536529541
Türk,"Türk milletine çok yaraşan bu ülkü, onu, bütün beşeriyete hakiki huzurun temini yolunda, kendine düşen medeni vazifeyi yapmakta, muvaffak kılacaktır",POSITIVE,Positive,0.9686204791069031
Türk,"Bugün, aynı inan ve katiyetle söylüyorum ki, millî ülküye, tam bir bütünlükle yürümekte olan Türk milleti -nin büyük millet olduğunu bütün medeni âlem, az zamanda bir kere daha tanıyacaktır",POSITIVE,Positive,0.9520606398582458
Türk,Ne mutlu Türk'üm diyene,POSITIVE,Positive,0.7551729083061218
Türk,"Bu dönemde Mustafa Kemal Atatürk ve Türk milletinin yegâne temsilcisi olan TBMM; bir yandan millî devle -tin siyasal, ekonomik, sosyal, kültürel değişimini sağlayacak yeni kanunlar ve düzenlemeler yapmış diğer yandan bu değişim ve dönüşümün temel felsefesini esas alan ilkelerin oluşumunu sağlamıştır",POSITIVE,Positive,0.9577552080154419
Türk,"Millî devlet inşa edilirken Türk milletini meydana getiren uzun tarihsel geçmişten kaynaklanan temel de -ğerler esas alınmış; Türk dili ve kültürü, tarihî kaynaklara ve akademik çalışmalara dayanarak biçimlendi -rilirken Türk tarihine yeni bir bakış açısı getirilmiştir",POSITIVE,Positive,0.872539222240448
Türk,"Türk milleti, bu yeni millî değerler etrafında birleşmiştir",POSITIVE,Positive,0.9352125525474548
Türk,"Yeni siyasal sistem, geleceğin Türkiye'sini ve Türk milletini şekillendirirken sadece geçmişin değer yargılarıyla hareket etmemiş, milletin varlığını ve devamlılığını sağlayacak çağdaş değer yargılarını da millet tanımının içine almıştır",POSITIVE,Positive,0.9591880440711975
Türk,"TBMM'nin gerçekleştirdiği tek inkılap hareketi
Türk kara sularında yük ve yolcu taşıma hakkının sadece Türkle re ait olmasını sağlayan kanun
Yeni harfleri öğretmek ve okuryazar oranını artırmak için açılan kurum
Ordunun siyasetten ayrılmasını sağlayan inkılap
Cumhuriyet'in ilanıyla beraber uygulamay",POSITIVE,Positive,0.5724760293960571
Türk,Cumhuriyetçilik ilkesinin Türk inkılabına etkileri nelerdir,NEGATIVE,Negative,0.7747417688369751
Türk,Tevhid-i Tedrisat Kanunu'nun Türk millî eğitimi üzerindeki etkileri nelerdir,NEGATIVE,Negative,0.5564346313476562
Türk,"Cumhuriyetçilik
Erkân-ı Harbiye Vekâ
letinin kaldırılması
Hıfzısıhha Enstitüsü
Kabine sistemi
Kabotaj Kanunu
Medeni Kanun
Millet Mektepleri
1924 Anayasası
Tevhid-i Tedrisat
Saltanatın kaldırılması
ÖLÇME VE DEĞERLENDİRME
Millî Eğitimin Genel Amaçları
Türk milletinin bütün fertlerini,
Atatürk inkılap ",POSITIVE,Positive,0.8268681764602661
Türk,")
Türk Millî Eğitiminin Amaçları, Türk milletine hangi alanlarda bireysel ve toplumsal sorumluluklar yük - lemektedir",POSITIVE,Positive,0.7391495108604431
Türk,Türk Millî Eğitiminin Amaçları ile Atatürk ilkeleri arasında nasıl bir ilişki kurulabilir,NEGATIVE,Negative,0.5398248434066772
Türk,"Mustafa Kemal öncülüğünde başlayan tarih çalışmalarıyla ortaya atılan 'Türk Tarih Tezi 'nin, Türk benliğini oluşturacak bir araç ve gelecek kuşaklar gözünde onurlu bir amaç olması isteniyordu",NEGATIVE,Negative,0.7432729005813599
Türk,Teze göre 'Türk milletinin tarihi şimdiye kadar tanıtılmak istendiği gibi yalnız Osmanlı tarihinden ibaret değildir,NEGATIVE,Negative,0.9688699841499329
Türk,Türk'ün tarihi çok daha eskidir,POSITIVE,Positive,0.9796639680862427
Türk,Türk sarı ırktan değildir,NEGATIVE,Negative,0.6744500994682312
Türk,Türkler beyaz ırktan insan -lardır,NEGATIVE,Negative,0.8325762748718262
Türk,"Orta Asyalıların torunları olan bugünkü Türkler, dünya uygarlığını yaratan insanların soyundandır -lar ve bu uygarlığa önemli katkılarda bulunmuşlardır",POSITIVE,Positive,0.9755377173423767
Türk,Buna göre Türk Tarih Tezi ile ilgili aşağıdakilerden hangisine ulaşılamaz,NEGATIVE,Negative,0.9462857246398926
Türk,Türk tarihi çalışmalarında devamlılık esastır,POSITIVE,Positive,0.9682018160820007
Türk,Dünya medeniyetinin inşasında Türkler başat unsurlardandır,POSITIVE,Positive,0.9882105588912964
Türk,Türkler eski devlet geleneği olan bir toplumdur ve devlet hükümdarlıklarla aynîleşmiştir,POSITIVE,Positive,0.778571367263794
Türk,Öyleyse Türk devletinde halifelik neydi,NEGATIVE,Negative,0.6641333103179932
Türk,Türkler devlet teşkilatlanması konusunda tecrübelidir,NEGATIVE,Negative,0.8773069381713867
Türk,Yeni Türk devleti resmen kurulmuştur,POSITIVE,Positive,0.8568429946899414
Türk,"Tevhid-i Tedrisat Kanunu'nun kabulü
A) Devletçilik B) Halkçılık C) İnkılapçılık D) Laiklik E) Milliyetçilik
Türk Dil Kurumunun kurulması
Türk Tarih Kurumunun kurulması
Tevhid-i Tedrisat Kanunu'nun kabulü
Latin harflerinin kabulü
Medeni Kanun'un kabulü
Bu durum aşağıdakilerden hangisi ile açıklanabil",NEGATIVE,Negative,0.6236909031867981
Türk,"Atatürk Dönemi Türk Dış Politikası
4",POSITIVE,Positive,0.9364426136016846
Türk,"HAZIRLIK ÇALIŞMALARI
Görselden yararlanarak Atatürk Dönemi Türk dış politikası hakkında neler söylersiniz",NEGATIVE,Negative,0.7314300537109375
Türk,"Yeni Türk devletinin temellerini atan ve millî egemenliği gerçekleştirmeye çalışan Mec -lis, toplumun her kesiminden ve farklı düşüncelere sahip milletvekillerinden oluşmaktaydı",POSITIVE,Positive,0.7819852828979492
Türk,"Yeni Türk devletinin bu ilk siyasi partisi, ülkeyi 1950'ye kadar tek parti olarak yönetti",POSITIVE,Positive,0.973378598690033
Türk,"Terakkiperver Cumhuriyet Fırkası (17 Kasım 1924)
Yeni Türk devletinin kuruluş ilkeleri ve inkılaplar, milletvekille -ri arasında fikir ayrılıklarına ve tartışmalara sebep olmaktaydı",NEGATIVE,Negative,0.9935460686683655
Türk,' ifadesiyle Türk devletinin ve milletinin devamlılığı konusundaki kararlılığını bir kez daha ortaya koydu,POSITIVE,Positive,0.982433557510376
Türk,"Mustafa Kemal'in teşvikiyle 12 Ağustos 1930'da Türk siyasi haya -tının ikinci muhalefet partisi, Serbest Cumhuriyet Fırkası kuruldu (Görsel 4",NEGATIVE,Negative,0.7644389867782593
Türk,"Serbest Cumhuriyet Fırkasının tüzüğünde partinin cum -huriyetçilik, laiklik, milliyetçilik ilkelerine bağlı ve Türk kadınına siyasal hakların tanınmasından yana olduğu, ekonomide liberal yaklaşımları benimsediği ifade edildi",POSITIVE,Positive,0.6509129405021667
Türk,"BAŞLANGIÇ SORUSU
Millî Mücadele sonrası Türk dış politikası hangi değerler esas alınarak inşa edilmiş olabilir",NEGATIVE,Negative,0.5997487902641296
Türk,"Cumhuriyet'in ilk yıllarında Türk dış politikasının temel hedefi, yeni Türk devletini dünyaya tanıtmaktır",POSITIVE,Positive,0.9204524755477905
Türk,Dönemin Türk dış politikası iki bölümde incelenebilir,POSITIVE,Positive,0.9391615390777588
Türk,"1923-1930 yılları arasında Türk dış politikası, Lozan Konferansı'nda kesin olarak sonuçlandırılamayan ve konferansta karara bağlanmış olmasına rağmen tekrar gündeme gelen konular üzerine yoğunlaşmıştır",POSITIVE,Positive,0.6955325603485107
Türk,"koi/ Kuae lgow
- 5 Kurustur…
Nashase her yerde,
Türk-Yunan Muahedeleri Imzalandi
Ankara'da Cumhuriyet Bayrami
4",NEGATIVE,Negative,0.5496001839637756
Türk,Lozan Konferansı'nda Batı Trakya'daki Türkler ile İstanbul'daki Rumlar hariç Türkiye'deki Rumlarla Yu -nanistan'daki Türklerin değişimine karar verilmişti,POSITIVE,Positive,0.5623049736022949
Türk,Türk heyeti Lozan Görüş -meleri'nde Patrikliğin Türkiye dışına çıkarılmasında ıs -rar etmiş ancak heyetin isteği Batılı devletlerce kabul edilmemişti,NEGATIVE,Negative,0.9607475996017456
Türk,4)] iktidara gelmesiyle Türk-Yunan ilişkilerinde yeni bir dönem başladı,POSITIVE,Positive,0.9661669135093689
Türk,Türkiye'nin bizim toprakla -rımızda gözü olmadığını iyi için seçim süresi boyunca her fırsatta halk önünde Yunanistan'ın da Türk topraklarında hiçbir şekilde gözü olmadığını defalarca tekrarladım,POSITIVE,Positive,0.6708385348320007
Türk,"Türkiye-İngiltere İlişkileri ve Musul Sorunu
Cumhuriyet'in ilk yıllarında Türk-İngiliz ilişkilerini be -lirleyen temel etken Musul Sorunu oldu (Görsel 4",POSITIVE,Positive,0.5385107398033142
Türk,Lozan Antlaşması'nın imzalanmasından kısa süre sonra Musul'un İngilizler tarafından bombalanması Türk-İngi -liz ilişkilerinde gerginliğe sebep oldu,NEGATIVE,Negative,0.9813619256019592
Türk,"İngiltere adına görüş bildiren Lord Parmoor (Parmor), bölge halkının cahil olduğunu öne sürerek Türk tarafının plebisit teklifini reddetti",NEGATIVE,Negative,0.9962976574897766
Türk,"BİLGİ KUTUSU
Bölgede Hüküm Süren Türk Devletleri: Milattan önceki yıllarda Musul bölgesinin de üzerinde bulundu -ğu Mezopotamya'da çok önemli uygarlıklar kurulmuştur",POSITIVE,Positive,0.9469441771507263
Türk,"yüzyıl başlarında Musul bölgesinde Türk, Arap ve Kürt Müslümanların yanı sıra Süryânî, Keldânî, Musevi gibi gayrimüslimler de bulunmaktadır",NEGATIVE,Negative,0.6553645133972168
Türk,"Mehmet Gönlübol ve Cem Sar, Olaylarla Türk Dış Politikası, s",NEGATIVE,Negative,0.8908583521842957
Türk,")
Türk dış politikasının şekillenmesinde etkili unsurlar nelerdir",POSITIVE,Positive,0.9793072938919067
Türk,Ancak Lozan Konferansı'nın ardından taraflar arasında yaşanan sorunlar nedeniyle Türk-Fransız ilişkileri ger -ginleşti,NEGATIVE,Negative,0.9887921214103699
Türk,"Yabancı okullar sorunu Lozan Konferansı'nda gündeme gelmiş, Fransızların daha önce elde ettikleri ayrıcalıkları devam ettirme ve okul sayılarını artırma ısrarları Türk heyeti tarafından reddedilmişti",NEGATIVE,Negative,0.9929537177085876
Türk,"Maarif Vekâletinin hazırladığı bir genelgeyle okullarda Türkçe, tarih, coğrafya ve yurt bil -gisi derslerinin Türk öğretmenler tarafından Türkçe okutulması, dinî eğitim ve propaganda yapılmaması kararı alındı",NEGATIVE,Negative,0.7838538289070129
Türk,Fransa bu karara karşı çıktıysa da Türkiye'nin tutumu karşısında meseleyi Türk Hükûmetinin isteği yönünde kabul etmek zorunda kaldı,NEGATIVE,Negative,0.8847642540931702
Türk,Midilli açıklarında 2 Ağustos 1926'da Bozkurt adlı Türk gemisi ile Lotus adlı Fransız gemisinin (Görsel 4,NEGATIVE,Negative,0.8638083338737488
Türk,8) çarpışması Türk-Fransız ilişkilerini etkileyen olaylardan biri oldu,POSITIVE,Positive,0.9187003374099731
Türk,' sesleni -şine 'Kırk asırlık Türk yurdu ecnebi elinde kalamaz,POSITIVE,Positive,0.9702402353286743
Türk,"Atatürk, 1 Kasım 1936'da TBMM'nin açılışında yaptığı konuş -mada 'Bu sırada, milletimizi gece gündüz meşgul eden başlıca büyük bir mesele, hakiki sahibi öz Türk olan İskenderun, Antakya ve havalisinin mukaddera -tıdır",NEGATIVE,Negative,0.5045822858810425
Türk,"Hatay, bu tarihten itibaren Türk dış politi -kasının en önemli sorunu hâline geldi",NEGATIVE,Negative,0.5489581227302551
Türk,"Türkiye yeni kararların derhâl uygulanmasını istediği hâlde Suriye Hükûmeti, Sandler Raporu'nu tanımadığını ilan ederek Türkler aleyhinde gösteriler yapmaya ve bölgede yaşayan Arapları kışkırtmaya başladı",NEGATIVE,Negative,0.9949653744697571
Türk,") Ata -türk Tayfur Bey'e ""Sökmen"" soyadını verdi",NEGATIVE,Negative,0.6954943537712097
Türk,Türkiye bunu reddederek Boğazlar Komisyonu'nun kaldırılmasını ayrıca bölgenin Türk askerlerine bütünüyle açılmasını talep etti,NEGATIVE,Negative,0.9858411550521851
Türk,Boğazlar bölgesine Türk askerinin girmesini önleyen düzenlemeye son verildi,NEGATIVE,Negative,0.7234768867492676
Türk,"Atatürk, 5 Eylül 1938'de servetinin büyük bir kısmını Türk Tarih ve Türk Dil Kurumuna bağışladığı vasiyetini hazırlattı",POSITIVE,Positive,0.7377193570137024
Türk,10 Kasım 1953'te ise Türk milletinin onun için yaptırdığı ebedî istirahatgâhı Anıtkabir'e nak -ledildi,POSITIVE,Positive,0.9693796038627625
Türk,Lozan Barış Antlaşması sonrası Türk dış politikasındaki temel sorunlar nelerdir,POSITIVE,Positive,0.8544844388961792
Türk,Dünya Savaşı öncesi Türk dış politikasında hangi gelişmeler yaşanmıştır,POSITIVE,Positive,0.7975817918777466
Türk,Lozan Barış Antlaşması sonrası Türk dış politikasına dair verilen yargılardan hareketle aşağıdakilerden hangisine ulaşılamaz,NEGATIVE,Negative,0.9357174634933472
Türk,") Avrupalı yazarların, Türk sisteminin görünüşte Batılı olsa da Doğulu olduğunu söylemeleri onu kızdırıyordu",NEGATIVE,Negative,0.8613461256027222
Türk,12 Mayıs 1939'da İngiltere ile Türk-İngiliz Ortak Deklarasyonu yayımlandı,POSITIVE,Positive,0.9250801205635071
Türk,18 Haziran 1941'de Türk-Alman Saldırmazlık Paktı imzalandı,POSITIVE,Positive,0.6499975919723511
Türk,Böylece Türk-Alman ticari ilişkilerinde önemli bir adım atıldı,POSITIVE,Positive,0.8515098094940186
Türk,Bu durumdan Türk siyasi hayatı da etkilendi ve 7 Ocak 1946'da Demokrat Parti (DP) kuruldu,NEGATIVE,Negative,0.5255520939826965
Türk,"Dünya Savaşı sürecinde olağanüstü kazanç ve servet edinen savaş zenginlerinden bir defaya mah -sus olmak üzere vergi almak, fiyat artışlarının önüne geçmek ve Türk parasının değerini artırmak amaçlanıyor -du",NEGATIVE,Negative,0.7641047835350037
Türk,Dünya Savaşı yıllarında yaşanan sosyal ve ekonomik sorunların Türk edebiyatına yansımalarını araş -tırınız,NEGATIVE,Negative,0.8368999361991882
Türk,"Dünya Savaşı'ndan galip çıkmış olmanın da verdiği güçle harekete geçen Sovyet Rusya, 1925 yılında imzalanan ve her beş yılda bir yenilenen Türk-Rus Dostluk Antlaşması'nı yenilemeyi reddettiği gibi Türkiye'den toprak ve üs talebinde bulundu",NEGATIVE,Negative,0.9915751814842224
Türk,Ancak Sovyet Rusya'nın emellerinden vazgeçmemesi Türk-Rus ilişkilerinin kopma noktasına gelmesine sebep oldu,NEGATIVE,Negative,0.9959408044815063
Türk,Savaş yıllarındaki Türk-Rus ilişkileri hakkında neler söylenebilir,NEGATIVE,Negative,0.682960033416748
Türk,"Adana Görüşmesi sonucu yayımlanan bildiride 'Türk devlet adamları son buhranlı seneler esnasında güdülen Türk politikasının cereyan seyrini izah etmişler ve Başvekil Churchill, Majeste Kral Hükûmetinin bu politikayı sempati ve tam anlayışla takip ettiğini kendilerine temin eylemişlerdir",NEGATIVE,Negative,0.9281620383262634
Türk,Dünya Savaşı yıllarındaki Türk dış politikasına dair yukarıda verilen açıklama ile aşağıdakilerden hangisi arasında bir ilişki kurulabilir,NEGATIVE,Negative,0.9291591048240662
Türk,"Dünya Savaşı sonrası dönemde uluslararası ilişkilerde ve Türk dış politikasında meydana gelen gelişmeleri,
1950'ler Türkiye'sinde meydana gelen siyasi, sosyal ve ekonomik gelişmeleri öğreneceksiniz",POSITIVE,Positive,0.9604789614677429
Türk,"HAZIRLIK ÇALIŞMALARI
Görselden yararlanarak Türk dış politikası hakkında neler söylenebilir",NEGATIVE,Negative,0.5953803658485413
Türk,"Bu dönemde Türkiye'nin Marshall Planı ve Truman Doktrini kapsamındaki yardımlara dâhil edilmesiyle siyasi, ekonomik, sosyal pek çok alanda kendini gösteren değişimler Türk toplumunu derinden etkiledi",POSITIVE,Positive,0.9781104922294617
Türk,"ARAŞTIRALIM
1946-1950 SEÇİMLERİ
1950 Seçimleri
Seçime Katılan Partiler
Cumhuriyet Halk Partisi (CHP)
Demokrat Parti (DP)
İşçi Çiftçi Partisi (Sadece İstanbul'da)
Millet Partisi (MP)
Millî Kalkınma Partisi (3 ilde)
Toprak Emlak ve Serbest Teşebbüs Partisi
Türk Sosyal Demokrat Partisi
Seçim Sistemi ve",POSITIVE,Positive,0.9270530343055725
Türk,"Türk lirası, dolar karşısında iki kattan fazla değer kaybına uğradı",NEGATIVE,Negative,0.9953122138977051
Türk,Türk lirasında yaşanan bu değer kaybı ihracatta artış sağladı,NEGATIVE,Negative,0.8697671890258789
Türk,"Bu durum, Soğuk Savaş yıllarında Türk-Amerikan ilişkilerinde yakınlaşma sağladı ve iki ülke arasındaki iş birliğini güçlendirdi",POSITIVE,Positive,0.9032012224197388
Türk,Bu ne -denle ABD'nin yapacağı yardım Türk siyasetçileri tarafından olumlu karşılandı,NEGATIVE,Negative,0.9417538046836853
Türk,Birleşmiş Milletler Barış Gücü Komutanlığına bağlı Türk askerinin Kore Savaşı'nda gösterdiği başarı dünyanın takdirini kazandı,POSITIVE,Positive,0.9254348874092102
Türk,Ayrıca Türk Ceza Kanunu'na eklenmek istenen İspat Hakkı tasarısı tartışmaları DP içerisinde muhalif seslerin ortaya çıkmasına sebep oldu,NEGATIVE,Negative,0.9973067045211792
Türk,"Ekonomideki tablonun kötüleşmesi sonucu 1958'de ekonomik istikrarı sağlamak amacıyla devalüasyona gidildi, Türk lirası -nın değeri %320'ye yakın oranda düşürüldü",NEGATIVE,Negative,0.988043487071991
Türk,Radyoların program akışında Türk müziği yayınlarına ağırlık verildi,POSITIVE,Positive,0.8236985802650452
Türk,"Klasik Türk müziğine Sadettin Kaynak, özellikle besteleriyle önemli katkılarda bulunurken aynı sahada bestekâr ve icracı Münir Nurettin Selçuk'un da yıldızı parladı",POSITIVE,Positive,0.9706665277481079
Türk,"Sanat hayatına radyoda başlayan Zeki Müren, Türk sanat müziğini geniş kitlelere sevdiren sanatçı oldu",POSITIVE,Positive,0.7692118883132935
Türk,"Hızla değişen Türkiye'ye paralel biçimde Türk edebiyatına da yenilik ve çeşitlilik hâkim oldu, farklı türlerde çok başarılı eserler kazandırıldı",POSITIVE,Positive,0.9692986607551575
Türk,"Türk sineması, tiyatrodan ayrı bir sanat olarak gelişme imkânı bulurken çekilen filmlerde Anadolu yaşamı başarıyla canlandırıldı",POSITIVE,Positive,0.9655190110206604
Türk,Ömer Lütfi Akad'ın polisiye filmi Kanun Namına ve Muhsin Ertuğrul'un yönettiği Türk sinemasının ilk renkli filmi Halıcı Kız ile sine -ma sanatında önemli adımlar atıldı,POSITIVE,Positive,0.9238514304161072
Türk,"1960 Sonrasında Türk Dış Politikası
7",POSITIVE,Positive,0.9146367311477661
Türk,"Türkiye'deki Siyasi, Ekonomik, Sosyo-Kültürel Hayat
ANAHTAR KAVRAMLAR
Bağlantısızlar Hareketi
Yumuşama (Detant) Dönemi
Çoğunluk Planı
Askerî Darbe
Stand-by Antlaşması
Ünite karekodu
Ünite sunumuna ait karekod
1960 sonrasında dünya siyasetinde ortaya çıkan gelişmeleri,
1960'lardan itibaren Türk dış p",POSITIVE,Positive,0.885145902633667
Türk,"Türkiye, 1960 sonrasında da Türk dış politikasını 'Yurtta sulh, cihanda sulh",NEGATIVE,Negative,0.6583183407783508
Türk,"Ancak Lozan Antlaşması ile olumlu seyretmeye başlayan Türk-Yunan ilişkileri, 1954'e gelindiğinde Kıbrıs; sonraki yıllarda ise Batı Trakya, Ege Adaları ve Kıta Sahanlığı sorunlarının ortaya çıkmasıyla yerini gerginliğe bıraktı",NEGATIVE,Negative,0.9880750775337219
Türk,EOKA 'nın silahlı saldırılarına ve terör girişimle -rine Türkler de Volkan Teşkilatı ve Türk Mukavemet Teşkilatını (TMT) kurarak karşılık verdi,NEGATIVE,Negative,0.7560456991195679
Türk,19 Şubat 1959'da bu üç devletin temsilcilerinin yanı sıra Kıb -rıs Türk toplumu adına Dr,NEGATIVE,Negative,0.5546277761459351
Türk,"Yürürlüğe giren Kıbrıs Anayasa -sı'na göre
Cumhurbaşkanı Rum, yardımcısı Türk
Temsilciler Meclisinin %70'i Rum, %30'u Türk
Bakanlar Kurulunun 7 üyesi Rum, 3 üyesi Türk
Resmî dil Rumca ve Türkçe olacaktır",POSITIVE,Positive,0.5036885142326355
Türk,"Yaşanan bu sü -reci yakından takip eden Türk gençliği, Kıbrıs için savaşmaya hazır olduğunu ilan etti",NEGATIVE,Negative,0.9641554951667786
Türk,"Türk halkı, kadınıyla erkeğiyle Kıbrıs için birçok yardım kampanyası düzenledi",NEGATIVE,Negative,0.5585675835609436
Türk,"Kıbrıs Türklerinin can ve mal gü -venliğini sağlamak, ENOSİS'e karşı çıkmak, Türklere karşı saldırıları püskürtmek ve ana vatana bağlılığı sürdürmek Türk Mukavemet Teşkilatının amaçları arasındaydı",POSITIVE,Positive,0.684032142162323
Türk,"Teşkilat, 20 Temmuz 1974'e kadar Kıbrıs Türklerinin be -kası için mücadele verdikten sonra 1976'da Kıbrıs Türk Güvenlik Kuvvetleri Komutanlığına dönüştürüldü",NEGATIVE,Negative,0.6829321980476379
Türk,"FAZIL KÜÇÜK (1906-1984)
1944'te bir grup arkadaşıyla Kıbrıs Millî Türk Halk Partisinin (KMTHP) kurulmasına öncülük etti",NEGATIVE,Negative,0.8567405343055725
Türk,"1955'te EOKA'nın Kıbrıs'ta kanlı terör ey -lemlerini başlatmasının ardından Kıbrıs Türk halkının EOKA'ya karşı direnmesine yardımcı olmak amacıyla Kıbrıs Türk Mukavemet Birliği (KTMB) adlı örgütü, 1955'te ise EOKA'nın si -lahlı saldırılarına karşı VOLKAN Teşkilatını kur -du",POSITIVE,Positive,0.5116250514984131
Türk,1967'de kurulan Geçici Kıbrıs Türk Yönetiminde başkanlığa getirildi,POSITIVE,Positive,0.5450373888015747
Türk,"BİLGİ KUTUSU
ABD Başkanı Johnson'ın Mektubu
Sayın Bay Başbakan,
'Kıbrıs'a yapılacak olan Türk müdahalesi Türk-Yunan kuvvetleri arasında askerî bir çatışmaya sebep ola -bilir",NEGATIVE,Negative,0.7959110736846924
Türk,")
Akritas Planı dâhilinde Kıbrıs'taki Türk varlığını yok ederek Ada'yı Yunanistan'a bağlamayı amaçlayan Rumlar, Türklere yönelik saldırıları artırdı",NEGATIVE,Negative,0.8711338043212891
Türk,"Kanlı Noel olarak bilinen 21 Aralık 1963'teki saldırılarda 24, olayların devamın -da 300'ün üzerinde Türk şehit edildi",NEGATIVE,Negative,0.7396957278251648
Türk,Kıbrıs'taki Türk Alayı'nda doktor olarak görev yapan Binbaşı Nihat İlhan'ın eşi ile 3 çocuğu da bu saldırılarda vahşice katledildi,NEGATIVE,Negative,0.9905073642730713
Türk,Olayları sakinleştirmek amacıyla İngiltere tarafından 1963'te Lefkoşa'nın Rum ve Türk tarafını birbirinden ayıran Yeşil Hat adlı bir sınır çizildi (Harita 7,NEGATIVE,Negative,0.7975001931190491
Türk,Rumların saldırıları Türk Hava Kuvvetlerinin gerçekleştirdiği uyarı uçuşları ile sona erdirildi,NEGATIVE,Negative,0.8966063857078552
Türk,"Kıbrıs'taki Türk Alayı, Türkleri korumak için Lefkoşa'nın Türk mahallelerine yerleşti",NEGATIVE,Negative,0.8608711957931519
Türk,"Yaşananlar üzerine 28 Aralık 1967'de başkanlığını Fazıl Küçük, yardımcı -lığını Rauf Denktaş'ın üstlendiği Kıbrıs Geçici Türk Yönetimi kuruldu",NEGATIVE,Negative,0.9155572056770325
Türk,1971'de yönetimin ismi Kıbrıs Türk Yönetimi şeklin -de değiştirildi,NEGATIVE,Negative,0.7215686440467834
Türk,"Türk askeri, 20 Temmuz sabahı erken saatlerde Hava Kuvvetlerinin himayesinde Girne kıyılarına çıkarken aynı zamanda Lefkoşa yakınlarındaki Gönyeli'ye de havadan indirme yapıldı",NEGATIVE,Negative,0.6625216007232666
Türk,"13 Şubat 1975'te Ada'daki Türk toplumu Kıbrıs Türk Federe Devleti'ni kurdu, devlet başkanlığına Rauf Denktaş seçildi",POSITIVE,Positive,0.6235721707344055
Türk,"Türk tarafı da 15 Kasım 1983'te Rauf Denktaş başkanlığında, Türkiye'nin deste -ği ile Kuzey Kıbrıs Türk Cumhuriyeti'ni kurdu",POSITIVE,Positive,0.540752649307251
Türk,Arkadaşlarıy -la Türk Mukavemet Teşkilatını kurdu,NEGATIVE,Negative,0.5657351016998291
Türk,1974 Kıbrıs Barış Harekâtı'ndan sonra kurulan Kıbrıs Türk Federe Devleti'nde başkanlık görevini üstlendi,POSITIVE,Positive,0.6741344332695007
Türk,Kuzey Kıbrıs Türk Cumhuriyeti'nin ilanından sonra Kasım 1983'te cumhurbaşkanı seçildi,POSITIVE,Positive,0.5242674350738525
Türk,1963 İngiltere tarafından Rum ve Türk tarafını birbirinden ayıran Yeşil Hat adlı bir sınır çizildi,NEGATIVE,Negative,0.8686510324478149
Türk,"1975 - Ada'daki Türk toplumu Kıbrıs Türk Federe Devleti'ni kurdu, devlet başkanlığına Rauf Denktaş seçildi",POSITIVE,Positive,0.7377474308013916
Türk,"1983 - Rauf Denktaş başkanlığında, Türkiye'nin desteği ile Kuzey Kıbrıs Türk Cumhuriyeti kuruldu",POSITIVE,Positive,0.5827531218528748
Türk,"'
Hüner Tuncer, Türk Dış Politikası, s",POSITIVE,Positive,0.8218570947647095
Türk,"K A N I T
Adnan Menderes, Büyük Millet Meclisinin 28 Aralık 1956 tarihli toplantısında verdiği cevapta: '… Türk hükûmeti, taksim meselesini şayanı iltifat bir teklif olarak telakki etmektedir",NEGATIVE,Negative,0.939228892326355
Türk,"(…) adanın taksimi ora -daki soydaşlarımızın Türk bayrağı altında yaşamalarını temin edecek ve Kıbrıs Türkiye için herhangi bir tehdit sahası olmaktan tamamıyla çıkacaktır…'
Mehmet Gönlübol, Olaylarla Türk Dış Politikası, s",NEGATIVE,Negative,0.5163906812667847
Türk,"K A N I T
Kıbrıs Rumları Yunanistan'dan aldıkları yardımlar ile Kıbrıs'ta ilk önce İngiliz yönetimine ve sonradan Türk cemaati mensuplarına karşı tedhiş hareketine girişmişlerdir",NEGATIVE,Negative,0.9847089052200317
Türk,Türklere karşı girişilen tedhiş ise ilk önce Türklerin güvenlik kuvveti içinde ada düzenini korumak için görev alma -larını önlemek ve daha sonra da Türk cemaatini yıldırarak adadan ayrılmalarını sağlamak amacıyla yapılmıştır,NEGATIVE,Negative,0.9943010807037354
Türk,"Mehmet Gönlübol,
Olaylarla Türk Dış Politikası, s",NEGATIVE,Negative,0.5196022391319275
Türk,00'te Türk Silâhlı Kuvvetleri genel alarm verdi,POSITIVE,Positive,0.5606158971786499
Türk,"Buna karşılık Türkiye, petrol arama ruhsatı verdiği bölgelerin Anadolu'nun doğal uzantısı ve Türk kara sularında olduğunu bildirdi",NEGATIVE,Negative,0.977607786655426
Türk,Yunanistan donanmasının Türk araştırma gemilerini rahatsız etmesi üzerine bölgeye bu kez de Türk donanması gönderildi,NEGATIVE,Negative,0.9731350541114807
Türk,"Müttefiklerle İtalya arasında 1947'de imzalanan Paris Antlaşması'na göre On İki Ada ve Meis Yunanistan'a verilmiş; Türk kıyılarına yakın Ege Adaları, Lozan ve 1947 Paris Antlaşmalarıyla silahsızlandırılmıştı",NEGATIVE,Negative,0.5594101548194885
Türk,Konuşma -larında 'azınlık' yerine 'Türk' kelimesini kul -lanması nedeniyle 1990'da iki ay hapis yattı,NEGATIVE,Negative,0.8523204922676086
Türk,"Türkiye ve Yunanistan arasındaki ant -laşmalar gereği Batı Trakya'daki Türk nüfus ile İstanbul, Gökçeada ve Bozcaada'daki Rum Ortodoks nüfus müba -delenin dışında bırakılmıştı",NEGATIVE,Negative,0.5237114429473877
Türk,Ancak Yu -nanistan'da yaşayan Türkler azınlık statüsü bağlamında özellikle 1960'lardan sonra ciddi zorluklar yaşadı,NEGATIVE,Negative,0.9758853316307068
Türk,"Sadık Ahmet, Selanik Cezaevi'ne gönderilirken şöyle der: 'Ben bir Türk olduğum için hapse götürülü -yorum",NEGATIVE,Negative,0.5875566005706787
Türk,Eğer Türk olmak suç ise burada bir kez daha tekrar ediyorum: Ben bir Türk'üm ve öyle kalacağım,POSITIVE,Positive,0.9554559588432312
Türk,1967'den itibaren Türkler vakıf yönetimlerinden de uzaklaştırıldı,NEGATIVE,Negative,0.9228283166885376
Türk,1970'lerden sonra isminde 'Türk' kelimesi taşıyan azınlık sivil toplum kuruluşları yasa dışı ilan edildi,NEGATIVE,Negative,0.8641353845596313
Türk,Türklerin Lozan'a dayanan eğitim hakları çerçe -vesinde Türkçe eğitim almalarını sağlayacak çift dille eğitim veren anaokulları ve Türk okullarının açılmasına ilişkin talepleri Yunan makamlarınca cevapsız bırakıldı,NEGATIVE,Negative,0.987484872341156
Türk,"Sadık Ahmet, Türk azınlığın ilk temsilcisi sıfatıyla Yunanistan Parla -mentosuna bağımsız milletvekili olarak girdi",NEGATIVE,Negative,0.9150425791740417
Türk,Bu bağlamda ASALA terör örgütünün 1973-1984 arasında yurt dışındaki Türk temsilciliklerine yönelik saldırılarıyla birçok Türk diplomat ve temsilci şehit edildi,NEGATIVE,Negative,0.6807669401168823
Türk,"PARIS ELÇiMiZ ÖLDÜRÜLDÜ
Ermeni katiller yine sahnede
• Otomobilin Seine nehri üzerindeki bir köprüde
41 'inci sehidimizi yavaslamasindan yararlanan katiller otomatik
Birlesmis Milletler'de görevli Türk diplomati Evner
Ergun, bir Ermeni teröristin silahli saldirisi sonucu
otomobili içinde sehit oldu
",NEGATIVE,Negative,0.9773086905479431
Türk,Türk siyasetinde daha çok askerî kesimin hükû -meti uyarmak için yolladığı yazı,NEGATIVE,Negative,0.980983316898346
Türk,Darbelerin Türk siyaseti üzerindeki etkileri nelerdir,NEGATIVE,Negative,0.9224333763122559
Türk,"K A N I T
12 Eylül Darbesi ise, hem öncekine göre daha sınırlı özgürlükler içeren 82 Anayasası'nın ilanından önce hem de sonrasında, sinema örgütlerinin ve sinema kulüplerinin kapatılması, film, seyirci, sinema salonu ve yapımevi sayılarının düşmesine sebep olması, sinema filmlerine, yönetmenlere ve",NEGATIVE,Negative,0.970173716545105
Türk,"Yalçın Lüleli, 27 Mayıs ve 12 Eylül Askerî Darbelerinin Türk Sinema Sektörüne Etkileri,
(Metin, aslına sadık kalınarak alınmıştır",NEGATIVE,Negative,0.9956637024879456
Türk,"1961-1982 Anayasaları
Yeni Türk devletinin ilk anayasası Türkiye Cumhuriyeti'nin kurucu anayasası kabul edilen 1921 Anayasası'ydı (Teşkilât-ı Esasiye)",NEGATIVE,Negative,0.5792427062988281
Türk,Türk halk müziği ile rock müziğin sentezi Anadolu pop-rock adlı yeni bir tarz doğdu ve Cem Karaca (Görsel 7,POSITIVE,Positive,0.5367466807365417
Türk,"ARAŞTIRALIM
1960 sonrası Batı Avrupa'daki göçmen Türk ailelerinin uyum ve bütünleşme sürecini",NEGATIVE,Negative,0.5999438166618347
Türk,"24 Ocak Kararları
Akritas Planı
C Bandung Konferansı
Çoğunluk Planı
Rauf Denktaş
Bağlantısızlar Hareketi'nin resmîleşmesini sağlayan gelişme
ABD ve SSCB'yi nükleer savaşın eşiğine getiren olay
Filistin'in Yahudiler ile Araplar arasında paylaştırılmasını öngören
İsrail'in siyasi varlığını tanıyan ilk",POSITIVE,Positive,0.9179879426956177
Türk,Türk-Yunan ilişkilerinin gerginleşmesine sebep olan etmenler nelerdir,NEGATIVE,Negative,0.9816194772720337
Türk,Ermeni diasporasının Türk-Ermeni ilişkileri üzerindeki etkileri nelerdir,NEGATIVE,Negative,0.7613558173179626
Türk,Darbelerin Türk siyasi yaşamı üzerindeki etkileri nelerdir,NEGATIVE,Negative,0.8788496255874634
Türk,Yurt dışına yapılan göçler Türk ekonomisine katkıda bulunmuştur,NEGATIVE,Negative,0.6508647799491882
Türk,1990'larda takip edilen eko -nomi politikalarıyla sağlanan sıcak para girişi Türk ekonomisinin büyüme hızını artırdı,NEGATIVE,Negative,0.8923304080963135
Türk,"Türk demokrasisini hedef alan bu girişim, Cumhurbaşkanı Recep Tayyip Erdoğan'ın çağrısıy -la meydanlara inen Türk milletinin gösterdiği cesaretle engellendi",NEGATIVE,Negative,0.9943668246269226
Türk,O tarihten itibaren Türk demokrasisinin kazandığı zafer '15 Temmuz Demokrasi ve Millî Birlik Günü' olarak anılmaktadır,POSITIVE,Positive,0.8469367027282715
Türk,"Türk bilim insanlarından Oktay Sinanoğlu kimya, Gazi Yaşargil tıp, Fuat Sezgin İslam bilim tarihi alanındaki çalışmalarıyla bilime çok önemli katkılarda bulundular",NEGATIVE,Negative,0.6759364008903503
Türk,"2015'te Aziz Sancar, moleküler bi -yoloji alanındaki çalışmalarıyla Nobel Kimya Ödülü'nü alan ilk Türk bilim insanı oldu (Görsel 8",POSITIVE,Positive,0.7635999917984009
Türk,"), TÜBİTAK (Türkiye Bilimsel ve Teknolojik Araştırma Kurumu), TUSAŞ (Türk Uçak Sanayii Anonim Ortaklığı) gibi kurumlar tarafından savun -ma sanayisinde çeşitli projeler hayata geçirildi",POSITIVE,Positive,0.8930602669715881
Türk,Deniz savunmasında çok amaçlı amfibi hücum gemisi TCG Anadolu'nun üretilmesi ve Türk Silahlı Kuvvetlerinin envanterine sunulmasına yönelik ça -lışmalar devam etmektedir,NEGATIVE,Negative,0.7881476283073425
Türk,2020 Mart ayında Türk bilim dünyası harekete geçti,NEGATIVE,Negative,0.5728148818016052
Türk,"1996'da Yavuz Turgul'un yönettiği ve başrolünü Şener Şen'in oynadığı Eşkıya adlı film Türk sinemasında bir dönüm noktası oldu, yerli sinema canlanma sürecine girdi",POSITIVE,Positive,0.9144054055213928
Türk,"Uluslararası film festivallerinden Cannes'da (Kan) Türk yönetmen Nuri Bilge Ceylan adını başarıyla duyurdu; 2008'de Üç Maymun 'la En İyi Yönetmen Ödülü, 2011'de Bir Zamanlar Anadolu ile Büyük Jüri Ödülü, 2014'te Kış Uykusu ile Altın Palmiye Ödülü aldı",POSITIVE,Positive,0.9252254366874695
Türk,"1986'da Mel -bourne'deki (Melbörn) Dünya Halter Şam -piyonası'nda Türkiye'de yaşama, Türk Millî Takımı adına müsabakalara katılma talebiyle Türk büyükelçiliğine sığındı ve Türkiye'ye ilti -ca etti",NEGATIVE,Negative,0.9367299675941467
Türk,"Türk Millî Futbol Takı -mı, 2002 FIFA Dünya Şampiyonası'nda üçüncü oldu",POSITIVE,Positive,0.8393682837486267
Türk,"2019 Dünya Şampiyonası'nda altın madalya kazanan İbrahim Çolak, jimnastik branşı büyükler kategorisinde dünya şampiyonluğuna ulaşan ilk Türk sporcu olarak tarihe geçti",POSITIVE,Positive,0.9504725337028503
Türk,'The Colak' olarak adlandırılan bu hareketi ile Türk sporunun gurur kaynağı oldu,POSITIVE,Positive,0.9804274439811707
Türk,")
İbrahim Çolak
Rusya Federasyonu
SSCB'den ayrilan Türk devletleri
SSCB'den ayrilan diger devletler
BAŞLANGIÇ SORUSU
İki kutuplu dünya düzeninin sona ermesini dünya barışı açısından nasıl değerlendirirsiniz",NEGATIVE,Negative,0.5243667364120483
Türk,"SSCB'nin Dağılması ve Türk Cumhuriyetlerinin Bağımsızlıklarını Kazanmaları
Kirgizistan
1980'li yıllardan itibaren Sovyet halkları; küreselleşme, iletişim ve ulaşım imkânlarının gelişmesi sonucunda diğer ülkelerdeki yaşam kalitesi, özgürlükler ve demokratik uygulamalardan haberdar oldu",NEGATIVE,Negative,0.5842245817184448
Türk,"1· SSCB'nin dagi masivla hagimsizligini kazanan ülkeler
Türk Cumhuriyetleri ve Türkiye
SSCB'nin dağılması sürecinde Azerbaycan, Kazakistan, Türkmenistan, Kırgızistan ve Özbekistan bağımsızlıkla -rını ilan etti",NEGATIVE,Negative,0.6269496083259583
Türk,"Türkiye, Türk cumhuriyetlerini tanıyan ilk devletlerden biri olurken bu devletlerin uluslararası zeminde de tanınmasına yönelik çalışmalar yaptı",POSITIVE,Positive,0.9536200165748596
Türk,"Siyasi ve ekonomik istikrara sahip olmaları, demokratik de -ğerleri benimsemeleri ve uluslararası topluma uyum sağlamaları için Türk cumhuriyetlerini destekledi",POSITIVE,Positive,0.8908752799034119
Türk,"Türk İşbirliği ve Koordinasyon Ajansı Başkanlığı (TİKA, 1992)
TİKA, Türkiye'nin Türk cumhuriyetleri başta olmak üzere tarihî ve kültürel bağlarla sıkı sıkıya bağlı olduğu tabii coğrafyası ile ilişkilerini geliştirmek üzere kuruldu",POSITIVE,Positive,0.8035313487052917
Türk,"Türk cumhuriyetlerinin kimliklerini sağlıklı bir şekilde inşa etmesi, kültürel ve siyasi haklarını geliştirmesi, tek -nik altyapı konusunda eksiklerini gidermesi için çalışmalar yaptı",POSITIVE,Positive,0.6887351870536804
Türk,Öncelikle Türk dünyası ile ortak değerleri geliştirmek amacıyla eğitim ve kültür faaliyetleri gerçekleştirdi,POSITIVE,Positive,0.6125152111053467
Türk,"Yurtdışı Türkler ve Akraba Topluluklar Başkanlığı (2010)
Yurt dışındaki Türk vatandaşları, soydaş ve akraba topluluklar ile Türkiye'de öğ -renim gören uluslararası burslu öğrencilere yönelik çalışmaları koordine etmek, bu alanlarda verilen hizmetleri ve yapılan faaliyetleri geliştirmek için kuruldu ",POSITIVE,Positive,0.6898214221000671
Türk,"Başkanlığın çalışmalarıyla yurt dışında yaşayan Türk vatandaşların, soydaş ve akraba toplulukların sorunlarına çözüm üretilmekte; onlarla ekono -mik, sosyal ve kültürel açıdan daha yakın ilişkiler tesis edilmektedir",POSITIVE,Positive,0.5300515294075012
Türk,"Uluslararası Türk Kültürü Teşkilatı (TÜRKSOY, 1993)
Azerbaycan, Kazakistan, Kırgızistan, Özbekistan, Türkmenistan ve Türkiye Kültür Bakanlıklarının imzaladığı bir antlaşma ile kuruldu",POSITIVE,Positive,0.874112069606781
Türk,"Türk halklarının kardeşliğini güç -lendirmeyi, Türk milletinin ortak değerlerini gelecek nesillere aktarmanın yanı sıra dünyaya tanıtmayı amaçlamaktadır",POSITIVE,Positive,0.9251604080200195
Türk,"Her yıl resim, fotoğraf, şiir, tiyatro, müzik ve dans dallarında geniş katılımlı etkinlikler düzenlenmekte; Türk dünyasındaki sa -natçıların eserlerini, tecrübelerini dünyayla paylaşmalarına imkân sağlanmaktadır",POSITIVE,Positive,0.9796077013015747
Türk,Türk kültür ve sanatını tanıtmak üzere kültür merkezleri aracılığıyla birçok ulusal ve uluslararası etkinlik düzenlemektedir,POSITIVE,Positive,0.9754593372344971
Türk,"TARİHSEL DÜŞÜNME
Türkiye'nin kurduğu, Türk ve akraba topluluklara yönelik teşkilatlar Türk kültürüne uzun vadede hangi katkıları sağlayabilir",POSITIVE,Positive,0.6893680095672607
Türk,"Saldırıda 9 Türk yardım gönüllüsü öldü -rüldü, 50'yi aşkın gönüllü de yaralandı",NEGATIVE,Negative,0.9685047268867493
Türk,"Kemal Derviş
Süleymanoğlu
5 Nisan Kararları
Aziz Sancar
Türk halklarının kardeşliğini güçlendirmeyi, Türk milletinin
ortak değerlerini gelecek nesillere aktarmayı ve dünyaya
tanıtmayı amaçlayan kuruluş
1994 Ekonomik Krizi'ni atlatabilmek için hazırlanan ekono
mik program
Sözde hilafet devleti kurmak",POSITIVE,Positive,0.6695805191993713
Türk,"28 Şubat Müdahalesi, 27 Nisan E-Muhtırası ve 15 Temmuz Darbe Kalkışması'nın Türk demokrasisi üzerindeki etkileri nelerdir",NEGATIVE,Negative,0.9465541243553162
Türk,"SSCB'nin dağılması sonrası Türkiye tarafından kurulan, Türk cumhuriyetlerine yönelik kuruluşların ortak özellikleri nelerdir",POSITIVE,Positive,0.8134887218475342
Türk,"Türkiye, SSCB'nin dağılmasından sonra kurulan Türk cumhuriyetleri ile siyasi, ekonomik ve özellikle kül -türel iş birliğini geliştirmeye önem verdi",POSITIVE,Positive,0.8730208873748779
Türk,"Türk İşbirliği ve Koordinasyon Ajansı Başkanlığı
Yurtdışı Türkler ve Akraba Topluluklar Başkanlığı
Uluslararası Türk Kültürü Teşkilatı
Yunus Emre Enstitüsü
İslam Konferansı Örgütü
yüzyılın sonlarında Avrupa ve Orta Doğu'da hızla gelişen olaylar Balkanlara da sıçramış; Yugoslavya'nın dağıl -ması ile ",POSITIVE,Positive,0.8653838038444519
Türk,Olaylarla Türk Dış Politikası,POSITIVE,Positive,0.813953161239624
Türk,Türkler Ansiklopedisi (2002),POSITIVE,Positive,0.846493661403656
Türk,Türk ve Dünya Ünlüleri Ansiklopedisi,POSITIVE,Positive,0.9947590231895447
Türk,"RUSYA FEDERASYONU
120 D 130'D 140'D
30 D 40 D 50 D 60°D
TÜRK CUMHURIYETLERi,
KARAÇAY-ÇERKESYA
KABARDIN-BALKARYA C",POSITIVE,Positive,0.533869206905365
Osmanlı,"l
Piri Reis [Temsilî (1470 -1553)]
Piri Reis, Osmanlı denizcilerindendir",POSITIVE,Positive,0.7192752361297607
Osmanlı,Önemli bir kartograf ve deniz bilimci olmasının yanı sıra Osmanlı deniz tarihinde büyük izler bırakmış bir kaptandır,POSITIVE,Positive,0.9853196144104004
Osmanlı,Bu kitabın hazırlanması sırasında bilhassa Osmanlı Harbiye Nezareti'nin belgelerini ihtiva eden T,NEGATIVE,Negative,0.9654905796051025
Osmanlı,Başbakanlık Osmanlı Arşivi'nde bulunan pek çok belge de konunun aydınlatılmasında yardımcı olmuştur,POSITIVE,Positive,0.7682161927223206
Osmanlı,"Tarihsel bilginin üretim sürecine ilişkin tespitleriniz
Başbakanlık Osmanlı Arşivi, Devlet Arşivleri Genel Müdürlüğünün kapatılması üzerine 16 Temmuz 2018'de kurulan Cumhurbaşkanlığı Devlet Arşivleri Başkanlığına bağlanmıştır",POSITIVE,Positive,0.5770103931427002
Osmanlı,"Bu koleksiyunun büyük bölümü, Fahreddin Paşa'nın Osmanlı ordusunda görev yaptığı dönemlerde üretilmiş askerî belge ve fotoğraflardan oluşmaktadır",NEGATIVE,Negative,0.6867299675941467
Osmanlı,"Tarihsel bilginin üretim sürecine ilişkin tespitleriniz
' ' Uzun Osmanlı tarihi ve onun yarattığı çok renkli kültürü daha sağlıklı ve iyi tanımanın yollarından biri arkeoloji disiplinini sonuna dek kullanmaktan geçer",POSITIVE,Positive,0.9710015654563904
Osmanlı,"*
Harput İç Kale kazılarında bulunan Osmanlı evinden bir bölüm
Bu karekod üzerinden metinde bahsedilen Osmanlı Dönemi'ne ait resmî vesikalar hakkında bilgi edinebilirsiniz",POSITIVE,Positive,0.5827834606170654
Osmanlı,"Harput İç Kale kazılarında bulunan, Osmanlı Dönemi'ne ait sikkeler
Yandaki karekodda Harput Kalesi'nde yapılan kazılar sonucunda 2007 yılında giriş kısmı, 2009 yılında ise tamamı ortaya çıkarılan Harput Zindanı'na ait görüntüler bulunmaktadır",NEGATIVE,Negative,0.5289250612258911
Osmanlı,"Anadolu topraklarındaki Hitit tabletleri, Antik Yunan ve Roma metinleri, Bizans kronikleri ya da Osmanlı arşiv belgeleri dijital ortama aktarıldıkça tüm dünya tarihini yeniden yazmayı gerektirecek kapsamlı bir bakış açısı ortaya çıkacaktır",POSITIVE,Positive,0.9894158840179443
Osmanlı,"O neşri kullanarak Osmanlı devrinde işçilik üzerine yazı yazılıyor, nitekim kendisi de bir makale yazdı bunun üzerine",NEGATIVE,Negative,0.970113217830658
Osmanlı,(…) Barkan bu çerçevede ilginç Osmanlı belgelerini gelecek tarihçilere hazırlama işine girdi,NEGATIVE,Negative,0.9321829676628113
Osmanlı,Balkanlar'daki Türk varlığı Anadolu Selçuklu Devleti ile Osmanlı Devleti zamanında da devam etmiştir,POSITIVE,Positive,0.7928184866905212
Osmanlı,Özellikle de Osmanlı Devleti döneminde en yüksek seviyesine ulaşmıştır,POSITIVE,Positive,0.993108868598938
Osmanlı,"Kaynak İncelemesine İlişkin Örnek Çalışma
Eserin Adı: Osmanlı İmparatorluğu
Eserin Yazarı: Halil İnalcık
Yayın Yeri ve Tarihi: İstanbul, 2018
Kaynağın Türü: İkinci Elden Kaynak, İnceleme-Araştırma Kitabı
Yazar, uluslararası alanda tanınmış bir uzmandır ve kaynaktaki bilgiler geçerliliğini korumaktad",NEGATIVE,Negative,0.9793128967285156
Osmanlı,Osmanlı Devleti'nde savaş zamanı başka birliklerden ayrılıp bir araya getirilerek oluşturulan birliğin veya milis güçlerinin komutanı,POSITIVE,Positive,0.836597204208374
Osmanlı,Osmanlı Devleti'nde görev yapan yüksek dereceli ilim adamları,POSITIVE,Positive,0.5755155682563782
Osmanlı,"Osmanlı Devleti'nde Tanzimat'tan önce halkın vergi ve haraç veren, genellikle toprakla uğraşan gayrimüslim kısmı",NEGATIVE,Negative,0.9831264615058899
Osmanlı,Harput iç kale mahalle kazısı: Osmanlı'ya arkeolojik bir yaklaşım (ilk sonuçlar),NEGATIVE,Negative,0.778680682182312
Osmanlı,Tarihçilikte 'mekânın yeniden keşfi': Osmanlı şehir çalışmaları için öneriler,POSITIVE,Positive,0.8519571423530579
Osmanlı,"Tarihsel kaynaklar, temsil ve Osmanlı şehirleri: 937/1530 tarihli Muhasebe-i Vilayet Defterleri'ni dönemin benzeri kaynakları arasında konumlandırmak",NEGATIVE,Negative,0.632223904132843
Osmanlı,Osmanlılar da Rum kelimesini hem coğrafi bir isim hem de bir eyalet adı olarak kullanmıştır,NEGATIVE,Negative,0.8935834765434265
Osmanlı,yüzyılda ise Osmanlı Devleti sınırları içinde yaşayan ve Rumca konuşan etnik gruba da Rum denmeye başlanmıştır,NEGATIVE,Negative,0.6266114711761475
Osmanlı,"Nitekim Büyük Selçuklu Devleti'nin yönetim yapısı ve askerî teşkilatı da Türkiye Selçuklu, Osmanlı gibi hem çağdaşı olan devletleri hem de sonrasında kurulan Türk-İslam devletlerini büyük ölçüde etkiledi",POSITIVE,Positive,0.9088213443756104
Osmanlı,yüzyılda Anadolu'da ortaya çıkan ve Osmanlı Devleti'nin kurulmasında önemli rol oynayan dinî ve toplumsal kuruluş,POSITIVE,Positive,0.8162209391593933
Osmanlı,Onun vefatından sonra kurulan Osmanlı Devleti'nde dahi Yeniçeri Ocağının piri olarak Hacı Bektaş Veli kabul edildi,POSITIVE,Positive,0.710759699344635
Osmanlı,"Osmanlı Devleti'nin Kuruluşuna Dair Görüşler
2",NEGATIVE,Negative,0.6419242024421692
Osmanlı,"Osmanlı Devleti'nde Ordu, Hukuk ve Toprak Sistemi
2",NEGATIVE,Negative,0.6187083721160889
Osmanlı,"Osmanlı Devleti'nin İskân ve İstimalet Politikası
2",NEGATIVE,Negative,0.9821565747261047
Osmanlı,"Osmanlı Devleti'nde İlim ve İrfan Geleneği
Anahtar Kavramlar
devşirme sistemi
Rumeli Türklüğü
Bu ünitede sizlerden
Osmanlı Devleti'nin kuruluşuna dair farklı görüşleri tartışabilmeniz,
1299-1453 yılları arasında Osmanlı Devleti'nin Anadolu ve Rumeli'de gerçekleştirdiği siyasi ve askerî mücadeleleri ",POSITIVE,Positive,0.8760847449302673
Osmanlı,"Bu beyliklerden biri olan Osmanlı Beyliği, kuruluş döneminde Rumeli ve Anadolu'da izlediği siyasi ve askerî politikalar sayesinde sağlam temeller üzerinde yükselmiş; bu süreçte ordu, hukuk ve toprak sistemlerini birbirleriyle uyumlu şekilde işleterek güçlü ve kurumsal bir yapı oluşturmuştur",POSITIVE,Positive,0.9904186129570007
Osmanlı,"Rumeli ve Balkanlarda yapılan fetihler ve sonrasında izlenen iskân ve istimalet politikaları, Osmanlı'nın bu bölgelerde yerleşmesini ve etki gücünü artırmasını sağlamıştır",NEGATIVE,Negative,0.6782450079917908
Osmanlı,"Bu dönemde Osmanlı Devleti'nin ilim ve irfan geleneğinin oluşmasında şehir, kurum ve şahsiyetler de çok önemli bir rol oynamıştır",POSITIVE,Positive,0.9657787084579468
Osmanlı,"Söğüt'ten İstanbul'a Osmanlı Devleti'nin Kuruluşu Üzerine Tartışmalar
Osmanlı Devleti'nin Kuruluşuna Dair Tezler
Osmanlı Devleti'nin Kuruluşu (Efsaneler ve Gerçekler)
Osmanlı Devleti'nin Kuruluş Tarihi Probleminin Tarih Öğretimine Yansımaları
Buna göre Osmanlı Devleti'nin kuruluş süreci neden farklı",NEGATIVE,Negative,0.9800311326980591
Osmanlı,"Osmanli Devletinin kurucu atasi
Yorükler; ata topraklarinda çadir-
/gid00001/gid00132/gid00131 EYLÜL 2022
+FMF'ú6 HAVADİS Gazete
Ertuğrul Gazi'yi Anma ve Yörük Şenlikleri Bilecik'te Başladı
Her yıl eylül ayında Bilecik'te yapılan şenlik, bu yıl da Söğüt Meydanı'nda toplanan halkın yürüyüşü ile başla",POSITIVE,Positive,0.5783562660217285
Osmanlı,Ardından daha sonraları bir cihan imparatorluğuna dönüşecek Osmanlı Devleti'nin kurucu atası olan Ertuğrul Gazi'nin türbesine gidilerek dualar edildi,POSITIVE,Positive,0.6044661998748779
Osmanlı,Ertuğrul Gazi'yi Anma ve Yörük Şenliklerinde Osmanlı Beyliği'nin kuruluş süreciyle ilgili hangi motifler öne çıkarılmıştır,NEGATIVE,Negative,0.7588589787483215
Osmanlı,Osmanlı Devleti'nin kuruluşuna dair farklı görüşleri ele alan metin ve kaynakları inceleyerek soruları,POSITIVE,Positive,0.5793464779853821
Osmanlı,"yüzyıl başlarından itibaren Osmanlı Devleti'nin kuruluşunda etkili olan şartlar, devletin kurulduğu bölge, kuruluş tarihi ve devleti kuranların etnik kimliği konularında farklı görüşler öne sürülmüştür",NEGATIVE,Negative,0.7632222175598145
Osmanlı,"Bu görüş ayrılıklarının temel nedeni, Osmanlı'nın ilk dönemlerine ait yeterli kaynak ve bilgi bulunmamasıdır",NEGATIVE,Negative,0.9844774007797241
Osmanlı,İlk Osmanlı kronikleri Osman Bey zamanından yüz yıl sonra yazılmıştır,NEGATIVE,Negative,0.7981383204460144
Osmanlı,"Özellikle Herbert Adams Gibbons (Hörbırt Edıms Gibıns), Paul Wittek (Pol Vitek), Mehmet Fuat Köprülü ve Halil İnalcık'ın görüşleri, Osmanlı Devleti'nin kuruluşu hakkındaki tartışmaların ana çerçevesini oluşturmuştur",POSITIVE,Positive,0.8586061000823975
Osmanlı,1) 1916'da yazdığı Osmanlı İmparatorluğu'nun Kuruluşu adlı eser 1928'de Türkçeye çevrildi,POSITIVE,Positive,0.5239931344985962
Osmanlı,Gibbons bu eserin ön sözünde 'Osmanlı ülkesinde bilhassa İstanbul'da ve dağılışının en felaketli devrinde geçirdiğim dört sene beni bu imparatorluğun menşeilerini araştırmağa sevk etti,NEGATIVE,Negative,0.8144287467002869
Osmanlı,"Gibbons, eserinde Osmanlı Devleti'nin kuruluşuyla ilgili şu sorulara cevap aramıştı:
Diğer Anadolu Türklerinden ayrılan, Bizans'la temas kuran ve reislerinin ismiyle anılan bu millet aslında kimlerden oluşuyordu",POSITIVE,Positive,0.866216778755188
Osmanlı,"Gibbons, farklı Osmanlı kroniklerinde değişik ifadelerle anlatıldığı için güvenilir bulmadığı Ulu Çınar menkıbesini Neşri'den alıntılamış ve bu menkıbeden hareketle Osman Bey'in Söğüt'e yerleştiği dönemlerde Müslüman olmadığını ileri sürmüştü",NEGATIVE,Negative,0.9896230697631836
Osmanlı,"Şimdi artık 'Türk' değil, ilk defa olarak reislerinin namına izafeten 'Osmanlı' denilen bir kavmin ismini işitiyoruz",NEGATIVE,Negative,0.7536047697067261
Osmanlı,"Bu konferansta sunulan bildiriler, 1935'te Osmanlı İmparatorluğu'nun Kökleri adıyla kitaplaştırıldı ve bu kitap daha sonra Türkçe dâhil birçok dile çevrildi",POSITIVE,Positive,0.9264755845069885
Osmanlı,"Buna göre Köprülü, Gibbons'ın 'Osmanlı Devleti'nin ancak Balkanlardaki fetihlerden sonra Anadolu'daki topraklarını genişletebildiği ve bu fetihlerin yağma amaçlı değil, planlı bir yerleşme için yapıldığı' görüşünü haklı buluyordu",POSITIVE,Positive,0.700990617275238
Osmanlı,"Fuat Köprülü'ye göre 'Osmanlı Devleti'nin kuruluşuna dair karanlıkta kalan konuların umumî Türk tarihinin çerçevesi içinde, Anadolu Beylikleri ile beraber Anadolu Selçuk tarihinin bir devamı olarak görülüp incelenmesi halinde problemlerin anlaşılması mümkün olacaktır",NEGATIVE,Negative,0.8868074417114258
Osmanlı,"Aksi halde Osmanlı sülâlesinin methiyeciliğini yapan eski Osmanlı tarihçileri, bir hükümdar soyundan gelmedikleri muhakkak olan Osmanlı padişahları için tamamıyla hayal ürünü silsilenameler uydurdukları gibi, bu devletin kuruluşu hâdisesini de tamamen bir mucize hâlinde göstermek maksadiyle özet sil",NEGATIVE,Negative,0.9971199035644531
Osmanlı,"'Tarihî bir realite olarak bir Osmanlı imparatorluğu bulunmakla beraber hiçbir zaman bir Osmanlı ırkı, hattâ bir Osmanlı kavmi mevcut olmamıştır",NEGATIVE,Negative,0.7286103963851929
Osmanlı,"(…) Türkler'in etnik teşkilâtı ve Anadolu'da yerleşme şekilleri hakkında hiçbir fikri olmayan Gibbons, 'Selçuk' tabirinin -tıpkı Osmanlı tâbiri gibi- etnik bir ad değil, hanedan müessisinin [kurucu] isminden alınma siyasî bir tâbîr olduğunu düşünmüyor",NEGATIVE,Negative,0.8800188302993774
Osmanlı,"(…)
Osmanlı İmparatorluğu'nun kurulduğu asır olan ondördüncü asırda Anadolu'nun tarihi hakkındaki İslâm kaynakları hakikaten az ve kifayetsizdir",NEGATIVE,Negative,0.9881168603897095
Osmanlı,"(…) Osmanlı devletinin kuruluşunu, XIII'üncü asırda Anadolu'nun şimâl-i garbî müntehasında [kuzeybatı ucunda] Selçuk-Bizans hudutları üzerinde yerleştirilmiş dörtyüz çadırlık bir aşiyrete isnad ederek, bu hâdisenin iyzahı için XIII ve XIV'üncü asırlar Anadolu'sundaki siyasî ve ictimaî şartların hiç ",NEGATIVE,Negative,0.9920802712440491
Osmanlı,"Osmanlı devletinin kurulduğu coğrafî sâha, büyük Okyanus ortasında münferid bir ada olmadığı gibi, burada yaşayan insanlar da Selçuk Anadolusu'nun Türkleri'nden ayrı bir unsur değildi",NEGATIVE,Negative,0.9138655662536621
Osmanlı,"'
Sizce Mehmet Fuat Köprülü eski ve yeni Osmanlı tarihçilerini hangi açılardan eleştirmektedir",NEGATIVE,Negative,0.899818480014801
Osmanlı,1938'de ise bu konferanstaki bildirileri de kapsayan Osmanlı İmparatorluğu'nun Kuruluşu adlı bir eser yayımladı,POSITIVE,Positive,0.915863573551178
Osmanlı,"Wittek'e göre Osmanlı Beyliği, kurulduğu yüzyılın sonunda dünyaya hâkim olma düşüncesini benimsemişti",POSITIVE,Positive,0.9463551044464111
Osmanlı,Osmanlılar gaza geleneğinden gelen bir Türk boyuydu ve devletin kuruluşunun temel unsuru bu gelenekti,POSITIVE,Positive,0.9235758185386658
Osmanlı,"Wittek'in bu tezi, diğer Osmanlı tarihçileri tarafından da kabul edildi",NEGATIVE,Negative,0.610680878162384
Osmanlı,'Ahmedî bize Osmanlılar'ın Gâzîler cemaatına mensup olduklarını bildiriyor,NEGATIVE,Negative,0.6524335741996765
Osmanlı,"Ahmedî İskendername'sinde Osmanlı sultanlarının tarihine ait hasrettiği bahsi, bir mukaddime ile başlar",POSITIVE,Positive,0.8409067988395691
Osmanlı,"Bunların başında, ilerde Osmanlı devletini kuracak ve kendi adını o devlete verecek olan büyük Osman'ın babası vardı",POSITIVE,Positive,0.7470313310623169
Osmanlı,"(…) Osmanlı hükümdarlarından birine ait olan en eski bir kitabeyi tetkik edecek olursak (…) Bursa'nın fethinden onbir sene sonra ve 1337'de, bir camiin inşası münasebetiyle yazılmış olan bu kitabede, Osmanlı hükümdarı kendine aşağıda sayılı olan unvanları veriyor: 'GâzîlerSultanı'nın oğlu Sultan, Ga",POSITIVE,Positive,0.9391878247261047
Osmanlı,"' (…)
Osmanlılar Selçûkîler'in medeni hayatlarını yaşadıkları muhitlere, diğer Gazi beyliklerine nispetle daha yakın yerlerde bulunuyorlardı",NEGATIVE,Negative,0.5876163840293884
Osmanlı,"(…) Fütüvvet esaslarına dayanan ve Ahi erbabının mevcudiyeti, Osmanlılar'ın tâ ilk teşekkül devirlerinde Selçuk şehirlerinden (hinterland) dan bir çok medenî unsurların Osmanlılar'a iltihak ettiğini göstermektedir",POSITIVE,Positive,0.7716659903526306
Osmanlı,"4) düzenlediği konferanslarla, yayımladığı makale ve kitaplarla Osmanlı Devleti'nin kuruluşuna dair kendi görüşlerini açıkladı",POSITIVE,Positive,0.9419892430305481
Osmanlı,"İnalcık'a göre Osmanlı Beyliği'nin ortaya çıkışı, XIII",NEGATIVE,Negative,0.810624897480011
Osmanlı,"Anadolu'daki Moğollara karşı başlayan Türkmen hareketi, Türkmen beyliklerinin ve Osmanlı Beyliği'nin kuruluşuyla devam etmişti",POSITIVE,Positive,0.5621988773345947
Osmanlı,"İnalcık, Osmanlı Devleti'nin kuruluşuyla ilgili çalışmalarında Bizanslı kronik yazarı George Pachymeres (Corç Paşimeres) ile Osmanlı âlimlerinden Yahşi Fakih'e sıkça vurgu yaptı",NEGATIVE,Negative,0.7279242277145386
Osmanlı,"İnalcık, bu bilgilerden hareketle Osman Gazi'nin Osmanlı Beyliği'ni yeni ve bağımsız bir Türk-İslam saltanatı olarak teşkilatlandırdığını belirtti",NEGATIVE,Negative,0.8457765579223633
Osmanlı,"Pachymeres ile eski Osmanlı rivâyeti karşılaştırılınca şu tablo ortaya çıkmaktadır: Kastamonu Uc beyleri Bizans'a karşı gazâ hareketini gevşek tuttukları halde Osman, ucların en ileri bölümünde gazâyı son derece bir atılganlıkla sürdürmüş, bu yanda gazî alpların gerçek önderi durumuna yükselmişti",POSITIVE,Positive,0.6140087842941284
Osmanlı,"Özetle, Osmanlı Beyliği, kesinlikle gazî Osman Bey tarafından kurulmuş, Orhan zamanında bir sultanlık halinde gelişmiştir",NEGATIVE,Negative,0.7549393177032471
Osmanlı,Sultan unvanı alan ilk Osmanlı hükümdarı Orhan'dır (1336),POSITIVE,Positive,0.8226374983787537
Osmanlı,"*
Osmanlı Devleti'nin kuruluşuna dair başka bir tartışma konusu da devletin kuruluş tarihiyle ilgilidir",NEGATIVE,Negative,0.5759731531143188
Osmanlı,"Halil İnalcık, Osmanlı Devleti'nin kuruluş tarihini 1302 olarak kabul eder",POSITIVE,Positive,0.6185582876205444
Osmanlı,Kâtip Çelebi ise 1648'de yazdığı Takvimü't-Tevarih adlı eserinde Osmanlı Devleti'nin kuruluş tarihini 1299 olarak verir,POSITIVE,Positive,0.7436243891716003
Osmanlı,Osmanlı Dönemi'nde 1851'den sonra yazılan salnamelerde devletin kuruluş tarihi olarak 1299 yılı geçer,POSITIVE,Positive,0.902722179889679
Osmanlı,"Abdülhamid Dönemi'nde resmî kabullerde kullanılan
Osmanlı Devleti'nde merkezî yönetimin, nezaretlerin, askerî kurumların, vilayetlerin, bazı özel kurumların ve kişilerin o yıl mevcut olan kurumsal, tarihî, coğrafi, eğitimsel, sosyal, ekonomik ve kültürel verilerinin yer aldığı bir tür yıllık",POSITIVE,Positive,0.8293061852455139
Osmanlı,OSMANLI DEVLETI NIN 700,NEGATIVE,Negative,0.6016517877578735
Osmanlı,Osmanlı Dönemi'nde 1869'da yazılan Fezleke-i Tarihi Osmani adlı ders kitabında Osmanlı Devleti'nin 1299'da 0sman Bey'in Karacahisar'da kendi adına hutbe okutmasıyla bağımsızlığını ilan ettiği ifadesine yer verilir,NEGATIVE,Negative,0.9636421203613281
Osmanlı,Türkiye Cumhuriyeti'nin kurulmasından sonra okutulan ders kitaplarında da Osmanlı Devleti'nin kuruluş tarihi genellikle 1299 yılı olarak verilmiştir,NEGATIVE,Negative,0.6711416840553284
Osmanlı,1999'da Türkiye genelinde Osmanlı Devleti'nin 700,POSITIVE,Positive,0.6539042592048645
Osmanlı,Nişanın üzerinde Osmanlı Türkçesiyle hicri 699 (miladi 1299) tarihi yazılıdır,POSITIVE,Positive,0.9033069610595703
Osmanlı,'Viyana'dan Büyük Ricatte Osmanlı İmparatorluğu ve Kırım Hanlığı' başlıklı te ziyle doçent ünvanını aldı (1943),NEGATIVE,Negative,0.8030414581298828
Osmanlı,Ardından İngiltere'ye giderek ar şivlerdeki Osmanlı tarihiyle ilgili el yazmalarını ve belgeleri inceledi (1949-1951),POSITIVE,Positive,0.8517958521842957
Osmanlı,'Viyana Bozgun Yıllarında Osmanlı-Kırım Hanlığı İşbirliği' başlıklı teziyle profesörlüğe yükseldi (1952),NEGATIVE,Negative,0.6906814575195312
Osmanlı,"Osman Gâzi Bizans İmparatorluğu ile karşı karşıya geldi, çünkü biliyorsunuz, İznik'i kuşatıyordu; İmparator da İznik'i korumak için doğrudan doğruya Osman Gâzi'yi karşısına aldı ve işte tam o anda Bizans-Osmanlı mücadelesi başladı",NEGATIVE,Negative,0.5754348635673523
Osmanlı,Osmanlı kroniklerini Bizans kaynakları ile karşılaştırmamız şart,NEGATIVE,Negative,0.9444311261177063
Osmanlı,"Ãav®¨
İncelediğiniz tarihçilerin Osmanlı Devleti'nin kuruluşuna dair görüşlerinin benzer ve farklı yönlerini aşağıdaki tablonun ilgili alanlarına yazınız",POSITIVE,Positive,0.526742696762085
Osmanlı,"BENZERLİKLER
FARKLILIKLAR
Adams Gibbons
Fuat Köprülü
Paul Wittek
Halil İnalcık
İncelediğiniz tarihçilerin Osmanlı Devleti'nin kuruluşuna dair görüşlerinin güçlü ve zayıf yönleri ile bu görüşler arasındaki tutarsızlıkları aşağıdaki tablonun ilgili alanlarına yazınız",NEGATIVE,Negative,0.6555140018463135
Osmanlı,"Osmanlı Beyliği'nin kurulduğu bölgedeki siyasi yapı, beyliğin gelişim sürecini nasıl etkilemiş olabilir",NEGATIVE,Negative,0.8785281777381897
Osmanlı,Osmanlı Beyliği'nin başında siz olsaydınız sınırları genişletmek için nasıl bir siyasi ve askerî strateji izlerdiniz,NEGATIVE,Negative,0.6858423352241516
Osmanlı,Panorama 1326 Bursa Fetih Müzesinde Osmanlı Beyliği'yle ilgili hangi bilgiler verilmektedir,POSITIVE,Positive,0.708947479724884
Osmanlı,Osmanlı Devleti'nde bu nesne hangi amaçla kullanılmış olabilir,NEGATIVE,Negative,0.8425379991531372
Osmanlı,"'
Ertuğrul Gazi'den sonra Osmanlı Beyliği'nin başına geçen Osman Gazi, babasının başlattığı gaza faaliyetlerini sürdürdü",NEGATIVE,Negative,0.7220295071601868
Osmanlı,"Koyunhisar Zaferi sonrasında Osmanlı Beyliği, bölgedeki Doğu Roma hâkimiyetini tehdit eden önemli bir siyasi ve askerî güç olarak öne çıktı",NEGATIVE,Negative,0.816673994064331
Osmanlı,"1303'te bölgedeki diğer tekfurlarla ittifak kuran Bursa tekfurunun kuvvetleri, Dinboz/Dimbos Geçidi'nde Osmanlı kuvvetleri tarafından mağlup edildi",NEGATIVE,Negative,0.9396243095397949
Osmanlı,"1307'de Karahisar Kalesi'ni de alan Osmanlılar, İznik ile İzmit arasındaki bağlantıyı tamamen kesti",NEGATIVE,Negative,0.9338768124580383
Osmanlı,"Osmanlı Devleti'nin başına geçen Orhan Gazi, ilk iş olarak Bursa ve İznik üzerindeki ablukayı daha da sıkılaştırdı (Görsel 2",NEGATIVE,Negative,0.9170141816139221
Osmanlı,Bursa'nın fethi Osmanlı Beyliği'nin gerçek anlamda kuruluşunun tamamlanmasına vesile olmuştur,POSITIVE,Positive,0.7019121646881104
Osmanlı,Nitekim bundan sonra Orhan Bey bulunduğu bölgede Marmara kıyılarına kadar süratle uzanarak Osmanlı Beyliği'ni genişletmeye başladı,NEGATIVE,Negative,0.5642473697662354
Osmanlı,"10 Haziran 1329'da çatışma başladı, sert Osmanlı hücumları sırasında Bizans ordusu zayiat verdi ve imparator da dizinden yaralandı",NEGATIVE,Negative,0.9752335548400879
Osmanlı,"'
Orhan Gazi'nin Bursa'ya girişini tasvir eden bir tablo, Panorama 1326 Fetih Müzesi, Bursa
Bursa, yirmi üç yıllık bir Osmanlı ablukası sonucunda fethedilmiştir",NEGATIVE,Negative,0.8400208950042725
Osmanlı,"Bursa tekfuru, Osmanlı heyetiyle yaptığı uzun görüşmeler neticesinde kaleyi teslim etmek zorunda kalmış ve kendisi de fidye karşılığında İstanbul'a gönderilmiştir",NEGATIVE,Negative,0.9579547643661499
Osmanlı,"Osmanlılar, fetihten hemen sonra Bursa halkına can ve mal güvenliklerinin korunacağına dair teminat vermiştir",POSITIVE,Positive,0.6055870056152344
Osmanlı,"Koyunhisar Zaferi ile Bursa ve İznik fetihleri, Osmanlı'nın beylikten devlete yükseliş sürecini nasıl etkilemiştir",POSITIVE,Positive,0.537760853767395
Osmanlı,İoannis Paleologos (Yoannis Palaylogos) arasında başlayan taht kavgası nedeniyle Osmanlı-Doğu Roma ilişkilerinde yeni bir dönem başladı,NEGATIVE,Negative,0.9368116855621338
Osmanlı,"Öte yandan Osmanlılar; 1345'te Balıkesir, Bergama ve Çanakkale'nin büyük bölümüne hâkim olan Karesioğulları Beyliği'ni
Osmanlıların, İstanbul ve Çanakkale boğazlarının Avrupa yakasından başlayarak Tuna Nehri'ne kadar uzanan Balkan Yarımadası'na verdikleri coğrafi isim ve bu bölgeyi içine alan eyalet",POSITIVE,Positive,0.7820465564727783
Osmanlı,"Osmanlı hâkimiyetine alınmış ilk Türk beyliği olan Karesioğulları'nın denizcilik tecrübesi ve bu beyliğe mensup Evrenos Gazi, Gazi Fazıl, Ece Bey gibi gazilerin savaş tecrübesi, Osmanlı Devleti'ne Rumeli fetihlerinde önemli avantaj sağladı",POSITIVE,Positive,0.7043404579162598
Osmanlı,"Bu ittifak sayesinde Kantakuzenos'a yardım etmek maksadıyla Orhan Gazi'nin oğlu Süleyman Paşa kumandasındaki Osmanlı kuvvetleri, iki defa Rumeli'ye geçmişti",NEGATIVE,Negative,0.8267118334770203
Osmanlı,"Osmanlılar, Yakub Ece ve Gazi Fadıl [Fazıl] komutasında bir 'uc' teşkil ederek buradaki hakimiyetlerini sağlamlaştırdılar",NEGATIVE,Negative,0.7362838387489319
Osmanlı,12 Mart 1354 gecesi meydana gelen deprem neticesinde Gelibolu'nun da aralarında bulunduğu Trakya'nın bazı kaleleri yıkıldı ve yıkılan kaleler Osmanlı kuvvetleri tarafından fethedildi,NEGATIVE,Negative,0.8884778618812561
Osmanlı,"Osmanlı tahrir defterlerine dayandırılan başka bir görüşe göre ise kale, Tekirdağ'a bağlı Şarköy ilçesinin yakınlarında inşa edilmiş olmalıdır",NEGATIVE,Negative,0.9127042293548584
Osmanlı,"Rumeli'de Çimpe Kalesi'ne yerleşen Osmanlılar, Anadolu'da ise Eratna Beyliği'ne bağlı Ankara ve Sivrihisar'ı Süleyman Paşa komutasındaki bir orduyla 1354'te ele geçirdi",NEGATIVE,Negative,0.631709635257721
Osmanlı,"Osmanlı kuvvetleri batıda Hayrabolu'ya, doğuda Vize'ye, batıda Keşan ve Dimetoka'ya kadar akınlar düzenledi (Harita 2",NEGATIVE,Negative,0.893612265586853
Osmanlı,"1361'de Edirne'nin, ardından da Dimetoka'nın fethedilmesiyle Orhan Gazi Dönemi'nde Osmanlı Beyliği'nin sınırları Ankara'dan Edirne'ye kadar ulaşmış oldu (Harita 2",NEGATIVE,Negative,0.715264618396759
Osmanlı,"Bu plana göre en büyük tehlike, Osmanlılar Edirne'yi muhasara ettikleri zaman İstanbul'dan bir yardımcı kuvvetin geriden bastırmasıdır",NEGATIVE,Negative,0.9874500036239624
Osmanlı,"(…) Tekfur önce Edirne'ye kaçıyor, sonra oradan da uzaklaşıyor ve şehir 1361 baharında Osmanlı kuvvetlerine teslim oluyor",POSITIVE,Positive,0.5838262438774109
Osmanlı,"'
Edirne'nin Fethi Osmanlı Devleti'nin Rumeli'deki ilerleyişini nasıl etkileyebilir",NEGATIVE,Negative,0.7531036138534546
Osmanlı,Osmanlılar kenti fethettiklerinde ilk olarak kale içinde yerleşmişler ancak çok geçmeden surların dışında da yeni yerleşim alanları iskâna açılmıştır,NEGATIVE,Negative,0.6550950407981873
Osmanlı,Osmanlı idaresinin ilk yıllarından itibâren şehir Anadolu'dan yeni gelenlerle birlikte hem fiziksel hem de demografik olarak büyüme göstermiştir,POSITIVE,Positive,0.572693943977356
Osmanlı,"Şehzâde Murad, Osmanlı tahtına geçtikten sonra batıya yapılacak seferlerin önemine binâen Bursa'daki sarayı buraya taşımıştır (1365)",NEGATIVE,Negative,0.8274551630020142
Osmanlı,"'
Orhan Gazi'nin 1362'de vefat etmesinden sonra Osmanlı tahtına I",NEGATIVE,Negative,0.7979875802993774
Osmanlı,"Murad, tahttaki ilk yıllarında Osmanlı Devleti'ne karşı ittifak kuran Karamanoğulları ve Eratna Beyliği ile mücadele etti",POSITIVE,Positive,0.5831852555274963
Osmanlı,yüzyılın ortalarında Sırp ve Bulgar krallıklarının dağılması ve feodal beylerin kendi hâkimiyet bölgelerini kurması da Osmanlı Devleti'nin Balkanlardaki ilerleyişini kolaylaştırdı,POSITIVE,Positive,0.5500317811965942
Osmanlı,"Bu iş birlikleri, Osmanlı Devleti'nin I",NEGATIVE,Negative,0.8324134349822998
Osmanlı,Ancak Osmanlı kuvvetleri Meriç Irmağı kıyısındaki Çirmen mevkisinde Sırp ordusu üzerine baskın yaparak onları büyük bir bozguna uğrattı,NEGATIVE,Negative,0.9782524704933167
Osmanlı,"Çirmen Savaşı sonrasında Osmanlı Devleti hâkimiyet alanını genişletti ve birçok Doğu Roma, Sırp ve Bulgar feodal beyi Osmanlı'nın vasalı hâline geldi",NEGATIVE,Negative,0.6818923354148865
Osmanlı,"Osmanlı kuvvetleri 1383'te Serez'i yeniden ele geçirdi; 1385'te Sofya'yı, 1386'da ise Sırp hâkimiyetindeki Niş'i fethetti",POSITIVE,Positive,0.6916376352310181
Osmanlı,Selânik de uzun bir kuşatmanın ardından 1387'de Osmanlı hâkimiyetine girdi,POSITIVE,Positive,0.6558914184570312
Osmanlı,1387'de Karamanoğulları'nın Osmanlı topraklarına saldırması üzerine I,NEGATIVE,Negative,0.7871670722961426
Osmanlı,1388'de Osmanlı ordusunun Bosna ordusu tarafından mağlup edilmesi ve Lazar'ın Osmanlı Devleti'ne karşı düşmanca tutumunu devam ettirmesi üzerine Osmanlı ordusunun büyük bölümü Rumeli'ye geçti,NEGATIVE,Negative,0.8442898988723755
Osmanlı,"Murad yönetimindeki Osmanlı ordusu, Lazar'ın başında bulunduğu müttefik güçleriyle Kosova'da karşı karşıya geldi",NEGATIVE,Negative,0.9240909814834595
Osmanlı,Öte taraftan Türk ordusunun kazandığı bu zafer Bizans'ın Balkan ülkeleriyle bağlantısını tamamen koparıyor ve onu Osmanlı devleti arazisi içinde sıkışıp kalan bir adacık durumuna sokuyordu,NEGATIVE,Negative,0.8893460631370544
Osmanlı,Sırp Kralı Lazar da bu muharebede ölmüştü; yerine geçen oğlu Stefan Lazarevic ise yeni Osmanlı Padişahı I,NEGATIVE,Negative,0.7959818243980408
Osmanlı,"Bu taht değişikliğini fırsat bilen Doğu Romalılar Selânik'i geri aldı, Karamanoğulları Beyşehir'i ele geçirerek Eskişehir'e kadar ilerledi, Germiyanoğulları ise çeyiz ve miras yoluyla yoluyla Osmanlı'ya verdiği topraklarda yeniden hâkimiyet kurdu",NEGATIVE,Negative,0.890322208404541
Osmanlı,"Bu sefer sonucunda Karamanoğulları ile ittifak kuran Saruhanoğulları, Aydınoğulları, Menteşeoğulları, Hamidoğulları ve Germiyanoğulları 1390 yılı başında Osmanlı idaresi altına alındı",NEGATIVE,Negative,0.7887784838676453
Osmanlı,1395'te Arnavutluk ve Bulgar Krallığı doğrudan Osmanlı Devleti'ne bağlanırken Eflak Prensliği de Osmanlı'nın vasallarından biri oldu,POSITIVE,Positive,0.8511450290679932
Osmanlı,Manuel'in teşvikiyle Macarların ve Venediklilerin öncülüğünde Osmanlı Devleti üzerine bir Haçlı seferi düzenlendi,POSITIVE,Positive,0.5264601707458496
Osmanlı,1396'da Niğbolu önlerine gelen Haçlı kuvvetleri Osmanlı ordusu tarafından büyük bir bozguna uğratıldı (Görsel 2,NEGATIVE,Negative,0.934404194355011
Osmanlı,Niğbolu Savaşı'nda kazanılan bu zaferle Osmanlı Devleti'nin hem Balkanlardaki hâkimiyeti güçlendi hem de İslam dünyasındaki saygınlığı arttı,POSITIVE,Positive,0.669005811214447
Osmanlı,"Niğbolu Zaferi'nden sonra Osmanlı Devleti bir yandan Balkanlardaki ilerleyişini sürdürdü, bir yandan da Anadolu'daki Türk beylikleriyle mücadeleye devam etti",POSITIVE,Positive,0.7328809499740601
Osmanlı,Osmanlılar 1397'de yapılan Akçay Savaşı'ndan zaferle çıkarak Karamanoğlu Beyliği'ne ait toprakları tamamen kontrolü altına aldı,NEGATIVE,Negative,0.6405960917472839
Osmanlı,Osmanlı kuvvetlerinin Memlûk topraklarına girerek Malatya ve Elbistan'a kadar ilerlemesi üzerine Osmanlı ile Memlûk devletleri arasındaki ilişkiler bozuldu,NEGATIVE,Negative,0.9854533076286316
Osmanlı,"Bu durum, daha sonra iki devlet için de tehdit oluşturan Timur Devleti'ne karşı olası bir Osmanlı-Memlûk ittifakını engelledi",NEGATIVE,Negative,0.9847960472106934
Osmanlı,"Yıldırım Bayezid'in Anadolu'daki Türk beyliklerini Osmanlı'ya bağlaması ve merkeziyetçi bir yönetim anlayışı benimsemesi nedeniyle imtiyazlarını ve topraklarını kaybeden bazı Türkmen beyleri, eski statülerine kavuşmak için Emîr Timur'un himayesine girdi",NEGATIVE,Negative,0.9542260766029358
Osmanlı,1399'da Bağdat'ın da ele geçirilmesi üzerine Emîr Timur'dan kaçan Celâyirli Beyi Sultan Ahmet Celâyir ile Karakoyunlu Türkmen Beyi Kara Yusuf Osmanlı Devleti'ne sığındı,NEGATIVE,Negative,0.9522545337677002
Osmanlı,"Anadolu topraklarını ele geçirmek isteyen Emîr Timur ile Osmanlı'nın Anadolu'daki hâkimiyetini güçlendirmek isteyen Yıldırım Bayezid arasındaki çıkar çatışması ve cihan hakimiyeti meselesi, iki devlet arasındaki ilişkilerin gerginleşmesine ve 1402'de gerçekleşecek olan Ankara Savaşı'na neden oldu",NEGATIVE,Negative,0.9966272115707397
Osmanlı,"S I R P K R A L L I Ğ I MACARİSTAN Yıldırım Bayezid, Osmanlı Devleti'nin hem Balkanlarda ve Anadolu'daki sınırlarını genişletmiş hem de güçlü bir devlet hâline gelmesini sağlamıştı (Harita 2",NEGATIVE,Negative,0.9116477370262146
Osmanlı,Anadolu'da ilerleyen Osmanlı ordusuna yol boyunca bağlı beyliklerin askerleri de katıldı,POSITIVE,Positive,0.5534355044364929
Osmanlı,"'
'Timur, Ankara ovasında büyük süvari kuvvetleriyle Osmanlı ordusunun iki kanadına birden hücum ederek muharebeyi açtı",NEGATIVE,Negative,0.8459410071372986
Osmanlı,İlk anda bu hücumlar kırıldıysa da Osmanlı ordusunun sağ kanadında yer alan ve Timur'un casusları vasıtasıyla taraf değiştirmiş olan Kara Tatarlar aniden Rumeli kuvvetleri üzerine ok yağdırmaya başlayınca durum değişti,NEGATIVE,Negative,0.9544971585273743
Osmanlı,Kanatları çözülen Osmanlı ordusu tamamen savunmaya geçti,NEGATIVE,Negative,0.9801774024963379
Osmanlı,Nihayet Timur merkezdeki Osmanlı piyadesinin direnişini kırmak için ihtiyatlarını ve yanında bulunan otuz kadar fili ileri sürdü,NEGATIVE,Negative,0.9661820530891418
Osmanlı,"Kargaşa ve belirsizliklerle geçen bu on bir yıllık dönem, Osmanlı tarihinde Fetret Devri olarak adlandırıldı",NEGATIVE,Negative,0.9762978553771973
Osmanlı,Osmanlılar bu dönemde Balkanlardaki topraklarını büyük ölçüde korudu ancak Anadolu'da önemli toprak kayıpları yaşadı (Harita 2,NEGATIVE,Negative,0.9968273043632507
Osmanlı,"'
Osmanlı Devleti'nin Ankara Savaşı'nın öncesindeki ve sonrasındaki sınırlarını karşılaştırarak Anadolu ve Bal- kanlardaki değişimleri siyasi açıdan",POSITIVE,Positive,0.5524065494537354
Osmanlı,"Kosova Savaşı'na kadar olan dönemde Osmanlı Devleti'ndeki siyasi ve askerî gelişmeler
Emîr Timur, Ankara Savaşı'nda Yıldırım Bayezid'le birlikte esir alınan şehzadelerden Musa Çelebi'yi bir süre sonra serbest bıraktı, Mustafa Çelebi'yi ise Semerkand'a dönerken yanında götürdü",POSITIVE,Positive,0.6641906499862671
Osmanlı,Osmanlı Devleti'nin toparlanmasını engellemek için de Anadolu beyliklerinin yeniden kurulmasına izin verdi,NEGATIVE,Negative,0.9005842208862305
Osmanlı,Mehmet hükümdar olduktan sonra ilk iş olarak Osmanlı'nın Rumeli'deki otoritesini güçlendirdi ve Anadolu'ya yeniden hâkim olmak için seferler düzenledi,POSITIVE,Positive,0.7768113613128662
Osmanlı,"Onun döneminde İzmir Aydınoğulları'ndan alınarak Osmanlı topraklarına katıldı, Karamanoğulları yenilgiye uğratıldı, Hamidoğulları ve Candaroğulları ise Osmanlı hâkimiyetine alındı",NEGATIVE,Negative,0.7174947261810303
Osmanlı,Böylece Osmanlı Devleti'nin siyasi birliğini yeniden sağlayan I,NEGATIVE,Negative,0.5108112096786499
Osmanlı,"Mehmet, 'Osmanlı'nın ikinci kurucusu' olarak tarihe geçti",POSITIVE,Positive,0.9878432750701904
Osmanlı,1439'da Sırp Despotluğu'nun merkezi Semendire ele geçirildi ve Eflak Prensliği Osmanlı hâkimiyetini tanımak zorunda kaldı,NEGATIVE,Negative,0.9028856158256531
Osmanlı,Murad Han komutasındaki Osmanlı ordusu Belgrad'ı kuşatma altına aldı ancak fethetmeyi başaramadı,NEGATIVE,Negative,0.9886382222175598
Osmanlı,"Osmanlı Devleti'ni kendileri için büyük bir tehdit olarak gören Macarlar, János Hunyadi (Yanoş Hunyadi) komutasındaki bir orduyla Osmanlı'nın Balkanlardaki topraklarına girerek ilerlemeye başladı",NEGATIVE,Negative,0.9571954011917114
Osmanlı,1443'te Osmanlı kuvvetlerini yenilgiye uğratan Macar ordusu Sofya ve Niş'i ele geçirdi,NEGATIVE,Negative,0.7497276067733765
Osmanlı,Osmanlı Devleti'nin başkenti Edirne'ye kadar yaklaşan Macarlar Osmanlı kuvvetleri tarafından güçlükle durduruldu,NEGATIVE,Negative,0.8699594736099243
Osmanlı,"Bu dönemde Karamanoğulları Osmanlı toprakları üzerine sefer düzenleyerek Sivrihisar, Beypazarı, Ankara ve Karahisar'a kadar ilerlemiş, Akşehir ve Beyşehir civarını ele geçirmişti",NEGATIVE,Negative,0.8414918780326843
Osmanlı,12 Haziran 1444'te Osmanlı Devleti ile Macar Krallığı arasında imzalanan Edirne-Segedin Antlaşması'yla Sırp Krallığı'nın yeniden kurulması ve her iki tarafın Tuna'yı aşmaması konularında karara varıldı,POSITIVE,Positive,0.7034912705421448
Osmanlı,"Mehmet'in Osmanlı tahtına çıkmasını fırsat bilen Macar kralı, Edirne-Segedin Antlaşması'nı bozdu ve Eflak Prensliği'yle ittifak kurarak Osmanlı topraklarına girdi",NEGATIVE,Negative,0.7513551712036133
Osmanlı,Bu savaşın ardından Osmanlılar Balkanlarda yeniden güç kazandı,POSITIVE,Positive,0.5462416410446167
Osmanlı,Macarlar ise Osmanlı Devleti'nin Balkanlardaki hâkimiyetine son verme konusunda hâlâ kararlıydı,NEGATIVE,Negative,0.8640332221984863
Osmanlı,Osmanlı ordusu ile Macar ordusu arasında yapılan ve üç gün süren II,NEGATIVE,Negative,0.9325991272926331
Osmanlı,Kosova Savaşı sonucunda Osmanlı Devleti büyük bir zafer kazandı (17-20 Ekim 1448),NEGATIVE,Negative,0.8582826852798462
Osmanlı,"Kosova zaferi, Rumeli'de Osmanlı iktidarının yeniden kök salmasına yardımcı oldu",POSITIVE,Positive,0.5030899047851562
Osmanlı,"'
'Avrupalılar, İkinci Kosova Muharebesi ve zaferi sonrasında Osmanlı'yı kendi evinde yenemeyeceklerini ve Balkanlar'ı geri alamayacaklarını acı bir şekilde anladılar",NEGATIVE,Negative,0.6273051500320435
Osmanlı,Bundan sonraki siyasi ve askeri çabaları Osmanlı'nın Orta Avrupa istikametindeki ilerleyişini durdurma üzerine yoğunlaştı,NEGATIVE,Negative,0.6576741933822632
Osmanlı,"Kosova Muharebesi, Osmanlı ordusu için de bir dönüm noktası oldu",POSITIVE,Positive,0.9274190068244934
Osmanlı,Osmanlılar ilk defa tabur cengi ve ateşli el silahları gibi modern konvansiyonel taktik ve teknikleri hızlı bir şekilde düşmanlarından öğrenerek başarı ile uyguladılar,POSITIVE,Positive,0.5533877015113831
Osmanlı,"'
Uyar ve *
Osmanlı Devleti için II",POSITIVE,Positive,0.8076178431510925
Osmanlı,1299-1453 yılları arasında Osmanlı Devleti'nin Anadolu ve Rumeli'de gerçekleştirdiği siyasi ve askerî mücadelelerle ilgili etkileşimli bulmacayı,POSITIVE,Positive,0.8802650570869446
Osmanlı,"Aşağıdaki kavram ağında Osmanlı Devleti'nin ordu, hukuk ve toprak sistemleriyle ilgili bazı kavramlar verilmiştir",NEGATIVE,Negative,0.5212824940681458
Osmanlı,"Şemadaki kesişim alanlarına yazdığınız kavramlardan hareketle Osmanlı Devleti'ndeki ordu, hukuk ve toprak sistemlerinin birbirleriyle ilişkisi hakkında neler söylenebilir",POSITIVE,Positive,0.855314314365387
Osmanlı,Beylikten devlete geçiş sürecinde Osmanlı Devleti'nin ordu teşkilatının temel özellikleri ile ilgili verilenlerden yararlanarak soruları,POSITIVE,Positive,0.5376165509223938
Osmanlı,"Anadolu'nun kuzeybatı ucunda kurulan Osmanlı Beyliği'nin kısa sürede büyümesinde ve üç kıtada hâkimiyet kurmasındaki en önemli etkenlerden biri, askerî organizasyonda gösterdiği başarıydı",POSITIVE,Positive,0.9703300595283508
Osmanlı,Orhan Bey Dönemi'nin ilk yıllarında Osmanlı askerî kuvvetleri önceki dönemden farklı değildi,NEGATIVE,Negative,0.9474379420280457
Osmanlı,"'
Osmanlı Devleti'nin ilk düzenli askerî birlikleri olan yaya (Görsel 2",NEGATIVE,Negative,0.8657063245773315
Osmanlı,Beylikten devlete geçiş sürecinde Osmanlı toprak sistemi ile tımar sisteminin temel özellikleri ile ilgili verilenleri inceleyerek soruyu,NEGATIVE,Negative,0.8174543380737305
Osmanlı,"Osmanlı Devleti'nin toprak sisteminde araziler genel olarak mirî, mülk ve vakıf olmak üzere üç başlıkta sınıflandırıldı",POSITIVE,Positive,0.8929315805435181
Osmanlı,Osmanlı ekonomisinin temeli tarımsal üretime dayalıydı,POSITIVE,Positive,0.7169693112373352
Osmanlı,"Osmanlı toplumu, yönetenler (askerî) ve yönetilenler (reaya) olarak ikiye ayrılmıştı",NEGATIVE,Negative,0.6076489090919495
Osmanlı,"2: Gelirlerine göre dirlik çeşitleri zir
Osmanlı Devleti'nde toprağın devlete ait olduğu ilkesi hâkimdi",POSITIVE,Positive,0.8094640374183655
Osmanlı,Beylikten devlete geçiş sürecinde Osmanlı ordusunda tımarlı sipahiler ve eyalet kuvvetleriyle ile ilgili verilenleri inceleyerek etkinlikleri yapınız,NEGATIVE,Negative,0.7791776061058044
Osmanlı,Osmanlı ordusunun büyük bölümünü eyaletlerden gelen tımarlı sipahiler oluştururdu (Görsel 2,NEGATIVE,Negative,0.7233074307441711
Osmanlı,"Askerî Faydaları
Ekonomik Faydaları
Siyasi Faydaları
Sosyal Faydaları
Osmanlı Devleti, tımarlı sipahilerin yerel bir güç olarak ortaya çıkmasını engellemek için ne gibi önlemler almış- tır",POSITIVE,Positive,0.5556065440177917
Osmanlı,"Osmanlı ordusunun eyalet kuvvetlerinde tımarlı sipahilerin yanı sıra yaya bir askerî sınıf olan azaplar da (azab, azeb) bulunuyordu",NEGATIVE,Negative,0.8756227493286133
Osmanlı,"'Osmanlı denizciliği, XIV",POSITIVE,Positive,0.5966134071350098
Osmanlı,"Küçük bir kara beyliği olarak kurulmasına rağmen, sahillere ulaştıktan sonra denizcilik bilgi ve tecrübesini devamlı şekilde artırmaya çalışan Osmanlılar, kendilerine öncülük eden Batı Anadolu sahillerinde kurulmuş olan denizci beyliklerden tevarüs ettikleri donanma ve denizcilerden yararlanma yolun",NEGATIVE,Negative,0.930345892906189
Osmanlı,"(…) Osmanlılar, Rumeli'ye yerleştikten sonra Çanakkale Boğazı'nı ve Marmara sahillerini muhafaza edebilmek için Gelibolu'da önemli bir tersane kurmaya ve bir donanma tesis etmeye çalıştılar",NEGATIVE,Negative,0.8471422791481018
Osmanlı,"'
Aşağıdaki tabloda verilenlerden hareketle Osmanlı Devleti'nin kuruluş dönemindeki eyalet kuvvetlerinin isimlerini veya bu kuvvetlerin görevlerini ilgili alanlara yazınız",POSITIVE,Positive,0.5247271060943604
Osmanlı,Zamanla sınırlar genişleyip deniz kıyılarında hâkimiyet kuruldukça Osmanlı donanma kuvvetleri de oluşturuldu,NEGATIVE,Negative,0.6924515962600708
Osmanlı,"Yeniçeri Ocağının kurulması
Devşirme sisteminin uygulanmaya başlanması
Enderunun açılması
Süleymanname adlı eserde yer alan ve Balkanlardaki devşirme alımını tasvir eden bir minyatür, Topkapı Sarayı Müzesi, İstanbul
Osmanlılar, Balkanlardaki başarıların ardından hem fetihleri sürdürmek hem de mevcut",NEGATIVE,Negative,0.9217608571052551
Osmanlı,Ancak Ankara Savaşı sonrasında bu yöntemin yetersiz kaldığı görülünce yeni bir düzenleme yapılarak devşirme sistemine geçildi ve kapıkulu ocaklarına asker alımı Osmanlı Devleti'ne özgü bu yöntemle yapılmaya başlandı,NEGATIVE,Negative,0.987095832824707
Osmanlı,"'Orhan devrinde, piyadelerin eklenmesi ile güçlendirilmiş olan Osmanlı Ordusu, kazandığı onca zafere rağmen, düşmanını kolayca yenecek güce hala sahip değildi",NEGATIVE,Negative,0.9064344167709351
Osmanlı,"Osmanlı Devleti'nin merkezî ordusunun temelini oluşturan kapıkulu askerleri, maaşlarını devlet hazinesinden alan, barış zamanlarında bile savaşa hazır hâlde bulunan profesyonel bir askerî sınıftı",NEGATIVE,Negative,0.504551887512207
Osmanlı,"Bir başka deyişle Osmanlı Devleti, eyaletlerdeki askerî kuvvetleri merkezî otoritenin en büyük dayanağı olan kapıkulu ordusuyla dengelemişti",NEGATIVE,Negative,0.6605624556541443
Osmanlı,Osmanlı'nın rakibi konumundaki diğer Türkmen beylikleri düzenli ordu birlikleri kuramadıkları için zaman içinde birbiri ardına yok oldular,NEGATIVE,Negative,0.9346383213996887
Osmanlı,"'
Yeniçerilerin kullandığı yatağan kılıcı, Metropolitan Museum, New York/ ABD
Devşirme sisteminin Osmanlı'nın devletleşme sürecine etkilerini",NEGATIVE,Negative,0.9471386075019836
Osmanlı,"Osmanlı askerî teşkilatı; Türkiye Selçuklu, İlhanlı ve Memlûk ordularıyla benzer özelliklere sahiptir",POSITIVE,Positive,0.6906725168228149
Osmanlı,"yüzyıl ortalarında Osmanlı ordusundaki toplam asker sayısının yüz bin civarında olduğu; bunların yaklaşık yirmi bininin kapıkulu askerlerinden, altmış binden fazlasının ise tımarlı sipahi ve cebelülerden meydana geldiği düşünülmektedir",NEGATIVE,Negative,0.864468514919281
Osmanlı,"*
Kaynak J'ye göre Osmanlı ordusunun güçlü olmasını sağlayan unsurlar nelerdir",POSITIVE,Positive,0.505050778388977
Osmanlı,Beylikten devlete geçiş sürecinde Osmanlı hukuk sisteminin temel özellikleri ile ilgili metni ve kaynakları inceleyerek etkinlikleri yapınız,POSITIVE,Positive,0.5812941193580627
Osmanlı,"Osmanlı Devleti'nde hukuk, şeri ve örfi olmak üzere iki farklı yargı sisteminden oluşurdu",POSITIVE,Positive,0.9810327291488647
Osmanlı,"Osmanlı hukukunun temeli, kurallarını dinî esaslardan alan şeri hukuka dayanmaktaydı",POSITIVE,Positive,0.906722366809845
Osmanlı,"Osmanlı Devleti'nde hem şeri hem de örfi yargılamalar şeri mahkemelerde yapılır, bu mahkemelere kadılar başkanlık ederdi",POSITIVE,Positive,0.9096145033836365
Osmanlı,Osmanlılar yeni bir yer fethettiklerinde oraya hemen bir kadı tayin ederdi,POSITIVE,Positive,0.7700483798980713
Osmanlı,Osmanlı Devleti'nde yargı teşkilatının başında kazasker (kadı asker) adı verilen devlet görevlileri bulunurdu,POSITIVE,Positive,0.7776036858558655
Osmanlı,"'Osmanlı Devleti'nin ilk döneminde fakihlik yönüyle en yaygın olarak bilinen şahsiyetlerin başında, aynı zamanda Osman Gazi'nin bacanağı da olan, Dursun Fakih gelmektedir",POSITIVE,Positive,0.7535739541053772
Osmanlı,"(…) Dursun Fakih erken dönem Osmanlı toplumunda, tefsir, usul ve fıkıhta Edebalı'dan sonra gelen ikinci kişi olarak kabul edilir",POSITIVE,Positive,0.8523136377334595
Osmanlı,"(…) Dursun Fakih, Karacahisar'da ilk Cuma ve Bayram namazını kıldırıp, Osmanlı Devleti'nin ilk bağımsızlık hutbesini okuyan kişidir",NEGATIVE,Negative,0.5926784873008728
Osmanlı,Osmanlı Devleti'nde kadılar çok geniş ve kapsamlı yetkilere sahipti,POSITIVE,Positive,0.9893054962158203
Osmanlı,"'Osmanlı kadısının mülkî, beledî, malî, askerî ve adlî sahaları kapsayan görevleri göz önüne alınırsa onun kadar geniş bir görev alanı bulunan bir başka memur olmadığı gibi memuriyet kompartımanı ve şahsiyeti onun kadar çeşitli olanı da yoktur denebilir",NEGATIVE,Negative,0.5562040209770203
Osmanlı,"'
Osmanlı hukuk sisteminin devletleşme sürecine etkileri nelerdir",NEGATIVE,Negative,0.8022037148475647
Osmanlı,Osmanlı Devleti'nde kadıların görevlerini aşağıdaki alana çizeceğiniz bir şema üzerinde gösteriniz,POSITIVE,Positive,0.8965540528297424
Osmanlı,"Grubunuzla birlikte 'Öğrenelim' başlığı altında verilen Osmanlı Devleti'nin ordu, hukuk ve toprak sistemleriyle ilgili  bilgileri gözden geçiriniz",POSITIVE,Positive,0.876131534576416
Osmanlı,"Yandaki karekod üzerinden Osmanlı ordu, hukuk ve toprak sistemleriyle ilgili bilgi yarışması için hazırlanan örnek soruları inceleyebilirsiniz",NEGATIVE,Negative,0.6449372172355652
Osmanlı,"Yandaki karekod üzerinden verilen Osmanlı Devleti'nin ordu, hukuk ve toprak sistemleri ile ilgili bulmacayı",POSITIVE,Positive,0.5599039793014526
Osmanlı,Osmanlı Devleti'nin gayrimüslimlere karşı tutumunun siyasi etkileri neler olmuştur,NEGATIVE,Negative,0.8452281355857849
Osmanlı,Yandaki karekod üzerinden Balkanlardaki Osmanlı eserleri ile ilgili etkileşimli haritaya ulaşabilirsiniz,POSITIVE,Positive,0.9581995606422424
Osmanlı,Günümüze ulaşabilen Osmanlı eserlerinin en fazla ve en az bulunduğu Balkan ülkeleri hangileridir,POSITIVE,Positive,0.6155726313591003
Osmanlı,Haritada gösterilen Osmanlı eserlerinden hangisi daha çok ilginizi çekti,NEGATIVE,Negative,0.5907485485076904
Osmanlı,Siz olsaydınız Osmanlı Devleti'nin fethettiği topraklarda kalıcı olması için nasıl bir strateji izlerdiniz,NEGATIVE,Negative,0.9169652462005615
Osmanlı,Osmanlı Devleti'nin fethettiği topraklarda kalıcı olabilmek için izlediği iskân politikasıyla ilgili verilenlerden yararlanarak soruları,NEGATIVE,Negative,0.774976372718811
Osmanlı,"Osmanlı Beyliği, Anadolu'daki beylikler için fetih alanı kabul edilen Doğu Roma sınırında, Söğüt ve Domaniç'te kurulmuştu",POSITIVE,Positive,0.5624822974205017
Osmanlı,Osmanlılar bu nedenle XIV,NEGATIVE,Negative,0.9554668068885803
Osmanlı,"Rumeli'ye geçiş, Osmanlı tarihindeki en önemli dönüm noktalarından biridir",POSITIVE,Positive,0.9947051405906677
Osmanlı,"Osmanlılar, Orhan Bey'in oğlu Süleyman Paşa'nın Gelibolu Yarımadası'ndaki Çimpe Kalesi'ne yerleşmesiyle (1352) Rumeli fetihlerine başla-
İskân Politikası
Osmanlı Devleti'nin belli bir bölgeyi Türkleştirmek, İslamlaştırmak ve şenlendirmek ya da bölgenin güvenliğini sağlamak amacıyla orada yaşayan yer",NEGATIVE,Negative,0.6172751784324646
Osmanlı,"İlk iskânlarla başlayan bu süreç sonunda Osmanlılar, XX",NEGATIVE,Negative,0.5138354897499084
Osmanlı,Osmanlı Devleti'nin Rumeli'de hâkimiyet kurması öncelikle burada uygulanan politikalar sayesinde mümkün olmuştur,NEGATIVE,Negative,0.9160464406013489
Osmanlı,"Osmanlılar fethettikleri topraklarda sömürge siyaseti yapmamış, bu bölgelere yerleşmeyi ve yeni yurtlar edinmeyi amaçlamıştır",POSITIVE,Positive,0.5001322627067566
Osmanlı,"Osmanlı Devleti'nin iskân politikası sınırları ve hedefleri belirlenmiş, planlı bir yerleşim stratejisidir",NEGATIVE,Negative,0.6766732335090637
Osmanlı,"Osmanlı yönetimi bu politikaları oluştururken fethedilen bölgenin coğrafi özellikleri, sosyoekonomik yapısı, siyasi durumu, nüfus özellikleri, ulaşım yolları gibi birçok etkeni de göz önünde bulundurmuştur",POSITIVE,Positive,0.9202525615692139
Osmanlı,"'Osmanlı Devletinin nüfus ve iskân politikasının esasında, sistemin ihtiyacı olan nitelikteki insanların gerekli yerde gerekli miktarda bulundurulmasının temini vardır",NEGATIVE,Negative,0.8266185522079468
Osmanlı,"''
Osmanlı Devleti'nin iskân politikasında ekonomik faaliyetlerin dikkate alınmasının nedenleri ne olabilir",NEGATIVE,Negative,0.9711757302284241
Osmanlı,"Osmanlı Devleti'nin uc merkezlerinden biri olan bu şehre Saruhan Bölgesi'nden getirilen Türkler yerleştirilmiş ve kısa sürede birçok cami, han, hamam, çarşı vb",POSITIVE,Positive,0.6116628050804138
Osmanlı,Osmanlı Devleti'nde iskân politikası uygulanırken merkezî otoriteyi güçlendirmeye yönelik bazı önlemler alınmıştır,NEGATIVE,Negative,0.7885568737983704
Osmanlı,Özellikle savaş yoluyla Osmanlı'ya tabi olan Anadolu beyliklerinin ileri gelenleri ve halkları -Rumeli başta olmak üzere- farklı belde ve bölgelere iskân edilmiş ve tımar arazisi verilen bu kimselerin devlete bağlanması sağlanmıştır,NEGATIVE,Negative,0.5627113580703735
Osmanlı,"'Osmanlılar, yeni fethedilen bölgelerin güvenliğini sağlamak amacıyla iyi hazırlanmış bir iskan ve toplu sürgün yöntemi kullanmışlardır",NEGATIVE,Negative,0.9190438985824585
Osmanlı,Osmanlı Devleti fethedilen topraklara Türk nüfusunun yerleştirilmesine de büyük önem vermiştir,POSITIVE,Positive,0.7603579759597778
Osmanlı,"(…) Fetihlerin devam ettiği ilk yıllarda Osmanlılar, Anadolu'nun her tarafından akın akın kendi topraklarına gelen Müslüman Türk halkının Balkanlar'a gönüllü göçünü sürekli teşvik etmiştir",POSITIVE,Positive,0.7532249689102173
Osmanlı,"''
Orta Çağ'da inşa edilen ve Osmanlı Dönemi'nde bazı tadilat ve genişletme çalışmalarıyla kullanılmaya devam eden Pirot Kalesi, Sırbistan
Sultan I",NEGATIVE,Negative,0.9663289785385132
Osmanlı,"Bulgaristan, Sırbistan ve Doğu Roma sınırındaki stratejik bir mevkide bulunan bu yerleşim yeri 1456'ya kadar birçok kez el değiştirmiş ve bu tarihte Osmanlı hâkimiyetine girmiştir",POSITIVE,Positive,0.6411773562431335
Osmanlı,"''
Osmanlı Devleti'nin iskân ve güvenlik politikaları arasında nasıl bir ilişki vardır",NEGATIVE,Negative,0.8258185386657715
Osmanlı,"'
Kaynak F ve Kaynak G'de Osmanlı Devleti'nin iskân politikasına yönelik hangi benzer ve farklı yaklaşımlara yer verilmiştir",NEGATIVE,Negative,0.8431321978569031
Osmanlı,Osmanlı Devleti'nin fethettiği topraklarda kalıcı olabilmek için izlediği istimalet politikasıyla ilgili verilenlerden yararlanarak soruları,NEGATIVE,Negative,0.8967914581298828
Osmanlı,"Osmanlı Devleti, Rumeli ve Balkanlarda uzlaşmaya dayalı bir fetih siyaseti izledi",NEGATIVE,Negative,0.5522640943527222
Osmanlı,"İstimalet (gönül alma) adı verilen bu yaklaşımın amacı, yeni fethedilen yerlerdeki gayrimüslimlerin devlete bağlılığını sağlamak ve o bölgelerde Osmanlı hâkimiyetini kalıcı hâle getirmekti",NEGATIVE,Negative,0.8937445878982544
Osmanlı,) Romanya'da Dobruca ve civarında Osmanlılar'ın fetih dönemlerinden önce az ve dağınık sayıda Müslüman toplulukları vardı,POSITIVE,Positive,0.6496677398681641
Osmanlı,"*
Günümüzde Yanya Kalesi içinde bulunan Fethiye Camisi, Yanya / Yunanistan
Yanya Kalesi içinde bulunan şehir, 1430'da Rumeli Beylerbeyi Sinan Paşa tarafından kuşatılınca teslim olmuş ve Osmanlı hâkimiyetine girmiştir",POSITIVE,Positive,0.5206323862075806
Osmanlı,"Osmanlı Devleti'nin Balkanlarda istimalet politikası uygularken adaleti gözetmesi, fethedilen yerlerde kalı- cı olmayı nasıl etkilemiş olabilir",NEGATIVE,Negative,0.887199342250824
Osmanlı,"Osmanlı Devleti'nin fethettiği topraklarda uyguladığı iskân ve istimalet politikalarına yönelik Kaynak F, Kaynak H ve Kaynak K'deki farklı bakış açılarının nedenlerine dair üç soru yazınız",NEGATIVE,Negative,0.8524280190467834
Osmanlı,"Osmanlı Devleti'nin istimalet politikasıyla ilgili Kaynak F, Kaynak H ve Kaynak K'deki farklı bakış açılarının olmasının nedenleri neler olabilir",NEGATIVE,Negative,0.9399964213371277
Osmanlı,"Eksik bilgiler
Ön yargılar
Politik yaklaşımlar
Kaynakların sınırlılığı
Osmanlı Devleti'nin iskân ve istimalet politikalarının uygulanmasında etkili olan sosyal yapılarla ilgili verilenlerden yararlanarak soruları",NEGATIVE,Negative,0.9979098439216614
Osmanlı,"Osmanlı Devleti, fetihler sırasında akıncı uc beylerinin, aşiret reislerinin ve Anadolu gazilerinin (Gaziyân-ı Rum) gücünden ve desteğinden de faydalanmıştır",NEGATIVE,Negative,0.6416735649108887
Osmanlı,İslamiyeti benimsemiş Türkmen gaziler kahramanlık ve ekonomik koşulların bir araya geldiği yaşam biçimi içinde Osmanlı Devleti'ne hizmet ederken Rumeli'nin fethi ve iskanını da kolaylaştırıyorlardı,POSITIVE,Positive,0.7950708270072937
Osmanlı,"Gaziyân-ı Rum (Temsilî)
Sarı Saltuk (Temsilî)
''Tamamen dinî duygularla seyahat ederek Osmanlılar'ın Balkanlara gelmesinden çok daha önceleri bölgeye gelen dervişler İslam'ı yaşayarak yerli halka göstermişlerdir",NEGATIVE,Negative,0.8103232979774475
Osmanlı,''Kuruluş döneminde Osmanlı hükümdarlarının yanında tahta kılıçlarla harb eden kaleler alan bir avuç müridi ile binlerce düşmanı ezerek Müslümanlığı yayan 'Abdal' lakablı birçok derviş bulunmaktadır,POSITIVE,Positive,0.8016118407249451
Osmanlı,"Abdalan-ı Rum'un Osmanlı Devleti'nin kuruluşu sırasında fetihteki yardımları, Anadolu ve Balkanların İslamlaştırılmasındaki rolleri ve hanedanın meşruiyetini tahkim ve takviye etme hususundaki rolleri bilinmektedir",POSITIVE,Positive,0.6842715740203857
Osmanlı,"'
Osmanlı Devleti'nin iskân ve istimalet politikalarını sürdürmesine katkı veren sosyal yapılardan biri de Ahilik teşkilatıdır",POSITIVE,Positive,0.8969529271125793
Osmanlı,"Osmanlı kaynaklarında Anadolu gazileri (Gaziyân-ı Rum), Anadolu abdalları (Abdalân-ı Rum), Anadolu Ahileri (Ahiyân-ı Rum), alperen gibi isimlerle anılan bu dervişler, tarih araştırmacıları tarafından kolonizatör Türk dervişleri olarak isimlendirilmiştir",NEGATIVE,Negative,0.9457497000694275
Osmanlı,"Diğer taraftan Osmanlı padişahları Balkanlar'daki fetihlerde, ahî şeyhleri ile yakın temas halinde olurlardı",POSITIVE,Positive,0.8169829845428467
Osmanlı,"Bu esnada bir taraftan Balkanlar'da Osmanlı Devleti gelişmesini sürdürürken, diğer taraftan sivil ve askerî kurumlar, ahîlik gibi sivil ve dinî örgütler yerleşmelerini sağlamış olurdu",POSITIVE,Positive,0.8873754143714905
Osmanlı,"*
Osmanlı Devleti'ndeki sosyal yapılar iskân ve istimalet politikalarını nasıl etkilemiştir",POSITIVE,Positive,0.6562278866767883
Osmanlı,Osmanlı Devleti'nin uyguladığı iskân ve istimalet politikalarının avantaj ve dezavantajlarını aşağıdaki T cetvelinin ilgili alanlarına yazınız,NEGATIVE,Negative,0.9158968925476074
Osmanlı,"Dezavantajlar
Yandaki karekod üzerinden Osmanlı Devleti'nin iskân ve istimalet politikasıyla ilgili etkileşimli videoya ulaşabilirsiniz",NEGATIVE,Negative,0.5649014711380005
Osmanlı,Grup arkadaşlarınızla birlikte Osmanlı Devleti'nin iskân ve istimalet politikası hakkında araştırma yapınız,NEGATIVE,Negative,0.684057354927063
Osmanlı,Osmanlı Devleti'nin fethettiği topraklarda kalıcı olabilmek için izlediği iskân ve istimalet politikalarıyla ilgili incelediğiniz kaynaklardan yola çıkarak aşağıdaki tarihsel kaynak analiz formunu,NEGATIVE,Negative,0.5881731510162354
Osmanlı,Öğretmeninizin rehberliğinde 'Osmanlı Devleti'nin fethettiği topraklarda kalıcı olabilmek için izlediği politikaları ve bu politikaların uygulanmasında rol oynayan sosyal yapıların faaliyetleri' hakkında Sokratik tartışma başlatınız,POSITIVE,Positive,0.8313368558883667
Osmanlı,"1326-1451 yıllarında Osmanlı Devleti'nin Bursa'da inşa ettiği tarihî eserleri içeren kroki
Osmanlı Dönemi'ne ait Bursa şehir krokisi üzerinden Osmanlı şehirlerinin özelliklerine dair hangi çıka - rımlarda bulunabilirsiniz",NEGATIVE,Negative,0.7100149393081665
Osmanlı,"Osmanlı Devleti'nin ilim ve irfan geleneğinin oluşmasında şehir, kurum ve şahsiyetlerin etkileri ile ilgili verilen metin ve kaynaklardan yararlanarak soruları",NEGATIVE,Negative,0.7991151809692383
Osmanlı,Osmanlı belgelerinde şehir kavramı 'cuma kılınır ve pazar kurulur yer' şeklinde tanımlanmıştır,POSITIVE,Positive,0.8275336623191833
Osmanlı,Bu tanıma göre Osmanlı şehirlerinin merkezinde bir cuma camisi (ulu cami) ve haftanın belirli günlerinde kurulan pazarlar bulunur,POSITIVE,Positive,0.9580166339874268
Osmanlı,"Oğuzların Kayı boyuna mensup konargöçer bir Türkmen topluluğu olan Osmanlılar, Kuruluş Dönemi'nden itibaren yerleşik hayata geçmeye yönelik bir yapı oluşturmuş, şehre ve şehirleşmeye büyük önem vermiştir",NEGATIVE,Negative,0.6295873522758484
Osmanlı,"Osmanlı taşra teşkilatının ana birimleri olan sancak, kaza ve nahiyeler, o dönem için şehir ve kasaba olarak kabul edilir",POSITIVE,Positive,0.7225044369697571
Osmanlı,Osmanlı Devleti'nin kuruluş yıllarında Doğu Roma'dan fetih yoluyla alınan şehir ve kasabalar iskân politikaları ve imar çalışmaları ile Türk-İslam kimliği kazanmıştır,NEGATIVE,Negative,0.5103938579559326
Osmanlı,Daha önce Türkiye Selçuklularının ve Anadolu beyliklerinin hâkimiyetinde olan bazı şehirler ise Türk-İslam kimliğini kazanmış olarak Osmanlı şehrine dönüşmüştür,NEGATIVE,Negative,0.6352402567863464
Osmanlı,"Bu bakımdan Osmanlı şehir geleneği, Türkistan ve Doğu Roma'nın yanı sıra özellikle Selçuklu şehir geleneğinin taşıyıcısı olmuştur",POSITIVE,Positive,0.9239694476127625
Osmanlı,"Örneğin Bursa ve Edirne, Doğu Roma'dan alındıktan sonra birer Osmanlı şehrine dönüşmüş; Kütahya, Amasya ve Konya ise Türkiye Selçuklularından ve Anadolu beyliklerinden getirdikleri mirasla birlikte Osmanlı kimliğini kazanmıştır",POSITIVE,Positive,0.7858989834785461
Osmanlı,Osmanlı Devleti'nde şehirleşme anlayışı sürekliliği koruma üzerine şekillendirilmiştir,POSITIVE,Positive,0.8603139519691467
Osmanlı,"Osmanlılar fethettikleri şehirlerde demografiyi değiştirmemiş, kurumsal yapıyı bozmamış, mimari eserleri tahrip etmemiştir",POSITIVE,Positive,0.8551841974258423
Osmanlı,Osmanlılar da bu geleneği sürdürerek yeni fethettikleri şehirlerde medreseler inşa etmiş ve kurumsal kültürün devamlılığını sağlamıştır,POSITIVE,Positive,0.9665395021438599
Osmanlı,"'
Osmanlı şehirlerinde süreklilik sağlanmasının kazanımları neler olabilir",NEGATIVE,Negative,0.8457518815994263
Osmanlı,"Osmanlı Devleti'nde cami, medrese ve çarşının ön plana çıkması şehirlere nasıl bir kimlik kazandırmış ola- bilir",POSITIVE,Positive,0.60553377866745
Osmanlı,"Osmanlı şehirlerinin temel yerleşim birimi, genellikle yüksekte konumlanan ve surlarla çevrilen kale içi adlı alanlardır",NEGATIVE,Negative,0.543404221534729
Osmanlı,"Osmanlılar, fethettikleri şehirleri kale içinin dışında kalan ve tahtakale (tahte'l-kal'a) adı verilen yerlere yeni iskân alanları kurarak genişletmiştir",NEGATIVE,Negative,0.7459518313407898
Osmanlı,Kale içinde bir caminin yanı sıra Osmanlı sarayı ve saray teşkilatının evleri bulunur,POSITIVE,Positive,0.9015165567398071
Osmanlı,"Külliyelerin çevresine ise Osmanlı ahalisinin yerleştiği mahalleler kurularak yarı açık veya tam açık planlı Osmanlı şehirleri oluşturulur
'Bursa ve Edirne (…), fetih anında var olan bu şehirlerin Kaleiçi bölgeleri, fetihten sonra vergi vermeyi kabul eden gayrimüslim nüfusa bırakılmıştır",NEGATIVE,Negative,0.9447123408317566
Osmanlı,Bu bölgede sadece boş kalan mülkler Osmanlı ahalisine tahsis edilmiştir,NEGATIVE,Negative,0.9144724011421204
Osmanlı,"'
Fetihlerin ardından Osmanlı kimliği kazanan şehirler neden külliyelerin etrafında şekillenmiştir",NEGATIVE,Negative,0.8154866695404053
Osmanlı,Osmanlı Devleti'nde şehirleri büyütüp yerleşimi artırmanın ve ilim merkezleri kurmanın temel mekanizmasını külliyeler oluşturmuştur,POSITIVE,Positive,0.8779458999633789
Osmanlı,Buna göre Osmanlı Beyliği Konya'yı aldıktan sonra bu mekânsal dağılımda ne gibi değişiklikler yapılmış olabi- lir,NEGATIVE,Negative,0.9277951717376709
Osmanlı,"'Orhan Gazi, başta İznik ve Osmanlı Beyliği'nin merkezi Bursa olmak üzere birçok yerde vakıf eserler tesis ettirdi; 1339-1340'ta Bursa'da kalenin doğu tarafında cami (Orhan Camii), imaret, medrese, hamam ve kervansaraydan oluşan bir külliye yaptırdı",POSITIVE,Positive,0.6781060695648193
Osmanlı,"'
Osmanlı şehirlerinin külliye, medrese, darüşşifa, imaret, tekke gibi kurumların etrafında şekillenerek geliş- mesi şehrin ilmî ve kültürel hayatını nasıl etkilemiş olabilir",NEGATIVE,Negative,0.7363467812538147
Osmanlı,Osmanlı şehirlerinde mekân planlaması yapılırken külliye ve mahallelerin yanı sıra çarşılara da büyük önem verilmiştir,POSITIVE,Positive,0.9427065253257751
Osmanlı,"Osmanlı şehirlerindeki bedesten, han ve dükkânların yanı sıra bunların gelirleriyle hizmet veren külliye, medrese, cami, mescit, imaret gibi kurumların tamamı vakıf mülküdür",POSITIVE,Positive,0.9007459878921509
Osmanlı,Osmanlı şehirlerinde ticari faaliyetlerin yürütüldüğü hanlar ve bedestenler ile vakıf kurumları arasındaki iliş- kiyi üç cümleyle,POSITIVE,Positive,0.7957358956336975
Osmanlı,"3: Osmanlı Devleti'ndeki bazı vakıf kurumları ve özellikleri
Bursa urad'ın
ünümüz maretin
oğlu etsin-
Osmanlı şehirlerindeki dinî, sosyal ve kültürel ihtiyaçlar vakıflar aracılığıyla karşılanmıştır",POSITIVE,Positive,0.5385724306106567
Osmanlı,"Muradiye Camisi'nin dışarıdan görünümü, Bursa
Muradiye Camisi'nin içeriden görünümü, Bursa
Osmanlı Devleti'nde her şehirde irili ufaklı yüzlerce vakıf kurularak ihtiyaç sahiplerine, yolculara, hastalara, yaşlılara vb",NEGATIVE,Negative,0.8439627289772034
Osmanlı,Bu darüşşifa ilk Osmanlı darüşşifası olarak kabul edilir,POSITIVE,Positive,0.6470559239387512
Osmanlı,İlk Türk-İslam devletlerinin başlattığı bu faaliyetler Osmanlı Dönemi'nde de devam ettirilmiştir,POSITIVE,Positive,0.9612191915512085
Osmanlı,"Osmanlılar, ilmî, sosyal ve kültürel kurumları bünyesinde toplayan külliyeleri daha sistemli bir yapı olarak organize etmiştir",POSITIVE,Positive,0.6969714760780334
Osmanlı,"240 km n:l:
Kaynaklarda verilen Karahanlı, Büyük Selçuklu, Türkiye Selçuklu ve Osmanlı medreselerinin benzer ve farklı özelliklerini yazınız",NEGATIVE,Negative,0.8787497878074646
Osmanlı,Selçuklu ve Osmanlı dönemlerinde Anadolu'daki ilmî çalışmalar iki koldan beslenmiştir,POSITIVE,Positive,0.9703682065010071
Osmanlı,"Aşağıdaki dilsiz harita üzerinde Osmanlı ilim ve irfan geleneğinin şekillenmesine kaynaklık eden önemli devlet, bölge ve şehirlerin yerlerini işaretleyerek isimlerini yazınız ve her birini farklı renklerde boyayınız",POSITIVE,Positive,0.8541467189788818
Osmanlı,İlk Osmanlı şehirlerinin kurulmasından itibaren Osmanlı Devleti'nde ilim ve irfan geleneğinin korunmasına büyük önem verilmiş ve ilmî çalışmaların sürdürülmesi için yeni kurumlar açılmıştır,POSITIVE,Positive,0.9421200752258301
Osmanlı,Orhan Gazi Dönemi'nde ilk Osmanlı medresesi olarak kurulan İznik Orhaniye Medresesinin ardından başta Bursa ve Edirne olmak üzere yeni fethedilen şehirlerdeki külliyelerin içinde medreseler yapılmıştır,POSITIVE,Positive,0.7548887133598328
Osmanlı,Sadece Orhan Gazi Dönemi'nde Osmanlı topraklarında on medrese inşa edilmiştir (Görsel 2,NEGATIVE,Negative,0.9724253416061401
Osmanlı,"'Osmanlı Beyliği'nde ilk medrese olarak Orhan Gazi'nin 1331'de kurduğu, İznik Orhaniyesi adını da taşıyan İznik Medresesi gösterilir",POSITIVE,Positive,0.8330217599868774
Osmanlı,"'
'(…) Osmanlılardan önce Selçuklular devrinde, daha eski devirlerde gerek İran'da ve gerek Anadolu'da ilim kurumları ve bu kurumları besleyen bilginler vardı ve Osmanlı devleti kurulduğu zaman Anadolu'daki bu kurumlar, hocaları, öğrencileriyle birlikte, yavaş yavaş bu yeni devlete geçmiştir",POSITIVE,Positive,0.913704514503479
Osmanlı,) Bu çeviride belki ilk defa olarak arzın yuvarlak olduğu Osmanlı-Türk eserlerine geçmiştir,POSITIVE,Positive,0.8907610177993774
Osmanlı,"'
Kuruluş Dönemi'nde Osmanlı şehirlerindeki ilmî faaliyetleri açıklayan üç cümle yazınız",POSITIVE,Positive,0.8799883127212524
Osmanlı,Kuruluş Dönemi'nde Osmanlı şehirlerindeki ilmî faaliyetlerin gelişmiş olmasının nedenleri neler olabilir,NEGATIVE,Negative,0.7336266040802002
Osmanlı,'Palamas 1354'de İstanbul'a giderken Osmanlı birliklerine esir düştü ve Bursa'da bulunan Orhan Gazi'nin yanına götürüldü,NEGATIVE,Negative,0.9195500016212463
Osmanlı,"Orhan Gazi, Palamas kendine takdim edilince Osmanlı Beyliği uleması ile Palamas arasında bir münazara tertip edilmesini istedi",NEGATIVE,Negative,0.8821508288383484
Osmanlı,"Mehmet'in Amasya beylerbeyi olarak tayin ettiği Halil Paşa'nın 1415'te yaptırdığı Haliliye Medresesi, Kuruluş Dönemi'nde inşa edilen Osmanlı medreselerinden biridir",POSITIVE,Positive,0.8575141429901123
Osmanlı,İlk Türk-İslam devletlerinde olduğu gibi Osmanlı Dönemi'nde de medreselerin yanı sıra cami ve mescitlerde eğitim verilmeye devam edildi,POSITIVE,Positive,0.9592751860618591
Osmanlı,"Murad devirlerinde Osmanlılar'daki ilmî seviye, Fatih devrinden hiç de aşağı değildi",NEGATIVE,Negative,0.8840926885604858
Osmanlı,"Yine Osmanlı ülkesine gelen Mecdeddin el-Firuzâbâdî, Şemseddin el-Cezerî, Abdurrahman el-Bistamî, İbn Arabşah sahalarının en yetkili âlimleriydi",POSITIVE,Positive,0.6571024656295776
Osmanlı,"'
'Yıldırım Bayezid ve sonrası dönemde Osmanlı medreselerinde verilen yüksek ve kaliteli eğitim, bilhassa Bursa ve Edirne'nin birer cazibe merkezi haline gelmesi ve dışarıdan pek çok talebenin ilim öğrenme gayesiyle bu şehirlere gelmesiyle neticelenmiştir",POSITIVE,Positive,0.9274417757987976
Osmanlı,"Yeni Platonculuk akımının kurucusu meşhur filozof Georgios Gemistos Plethon (1360-1452) muhtemelen 1380'lerde Bizans'tan 'kaçarak', felsefe bilgilerini derinleştirmek amacıyla Yıldırım Bayezid devrinin sonlarına doğru Osmanlı başkentine gelmiştir",POSITIVE,Positive,0.6219722628593445
Osmanlı,"(…)
Osmanlı Devleti'nin kuruluş döneminde kurulan medreselerin çok yönlü ve iyi eğitim veren kurumlar olarak güçlü bir cazibe merkezi haline gelmelerinde bu kurumlarda görev yapan müderrislerin devrinin en önemli medreselerinde eğitim gördükten sonra gelip burada çalışmalarının büyük payı vardı",POSITIVE,Positive,0.8997772336006165
Osmanlı,"Murad devrinin sonlarında, Osmanlı medreselerin sayısının artmasıyla başlayan bu tercüme hareketi II",NEGATIVE,Negative,0.6336877942085266
Osmanlı,"'
1 Gazi Mihal Camisi, Edirne
Yaninda iki tâbhane (konu- kevi) bulundugu için ""zaviyeli
cami"" özelligi tasiyan bu yapi,
Selçuklu ve Anadolu Beylik- leri dönemlerinden Osmanli
Dönemine geçis sürecindeki degisimi gösteren en güzel
Medreselerde eğitim alan ve eğitim veren kişiler Osmanlı şehir hayatını",POSITIVE,Positive,0.9201894402503967
Osmanlı,Kaynaklarda 'Osmanlı Devleti'nde Kuruluş Dönemi'nden itibaren ilim ve irfan hayatına büyük önem veril- miştir,POSITIVE,Positive,0.7562193870544434
Osmanlı,"Osmanlı şehirlerinde ilmî ve kültürel faaliyetler, medreselerin yanı sıra tekke, zaviye ve dergâhlarda yürütülmüştür",POSITIVE,Positive,0.9458937644958496
Osmanlı,"Osmanlı fetihlerinin başladığı ilk yıllardan itibaren tekke, zaviye ve dergâhlar, yeni fethedilen yerlerdeki iskân faaliyetlerinde de öncülük etmiştir",POSITIVE,Positive,0.952176034450531
Osmanlı,"Gazi Mihal Camisi, Edirne
Yanında iki tâbhane (konukevi) bulunduğu için ""zaviyeli cami"" özelliği taşıyan bu yapı, Selçuklu ve Anadolu Beylikleri dönemlerinden Osmanlı Dönemi'ne geçiş sürecindeki değişimi gösteren en güzel örneklerden biridir",POSITIVE,Positive,0.9863281846046448
Osmanlı,"Mevlana Müzesi, Konya
1274'te Mevlana Celaleddin Rumi için inşa edilen türbeyle bu külliyenin temelleri atılmış, Osmanlı Dönemi'nde eklenen yeni binalarla da günümüzdeki görünümüne kavuşmuştur",POSITIVE,Positive,0.8884515762329102
Osmanlı,Öğrendiklerinizden yararlanarak ilk Türk-İslam devletlerinden Osmanlı Devleti'ne uzanan süreçteki eğitim faaliyetlerinde değişime uğrayan ve süreklilik gösteren unsurları değerlendirerek tablonun ilgili alanlarını,POSITIVE,Positive,0.9278705716133118
Osmanlı,Selçuklu Dönemi'nde Konya merkezli olarak yayılmaya başlayan Mevlevilik Osmanlı Dönemi'nde de geniş bir coğrafya üzerinde etkisini sürdürmüştür,POSITIVE,Positive,0.9801738262176514
Osmanlı,"Osmanlılar, Selçuklu Dönemi'ndeki ilim ve tasavvuf geleneği ile Mevlevilik üzerinden bağ kurmuştur",POSITIVE,Positive,0.9304807782173157
Osmanlı,"Yıldırım Bayezid'in oğullarının Mevlevi şeyhlerinin kullandığı çelebi ünvanını kullanması, Osmanlı idaresinin o dönemde Mevlevilik düşüncesiyle olan bağını göstermektedir",NEGATIVE,Negative,0.6050001382827759
Osmanlı,"Özellikle Osmanlı döneminde ilmi tarikatçılığın ön plana çıkarılması ile tekke ve zaviyelerde eğitim-öğretime dair önemli gelişmeler olmuş, buralarda görevli âlim şeyhler, akademik seviyede verdikleri derslerden başka birçok telif eser yazmışlardır",POSITIVE,Positive,0.5748605132102966
Osmanlı,"'
Osmanlı Dönemi'nde tekkelerin sosyal ve kültürel hayattaki işlevleri nelerdir",POSITIVE,Positive,0.8323620557785034
Osmanlı,Selçuklular ve Anadolu Beylikleri dönemlerinde olduğu gibi Osmanlı şehirlerindeki âlimler ve mutasavvıflar da ilmî faaliyetlerine ve düşünce üretimlerine devam etmiştir,POSITIVE,Positive,0.7781333923339844
Osmanlı,Gerek yetiştirdikleri talebeler ve yazdıkları eserler gerekse yaptıkları sohbetler ve verdikleri hizmetler yoluyla Osmanlı şehir hayatında kültürel zenginliği ve etkileşimi sağlamışlardır,POSITIVE,Positive,0.9720481038093567
Osmanlı,"Bu dö- nemin önemli âlim ve âriflerinden Şeyh Edebali, Davud-i Kayseri, Dursun Fakih, Emir Sultan ve Hacı Bayram Veli, Osmanlı ilim ve irfan geleneğinin oluşumuna ve gelişimine büyük katkılarda bulunmuştur",POSITIVE,Positive,0.919450044631958
Osmanlı,Osmanlı Devleti'nde şehirlerden köylere kadar çok sayıda tekke ve zaviye bulunmasının nedenleri neler olabilir,POSITIVE,Positive,0.856715202331543
Osmanlı,Osmanlı Devleti'nin kuruluşundaki en etkili kişilerden biridir,POSITIVE,Positive,0.9900360107421875
Osmanlı,Bu rüya anlatısıyla Osmanlı Devleti'nin kuruluşuna manevi bir yorum katılmıştır,POSITIVE,Positive,0.5344905853271484
Osmanlı,"Tasavvuf geleneğinden gelen Şeyh Edebali, yerleştiği Söğüt ve Bilecik çevresinde ve diğer Osmanlı şehirlerinde hem Ahilik kültürünün hem de tasavvuf düşüncesinin yerleşmesine katkıda bulunmuş, çok sayıda insan yetiştirmiştir",POSITIVE,Positive,0.9301310181617737
Osmanlı,Şeyh Edebali'nin Osmanlı ilim ve irfan geleneğiyle ilişkisi hakkında soru soran bir tarih öğretmeninin sorusunu ve öğrencilerin bu soruya verebilecekleri cevapları zihninizde tasarlayınız ve bunları aşağıdaki konuşma balonlarına yazarak görseli tamamlayınız,POSITIVE,Positive,0.9552345275878906
Osmanlı,"DAVUD-İ KAYSERİ (1260-1350)
Davud-i Kayseri'yi dönemin astronomi aletleriyle ders verirken tasvir eden bir tablo, Panorama 1326 Fetih Müzesi, Bursa
Osmanlı Devleti'nin ilk müderrislerindendir",POSITIVE,Positive,0.979422390460968
Osmanlı,"Bir süre Tebriz'de yaşadıktan sonra Orhan Gazi'nin davetiyle Osmanlı topraklarına gelen Davud-i Kayseri, yeni kurulan İznik Medresesinde başmü- derris olarak görev yapmıştır",NEGATIVE,Negative,0.6140576004981995
Osmanlı,Burada Osmanlı medrese teşkilatlanmasının temellerini atarak birçok talebe yetiştirmiş ve müderrislik hayatı boyunca çok sayıda eser kaleme almıştır,POSITIVE,Positive,0.8511286377906799
Osmanlı,"Davud-i Kayseri; Şam ve Tebriz'deki ilim geleneğini, İbnülarabi etkisini, Selçuklu medreselerinde ortaya konan tasavvuf ve irfan anlayışını ve Merağa Okulundaki ilmî birikimi Osmanlı medreselerine taşımıştır",POSITIVE,Positive,0.9759328365325928
Osmanlı,Böylece klasik İslam geleneği ile henüz başlangıç aşamasında bulunan Osmanlı ilim hayatı arasında sürekliliğe dayalı bir bağ kurmuştur,POSITIVE,Positive,0.979577362537384
Osmanlı,Aşağıdaki alana Davud-i Kayseri'nin ilk Osmanlı medresesi olan İznik Medresesine aktardığı ilmî tecrü- beleri gösteren bir şema çiziniz,POSITIVE,Positive,0.7242255210876465
Osmanlı,"yüzyıl)
Şeyh Edebali'den tefsir, hadis, usul ve fıkıh eğitimi almış; bu nedenle o dönemin Osmanlı toplumunda Şeyh Ebebali'den sonraki en büyük fıkıh âlimi kabul edilmiştir",POSITIVE,Positive,0.9831383228302002
Osmanlı,Âşıkpaşazade'nin aktardıklarından yararlanarak Osmanlı Devleti'nde ilim ve irfan geleneğinin oluşumu ile ilk dönem fakihlerinin ilişkisi hakkında hangi çıkarımlarda bulunulabilir,NEGATIVE,Negative,0.7460824847221375
Osmanlı,"Bununla birlikte her yıl erguvanların rengârenk açtığı dönemde kendi dergâhında erguvan şenlikleri düzenlemiş, Osmanlı Devleti'nin farklı şehirlerinden gelen dervişleri ve ilim talebelerini ağırlamıştır",POSITIVE,Positive,0.6116715669631958
Osmanlı,Emir Sultan'ın Osmanlı ilim ve irfan hayatındaki rolünü konu alan kısa bir şiir yazınız,NEGATIVE,Negative,0.6887531280517578
Osmanlı,Murad Han dönemine kadar Osmanlı topraklarındaki ilim ve irfan geleneğinin oluşumunda etkili olmuş bir şahsiyettir,POSITIVE,Positive,0.96004718542099
Osmanlı,"Hacı Bayram Veli (Temsili)
Hacı Bayram Veli'yle ilgili bilgilerden hareketle Osmanlı ilim ve irfan geleneğindeki ariflerin hangi özelliklere sahip olduğunu yazınız",NEGATIVE,Negative,0.9332139492034912
Osmanlı,"Osmanlı Devleti'ndeki ilim ve irfan geleneğinin oluşum sürecinde şehirlerin, kurumların ve şahsiyetlerin etkisi ile Karahanlı, Gazneli ve Selçuklulardaki benzer deneyimleri karşılaştırarak aşağıdaki tablonun ilgili alanlarına yazınız",POSITIVE,Positive,0.7794891595840454
Osmanlı,"Karahanlı, Gazneli ve Selçuklu Dönemlerinde İlim ve İrfan Geleneğinin Oluşumu
Osmanlı Dönemi'nde İlim ve İrfan Geleneğinin Oluşumu
Şehirlerin Etkisi
Kurumların Etkisi
Şahsiyetlerin Etkisi
Verilen yönergeler doğrultusunda aşağıdaki etkinlikleri yapınız",POSITIVE,Positive,0.8136081099510193
Osmanlı,Yandaki karekod üzerinden Osmanli Devleti'nin ilim ve irfan geleneginin olusumun- da sehir ve kurumlarin etkisiyle ilgili etkilesimli icerige ulasabilirisiniz,POSITIVE,Positive,0.9586883187294006
Osmanlı,", Osmanlı şehirlerindeki manevi hayatın merkezindeydi",POSITIVE,Positive,0.9956324696540833
Osmanlı,Vakıf kurumları aracılığıyla halkın manevi ve kültürel ihtiyaçları karşılanarak Osmanlı toplumunun çok yönlü bir gelişim göstermesi sağlandı,POSITIVE,Positive,0.6427212357521057
Osmanlı,"Cami, medrese, imaret, külliye gibi kurumlar, Osmanlı'nın ilim ve irfan geleneğini sürdüren, güçlendiren ve halka ulaştıran mekanizmalar oldu",POSITIVE,Positive,0.9900519251823425
Osmanlı,"Osmanlı şehirlerindeki cami, külliye, medrese, darüşşifa, imaret gibi kurumlar ilim ve irfanın topluma yayılmasında önemli roller üstlenmiştir",POSITIVE,Positive,0.9710971117019653
Osmanlı,Osmanlı toplumunda yardımlaşma ve dayanışma duygusunu güçlendirmiştir,POSITIVE,Positive,0.9247047305107117
Osmanlı,"Bu nedenle Osmanlı toplumunda bilgi, sadece akılla değil kalple de anlaşılması gereken bir olgu olarak kabul edilmiştir",POSITIVE,Positive,0.9923974871635437
Osmanlı,Sayfa 172-173'teki '' bölümünde verilen Osmanlı Dönemi Bursa şehir haritasından yararlanarak bir Osmanlı şehir modeli oluşturunuz,NEGATIVE,Negative,0.8806201815605164
Osmanlı,Yandaki karekod üzerinden Osmanlı Devleti'nin ilim ve irfan geleneğinin oluşumunda şehir ve kurumların etkisiyle ilgili etkileşimli içeriğe ulaşabilirisiniz,POSITIVE,Positive,0.928885281085968
Osmanlı,"Anadolu'nun kuzeybatı bölgesinde bir uc beyliği olarak tarih sahnesine çıkan Osmanlı Devleti, kısa zamanda Anadolu ve Balkanlarda hâkimiyet kurmuş, gücünü tüm çevre devletlere kabul ettirmiştir",POSITIVE,Positive,0.9588658213615417
Osmanlı,"Bu hızlı yükseliş, Osmanlı tarihi üzerine çalışma yapan bilim insanları için önemli bir inceleme konusu olmuştur",POSITIVE,Positive,0.9108714461326599
Osmanlı,Yapılan incelemeler neticesinde Osmanlı Devleti'nin kuruluşuna dair farklı tezler ileri sürülmüştür,NEGATIVE,Negative,0.9343382120132446
Osmanlı,"Adams Gibbons'un yazdığı 'Osmanlı Devleti'nin Kuruluşu' adlı eserde ortaya konan iddialarla başlayan bu süreç; Paul Wittek, M",NEGATIVE,Negative,0.8149564266204834
Osmanlı,"Gibbons, Osmanlı Devleti'nin kuruluşuna dair ilk kaynakların devlet kurulduktan yüz yıl sonra (XV",NEGATIVE,Negative,0.7955489158630371
Osmanlı,Osman Bey'in aşiretin başına geçtiğinde Müslüman olmadığı yönündeki iddiasına ise kendisinin de güvenilir bulmadığı bu Osmanlı kroniklerindeki rüya menkıbesini kanıt göstermiştir,NEGATIVE,Negative,0.98781418800354
Osmanlı,"(…) 1337'de Bursa camiinin inşası münasebet ile yazılmış olan kitabede, Osmanlı reislerinin kendilerini ne dereceye kadar Gazi sülalesine mensup olduklarını ve ona bağlılıklarını bize kafi derecede ispat etmektedir",POSITIVE,Positive,0.5578148365020752
Osmanlı,Aşağıdakilerden hangisi Osmanlı Devleti'nin kuruluşuna dair tartışmaların nedenleri arasında değildir,NEGATIVE,Negative,0.8936749696731567
Osmanlı,İznik'in fethi Osmanlılar'a büyük bir prestij kazandırdı,POSITIVE,Positive,0.8782870173454285
Osmanlı,"Murad, böylelikle Trakya ve Bulgaristan'a giden yolu Osmanlı fetihlerine açmış oldu",POSITIVE,Positive,0.6289910078048706
Osmanlı,"Gerek Türk, gerekse Balkan devletlerinin tarihinde son derece önemli yeri olan bu savaştan sonra Osmanlı egemenliği kesin olarak Balkanlar'da yerleşmiştir",POSITIVE,Positive,0.6675987243652344
Osmanlı,"Kazanılan zafer, Osmanlı Devleti'nin Balkanlardaki sınırlarının genişleyerek Avrupa içlerine doğru uzanacağının da habercisi olmuştur",POSITIVE,Positive,0.9012699723243713
Osmanlı,Kosova Savaşı olaylarının Osmanlı Devleti'nin genişlemesindeki benzer ve farklı etkilerini aşağıdaki alana çizeceğiniz T cetveli üzerinde karşılaştırınız,POSITIVE,Positive,0.594239354133606
Osmanlı,"Osmanlılar Koyunhisar Savaşı, İznik'in Fethi ve Bursa'nın Fethi sonrasında Doğu Roma'nın Ana- dolu'daki topraklarının tamamına hâkim olmuştur",POSITIVE,Positive,0.6206356883049011
Osmanlı,"Osmanlı Devleti, kuruluşundan II",POSITIVE,Positive,0.7490982413291931
Osmanlı,"Anakara Savaşı, Osmanlı Devleti'nin İstanbul'u fethetmesini geciktirmiştir",NEGATIVE,Negative,0.9705585241317749
Osmanlı,"Osmanlı'nın geniş bir coğrafyada düzen kurup hâkimiyet sağlamasında ordu, hukuk ve toprak sistemlerinin sağlamlığı, tutarlılığı ve uyumluluğu büyük ölçüde etkili oldu",POSITIVE,Positive,0.9705736637115479
Osmanlı,"Bu iki sistem, şeri ve örfi hukuk kurallarıyla uyum içinde işletilerek güçlü bir merkeziyetçi yapı oluşturuldu ve böylece Osmanlı'nın uzun süreli başarılarına zemin hazırlandı",POSITIVE,Positive,0.954420804977417
Osmanlı,"Osmanlı ordusu, ağırlıklı olarak merkezde bulunan ve çoğunluğu yeniçerilerden oluşan kapıkulu ordusundan, eyaletlerden gelen tımarlı sipahilerden ve onların emrindeki cebelülerden oluşuyordu",NEGATIVE,Negative,0.641750156879425
Osmanlı,Osmanlı ordusunun en büyük gücünü oluşturan tımarlı sipahiler ise toprak gelirleri karşılığında orduya asker yetiştiren atlı birliklerdi,NEGATIVE,Negative,0.8052385449409485
Osmanlı,"Bu anlamda tımarlı sipahiler ile yeniçeriler, birbirlerine karşı Osmanlı Devleti'nin bir denge unsuruydu",POSITIVE,Positive,0.8455426096916199
Osmanlı,"'
Verilen kaynaklarda Osmanlı Devleti'nde ordu, hukuk ve toprak sistemlerinin birbiriyle ilişkilerini orta- ya koyan hangi kanıtlar sunulmuştur",NEGATIVE,Negative,0.5337339639663696
Osmanlı,"Osmanlı Devleti'nin merkezî yapısının güçlendirilmesinde
sistemlerinden hangileri etkili olmuştur",POSITIVE,Positive,0.8136680126190186
Osmanlı,"I, II ve III
Osmanlı Devleti'nin ordu, hukuk ve toprak sistemleriyle ilgili üçer özellik yazınız",POSITIVE,Positive,0.8183545470237732
Osmanlı,"'Osmanlı fetihleri devam ettiği sürece kırsal yörede yaşayan Hıristiyan halk, Balkanlar'ın daha iç bölgelerine dağlık kesimlerine doğru hareket etmişlerdir",NEGATIVE,Negative,0.7044908404350281
Osmanlı,Böylece Osmanlı Devleti Rumeli'den aldığı güçle sürekli kuvvetini arttırdı,POSITIVE,Positive,0.9020286202430725
Osmanlı,"'
Osmanlı Devleti'nin uyguladığı iskân ve istimalet politikalarıyla ilgili kaynaklardaki farklı bakış açılarının nedenlerine dair aşağıdaki sorulardan hangilerini seçerdiniz",NEGATIVE,Negative,0.9592463970184326
Osmanlı,"Aşağıda Osmanlı Devleti'nin ilim ve irfan geleneğindeki şahsiyet, kurum ve kişilerle ilgili bazı özellikler ve bu özellikleri karşılayan isimler verilmiştir",POSITIVE,Positive,0.8396738767623901
Osmanlı,"Osmanlı Devleti'nin kurulduğu dönemde etkili olan Ahi lideri
İlmî, dinî ve sosyal hizmetler veren yapı- ları bünyesinde toplayan kurum
İlk Osmanlı müderrisi
Ç",POSITIVE,Positive,0.9384874105453491
Osmanlı,"Osmanlı Devleti'nin ilk yükseköğretim kurumu
Doğu Roma'dan alınarak Osmanlı idare- sine giren ve fetih sonrasında Türk-İslam karakteri kazanan şehir
Osmanlı Devleti'nin ilim ve irfan geleneği, hem ilk Türk-İslam devletlerinden hem de Anadolu'daki tasavvuf geleneğinden etkilenmiştir",POSITIVE,Positive,0.9262633919715881
Osmanlı,"Osmanlı medreselerinin Selçuklu medreselerinden esinlenerek kurulması
Osmanlı medreselerinde öncellikle dinî ilimlerin öğretilmesi
Osmanlı Devleti'nde tasavvufun sosyal hayata etkisinin olması
Osmanlı medreselerinin Doğu Roma eğitim sisteminden etkilenmesi
Osmanlı ilmi teşkilatında Bursa'dan sonra E",POSITIVE,Positive,0.8409296274185181
Osmanlı,Osmanlı Devleti iskân ve istimalet politikası uygulamakla neyi amaçlamış olabilir,NEGATIVE,Negative,0.9942209720611572
Osmanlı,"CİHAN DEVLETİ OSMANLI (1453-1683)
3",POSITIVE,Positive,0.7536722421646118
Osmanlı,"Osmanlı Devleti'nin Cihan Devleti Hâline Gelmesi
3",NEGATIVE,Negative,0.9557671546936035
Osmanlı,"Osmanlı Devleti'nin Yönetim ve Ordu Yapısında Değişim
3",NEGATIVE,Negative,0.8209519982337952
Osmanlı,"Osmanlı Devleti'nde İsyanlar
3",NEGATIVE,Negative,0.9794548749923706
Osmanlı,"Osmanlı Devleti'nde Bilim, Kültür, Eğitim ve Sanat
Anahtar Kavramlar
sömürgecilik
Bu ünitede sizlerden
1453-1683 yılları arasındaki siyasi ve askerî mücadelelerin Osmanlı Devleti'nin cihan devleti hâline gelmesindeki rolüne ilişkin özgün fikirler üretebilmeniz,
1453-1683 yılları arasında Osmanlı Dev",POSITIVE,Positive,0.5951436161994934
Osmanlı,"Arifî Çelebi'nin Süleymannâme adlı eserinde yer alan ve Mohaç Muharebesi'ni (1526) tasvir eden bir minyatür, Topkapı Sarayı Müzesi Kütüphanesi, İstanbul
Osmanlı'nın büyük bir cihan devleti hâline gelmesinde İstanbul'un Fethi çok önemli bir dönüm noktası olmuştur",POSITIVE,Positive,0.9567111730575562
Osmanlı,"Bununla birlikte Doğu'da ve Batı'da kazanılan zaferler ve Osmanlı donanmasının üstün başarıları, devletin hâkimiyet alanlarını genişletmesini ve kurulduğu coğrafyanın en etkin siyasi gücü olmasını sağlamıştır",POSITIVE,Positive,0.970562756061554
Osmanlı,Bu gelişmeler Osmanlı Devleti'nin yönetim ve ordu yapılarında da değişimi gerektirmiştir,POSITIVE,Positive,0.7613509297370911
Osmanlı,"Osmanlı Devleti'nin dünya siyasetindeki etki gücünün zirveye ulaştığı bu dönemde Avrupa milletlerinin başlattığı sömürge faaliyetleri ile Rönesans ve Reform hareketleri, etkileri günümüze kadar süren önemli değişimlere neden olmuştur",POSITIVE,Positive,0.9807648062705994
Osmanlı,"Avrupa merkezli değişim süreci Osmanlı'da toplumsal ve ekonomik dengeleri sarsmış, merkezî otoritenin zayıflaması ve sosyoekonomik sıkıntılar İstanbul ve Celâli isyanlarına yol açmıştır",NEGATIVE,Negative,0.9886779189109802
Osmanlı,"Tüm bu gelişmeler yaşanırken Osmanlı coğrafyasındaki bilim, kültür, eğitim ve sanat faaliyetlerine hız kesmeden devam edilmiş; özellikle dünya kültür ve bilim tarihine çok önemli katkılarda bulunan çalışmalara imza atılmıştır",POSITIVE,Positive,0.9606915712356567
Osmanlı,'Osmanlı İmparatorluğu 16,NEGATIVE,Negative,0.7348297834396362
Osmanlı,"Kaynakların etkin kullanımı, zamanında Avrupa'nın en iyi ordularından biri olan Osmanlı ordusunun temelini oluşturuyordu",POSITIVE,Positive,0.913882315158844
Osmanlı,"*
Osmanlı Devleti'nin geniş bir coğrafyada hâkimiyet kurmasını sağlayan etkenler neler olabilir",POSITIVE,Positive,0.7830020785331726
Osmanlı,"Günümüzde Osmanlı Devleti'nin sınırları içinde kalan ülkeler siyasi, sosyal ve kültürel açıdan Osmanlı kültür ve medeniyetinden nasıl etkilenmiş olabilir",POSITIVE,Positive,0.5023384690284729
Osmanlı,Savaş aracı modelinizin Osmanlı Devleti'nin cihan devleti hâline gelmesindeki rolünün neler olacağını belirtiniz,NEGATIVE,Negative,0.9477846622467041
Osmanlı,Öğrendiğiniz bilgilerden yola çıkarak Osmanlı Devleti'nin cihan devleti hâline gelmesinde etkili olan en önemli olay veya olayların hangileri olduğunu belirlemeye yönelik bir sınıf tartışması yapınız,NEGATIVE,Negative,0.5019294023513794
Osmanlı,Murad Han'ın vefatından (1451) sonra Osmanlı tahtına yeniden II,POSITIVE,Positive,0.5235299468040466
Osmanlı,"Mehmet Han Dönemi'nde Balkanlarda ve Anadolu'da Osmanlı'nın vasalı olan devletler üzerindeki merkezî otorite güçlendirildi, Macar tehdidine karşı Sofya'ya asker gönderildi ve Mora üzerine akınlar düzenlendi",POSITIVE,Positive,0.56721031665802
Osmanlı,"Mehmet Han'ın tahta çıkmasını fırsat bilerek topraklarını Çorlu'ya kadar genişleten Doğu Roma İmparatorluğu, İstanbul'da tuttukları Şehzade Orhan'ı Osmanlı Devleti'ne karşı tehdit unsuru olarak kullanmaya devam etti",NEGATIVE,Negative,0.9864382743835449
Osmanlı,Osmanlı'nın cihanşümul bir devlet olma ideali önündeki en büyük engel olarak Doğu Roma'yı gören II,NEGATIVE,Negative,0.9103151559829712
Osmanlı,Mehmet Han'dan önceki Osmanlı padişahları da İstanbul'u almak istemiş ancak başarılı olamamıştı,NEGATIVE,Negative,0.9669697880744934
Osmanlı,"Osmanlı Devleti için siyasi, askerî, dinî ve ekonomik nedenlerle İstanbul'un mutlaka fethedilmesi gerekiyordu",NEGATIVE,Negative,0.9911581873893738
Osmanlı,Doğu Roma İmparatorluğu'nun Osmanlı topraklarının ortasında kalması Osmanlıların Rumeli'ye geçişini zorlaştırmıştı,NEGATIVE,Negative,0.8947875499725342
Osmanlı,Doğu Romalıların Avrupa devletlerini kışkırtmasıyla başlayan Haçlı Seferleri de Osmanlılar için büyük bir tehdit oluşturuyordu,NEGATIVE,Negative,0.9076608419418335
Osmanlı,"Ayrıca Doğu Romalıların hem Osmanlı
Devleti'yle mücadele eden Anadolu beyliklerini desteklemesi hem de padişaha karşı taht mücadelesi veren şehzadeleri kışkırtması devletin bekası için ciddi bir tehdit unsuruydu",NEGATIVE,Negative,0.9919621348381042
Osmanlı,"Bölgedeki önemli kara ve deniz ticaret yolları üzerinde bulunan İstanbul'un fethedilmesi, Osmanlı Devleti'nin ekonomisine çok önemli katkılar sağlayacak, böylece Venedikliler ve Cenevizlilere karşı ticari üstünlük kurulabilecekti",NEGATIVE,Negative,0.5200273990631104
Osmanlı,Ayrıca bu fetihle Katolik ve Ortodoks kiliselerinin birleşmesine yönelik girişimler engellenecek ve böylece Osmanlı Devleti tüm Ortodoksların koruyucusu hâline gelecekti,POSITIVE,Positive,0.8318752646446228
Osmanlı,Osmanlılar savaşlarda genellikle demir top yerine -daha pahalı olmasına rağmen- bronz top kullanırdı,NEGATIVE,Negative,0.5219413638114929
Osmanlı,"Doğu Roma, Venedik'ten, Ceneviz'den gemileri, Osmanlı donanmasının Haliç'e girmesini engellemek için bu zincir hattının arkasına sıralandı",POSITIVE,Positive,0.568878173828125
Osmanlı,6 Mayıs'ta Osmanlı ordusu tüm kuvvetleriyle yeniden hücuma geçti,NEGATIVE,Negative,0.7996470928192139
Osmanlı,29 Mayıs'ta Osmanlı ordusu bütün cephelerden hücuma geçti ve İstanbul'u fethetti,POSITIVE,Positive,0.6519216299057007
Osmanlı,"Fetihten kısa süre sonra İstanbul, Osmanlı Devleti'nin siyasi, ekonomik ve kültürel merkezi hâline gelmiştir",POSITIVE,Positive,0.9548516869544983
Osmanlı,Genç Mehmed'e benzersiz bir itibar ve meşruiyet kazandırdığı gibi siyasette Osmanlı dünya görüşünü baştan ayağa yeniden şekillendirdi,POSITIVE,Positive,0.981951892375946
Osmanlı,"Karadeniz'in kuzeyindeki verimli geniş tahıl üretimi, Tuna boylarına doğru uzanan kesimdeki hayvancılık ve Kırım Yarımadası'ndaki tuz depoları ve esir ticareti, balık ürünleri ve kürk ticareti, yeni Osmanlı payitahtının nüfus kesafeti kazanmasında etkili olabilecek ekonomik faaliyetleri belirleyecek",NEGATIVE,Negative,0.8990463018417358
Osmanlı,"'
'Sonuç olarak, topların yıkıcı etkisi ne olursa olsun zaferin arkasındaki asıl güç, Fatih Sultan Mehmed'in askeri ve siyasi liderliği ile Osmanlı askeri sisteminin etkinliğidir",POSITIVE,Positive,0.9215026497840881
Osmanlı,"Osmanlı ordusu, her ne kadar topları daha önceki bir dönemde ordu envanterlerine dahil edip kullanmış olsa da, onları gerçek kapasitelerinde kullanıp orduya enteg re etmeyi başaran; daha da ötesi bizzat yeni topların tasarım, üretim ve artışlarına dahil olan Fatih'tir",POSITIVE,Positive,0.693377673625946
Osmanlı,"'
Uyar ve *
Istanbul'un Fethinden sonra Fatih Sultan Mehmet Han, Osmanli Devletini büyük bir dünya gücü haline ge- tirmek için kara ve denizde stratejik önem tasiyan büyük fetihler gerçeklestirdi",POSITIVE,Positive,0.8724067807197571
Osmanlı,"Osmanlı Devleti'nin cihan devleti hâline gelmesinde İstanbul'un Fethi'nin siyasi, askerî ve ekonomik etkilerini tablodaki ilgili alanlara yazınız",POSITIVE,Positive,0.6926631927490234
Osmanlı,"Siyasi Etkisi
Askerî Etkisi
Ekonomik Etkisi
BULGARISTAN
Otranto 1479
Egriboz S 1462
Edirne istanbul•
AKKOYUNLULAR
Dulkadirogullar,
Ramazanogullari
Kibris Kralligi
Osmanli Devleti
Ramazanogullar
Dulkadirogullari
Kara Savasi
Deniz Savasi
İstanbul'un Fethi'nden sonra Fatih Sultan Mehmet Han, Osmanlı De",NEGATIVE,Negative,0.5242722630500793
Osmanlı,"Bu zaferle Fırat Nehri'ne kadar olan bölgeleri hâkimiyet altına alan Osmanlılar, Doğu Anadolu'nun güvenliğini de sağlamış oldu",POSITIVE,Positive,0.8618708848953247
Osmanlı,"ca yirmi bes
Fatih Sultan Mehmet Han'ın en önemli hedeflerinden biri, Karadeniz'de Osmanlı hâkimiyetini sağlamaktı",NEGATIVE,Negative,0.8374806046485901
Osmanlı,"Amasra, Sinop, Trabzon, Kefe ve Suğdak'ı ele geçiren Fatih, Boğdan'ı da Osmanlı Devleti'nin vasalı hâline getirdi",NEGATIVE,Negative,0.6592779159545898
Osmanlı,Ayrıca Karadeniz Bölgesi'nde hüküm süren Candaroğulları Beyliği'ne son verdi ve Karadeniz hâkimiyeti için stratejik bir konumda bulunan Kırım'ı 1475 yılında Osmanlı hâkimiyetine aldı,NEGATIVE,Negative,0.5035600066184998
Osmanlı,"Bu yeni kazanım, Osmanlı İmparatorluğu için stratejik ve iktisadi değerini kısa sürede kanıtladı",POSITIVE,Positive,0.6806735992431641
Osmanlı,"(…) Hanlık, Osmanlı ekonomisinin başlıca kalemleri için hayatî bir kaynaktı",POSITIVE,Positive,0.9321311712265015
Osmanlı,Stratejik bakımdan Doğu Avrupa'daki Osmanlı seferleri için gerekli insan ve malzeme kaynağını sağlıyordu,NEGATIVE,Negative,0.7361801862716675
Osmanlı,"Rusların, Osmanlı gücüyle baş edemedikleri sürece durumu değiştirmek için yapabilecekleri fazla şey yoktu",NEGATIVE,Negative,0.9140143394470215
Osmanlı,İstanbul'un Fethi'nden sonra inşa ettirdiği Sahn-ı Semân Medreseleri aracılığıyla Osmanlı ilim ve eğitim hayatında yeni bir dönem başlatmıştır,POSITIVE,Positive,0.9523535370826721
Osmanlı,"Bayezid, hü-
kümdarliginin ilk yillarinda
Osmanlı Devleti'nin İspanya'daki Müslümanları ve Yahudileri kurtarması ile ilgili verilenlerden yararlanarak soruyu",POSITIVE,Positive,0.5904501676559448
Osmanlı,"Bayezid (Temsilî)
Cem Sultan (Temsilî)
Cem Sultan'ın Rodos'tan Fransa'ya, daha sonra da Roma'ya nakledilmesi ve Roma'daki papaya teslim edilmesi, Osmanlı Devleti'ni siyasi açıdan zor duruma düşürdü",NEGATIVE,Negative,0.9950928688049316
Osmanlı,"Cem Sultan'ın vefatından sonra Osmanlılar, Avrupa devletlerine karşı yürüttükleri aktif siyaseti daha rahat sürdürme imkânı buldu",NEGATIVE,Negative,0.9596561789512634
Osmanlı,Fatih Sultan Mehmet Han Dönemi'nde Osmanlı-Memlûk ilişkileri bozuldu ve bu gerginlik nedeniyle II,NEGATIVE,Negative,0.9915027618408203
Osmanlı,1485'te başlayan ve Dulkadiroğlu ve Ramazanoğlu topraklarında Osmanlı-Memlûk mücadelesinde Osmanlı Devleti istediği amaca ulaşamadı,NEGATIVE,Negative,0.9959281086921692
Osmanlı,cadeleler sonucunda Osmanlilar Modon ve Koron limanlarini ele geçirdi,POSITIVE,Positive,0.6946197748184204
Osmanlı,Bayezid'in bizzat katıldığı Boğdan Seferi'yle 1484'te Kili ve Akkirman kaleleri Osmanlı ordusu tarafından fethedildi,NEGATIVE,Negative,0.6707576513290405
Osmanlı,Bu dönemde Venediklilere karşı sürdürülen mücadeleler sonucunda Osmanlılar Modon ve Koron limanlarını ele geçirdi,POSITIVE,Positive,0.5548412203788757
Osmanlı,"İspanyolların Gırnata'yı kuşattıkları dönemde Benî Ahmer yönetimi, Osmanlı ve Memlûk devletlerinden yardım istedi",NEGATIVE,Negative,0.9221275448799133
Osmanlı,"Bayezid Han Dönemi'nde Osmanlı Devleti; Memlûklarla savaştıkları, Cem Sultan olayıyla uğraştıkları ve yeterince güçlü bir donanmaya sahip olmadıkları için İspanyolların kuşattığı Benî Ahmer Devleti'ne yardım ve destek gönderemedi",NEGATIVE,Negative,0.9864242672920227
Osmanlı,Bu süreçte Osmanlılar sadece İspanya'daki Müslümanlara değil zulüm altındaki Yahudilere de yardım eli uzattı,POSITIVE,Positive,0.8817889094352722
Osmanlı,İspanya'daki birçok Yahudi ailesi Osmanlı topraklarına getirilerek yerleştirildi,POSITIVE,Positive,0.5545400381088257
Osmanlı,"Osmanlılar, Sultan II",NEGATIVE,Negative,0.8428146839141846
Osmanlı,"1492'de İspanyolların sürdüğü yüz bine yakın İspanyol Yahudisi Sultan'ın izniyle Osmanlı ülkesine kabul edilmiş, İstanbul, Selanik ve bazı Rumeli şehirlerine yerleştirilmiştir",NEGATIVE,Negative,0.7479248046875
Osmanlı,Cem korkusu sebebi ile Osmanlı hükumeti uzun zaman yalnız sempati gösterisinde bulundu,NEGATIVE,Negative,0.9961826205253601
Osmanlı,Bu korsanlardan Kemal Reis 1494 tarihinde resmen Osmanlı Donanma hizmetine alındı,NEGATIVE,Negative,0.7166000008583069
Osmanlı,Onun getirdiği yeniliklerle Osmanlı donanması ilerde görülen büyük başarılarının temelini atmış oldu,POSITIVE,Positive,0.8936293721199036
Osmanlı,"Bayezid'in en önemli başarıları arasında, çağdaş tarihçi Kemal Paşazadenin işaret ettiği gibi, Osmanlı devletini hâkim bir Deniz Devleti (sea power) durumuna getirmiş olmasıdır",POSITIVE,Positive,0.9394292235374451
Osmanlı,"'
Osmanlı Devleti, Endülüs'teki Müslümanlarla birlikte Yahudilere de yardım ederken hangi değeri gözetmiş ola- bilir",NEGATIVE,Negative,0.7953850626945496
Osmanlı,"Çaldıran Savaşı, Mısır Seferi ve Osmanlı Devleti'nin Afrika'daki faaliyetleri ile ilgili verilenlerden yararlanarak soruyu",NEGATIVE,Negative,0.8596104383468628
Osmanlı,"Akkoyunlu Devleti'nin yıkılmasının ardından İran'da kurulan Safevi Devleti, Anadolu'nun doğusunda Osmanlı Devleti'yle hâkimiyet mücadelesine girdi",NEGATIVE,Negative,0.9614847302436829
Osmanlı,"Şiiliği kabul eden bu devlet, özellikle Şiilik propagandası yaparak Osmanlı sınırları içinde yaşayan Türkmenleri kendi tarafına çekmeyi ve hâkimiyet alanını genişletmeyi amaçladı",NEGATIVE,Negative,0.9762237668037415
Osmanlı,"Bayezid'in hüküm sürdüğü 1511 yılında Osmanlı toprakları içinde Şahkulu İsyanı'nın başlamasına neden olan Safeviler, Osmanlı kuvvetlerinin bu isyanı bastırmasıyla amaçlarına ulaşamadı",NEGATIVE,Negative,0.9871132969856262
Osmanlı,Bayezid'in tahtan çekilmesinden sonra 1512'de Osmanlı Devleti'nin başına Yavuz Sultan Selim geçti,POSITIVE,Positive,0.8195421695709229
Osmanlı,Onun padişahlığı döneminde de Safevilerin Osmanlı toprakları üzerindeki Şiilik propagandası ve iç isyan çıkarma çabası devam etti,NEGATIVE,Negative,0.9807058572769165
Osmanlı,23 Ağustos 1514'te yapılan Çaldıran Savaşı'nda Osmanlı ordusunun kullandığı top ve tüfeklere karşı mücadele edemeyen ve sadece süvarilerden oluşan Safevi ordusu büyük bir bozguna ve yenilgiye uğradı (Görsel 3,NEGATIVE,Negative,0.9958447813987732
Osmanlı,Safevi Devleti Osmanlı kuvvetlerinin bölgeden çekilmesinin ardından Azerbaycan ve Doğu Anadolu'da faaliyetlerine devam etti,NEGATIVE,Negative,0.7420668005943298
Osmanlı,Osmanlı Devleti'ne karşı Venedik ve Avusturya ile ittifak yaptı,NEGATIVE,Negative,0.5382128953933716
Osmanlı,"KUTSAL ROMA GERMEN
iMPARATORLUGU
'Çaldıran muharebesinden sonra başta Diyarbekir olmak üzere birçok Doğu Anadolu şehri Osmanlılar'ın eline geç ti",NEGATIVE,Negative,0.8516729474067688
Osmanlı,"İdrîs-i Bit lisî'nin gayretleriyle Harput, Meyyâfârikîn, Bitlis, Hısnıkeyfâ, Urfa, Mardin, Cezîre ve Rakka'ya kadar Güneydoğu Anadolu bölgesi ile Musul dolayları Osmanlı idaresine geçti",NEGATIVE,Negative,0.6596691608428955
Osmanlı,Tebriz-Halep ve Tebriz-Bursa İpek yolu Osmanlılar'ın kontrolüne girmiş oldu,NEGATIVE,Negative,0.6999820470809937
Osmanlı,"'
Trablusgarp
Osmanlı Devleti'nin Memlûk Devleti'ne bağlı Dulkadiroğulları Beyliği'ni hâkimiyeti altına alması ve Memlûk Devleti'nin Safevi Devleti'yle ittifak kurması, Osmanlı-Memlûk ilişkilerinin bozulmasına neden oldu",NEGATIVE,Negative,0.9896848201751709
Osmanlı,Böylece Osmanlılar önemli bir dinî misyonun temsilcisi sıfatıyla şöhret kazanmıştır,POSITIVE,Positive,0.9655745029449463
Osmanlı,asır Osmanlı'nın Afrika'daki faaliyetleri açısından en önemli dönemdir,POSITIVE,Positive,0.9684005379676819
Osmanlı,asrın başlarına kadar sadece müslümanlarca bilinen kıtanın iç bölgeleri de bu dönemde İstanbul'la irtibat kurdular ve Osmanlı halifesi adına hutbe okutmaya başladılar,POSITIVE,Positive,0.8376622796058655
Osmanlı,(…) İslami dönemde ve özellikle Osmanlı döneminde Kuzey Afrika sahilinde dikkate değer bir köle pazarına rastlamamaktayız,NEGATIVE,Negative,0.7279508113861084
Osmanlı,Osmanlı Devleti Kuzey Afrika eyaletleri sayesinde Akdeniz' deki ticaretin seyrini elinde tuttuğu gibi Afrika içlerine gidip gelen kervanların yollarının güvenliğini de takip ediyordu,POSITIVE,Positive,0.7646138668060303
Osmanlı,"'
Osmanlı Devleti'nin Memlûk Devleti'ni hâkimiyeti altına almasının ve Afrika'da yürüttüğü faaliyetlerin siyasi, askerî ve ekonomik etkileri nelerdir",NEGATIVE,Negative,0.6447721123695374
Osmanlı,"Suriye, Mısır ve Hicaz böylece Osmanlı egemenliğini tanımış oldu",POSITIVE,Positive,0.8076182007789612
Osmanlı,"Arap ülkelerinin, özellikle de Mekke ve Medine'nin Osmanlı İmparatorluğu'na katılmaları, yeni bir çağın başlangıç noktasıdır",POSITIVE,Positive,0.9404464364051819
Osmanlı,"İmparatorluk artık bir sınır devleti değil, bir İslâm halifeliği idi; Osmanlı sultanları da kendilerini artık yalnız sınırların değil, bütün İslâm dünyasının koruyucuları sayıyordu",POSITIVE,Positive,0.9832531809806824
Osmanlı,"Osmanlı yöneticilerinin bu yeni bilincinin sonuçlarından biri, İslâm din hukukunun devlet yönetiminde öne çıkarılmasıdır",POSITIVE,Positive,0.6061805486679077
Osmanlı,"Osmanlı devlet geliri iki katına çıkmış, sarayın ihtiyat hazinesi dolup taşmıştı",NEGATIVE,Negative,0.9976152181625366
Osmanlı,"'
Osmanlı Devleti Mısır'ı hâkimiyeti altına aldıktan sonra Afrika topraklarına yöneldi",NEGATIVE,Negative,0.8343819975852966
Osmanlı,"yüzyılda büyük bir dünya gücü hâline gelen Osmanlılar, başta Kuzey Afrika olmak üzere Doğu ve Orta Afrika'daki hâkimiyet alanlarını da genişletti ve bu bölgelerde çeşitli siyasi, askerî ve ekonomik faaliyetler yürüttü",POSITIVE,Positive,0.9354800581932068
Osmanlı,"yüzyılda Garp Ocakları adıyla bilinen Cezayir, Tunus ve Trablusgarp Osmanlı hâkimiyetine girdi",NEGATIVE,Negative,0.7876162528991699
Osmanlı,Fas'ta ise Osmanlı Devleti'nin el-Mütevekkil'e karşı desteklediği Abdülmelik 1576 yılında Fas sultanı oldu (Görsel 3,NEGATIVE,Negative,0.6218074560165405
Osmanlı,"Sultan Abdülmelik, 1578'de yapılan Vadiüsseyl Savaşı öncesinde Osmanlı Devleti'nin vasalı olduğunu ve Osmanlı himayesine girdiğini kabul etti",NEGATIVE,Negative,0.9444445967674255
Osmanlı,Ayrıca Osmanlı yönetimi Afrika'da birçok insani faaliyet de gerçekleştirdi,POSITIVE,Positive,0.8593102097511292
Osmanlı,"İspanyol ve Portekiz krallıklarının Afrika'daki sömürgeci politikasına karşı büyük bir engel teşkil eden Osmanlı Devleti, bu bölgelerde yaşayan Müslümanları Katolik Hristiyanların zulmünden korumak için çeşitli faaliyetlerde bulundu",NEGATIVE,Negative,0.746228039264679
Osmanlı,"PiEue 2640M
Yavuz Sultan Selim'in vefatindan (1520) sonra Osmanli tahtina çikan Kanuni Sultan Süleyman Han (I",NEGATIVE,Negative,0.913590669631958
Osmanlı,"Süley- man), kirk alti yil süren saltanatiyla en uzun süre tahtta kalan Osmanli padisahi olarak tarihe geçti",POSITIVE,Positive,0.9838399291038513
Osmanlı,"Kutsal Roma Germen
Yavuz Sultan Selim'in vefatından (1520) sonra Osmanlı tahtına çıkan Kanuni Sultan Süleyman Han (I",NEGATIVE,Negative,0.9650919437408447
Osmanlı,"Süleyman), kırk altı yıl süren saltanatıyla en uzun süre tahtta kalan Osmanlı padişahı olarak tarihe geçti",POSITIVE,Positive,0.978727400302887
Osmanlı,"Onun döneminde Osmanlı Devleti, Doğu'da ve Batı'da büyük zaferler kazanarak sınırlarını genişletti (Harita 3",POSITIVE,Positive,0.7259954214096069
Osmanlı,Bu nedenle Osmanlı tarihinde 'Kanuni' ünvanıyla anıldı,POSITIVE,Positive,0.9660911560058594
Osmanlı,"François ve annesi, Kanuni Sultan Süleyman'a mektup yazarak Osmanlı Devleti'nden yardım istedi",POSITIVE,Positive,0.796451210975647
Osmanlı,Kanuni Sultan Süleyman da Orta ve Doğu Avrupa'da hâkimiyet sağlamayı ve Avrupa'daki devletlerin Osmanlı Devleti'ne karşı birleşmesini engellemeyi amaçladığın- dan bu yardım talebini kabul etti,NEGATIVE,Negative,0.7879045009613037
Osmanlı,"Kanuni Sultan Süleyman, Fransa'ya destek vermek ve Macar Kralı Layoş'un Osmanlı Devleti'ne karşı düşmanca tutumunu cezalandırmak amacıyla Macaristan üzerine bir sefer düzenledi",NEGATIVE,Negative,0.5695439577102661
Osmanlı,29 Ağustos 1526'da Osmanlı Devleti ile Macar Krallığı arasında yapılan Mohaç Savaşı'nda Macar ordusu büyük bir yenilgiye uğratıldı (Görsel 3,NEGATIVE,Negative,0.9889806509017944
Osmanlı,Macar Kralı Layoş'un da öldürüldüğü bu savaş sonrasında Osmanlı ordusu hızla ilerleyerek Budin'e girdi ancak bir süre sonra geri çekildi,NEGATIVE,Negative,0.9671300053596497
Osmanlı,Bu zaferin ardından Macar topraklarının bir bölümü Osmanlı Devleti'nin hâkimiyetine girdi,POSITIVE,Positive,0.6736187934875488
Osmanlı,"Her ne kadar Osmanlılar, Budin merkezli olmak üzere Szapolyai'nin krallığını, kendilerine bağlı olmak kaydıyla, kabullendilerse de bu durum geçici bir süre içindi",POSITIVE,Positive,0.5077918171882629
Osmanlı,Bu durum Macaristan topraklarında Osmanlılar'la Habsburglar arasında 150 yıl sürecek olan mücadelenin de ilk adımını oluşturdu,POSITIVE,Positive,0.9593601822853088
Osmanlı,Öte yandan Avrupa'daki siyaset arenasında Osmanlılar'ın ağırlıklarını hissettirecekleri yeni bir devir bu zaferle başlamış oldu,POSITIVE,Positive,0.9647873640060425
Osmanlı,"'
'Mohaç Meydan Muharebesi, sadece Macaristan'ın kaderini değil, aynı zamanda Osmanlı'nın batı harekat bölgesindeki savaşın tabiatını da tamamen değiştirdi",POSITIVE,Positive,0.9317373037338257
Osmanlı,"Mohaç sonrasında Osmanlı'nın asıl düşmanı olarak Macarların yerini alan Habsburglar, eski kaleleri en son İtalyan kale mimari planlarına göre tadil ettiler ve yepyeni kaleler inşa ettiler",NEGATIVE,Negative,0.7920717000961304
Osmanlı,"Geçmiş tecrübelerden ders çıkaran Habsburglar, Osmanlı ordusu ile meydan muharebesinde karşılaşmaktan kaçınacaktı",POSITIVE,Positive,0.5871554017066956
Osmanlı,Jan Zapolya'nın Osmanlı Devleti'nden yardım istemesi üzerine Kanuni Sultan Süleyman hem Habsburgların Macaristan'da hâkimiyet kurmasını engellemek hem de Ferdinand'a gözdağı vermek amacıyla Macar topraklarına yeni bir sefer düzenledi,NEGATIVE,Negative,0.5395599603652954
Osmanlı,"1529 yılının eylül ayında Budin önlerine gelen Osmanlı ordusu, şehri Ferdinand'ın işgalinden kurtardı ve Jan Zapolya'yı yeniden Macar tahtına oturttu",POSITIVE,Positive,0.8968067169189453
Osmanlı,"Macaristan'da hâkimiyeti sağladıktan sonra bir süre Budin'de kalan Osmanlı ordusu, Viyana önlerine kadar ilerleyerek şehri kuşatma altına aldı (Görsel 3",NEGATIVE,Negative,0.7715240120887756
Osmanlı,"Ancak 27 Eylül 1529'da başlayan Viyana Kuşatması, kış mevsimi yaklaştığı ve Osmanlı ordusu gerekli donanıma sahip olmadığı için Ekim ayının ortalarında kaldırıldı ve Osmanlı ordusu Budin'e geri döndü",NEGATIVE,Negative,0.8558019399642944
Osmanlı,'Osmanlı ordusunun Viyana önlerinde görülmesi Avrupa'da büyük heyecana sebep olmuştu,POSITIVE,Positive,0.8605243563652039
Osmanlı,"Hatta Osmanlı desteği isteyen ve onların seferleri sonucu Habsburg baskısından kurtulan Fransa bile Hıristiyanlığın tehdit altında olduğu gerekçesiyle oluşturulan ittifaka katılmaya mecbur kaldı, Osmanlılarla ilişkilerini zahirî olarak inkâr etti",NEGATIVE,Negative,0.9921342134475708
Osmanlı,"'
Mohaç Meydan Savaşı'nın kazanılması ve Viyana'nın kuşatılması Osmanlı Devleti açısından neden önemli- dir",NEGATIVE,Negative,0.6279337406158447
Osmanlı,"Avusturya Arşidükü Ferdinand, Osmanlı Devleti'ne karşı düşmanca tavrını sürdürürken Macar toprakları üzerindeki hak iddiasından da vazgeçmemişti",NEGATIVE,Negative,0.9751681685447693
Osmanlı,"Ancak Şarlken'in komuta ettiği Kutsal Roma-Germen ordusu, Ferdinand'ın hâkim olduğu topraklarda ilerleyen Osmanlı ordusunun karşısına çıkamadı",NEGATIVE,Negative,0.9314759373664856
Osmanlı,"Bunun üzerine Ferdinand, Osmanlı Devleti'nden barış talebinde bulundu ve 1533'te Osmanlı Devleti ile Avusturya arasında İstanbul Antlaşması imzalandı",POSITIVE,Positive,0.9324448704719543
Osmanlı,"Cihan Devleti Osmanli (1453-1683)
'Ferdinand'ın aslında 1532'de gerçekleştirmek istediği ama çıkan anlaşmazlık neticesinde Alman seferine neden olan barış teşebbüsü 1533'te bu kez başarıya ulaştı",POSITIVE,Positive,0.6929948329925537
Osmanlı,"Ancak Macaristan'ın hangi topraklarının Avusturya'da kalacağı, Şarlken'e bağlı çalışan Andre Doria tarafından işgal edilen Koron'un Osmanlı'ya geri verilip verilmeyeceği gibi konular, müzakereler içinde bir tartışma konusuydu",POSITIVE,Positive,0.624907374382019
Osmanlı,Bütün bu sorunlar Osmanlı hizmetinde görev yapan usta diplomat Gritti'nin de yardımıyla neticelenmiş ve yazılı olmayan ve padişahın sözüne dayanan bir sulh sağlanmıştı,POSITIVE,Positive,0.9412949681282043
Osmanlı,Osmanlı'nın asıl protokol üstünlüğü metnin sözlü olmasında yatmaktadır,POSITIVE,Positive,0.9830610156059265
Osmanlı,"Bu zaferin ardından Osmanlı Devleti, 1663'e kadar topraklarını genişleterek Macaristan'daki hâkimiyetini güçlendirdi",POSITIVE,Positive,0.8911279439926147
Osmanlı,İstanbul Antlaşması'na göre Avusturya arşidükünün Osmanlı sadrazamına denk sayılması Osmanlı Devleti'nin siyasi ve askerî gücü açısından nasıl değerlendirilebilir,NEGATIVE,Negative,0.6766251921653748
Osmanlı,"Osmanlı Devleti, kuruluşundan itibaren önemli ticaret yollarını denetimi altına almak için çeşitli politikalar izledi",POSITIVE,Positive,0.9346822500228882
Osmanlı,"Osmanlı Devleti'nde ilk kapitülasyon, 1352'de Orhan Gazi Dönemi'nde Cenevizlilere verildi",POSITIVE,Positive,0.8309512138366699
Osmanlı,"Bununla birlikte Osmanlılar, siyasi ya da askerî çatışma yaşanmadığı zamanlarda Venediklilere ve Floransalılara da kapitülasyon vererek Akdeniz ticaretini canlı tuttu ve ekonomik kazancını artırdı",POSITIVE,Positive,0.7454355955123901
Osmanlı,"Osmanlı Devleti'nin, kendi topraklarında ticaret yapma hakkı tanıdığı devletlerden biri de 1365'te Osmanlı himayesine giren Dubrovnik Cumhuriyeti'ydi",POSITIVE,Positive,0.6698638200759888
Osmanlı,Fatih Sultan Mehmet Dönemi'nde 1463-1479 yılları arasında gerçekleşen Osmanlı-Venedik Savaşlarının ardından Venedik'e tanınan imtiyazlar genişletildi,NEGATIVE,Negative,0.5421302318572998
Osmanlı,İlk gerçek Fransız-Osmanlı kapitülasyon anlaşması 18 Ekim 1569 tarihinde imzalanmıştır,POSITIVE,Positive,0.7800376415252686
Osmanlı,"*
Osmanlı Devleti, XVI",POSITIVE,Positive,0.6490644812583923
Osmanlı,"Osmanlı donanmasının Akdeniz'deki gücünü azaltmak isteyen İspanya, Papalık, Venedik, Portekiz, Malta ve Cenova kuvvetleri büyük bir donanmayla harekete geçti",NEGATIVE,Negative,0.8438994884490967
Osmanlı,28 Eylül'de Preveze açıklarında yapılan deniz savaşında Osmanlı donanması büyük bir zafer kazandı,POSITIVE,Positive,0.522595226764679
Osmanlı,Preveze hıristiyan devletleri için olduğu kadar Osmanlı Devleti denizciliği için de bir dönüm noktası oldu,POSITIVE,Positive,0.9725483655929565
Osmanlı,O zamana kadar esas olarak bir kara devleti olan Osmanlılar tam anlamıyla deniz siyasetinin içine girdiler,NEGATIVE,Negative,0.7955676913261414
Osmanlı,Preveze'den sonra müttefik Avrupa devletleri bir daha ancak İnebahtı'da (1571) Osmanlı Devleti'ne karşı çıkabildi,NEGATIVE,Negative,0.5845441818237305
Osmanlı,Preveze'deki müttefik hıristiyan devletlerinin mağlûbiyetini sonuçları bakımından İnebahtı'daki Osmanlı mağlûbiyetiyle karşılaş tırmak anlamsızdır,NEGATIVE,Negative,0.8920032382011414
Osmanlı,Preveze'nin sonuçları bir asrın üçte birini Osmanlılar lehine etkilediği halde İnebahtı'nın ertesi yılı Akdeniz'e açılan yeni Osmanlı donanması karşısına savaşacak bir donanma dahi çıkmamıştı,NEGATIVE,Negative,0.9673041701316833
Osmanlı,"'
Osmanlı Devleti'nin Akdeniz hâkimiyeti açısından Preveze Deniz Savaşı'nın önemi nedir",NEGATIVE,Negative,0.5002443194389343
Osmanlı,"Osman Nuri Paşa'nın Preveze Deniz Savaşı'nı tasvir ettiği yağlı boya tablo, Deniz Müzesi, İstanbul
Preveze Deniz Savaşı'nın büyük bir zaferle sonuçlanmasında Türk denizcilerinin kahramanca mücadelesi ve Barbaros Hayrettin Paşa'nın uyguladığı askerî taktiklerin yanı sıra Osmanlı donanmasındaki gemi t",POSITIVE,Positive,0.7006195783615112
Osmanlı,"Osmanlı donanması, manevra kabiliyeti yüksek bir gemi türü olan kadırgalardan oluşuyordu ve müttefik Haçlı donanmasının kalyonlarından daha avantajlı durumdaydı",POSITIVE,Positive,0.5188455581665039
Osmanlı,"Ayrıca Osmanlı donanmasının sahip olduğu topların menzili, müttefik Haçlı donanmasının toplarından daha yüksekti",NEGATIVE,Negative,0.9134767651557922
Osmanlı,"Bayezid'den yardım istemiş, Osmanlı Devleti de gereken yardımı göndermişti",NEGATIVE,Negative,0.64118492603302
Osmanlı,"Yavuz Sultan Selim Memlûk Devleti'ne son verdikten sonra Osmanlılar Kızıldeniz, Basra Körfezi ve Hint Okyanusu'nda sömürgeci güçlerle mücadele etmeye devam etti",POSITIVE,Positive,0.5822990536689758
Osmanlı,"Bu seferin amaç-
'Kanuni devrinde Osmanlı deniz gücünün ikinci mücadele bölgesi olan Hint denizlerine çıkmaları da yine önemli hadiselerle gerçekleşti",NEGATIVE,Negative,0.8298046588897705
Osmanlı,"Mısır'ı fethederek Kızıldeniz'e ulaşan Osmanlılar, Bağdat ve Basra'nın fethiyle de Basra Körfezi'ne ulaşmak suretiyle Portekiz'e karşı mücadelesini iki cephede sürdürdü",POSITIVE,Positive,0.8567075729370117
Osmanlı,"Yemen ve Habeş eyaletleri Kızıldeniz'in, Basra ve Lahsa eyaletleri de Basra Körfezi'nin korunması amacıyla organize edilen yeni eyaletler olarak aynı dönemlerde kuruldular ve Osmanlı devletinin güney siyasetine yön veren idari merkezler oldular",POSITIVE,Positive,0.6060960292816162
Osmanlı,"Süveyş tersanesiyle Basra tersanesinde hazırlanan donanmalar sayesinde mücadelelerini Hindistan'a ve Uzakdoğu'ya kadar ulaştıran Osmanlı İmparatorluğu, Akdeniz mücadelesini kazandığı gibi, Hint Denizi'nde de etkili oldu",POSITIVE,Positive,0.8152643442153931
Osmanlı,"Sonraki yıllarda Osmanlılar, Hint Okyanusu'na ve iç denizlere yönelik büyük bir sefer düzenlemedi; sadece o bölgede kendi hâkimiyeti altında bulunan toprakları, liman ve tersaneleri korumaya yönelik tedbirler aldı",NEGATIVE,Negative,0.5963925123214722
Osmanlı,"Bununla birlikte Müslümanlardan gelen yardım taleplerine de kayıtsız kalmayan Osmanlı Devleti, örneğin Açe Sultanlığı'nın isteğiyle ülkeye askerî ve teknik malzeme ile topçu ustaları gönderdi",NEGATIVE,Negative,0.7616467475891113
Osmanlı,"Osmanlılar, Hint Deniz Seferleri'nden istediği sonucu alamasa da Müslüman tüccarların Portekizlilere karşı can ve mal güvenliğini sağlamaya yardımcı oldu ve yapılan mücadeleler sonucunda Mısır ve Doğu Akdeniz'e kadar uzanan Baharat Ticaret Yolu eski canlılığına kavuştu",POSITIVE,Positive,0.8303074836730957
Osmanlı,"'Başlangıcı 1538'lere kadar götürülebilen Osmanlı-Açe ilişkilerinde çok önemli bir yer tutan baharat ticaretini bir yana bırakıp siyasi tarafına bakacak olursak, Açe sultanının Portekizlilere karşı koyabilmek amacıyla İstanbul'a çok zengin hediyelerle bir elçi heyeti gönderdiğini ve bu heyetin isteğ",POSITIVE,Positive,0.5899049639701843
Osmanlı,Yine de sonraki olaylar ve bunların çağdaş kaynaklardaki yansımaları bir Osmanlı yardımının Açe'ye gittiğini kesin olarak belirliyor,NEGATIVE,Negative,0.9432071447372437
Osmanlı,"'a giden ti- r vermekte
güvenligini
Açe ile politik ilişki 1580'lerde kesildi, ama Açe'de Osmanlı etkisi devam etti",POSITIVE,Positive,0.7111468315124512
Osmanlı,"u Akdeniz'i Suriye ve HAZAR
Osmanlı Devleti'nin Hint Deniz Seferleri'nde istediği başarıya ulaşamamasının nedenleri neler olabilir",NEGATIVE,Negative,0.9888669848442078
Osmanlı,"Bununla birlikte Doğu Akdeniz'i çevreleyen Anadolu, Suriye ve Mısır arasında, kilit bir noktada bulunan Kıbrıs'ın Venedik idaresi altında bulunması da Osmanlı Devleti için önemli bir tehdit oluşturuyordu (Harita 3",NEGATIVE,Negative,0.6193580627441406
Osmanlı,1569-1570 yılları arasında Osmanlı donanmasının eksikleri giderildi ve 1570 yılının ilkbaharında üç grup hâlinde İstanbul'dan yola çıkıldı,POSITIVE,Positive,0.6521183848381042
Osmanlı,"Osmanlı Devleti, Kıbrıs'ın nüfusunu takviye etmek amacıyla daha sonraki yıllarda da Ada'ya Türk iskânını sürdürmüştür",NEGATIVE,Negative,0.8020606637001038
Osmanlı,"Başta Habsburglar, Venedik ve Papalık olmak üzere birçok Katolik devletin desteğiyle büyük bir donanma hazırlandı ve 7 Ekim 1571'de İnebahtı (Lepanto) önlerinde Osmanlı donanması ile karşı karşıya gelindi",NEGATIVE,Negative,0.6581452488899231
Osmanlı,Burada gerçekleşen deniz savaşında Haçlılar Osmanlı donanmasının büyük bir kısmını tahrip ederek mağlup ettiler,NEGATIVE,Negative,0.8874914050102234
Osmanlı,"'Kıbrıs fethinde ordu ve donanmanın işbirliği halinde yaptığı büyük ölçüdeki harekât, Osmanlı askeri kudretinin ve dehasının eriştiği en yüksek noktayı temsil eder; bununla beraber Lepanto'da Osmanlıların daima korktukları şey gerçekleşmiş, Akdeniz'in Hıristiyan devletleri büyük bir Haçlı seferinde ",POSITIVE,Positive,0.792843222618103
Osmanlı,"'1571-1572 kışında, Osmanlı tersaneleri, Sokullu Mehmed Paşa'nın emriyle, 1572'de Uluç Ali'nin kumandasında denize açılan yeni bir donanma inşa ettiler",NEGATIVE,Negative,0.5947383046150208
Osmanlı,"İnebahtı galiplerinin bu seferki bozgununu daha da belirginleştiren gelişme, 1574'te Uluç Ali ve Koca Sinan Paşa'nın kumandası altında ikinci bir deniz seferiyle Tunus'un İspanyolların elinden alınmasıyla, böylece Wahran'ın (Oran) doğusundaki Kuzey Afrika sahilinin büyük bir kısmı Osmanlı hâkimiyeti",NEGATIVE,Negative,0.9338076710700989
Osmanlı,"Safeviler, Kanuni Sultan Süleyman Dönemi'nde Osmanlı sınırları içinde yaşayan Türkmenlere Şiilik propagandası yapmaya, onları isyana teşvik etmeye ve Doğu Anadolu'daki Osmanlı topraklarına saldırmaya devam etti",NEGATIVE,Negative,0.9860433340072632
Osmanlı,"Bu dönemde Irakeyn Seferi'yle (1534) başlayan Osmanlı-Safevi mücadelesi, 1548'de İran (Tebriz) ve 1553'te Nahçıvan seferleri ile devam etti (Görsel 3",NEGATIVE,Negative,0.6043793559074402
Osmanlı,1555'te Osmanlılar ile Safeviler arasındaki ilk antlaşma olan Amasya Antlaşması yapıldı,POSITIVE,Positive,0.8811814785003662
Osmanlı,"1578'de yeniden başlayan Osmanlı-Safevi Savaşları, 1590'da imzalanan Ferhat Paşa (İstanbul) Antlaşması'yla sona erdi",NEGATIVE,Negative,0.537875771522522
Osmanlı,"Bu antlaşmayla Azerbaycan, Gürcistan ve Dağıstan toprakları Osmanlı Devleti'ne dâhil edildi",POSITIVE,Positive,0.8354288339614868
Osmanlı,Böylece Osmanlı Devleti doğudaki en geniş sınırlarına ulaştı,POSITIVE,Positive,0.9468010663986206
Osmanlı,Bu dönemde yapılan savaşlarda Osmanlı Devleti'ndeki iç karışıklıklar nedeniyle Safeviler başarılı oldu,NEGATIVE,Negative,0.9487183094024658
Osmanlı,"Murad Han, Bağdat'ı yeniden Osmanlı top- raklarına kattı",POSITIVE,Positive,0.5025891065597534
Osmanlı,"Bu antlaşmayla Irak toprakları -Bağdat dâhil- Osmanlı Devleti'nde kaldı, Revan ve Azerbaycan ise Safevilere bırakıldı",POSITIVE,Positive,0.5043920278549194
Osmanlı,Kasr-ı Şirin Antlaşması'ndan sonra Osmanlılar ile Safeviler arasında uzun bir barış dönemi yaşandı,POSITIVE,Positive,0.8028095960617065
Osmanlı,"Bu barış ortamından yararlanan Osmanlı Devleti, XVII",POSITIVE,Positive,0.6629680395126343
Osmanlı,Bu antlaş mayla Osmanlı İmparatorluğu en geniş sınırlarına ulaştı,POSITIVE,Positive,0.9733272194862366
Osmanlı,"Girit Adasi
'Bağdat'ın Osmanlı eline geçmesinin ardından bir süre karşılıklı elçiler gidip gelmiş ve nihayetinde Osmanlı Devlet ile Safevi Devleti arasında 17 Mayıs 1639 tarihinde Kasr-ı Şirin Muahedesi imzalanmıştır",POSITIVE,Positive,0.8181313872337341
Osmanlı,"Bu muahede ile Revan'ın Safevi hâkimiyetine bırakılmasına karşılık Bağdat, Basra, Van, Ahıska, Kars ve Şehrizor Osmanlı Devleti'nde kalmıştır",POSITIVE,Positive,0.8626577258110046
Osmanlı,asrın ilk yarısın da Afganlıların Safevi ülkesini istilaya başlamasına kadar Safevi-Osmanlı ilişkileri dostane gidecektir,POSITIVE,Positive,0.6385105848312378
Osmanlı,"'
Venedik hâkimiyetindeki Kıbrıs Adası 1571'de Osmanlılar tarafından fethedilince Doğu Akdeniz'de Venedik'in elinde sadece Girit Adası kalmıştı",POSITIVE,Positive,0.6604321599006653
Osmanlı,"Osmanlı Devleti'ne karşı Papalık ve İspanya'yla birlikte hareket eden Venedik, Doğu Akdeniz hâkimiyetini yeniden ele geçirmek istiyordu",NEGATIVE,Negative,0.6664601564407349
Osmanlı,"Osmanlı Devleti ise Venedik'in Doğu Akdeniz'deki etkisini azaltmak ve bölgedeki ticareti canlandırmak için Fransız, İngiliz ve Hollandalı tüccarlara bazı imtiyazlar vermişti",POSITIVE,Positive,0.6000587940216064
Osmanlı,1645'te Osmanlı Devleti Girit Adası'nı fethetmeye başladı,POSITIVE,Positive,0.8685089349746704
Osmanlı,"Girit'in fethinin gecikmesinde Osmanlıların Venediklere karşı yaptığı deniz savaşlarında yeterince başarılı olamaması, Osmanlı-Avusturya Savaşlarının devam etmesi ve Avrupalı devletlerin Venediklilere yardım göndermesi etkili oldu",NEGATIVE,Negative,0.9887290000915527
Osmanlı,Girit Seferi sonucunda Osmanlı donanmasının güç kaybettiği ve Avrupalıların deniz gücü karşısında yetersiz kaldığı ortaya çıktı,NEGATIVE,Negative,0.9965693950653076
Osmanlı,Girit'in Fethi'nden sonra Osmanlılar ile Venedikliler arasında kısa bir barış dönemi yaşandı,POSITIVE,Positive,0.8210132122039795
Osmanlı,"looo te
Lehistan ile Habsburg Imparatorlugu arasinda Osmanli Devletine karsi bir antlasma yapildi",POSITIVE,Positive,0.8303179144859314
Osmanlı,"Osmanli Devleti
Viyana'yi kusattigi zaman Lehistan bu antlasmaya göre Avusturya'nin yaninda yer aldi",POSITIVE,Positive,0.7989239692687988
Osmanlı,"yüzyılda Osmanlı Devleti ile Lehistan (Polonya) arasında Ukrayna, Erdel ve Eflak-Boğdan topraklarının hâkimiyeti için çatışmalar yaşandı",NEGATIVE,Negative,0.9489372372627258
Osmanlı,"yüzyılın başlarında Lehistan'a bağlı Ukrayna Kazakları, Karadeniz üzerinden Osmanlı kıyı şehirlerine baskınlar yaptı",NEGATIVE,Negative,0.7853668928146362
Osmanlı,Buna karşılık Osmanlı Devleti'ne bağlı Kırım Hanlığı da Lehistan topraklarına akınlar düzenledi,NEGATIVE,Negative,0.8133519887924194
Osmanlı,"Bu durum, Osmanlı-Lehistan ilişkilerindeki gerginliğin artmasına neden oldu",NEGATIVE,Negative,0.9918937087059021
Osmanlı,"Lehistan'ın Osmanlı Devleti'ne bağlı Boğdan eyaletinin iç işlerine karışması, ayrıca Leh ordusunun Boğdan ve Erdel topraklarına girmesi üzerine Genç Osman (II",NEGATIVE,Negative,0.9774472713470459
Osmanlı,Osmanlı ordusu 1621'de Leh topraklarındaki Hotin Kalesi'ni kuşattı ancak fethedemedi,NEGATIVE,Negative,0.986420214176178
Osmanlı,Osmanlılar bu sefer sonucunda fetih gerçekleştiremese de yapılan antlaşmayla Boğdan'daki hâkimiyetini korumaya devam etti,POSITIVE,Positive,0.6459857225418091
Osmanlı,"Osmanlı Devleti, Köprülü Mehmet Paşa Dönemi'nde Lehistan'ı Rusya, İsveç ve Habsburglara karşı destekledi",POSITIVE,Positive,0.7136157751083374
Osmanlı,Osmanlı ordusu Kamaniçe Kalesi'ni fethederek Podolya'yı ele geçirdi,NEGATIVE,Negative,0.5068377256393433
Osmanlı,"Osmanlı Devleti, bu antlaşmayla Podolya ve Ukrayna bölgelerini hâkimiyeti altına alarak batıdaki en geniş sınırlarına ulaştı (Harita 3",POSITIVE,Positive,0.8461683988571167
Osmanlı,Leh Meclisinin bu antlaşmayı onaylamaması üzerine 1673'te Osmanlı-Leh Savaşı yeniden başladı,NEGATIVE,Negative,0.7402246594429016
Osmanlı,1683'te Lehistan ile Habsburg İmparatorluğu arasında Osmanlı Devleti'ne karşı bir antlaşma yapıldı,POSITIVE,Positive,0.8560554385185242
Osmanlı,Osmanlı Devleti Viyana'yı kuşattığı zaman Lehistan bu antlaşmaya göre Avusturya'nın yanında yer aldı,POSITIVE,Positive,0.7265943884849548
Osmanlı,Sejm [Leh Meclisi] Podolya'nın kaybını kabul edip 1677-1678'de İstanbul'daki bir Leh elçilik heyeti antlaşmayı onayladıktan sonra Leh ve Osmanlı heyetleri ancak 1680'de sınır tespit çalışmalarına koyulabildiler,NEGATIVE,Negative,0.9163109064102173
Osmanlı,"Ertesi yıl Osmanlı yetkilileri, 1699'daki Karlofça Antlaşması'na kadar Osmanlı'nın elinde kalan eyaletin ilk arazi tahririni çıkardılar",POSITIVE,Positive,0.5368276238441467
Osmanlı,"' maddesi, Osmanlı Devleti'nde daha önce de uygulanan kardeş katlini yasallaştırdı",NEGATIVE,Negative,0.7958009839057922
Osmanlı,"Bu yöntemler, Osmanlı Dev leti'nde nihai iktidarın padişaha ait olduğunun en önemli göstergesiydi",POSITIVE,Positive,0.786480724811554
Osmanlı,"Osmanlı Devleti'nin yönetim merkezi, payitaht adı verilen başkentti",POSITIVE,Positive,0.9246880412101746
Osmanlı,"Sultanın ikametgâhının ve idari mekânların bulunduğu Osmanlı sarayında sultana hizmet etmek, sarayı korumak, elçileri ağırlamak, tören düzenlemek, idari işleri yürütmek gibi yükümlülükleri olan çok sayıda saray mensubu görev yapardı",POSITIVE,Positive,0.5668954253196716
Osmanlı,"Dolayısıyla Osmanlı sarayları, devlet teşkilatının merkez üssü konumundaydı",POSITIVE,Positive,0.9839962124824524
Osmanlı,Osmanlı veraset sisteminde padişahın vefatından sonra hangi şehzadenin tahta çıkacağına dair kesin bir kural yoktu,POSITIVE,Positive,0.5472733378410339
Osmanlı,"Bu konuda bağlayıcı bir hüküm getirilmemesinin nedeni, Osmanlı tahtına liyakat sahibi şehzadelerin geçmesi gerektiği düşüncesiydi",NEGATIVE,Negative,0.9756450653076172
Osmanlı,"'
Osmanlı Devleti'nin idari ve askerî kadrolarında neden kul sınıfından gelen devşirmeler görevlendirilmiş olabilir",NEGATIVE,Negative,0.9890373349189758
Osmanlı,Osmanlı devlet yönetiminde toplumsal sınıfların ayrımına büyük önem verilmiştir,POSITIVE,Positive,0.7998380064964294
Osmanlı,"Osmanlı toplum düzeni, yönetenler (askerî) ve yönetilenler (reaya) olarak ikiye ayrılmıştır",POSITIVE,Positive,0.6183100342750549
Osmanlı,Osmanlı devlet teşkilatının merkez üssü olan Topkapı Sarayı'nın (Görsel 3,POSITIVE,Positive,0.5050705671310425
Osmanlı,"4: Dîvân-ı Hümâyunun yapısı ve işleyişi
Osmanlı Devleti'nde sultan ve ailesinin hayatı, hanedanın konumu, veraset sistemi, divanın işleyişi gibi konularda dönemin ihtiyaç ve gerekleri doğrultusunda bazı değişimler yaşanmıştır",POSITIVE,Positive,0.8643577098846436
Osmanlı,"Topkapı Sarayı'nın enderun bölümündeki has odada, kendisine hizmet eden iç oğlanlarla birlikte ikamet eden Osmanlı sultanlarının saray hayatı da zaman içinde değişime uğramıştır",POSITIVE,Positive,0.7418565154075623
Osmanlı,"yüzyılın son dönemlerinden itibaren sultanların erkek çocuklarından sadece en büyük olanının kısa bir süre için sancağa çıkması, fakat daha sonra şehzadelerin sancağa gönderilmesinden tamamen vazgeçilmesi; böylece şehzadeler arasında çıkması muhtemel açık taht kavgalarının son bulması; saltanat vera",NEGATIVE,Negative,0.7962452173233032
Osmanlı,yüzyıl sonunda Osmanlı yönetiminde yaşanan değişimin nedenleri neler olabilir,NEGATIVE,Negative,0.5314511060714722
Osmanlı,"Ancak, Osmanlı siyasasının hâlâ süren gücü ve değişen iç ve dış koşullara verdiği
yaratıcı tepkiler, böyle bir görüşü reddetmemizi, bunun yerine hanedan politikalarındaki değişiklikleri bir bütün olarak siyasadaki geniş çaplı gelişmeler çerçevesi içinde irdelememizi gerektirir",NEGATIVE,Negative,0.8596187233924866
Osmanlı,"Bir yandan Osmanlı hanesinin hükümranlık hakkının tanınmasıyla hanedanın sürekliliği güvence altına alınırken, her kuşakta imparatorluğun ata mirası muzaffer şeh zade tarafından hem sözcüğün tam anlamıyla, hem de simgesel olarak yeniden fethediliyordu",POSITIVE,Positive,0.9810475707054138
Osmanlı,"Osmanlı yönetim yapısındaki değişiklikler, merkezî otoritenin zayıflaması olarak görülmüştür",NEGATIVE,Negative,0.9760579466819763
Osmanlı,"Kuruluş yıllarından itibaren devlete hâkim olan karizmatik, fetihçi ve ordu komutanı padişah temsilinin yerini sarayda yaşayan ve yeterince görünür olmayan padişah temsilinin alması, Osmanlı Devleti'nin klasik yapısının çözülmesinin nedenlerinden biri olarak kabul edilmiştir",NEGATIVE,Negative,0.9911161661148071
Osmanlı,"Bu durum, Osmanlı Dönemi'nin yorumcuları tarafından da eleştirilmiştir",NEGATIVE,Negative,0.9975675344467163
Osmanlı,yüzyıl sonlarında yaşanan gelişmeler neticesinde Osmanlı Devleti'nin genişleme dönemi sona ermiş ve farklı bir padişah modeli ortaya çıkmıştır,POSITIVE,Positive,0.5924270749092102
Osmanlı,"Farklı hizipler arasındaki çatışmalar sonucunda birçok padişah tahttan indirilmiş, Osmanlı payitahtı isyanlarla sarsılmıştır",NEGATIVE,Negative,0.9474278092384338
Osmanlı,yüzyıl sonlarında yeni bir hükümdar modelinin ortaya çıkması sadece Osmanlı Devleti'nde gerçekleşmiş bir dönüşüm olabilir mi,NEGATIVE,Negative,0.7932195067405701
Osmanlı,"Osmanlı teşkilatlanmasının modern anlamda bürokratik bir karakter kazanması, bu dönemde uzmanlaşmaya başlayan kalemiye sınıfı sayesinde mümkün olmuştur",NEGATIVE,Negative,0.7596242427825928
Osmanlı,"yüzyılda oluşmaya başlayan Osmanlı bürokrasisi, merkezî otoritenin bir parçası olmaktan çıkmış ve mutlak bağımlılıktan uzaklaşmıştır",POSITIVE,Positive,0.7000583410263062
Osmanlı,"Bu dönemde reisülküttaplık makamı Osmanlı diplomasisindeki yapısal değişikliklere uyum sağlamış, yeni talep ve gerekliliklere cevap vermek üzere kendi içinde de değişime uğramıştır",POSITIVE,Positive,0.8990976214408875
Osmanlı,"Yüzyil Tasra Teskilati askeri siniftan gelen ve padisahin yürütme yetkisini temsil eden bey ile ilmiye sinifindan gelen ve padisahin yargi
Osmanlı merkez teşkilatındaki yenilikler taşra ve ordu yapılarının da değişmesine neden olmuştur",NEGATIVE,Negative,0.6344616413116455
Osmanlı,"Osmanlı taşra teşkilatı, merkezden atanan askerî valiler ve sancak beylerinin idaresinde sancak kanunnameleriyle şekillenmiştir",POSITIVE,Positive,0.7888233661651611
Osmanlı,"yüzyıl sonunda mali dengelerin değişmesiyle birlikte Osmanlı taşra teşkilatında ve dirlik sisteminde yeni yol arayışlarına gidilmiş, bunun sonucunda da XVI",NEGATIVE,Negative,0.7939218878746033
Osmanlı,Osmanlı Devleti'nde eyaletlere iki ayrı yönetici olarak askerî sınıftan gelen ve padişahın yürütme yetkisini temsil eden bey ile ilmiye sınıfından gelen ve padişahın yargı yetkisini temsil eden kadı atanmıştır,POSITIVE,Positive,0.7090798020362854
Osmanlı,"Salyanesiz Eyaletler
Timar sisteminin uygulandigi
Salyaneli Eyaletler
imtiyazli Eyaletler
Özel ayricaliklar taninan Eflak,
Osmanlı Devleti'nin en büyük mülki idare birimidir",POSITIVE,Positive,0.9846789240837097
Osmanlı,"Osmanli Devletinde
salyanesiz eyaletlerden
Salyanesiz Eyaletler
Tımar sisteminin uygulandığı eyaletlerdir",POSITIVE,Positive,0.8361712694168091
Osmanlı,"Osmanlı Devleti'nde salyanesiz eyaletlerden bazıları şunlardır: Anadolu, Rumeli, Karaman, Diyarbakır, Erzurum, Dulkadir, Şam, Budin, Van, Temeşvar",POSITIVE,Positive,0.8362371921539307
Osmanlı,"Mısır, Bağdat, Şehrizor, Yemen, Habeş, Lahsa, Cezayir, Trablusgarp ve Tunus Osmanlı Devleti'nin salyaneli eyaletleridir",POSITIVE,Positive,0.9613571166992188
Osmanlı,"İç işlerinde özerklik tanınan Eflak, Boğdan ve Erdel voyvodalıkları, Osmanlı Devleti'nin atadığı yerel prensler tarafından yönetilmiştir",POSITIVE,Positive,0.7460981607437134
Osmanlı,"Sancak beyinin asli görevi; kendi kapı halkı, zaimleri, sipahileri ve cebelüleriyle birlikte Osmanlı ordusu sefere çıktığında onumla birlikte sefere katılmaktır",NEGATIVE,Negative,0.8271799683570862
Osmanlı,"Osmanlı Devleti, adli ve idari teşkilatlanma açısından birçok kaza bölgesine ayrılmıştır",POSITIVE,Positive,0.8165632486343384
Osmanlı,"cie fedienter oder londer feibaft
1453-1683 yılları arasında Osmanlı Devleti'nin ordu yapısında meydana gelen değişim ve süreklilik ile ilgili metin ve kaynaklardan yararlanarak soruları",POSITIVE,Positive,0.6481591463088989
Osmanlı,"1299-1453 yılları arasında teşkilatlanma süreci yaşayan Osmanlı ordusu, eyalet ve kapıkulu askerlerinin merkezde olduğu (Görsel 3",NEGATIVE,Negative,0.8585012555122375
Osmanlı,1453-1683 yılları arasında ise Osmanlı Devleti'nin merkez ve taşra teşkilatlarının önemli bir parçası olan askerî kuvvetlerde çeşitli değişimler yaşanmıştır,POSITIVE,Positive,0.6232280135154724
Osmanlı,"İstanbul'un Fethi'nde (1453) askerî gücünü ve ateşli silah kullanma yetkinliğini gösteren Osmanlı ordusu, temel yapısındaki değişimlerle birlikte XVII",NEGATIVE,Negative,0.9072443246841431
Osmanlı,"'On altıncı yüzyılın başlarına kadar Osmanlı askeri müessesesine, devlete mevcut savaş ganimetinin aslan payı karşılığında hizmetlerini sunan bağımsız hafif süvariler veya akıncı kuvvetleri hakimdi",POSITIVE,Positive,0.6026479601860046
Osmanlı,"Bu daimî birlikler ve eyalet süvarileri, şartların ve taktiksel ihtiyaçların farklılaşması sebebiyle, Osmanlı ordusuna çeşitli seferlerde hem farklı sayılarda hem de birbirlerine
Thuns nispetle değişen oranlarda katılım göstermişlerdir",NEGATIVE,Negative,0.8509125113487244
Osmanlı,"(…) Ada kuşatmaları hariç gelişen her durumda, süvari birliklerinin sayıca fazla olmasının sağladığı hızlı hareket kabiliyeti, Osmanlı harekatlarının başarı sında kilit bir rol oynamıştır",POSITIVE,Positive,0.8470353484153748
Osmanlı,"Her ne kadar askeri itibarı 1680'lerin sonları ve 1690'larda pan-Avrupa karşı saldırıları sırasında aldığı yenilgiler sebebiyle zedelense de Birliğin eski üyelerinin, Osmanlı ile teke tek karşı karşıya geldiklerinde, Osmanlı askeri mekanizmasının etkileyici kuvvetini kabul etmeleri çok uzun sürmedi",NEGATIVE,Negative,0.7943621277809143
Osmanlı,"Aynı yüzyılın ortalarında Macaristan ve Balkanlara ulaşan ateşli silah teknolojisi, 1380'lerde Osmanlılar tarafından da kullanılmaya başlanmıştır",POSITIVE,Positive,0.6440292000770569
Osmanlı,yüzyılları kapsayan askerî inkılap sürecinde ordu yapılarında meydana gelen değişim Osmanlı ordusunu da etkilemişti,NEGATIVE,Negative,0.5062327980995178
Osmanlı,"Cihan Devleti Osmanli (1453-1683)
yüzyılda girilen mücadelelerde Osmanlı ordusu (Görsel 3",NEGATIVE,Negative,0.8796402812004089
Osmanlı,yüzyıl sonunda ordu yapısında yaşanan değişimlere ve askerî başarısızlıklara rağmen Osmanlılar dönemin askerî gelişmelerini ve teknolojilerini yakından takip etmiştir,POSITIVE,Positive,0.8562052845954895
Osmanlı,"Osmanlı ordusunda erken dönemlerden itibaren kullanılan toplar, XVI-XVII",POSITIVE,Positive,0.780181348323822
Osmanlı,"Sadece dev toplardan oluşmayan Osmanlı topçuluğu, küçük sahra toplarını da bünyesinde barındırmıştır",POSITIVE,Positive,0.8449004888534546
Osmanlı,"(…)
Osmanlı, İspanyol ve Venedik kuşatma toplarıyla gemi topları kadar, Osmanlı ve Habsburg havanlarının karşılaştırılması da Osmanlı ve Avrupa silahlarının varsayılandan çok daha benzer yapıda olduğunu düşündürüyor",NEGATIVE,Negative,0.7670155763626099
Osmanlı,"Padişah'ın seçkin piyade birlikleri Yeniçeriler tarafından kullanılan Osmanlı ateşli el silahlarının karşılaştırması, bunların İspanyol veya Venedikli hasımlarının kullandıklarıyla aynı vasıfta olduğunu gösterir",NEGATIVE,Negative,0.9046619534492493
Osmanlı,"Örneğin, Osmanlılar İspanyol miquelet ateşleme sistemini uyarlamışlardı",NEGATIVE,Negative,0.899425208568573
Osmanlı,"Herkesten önce büyük ölçekli daimî ordular toplayabilen Osmanlılar, dikkate değer bir biçimde Avrupalı emsallerinin ilerisindeydi",POSITIVE,Positive,0.9610006213188171
Osmanlı,"(…)
1500'lere gelindiğinde Osmanlı ordusundaki, hızlı hareket kabiliyetleri başarılarında önemli bir etken olan süvarilerin piyadelere oranı üçe bir civarındayken; 1600'lerle birlikte piyade neferlerinin sayısı gitgide artmış, Habsburglara karşı verilen 1690'daki savaşta aynı oran bu sefer bire bir ",NEGATIVE,Negative,0.9194472432136536
Osmanlı,"(…) Babıali [Osmanlı hükümeti] 1700'lü yıllara dek, lojistik, finans ve asker toplamada Avrupalı hasımlarından daha yetkindi",POSITIVE,Positive,0.6774466633796692
Osmanlı,"Osmanlılar, Avrupalı rakiplerinden daha büyük orduları sahaya istikrarlı bir biçimde sürebiliyor, muharip güçlerinin sürekliliğini daha iyi sağlayabiliyordu",NEGATIVE,Negative,0.7150524258613586
Osmanlı,"Buna karşın, Osmanlılar da yerine göre özel teşebbüse başvurup Kuzey Afrika'da etkin olan korsanları istihdam ediyordu",NEGATIVE,Negative,0.8068392872810364
Osmanlı,"Son olarak Osmanlılar, büyük orduları, donanmaları yıllar boyunca toplayıp ayakta tutarken, zamanının pek çok Avrupalı gücü arasında kural haline gelmiş olan yıkıcı iflaslara da çok daha az meyilliydi",POSITIVE,Positive,0.7589272260665894
Osmanlı,"'
Askerî inkılabın gerçekleştiği dönemde yaşanan değişimden hareketle Osmanlı ordu yapısının temel özellikleri hakkında üç çıkarımda bulununuz",NEGATIVE,Negative,0.739965558052063
Osmanlı,"Osmanlı Devleti, dönemin koşulları gereğince ordudaki cebelü sayısını azaltmış; buna karşılık ateşli silah kullanabilen ve piyade sınıfı asker olan yeniçerilerin sayısını artırmıştır",NEGATIVE,Negative,0.9464579224586487
Osmanlı,Tablolardaki verilere göre 1453-1683 yılları arasında Osmanlı ordusundaki değişim ve sürekliliğe dair hangi çıkarımlarda bulunulabilir,POSITIVE,Positive,0.6464329957962036
Osmanlı,"Osmanlı Devleti, sahip olduğu deniz gücü sayesinde Karadeniz ve Akdeniz'de üstünlük sağlamıştır",POSITIVE,Positive,0.7281398773193359
Osmanlı,Bu başarıda Osmanlı donanmasının ağırlıklı olarak kadırgalardan oluşmasının büyük etkisi vardır,POSITIVE,Positive,0.9247194528579712
Osmanlı,Osmanlılar verdikleri bazı kayıplara rağmen Akdeniz'deki hâkimiyet alanlarını XVII,NEGATIVE,Negative,0.6390581130981445
Osmanlı,'1453 ile 1560'lar arasında Türk deniz kuvvetleri Osmanlı İmparatorluğu'nun yayılmasına hizmet etti,POSITIVE,Positive,0.7034364938735962
Osmanlı,"'
Osmanlı ordusundaki askerî değişime bağlı olarak piyade sınıfı muharebe alanında daha baskın hâle geldikçe ordudaki süvari sayısı azaltılmış, bunun sonucunda da sipahilerin geçimi için ihtiyaç duyulan tımar sayısı düşmüştür",NEGATIVE,Negative,0.9897966980934143
Osmanlı,"Osmanlı askerî varlığı, silah teknolojisi, maliyesi ve lojistiği; XVI-XVII",POSITIVE,Positive,0.5638959407806396
Osmanlı,Osmanlı Devleti'nin 1299-1453 ile 1453-1683 yılları arasındaki yönetim ve ordu yapılarının benzer ve farklı yönlerini belirleyerek aşağıdaki alanda listeleyiniz,POSITIVE,Positive,0.6529237031936646
Osmanlı,1299-1453 ile 1453-1683 yılları arasında Osmanlı Devleti'nin yönetim ve ordu yapılarında meydana gelen değişim hakkında bir Venn şeması veya tablo hazırlayınız,POSITIVE,Positive,0.6598285436630249
Osmanlı,"yüzyıllarda Osmanlı Devleti ve diğer Müslüman devletlerin İpek, Baharat gibi önemli ticaret yollarını kontrol altına alması, Avrupa'nın doğu ve uzakdoğu ile yaptığı ticari faaliyetleri zorlaştırmış ve maliyetlerin yükselmesine neden olmuştu",NEGATIVE,Negative,0.9781801700592041
Osmanlı,"Osmanlı Devleti'nde meydana gelen kuraklık ve aşırı soğukların yol açtığı yoksulluk, aşırı fiyat artışları ve kıtlık gibi olumsuzluklar toplum hayatını nasıl etkilemiştir",NEGATIVE,Negative,0.9708446264266968
Osmanlı,"Osmanlı Devleti'ndeki nüfus artışı, gelir-gider dengesini nasıl etkilemiş olabilir",NEGATIVE,Negative,0.9786003232002258
Osmanlı,1453-1683 yılları arasında Osmanlı Devleti'nde gerçekleşen önemli isyanların neden ve sonuçları ile ilgili verilenlerden yararlanarak soruları,NEGATIVE,Negative,0.8761304020881653
Osmanlı,"Osmanhi Devletindeki isyanlar (1453-1683)
Eyalet isyanlari
Osmanlı Devleti, bu dönemde hem merkezde hem de taşra teşkilatlarında çeşitli sorunlarla karşı karşıya kaldı",NEGATIVE,Negative,0.969350278377533
Osmanlı,Halkın yaşadığı ekonomik sıkıntılar ve bunların tetiklediği ayaklanmalar Osmanlı Devleti'ni zor durumda bırakınca geleneksel kurumlarda ve yönetim anlayışında bazı ıslahatlara ihtiyaç duyuldu,NEGATIVE,Negative,0.986713707447052
Osmanlı,"yüzyılda Osmanlı İmparatorluğu'nun Dünya ekonomik cereyanları içindeki durumu, zengin bir hammadde alıcısı olan Avrupa ile, çok bol ve hatta ucuz bir işlenmiş mal satıcısı olan şarkın arasında bocalayan aracı, olarak kabul edilebilir",NEGATIVE,Negative,0.9751436710357666
Osmanlı,Hepsine baskın çıkan sebep Kanuni Sultan Süleyman'ın hükümdarlığının sonuyla birlikte Osmanlı fetihler çağının tükenen bir duruş noktasına vardığı gerçeğiydi,NEGATIVE,Negative,0.9871034026145935
Osmanlı,Her ne kadar İran' da hesaba katılır muharebeler olduysa da Osmanlılar savaş sırasında kazandıkları toprakları ellerinde tutmakta başarısız kaldılar,NEGATIVE,Negative,0.9619480967521667
Osmanlı,"Osmanlı devleti fethe dayanan, fethe bağımlı ve fetih için teşkilatlanmış bir devletti",NEGATIVE,Negative,0.9553028345108032
Osmanlı,"'
'Osmanlı Devleti'nin temel para birimi gümüş içerikli akçe idi",NEGATIVE,Negative,0.5564776659011841
Osmanlı,(…) Bilinen ilk Osmanlı akçesini yaklaşık olarak 1326 yılında Orhan Bey bastırdı,NEGATIVE,Negative,0.8601969480514526
Osmanlı,(…) İlk Osmanlı altın sikkesi 1478 yılında II,POSITIVE,Positive,0.6734407544136047
Osmanlı,"(…) Ayrıca, altın ve gümüşün göreli fiyatları değiştikçe, Osmanlı ekonomisinde dolaşan sikkelerin göreli fiyatları ya da kur değerleri de değişirdi",POSITIVE,Positive,0.7389265298843384
Osmanlı,(…) Madeni para düzenini kullanan devletlerin ve bu arada Osmanlı Devleti'nin başvurduğu önemli bir işlem de tağşişti,NEGATIVE,Negative,0.887819230556488
Osmanlı,"'
Kaynak C ve Kaynak Ç'den hareketle Osmanlı Devleti'ndeki önemli isyanların hangi üç temel sorundan kaynaklandığını belirleyerek bu sorunları",NEGATIVE,Negative,0.8882365226745605
Osmanlı,1453-1683 yılları arasında Osmanlı Devleti'nde gerçekleşen İstanbul isyanları ile ilgili verilenlerden yararlanarak etkinliği yapınız,NEGATIVE,Negative,0.6406659483909607
Osmanlı,Avrupa'da savaş teknolojilerinin gelişmesi ve ateşli silahların yaygınlaşması üzerine Osmanlı ordusundaki yeniçeri sayısı artırıldı ve Yeniçeri Ocağı merkezî bir ordu yapısına dönüştürüldü,NEGATIVE,Negative,0.7985197305679321
Osmanlı,Ancak ulufe ödenmesi gereken bu askerlerin sürekli artması nedeniyle Osmanlı bütçesi bir süre sonra zor durumda kaldı,NEGATIVE,Negative,0.9981386661529541
Osmanlı,"cuvi loyarlk aslall Mllean vu loyarlii
Osmanlı tarihindeki ilk yeniçeri isyanı, 1446 yılında gerçekleşen Buçuktepe Vakası'ydı",POSITIVE,Positive,0.6341704726219177
Osmanlı,"yüzyılın ilk yarısında, Osmanlı tarihinde yapısal gelişmelere damga vuran büyük değişiklikler meydana çıkmıştır",POSITIVE,Positive,0.835978090763092
Osmanlı,"Bunlardan biri; klasik Osmanlı pâdişahlık otoritesi eski anlamını kaybetmiş, yüksek otorite Harem'in kontrolü altına düşmüştür",NEGATIVE,Negative,0.9946538209915161
Osmanlı,Yeniçeri sayısındaki artış Osmanlı maliyesini nasıl etkilemiş olabilir,NEGATIVE,Negative,0.9797757863998413
Osmanlı,"Osman'ı (Genç Osman) tasvir eden bir minyatür, Topkapı Sarayı Müzesi, İstanbul
1618'de genç yaşta Osmanlı tahtına çıkan II",POSITIVE,Positive,0.6433011889457703
Osmanlı,1453-1683 yılları arasında Osmanlı Devleti'nde gerçekleşen İstanbul İsyanları'nın nedenlerini ve sonuçlarını aşağıdaki tablonun ilgili alanına yazınız,NEGATIVE,Negative,0.9123846888542175
Osmanlı,1453-1683 yılları arasında Osmanlı Devleti'nde gerçekleşen Celâli İsyanları ile ilgili verilenlerden yararlanarak etkinliği yapınız,NEGATIVE,Negative,0.862415611743927
Osmanlı,"Tımar sistemi ve sipahiler, Osmanlı idari düzeninde hem askerî hem de mali açıdan büyük bir öneme sahipti",POSITIVE,Positive,0.8667256832122803
Osmanlı,"Osmanlı maliyesine ciddi bir yük oluşturan bu durum, zamanla tımar ve tımarlı sipahi sayısının azalmasına neden oldu",NEGATIVE,Negative,0.9928706288337708
Osmanlı,'Osmanlı toplumuna musallat olan gevşemenin bir çözümlemesi için tımar sisteminin çöküşü iyi bir başlangıç noktasıdır,NEGATIVE,Negative,0.8921875357627869
Osmanlı,Bu zamanda (onaltıncı yüzyıl sonu) enflasyon Osmanlı mülkünü etkilemeye başladı ve tımar sahiplerinin mali durumları sarsıldı,NEGATIVE,Negative,0.9634121656417847
Osmanlı,"Yükselen fiyatlarla sabit gelirler arasında sıkışıp kalan bir çok tımar sahibi sefere katılabilecek mali
Osmanlı Devleti ile Avusturya arasında yaşanan Haçova Meydan Savaşı, büyük Celâli isyanlarının başlangıcı kabul edilir",NEGATIVE,Negative,0.9000450372695923
Osmanlı,"*
İltizam sisteminin Osmanlı merkez yönetimi üzerindeki avantaj ve dezavantajları neler olabilir",NEGATIVE,Negative,0.8809377551078796
Osmanlı,Osmanlı tarihinde Celâli İsyanları olarak bilinen ayaklanmaların 1511'deki Şahkulu İsyanı'yla başladığı kabul edilir,NEGATIVE,Negative,0.8856436610221863
Osmanlı,"Celâli İsyanları, ilk olarak Safevilerin kışkırtmasıyla hareket eden Şii eğilimli Türkmen grupların ve Osmanlı yönetiminden memnun olmayan toplulukların devlete karşı ayaklanmasıyla başladı",NEGATIVE,Negative,0.9567482471466064
Osmanlı,"Sonraki yıllarda Osmanlı Devleti'nde görülen Celâli İsyanları'ndan bazıları ise şunlardı: Deli Hasan, Tavil Halil, Karahaydaroğlu, Gürcü Nebi, Abaza Ahmet Paşa ve Katırcıoğlu isyanları",NEGATIVE,Negative,0.9859300255775452
Osmanlı,'Osmanlı toprakları 1570'lerden itibaren alışılmamış ölçüde soğuk ve değişken iklimle belirlenen bir dönemden geç ti,POSITIVE,Positive,0.8875080347061157
Osmanlı,"(…) Aynı dönemde Osmanlı İmparatorluğu'nun Macaristan'da büyük çaplı bir askeri sefere girişmesi hayati kaynakları tüketti, vergilerin ve bedel alımların düzeyini yükseltti",NEGATIVE,Negative,0.999264657497406
Osmanlı,"İklim değişimi, savaş ve kötü zamana denk gelen bir salgın hastalığın bir araya gelmesi Osmanlı tedarik sistemlerini çökertti; bunun üzerine padişahın makul olmayan talepleriyle sıkışan köylülerin çaresizliği hoşnutsuzluğa ve şiddete dönüştü",NEGATIVE,Negative,0.9953771829605103
Osmanlı,"Ãav®¨ ÈvÀ¡¡®§¡ ®
GLYPH<c=17,font=/WAHLFF+Barlow-BoldItalic>¨Ş¨¡ ¡Ãâv®âƛ GLYPH<c=4,font=/WAHLFF+Barlow-BoldItalic>vğv (vÃv® IvÆv
Osmanlı Devleti; doğuda Safevilerle, batıda ise Avusturya'yla savaşmaya devam ederken bir yandan da Anadolu'daki Celâli İsyanları ile mücadele etmek zorunda kaldı",POSITIVE,Positive,0.6910718679428101
Osmanlı,Kanuni Sultan Süleyman Dönemi'nden itibaren Osmanlı padişahları reayayı korumaya yönelik birçok ferman ve kanunname çıkardı ancak bu konuda alınan tedbirler yetersiz kaldı,NEGATIVE,Negative,0.9946303367614746
Osmanlı,"'
1453-1683 yılları arasında Osmanlı Devleti'nde gerçekleşen Celâli İsyanları'nın nedenlerini ve sonuçlarını aşağıdaki tablonun ilgili alanına yazınız",NEGATIVE,Negative,0.8825065493583679
Osmanlı,1453-1683 yılları arasında Osmanlı Devleti'nde gerçekleşen eyalet ve suhte isyanları ile ilgili verilenlerden yararlanarak etkinliği yapınız,NEGATIVE,Negative,0.7969090342521667
Osmanlı,Osmanlı Devleti'nde taşra teşkilatı eyaletlerden oluşuyordu,POSITIVE,Positive,0.845659077167511
Osmanlı,yüzyılda yaşanan sosyoekonomik sorunlar Osmanlı toplumunun çeşitli kesimlerini derinden etkilerken medrese öğrencileri de isyan eden gruplar arasındaydı,NEGATIVE,Negative,0.9448403120040894
Osmanlı,Medreseli veya suhte isyanları olarak isimlendirilen bu ayaklanmaların temelinde Osmanlı eğitim sisteminden ve ilmiye sınıfından kaynaklanan sorunlar vardı (Görsel 3,NEGATIVE,Negative,0.9915695786476135
Osmanlı,1453-1683 yılları arasında Osmanlı Devleti'nde gerçekleşen önemli isyanlara karşı alınan önlemler ile ilgili verilenlerden yararlanarak etkinliği yapınız,POSITIVE,Positive,0.7060225009918213
Osmanlı,"yüzyılın ikinci yarısından itibaren Osmanlı Devleti'nin kurumsal yapısındaki çözülmeye ve değişim sürecinde yaşanan sorunlara çözüm bulmak isteyen ulema sınıfı ve devlet adamları, siyasetname özelliği taşıyan ve layiha ya da risale adı verilen raporlar yazdı",NEGATIVE,Negative,0.8652439713478088
Osmanlı,"Layiha yazan devlet adamlarından biri olan Osmanlı sadrazamı Lütfi Paşa, Âsafnâme adlı eserinde devletin haksız kazançtan sakınması gerektiğini ve dürüst devlet adamlarının hafif kabahatler nedeniyle azledilip idam edilmesinin doğru olmadığını belirtti",NEGATIVE,Negative,0.9666188359260559
Osmanlı,yüzyıllarda Osmanlı Devleti'nde çıkan isyanlara karşı dönemin padişahları ve devlet adamları çeşitli ıslahat girişimlerinde bulundu,POSITIVE,Positive,0.5215879082679749
Osmanlı,Hazinenin gelir ve giderlerini hesaplayarak ilk modern Osmanlı bütçesini hazırladı,POSITIVE,Positive,0.7892568707466125
Osmanlı,Ardından Osmanlı ordusunu güçlendirerek uzun süredir devam eden Girit Kuşatması'nı başarıyla tamamladı ve Avusturya üzerine sefere çıkarak Uyvar Kalesi'ni fethetti,NEGATIVE,Negative,0.7966684699058533
Osmanlı,Bu dönemde yapılan askerî ve mali ıslahatlar merkezî otoriteyi güçlendirerek Osmanlı Devleti'nin itibarını artırdı,POSITIVE,Positive,0.7158291339874268
Osmanlı,Fatih'in sol elindeki beyaz mendil de Osmanlı geleneğinde aşka ve sevgiye işaret eder,POSITIVE,Positive,0.9779288172721863
Osmanlı,"Mehmet'in (Fatih Sultan Mehmet Han) siyah beyaz portresi, 1586 tarihli 'Speculum Romanae Magnificentiae (Roma İhtişamının Aynası)' adlı eserdeki on üç Osmanlı padişahının portresinden biridir",POSITIVE,Positive,0.7158219814300537
Osmanlı,"Klasik Osmanlı mimarisinin kültürel ve sosyal hayata yansımalarını gösteren bu eser; çok geniş bir alana yayılan cami, imaret, darüşşifa, medrese, hamam, hankâh ve sıbyan mektebinden oluşmaktadır",POSITIVE,Positive,0.978069543838501
Osmanlı,"Osmanlı hamam mimarisinin en seçkin örnekleri arasında yer alan yapı, kadın ve erkek bölümleriyle çifte hamam şeklinde inşa edilmiştir ve hâlâ aynı amaçla kullanılmaktadır",POSITIVE,Positive,0.9851446151733398
Osmanlı,İncelediğiniz eserlerden hangileri Osmanlı mimarisinin abidevi eserlerine örnek gösterilebilir,POSITIVE,Positive,0.8734585642814636
Osmanlı,"Merkez Bankası tarafından 17 Temmuz 2017'de dola- şıma giren 100 Türk lirasının arka yüzündeki Itri portresi
Itri, Osmanlı Devleti'nde yetişmiş önemli sanatkârlara veya büyük şahsiyetlere örnek gösterilebilir mi",POSITIVE,Positive,0.8577033281326294
Osmanlı,"Osmanlı Devleti, altı yüz yılı aşan tarihi boyunca Asya, Avrupa ve Afrika topraklarında Türklerin yanı sıra farklı dinlerden ve etnik kökenlerden gelen milletleri barındırmıştır",POSITIVE,Positive,0.9685475826263428
Osmanlı,"Bu milletlerin dilleri, dinleri ve sahip oldukları kültürler, Osmanlı toplumunda dinamik bir yapı kurulmasını sağlamıştır",POSITIVE,Positive,0.9562947750091553
Osmanlı,Osmanlılar kazandıkları siyasi ve askerî başarılarla hem cihan devleti olma ideallerini gerçekleştirmiş hem de özellikle XVI- XVII,POSITIVE,Positive,0.841273307800293
Osmanlı,"Osmanlı Klasik Dönemi adı verilen bu süreçte yetişen bilim insanları, farklı alanlarda verdikleri eserlerle, ortaya koydukları ürün ve faaliyetlerle zengin bir kültür birikimine sahip olmuştur",POSITIVE,Positive,0.8884667158126831
Osmanlı,"Osmanlı Dönemi'nde bilim, kültür, eğitim ve sanat alanlarında yapılan faaliyetler, günümüzde Osmanlı topraklarında varlıklarını sürdüren ülkelerin ve Türkiye Cumhuriyeti'nin ortak kültürel mirasıdır",POSITIVE,Positive,0.969106912612915
Osmanlı,"1453-1683 yılları arasında Osmanlı Devleti'nde bilim, kültür, eğitim ve sanat alanlarında meydana gelen gelişmelerle ilgili araştırma yapınız",POSITIVE,Positive,0.5837751030921936
Osmanlı,"Kontrol Listesi
1453-1683 yılları arasında Osmanlı Devleti'nde bilim, kültür, eğitim ve sanat alanlarında meydana gelen gelişmelere ilişkin yaptığınız araştırmanın başlangıcından sonuna kadar bütün aşamalarını aşağıdaki kontrol listesi aracılığıyla",POSITIVE,Positive,0.9934350252151489
Osmanlı,"Aşağıdaki bilgi görsellerinde verilen konu başlıklarını ve bu başlıkların kapsamını grubunuzla inceleyerek 1453-1683 yılları arasında Osmanlı Devleti'nde bilim, kültür, eğitim ve sanat alanlarında meydana gelen gelişmelerinden hangisiyle ilgili araştırma yapmak istediğinizi belirleyiniz",POSITIVE,Positive,0.54743891954422
Osmanlı,"7: 1453-1683 yılları arasında Osmanlı Devleti'ndeki bilimsel faaliyetler
Bilgi Görseli 3",NEGATIVE,Negative,0.9150058627128601
Osmanlı,"8: 1453-1683 yılları arasında Osmanlı Devleti'ndeki kültür faaliyetleri
Bilgi Görseli 3",NEGATIVE,Negative,0.8821802735328674
Osmanlı,"9: 1453-1683 yılları arasında Osmanlı Devleti'ndeki eğitim faaliyetleri
Bilgi Görseli 3",NEGATIVE,Negative,0.8076303601264954
Osmanlı,"10: 1453-1683 yılları arasında Osmanlı Devleti'nde sanat faaliyetleri
Kouuyan Kitaphk
Tay Plaklar
2",POSITIVE,Positive,0.9420791268348694
Osmanlı,"Kaynak incelemesine iliskin Örnek Çalisma
Eserin Adi: Devlet-i 'Aliyye
Eserin Yazari: Halil Inalcik
Yayin Yeri ve Tarihi: Istanbul, 2009
DEVLET-I 'ALIYYÉ
OSMANLI IMPARATORLUGU
ÜZERINE ARASTIRMALAR-II
3",NEGATIVE,Negative,0.9420403242111206
Osmanlı,"ADIM: Kaynaklardan Elde Edilen Bilgilerin Yorumlanması
1453-1683 yılları arasında Osmanlı Devleti'nde bilim, kültür, eğitim ve sanat alanlarında meydana gelen gelişmelerle ilgili edindiğiniz bilgilerden yararlanarak incelediğiniz konu hakkında çıkarımlarda bulununuz",NEGATIVE,Negative,0.5754377245903015
Osmanlı,"792 (1390)
1453-1683 yılları arasında Osmanlı Devleti'nde bilim, kültür, eğitim ve sanat alanlarında meydana gelen gelişmeler bağlamında Akşemseddin, Ali Kuşçu, Mimar Sinan, Piri Reis, Sabuncuoğlu Şerefeddin, Buhurizade Mustafa Itri Efendi, Kâtip Çelebi, Evliya Çelebi, Matrakçı Nasuh ve Nabi'nin biy",POSITIVE,Positive,0.7183822989463806
Osmanlı,Matrakçı Nasuh ve Piri Reis'in çalışmaları Osmanlı Klasik Dönemi'nin oluşumuna ne gibi katkılarda bulunmuş olabilir,NEGATIVE,Negative,0.5744119882583618
Osmanlı,"ADIM: Araştırma Raporunun Hazırlanması
1453-1683 yılları arasında Osmanlı Devleti'nde bilim, kültür, eğitim ve sanat alanlarında meydana gelen gelişmeler hakkında edindiğiniz bilgilerle bir araştırma raporu hazırlayınız",POSITIVE,Positive,0.5509253144264221
Osmanlı,Avrupa'nın fethi Osmanlı cihana nasıl hükmetti,NEGATIVE,Negative,0.6587561964988708
Osmanlı,Avrupa'da Osmanlı savaşları 1453-1826,NEGATIVE,Negative,0.6023403406143188
Osmanlı,Osmanlı'da savaş ve serhad,POSITIVE,Positive,0.6357262134552002
Osmanlı,"1453-1683 yılları arasında Osmanlı Devleti'nde bilim, kültür, eğitim ve sanat alanlarında meydana gelen gelişmelerle ilgili araştırma raporu hazırlayıp sununuz",POSITIVE,Positive,0.6157026886940002
Osmanlı,"On yedinci yüzyılın ortalarında Osmanlı İmparatorluğu, Macaristan (1660-1664), Girit (1669) ve günümüz Ukraynası'nı oluşturan tarihî Leh eyaleti Podolya'da (1672) sürdürülen fetihler sonrasında en geniş sınırlarına ulaştı",POSITIVE,Positive,0.9320569634437561
Osmanlı,"Osmanlılar; kuzeyde Macaristan, güneyde Yemen, batıda Cezayir ve doğuda Irak'a uzanan, doğrudan idare edilmeyen bölgeler ve verimli olmayan çöller de hesaba katıldığında yaklaşık 3",NEGATIVE,Negative,0.6343937516212463
Osmanlı,Askerî ve siyasi mücadelelerin Osmanlı Devleti'nin cihan devleti hâline gelmesindeki rolünü aşağıdaki alana çizeceğiniz tablo üzerinde,NEGATIVE,Negative,0.5068053007125854
Osmanlı,'Osmanlı Topçu Ocağı'nın ne zaman kurulduğu kesin değildir,NEGATIVE,Negative,0.745048463344574
Osmanlı,Osmanlılar Uzun Hasan'a karşı 1473'te açtıkları seferde büyük çaplı topların nakliyatı için top arabası kullanmak suretiyle bu usulü bu alanda Batı Avrupa'da yüzyılın sonundaki uygulamalarıyla öncül olan Fransızlardan daha erken kabul etmiş oldular,NEGATIVE,Negative,0.7066616415977478
Osmanlı,"*
Kaynak A ve Kaynak B'den yararlanarak aşağıdaki alana Osmanlı ordusunda 1299-1453 ile 1453-1683 yılları arasındaki meydana gelen değişimleri yansıtan bir tablo hazırlayınız",POSITIVE,Positive,0.7149806022644043
Osmanlı,"Fetret Devri'nde dahi Bayezid'in oğulları, sahip oldukları toprakları yönetmekle yetinmeyip birbirlerini yok etme pahasına Osmanlı tahtını ele geçirmeye çabalamışlardı",NEGATIVE,Negative,0.6024442315101624
Osmanlı,"Bu durum, Fatih Sultan Mehmed devrinde yazıya dökülen Teşkilat Kanunnamesi'nde 'nizam-ı alem' için tahta geçen padişahın kardeşlerini katletmesine izin veren maddenin klasik çağ Osmanlı siyaset anlayışında iyice yerleşmesine yol açtı",NEGATIVE,Negative,0.940472424030304
Osmanlı,"Ahmet'in 1603'te tahta çıkışından itibaren, taht sahibinin mutlak iktidarını güvence altına almak uğruna diğer Osmanlı şehzadelerinin öldürülmesine son verildi; öte yandan, onlara kendilerini eğitebilmek için ancak sınırlı olanaklar sunan bir saray hayatı içinde, bazen müebbet hapsi andıran, sürekli",POSITIVE,Positive,0.9284540414810181
Osmanlı,"'
Kreiser, *
Kaynak A ve Kaynak B'den yararlanarak Osmanlı yönetim yapısında 1299-1453 ile 1453-1683 yılları arasında hangi değişimlerin meydana gelmiş olabileceğini açıklaklayınız",NEGATIVE,Negative,0.6869965195655823
Osmanlı,"yüzyılın başlarından itibaren Osmanlı Devleti'nde idari, askerî ve mali sorunlar sebebiyle İstanbul ve Celâli isyanları çıkmaya başladı",NEGATIVE,Negative,0.9806898236274719
Osmanlı,yüzyılda Osmanlı ordusunda ateşli silah kullanabilen yeniçeri sayısının arttırılması ve uzun süren savaşlar nedeniyle Osmanlı bütçesi açık vermeye başladı,NEGATIVE,Negative,0.998012900352478
Osmanlı,Bu süreçte tarım arazilerinin ekimi azaldığı için vergi gelirleri de düşünce Osmanlı yönetimi iltizam sistemine geçiş yaptı,NEGATIVE,Negative,0.9542948007583618
Osmanlı,"Osmanlı yönetimi, yapılan ıslahatlarda başarılı olmuştur",NEGATIVE,Negative,0.7832866311073303
Osmanlı,Osmanlı padişahları devletin kötüye gidişini fark etmiştir,NEGATIVE,Negative,0.9930480122566223
Osmanlı,Babıali: Osmanlı hükûmeti,POSITIVE,Positive,0.7974388003349304
Osmanlı,"berat: Osmanlı Devleti'nde bir göreve atanan, aylık bağlanan, san, nişan veya ayrıcalık verilen kimseler için çıkarılan padişah buyruğu",POSITIVE,Positive,0.9341266751289368
Osmanlı,"Osmanlı Devleti'nde dinî, sosyal ve hukuki konularda bilgi ve söz sahibi olan kimse",POSITIVE,Positive,0.9243957996368408
Osmanlı,"iç oğlanı: Osmanlı Devleti'nde, saraylarda türlü devlet hizmetleri için aday olarak yetiştirilen genç; celep",NEGATIVE,Negative,0.9836379289627075
Osmanlı,"voyvoda: Osmanlı Devleti'nde Eflak, Boğdan ve Erdel beylerine verilen ünvan",POSITIVE,Positive,0.9885770082473755
Osmanlı,Avrupa'nın fethi Osmanlı cihana nasıl hükmetti,NEGATIVE,Negative,0.6587561964988708
Osmanlı,Avrupa'da Osmanlı savaşları 1453-1826,NEGATIVE,Negative,0.6023403406143188
Osmanlı,Osmanlı'da savaş ve serhad,POSITIVE,Positive,0.6357262134552002
Osmanlı,Osmanlı Devleti'nin kuruluşu efsaneler ve gerçekler: Panel bildirileri,POSITIVE,Positive,0.5642438530921936
Osmanlı,Osmanlı Döneminde Konya,POSITIVE,Positive,0.5623935461044312
Osmanlı,"Türkleri
Mogolistan Türkleri
Rusya Federasyonu Türkleri
ÜLKE KISALTMALARI
KUZEY KIBRIS TÜRK CUMHURIYETI
KUZEY MAKEDONYA
İÇİNDEKİLER
DEVRIMLER ÇAGINDA DEGISEN
DEVLET-TOPLUM ILISKILERI
OSMANLI SIYASETI (1506-1774)
KİTABIN TANITIMI
Haçova Muharcbesi
Bu Ünitede Ögrenecekleriniz
3",NEGATIVE,Negative,0.8536815643310547
Osmanlı,Vakıf kültürünün Osmanlı Devleti'nde XIX,NEGATIVE,Negative,0.7463272213935852
Osmanlı,Yonerge: Osmanli Devleti ve günümüz Türkiye'sinde ulasim altyapisiyla ilgili faaliyetleri degisim ve süreklilik açisindan mukayese ediniz,POSITIVE,Positive,0.7170954942703247
Osmanlı,Yönerge: Iran tahtina geçen Nadir Sah'in Osmanli padisahi I,NEGATIVE,Negative,0.6568249464035034
Osmanlı,"Mahmut'a gönderdigi mek-
Yönerge: Osmanli Devletinde yazilan layihalardaki tanhi bakis açilarini analiz ediniz",POSITIVE,Positive,0.7578877806663513
Osmanlı,"Karakteristik
""Safevi Sâh ismail'in baskaldirisinin baslangicindan itibaren âfâki [gereksiz) hükümler
Tarihsel Önem Kriterleri
Osmanli Devleti
Bu ünitede ögrendiginiz layiha yazarlarinin farkli bakis açilan nelerdi",NEGATIVE,Negative,0.9874089956283569
Osmanlı,1595-1700 yılları arasında Osmanlı Devleti hangi devletlerle ilişki kurmuştur,POSITIVE,Positive,0.9074557423591614
Osmanlı,Osmanlı Devleti'nin bu dönemde yaptığı askerî mücadelelerin fetihler yerine antlaşmalarla neticelenmesinin sebepleri neler olabilir,NEGATIVE,Negative,0.9930806756019592
Osmanlı,yüzyılda Osmanlı Devleti'nin savaştığı ve antlaşma yaptığı coğrafyalarda bugün hangi devletler bulunmaktadır,POSITIVE,Positive,0.748388409614563
Osmanlı,yüzyılın ikinci yarısından itibaren Osmanlı Devleti'nin fetih politikaları sona yaklaşıyordu,NEGATIVE,Negative,0.7464616894721985
Osmanlı,Batıda Avusturya'ya hâkim olan Habs burg ve doğuda İran'a hâkim olan Safevi hanedanları Osmanlı'nın ilerleyişine engel oluyordu,NEGATIVE,Negative,0.9441335797309875
Osmanlı,Bu yüzyıldan itibaren Osmanlı sınırlarında belirmeye başlayan bir diğer rakip Rusya olmuştu,NEGATIVE,Negative,0.7162806987762451
Osmanlı,"Rus tehdidini bertaraf etmek isteyen Osmanlı Devleti, Don-Volga Kanalı Projesi ile İç Asya'daki Müslümanlarla irtibat kurarak bu tehdidin önüne geçmeyi planlıyordu",NEGATIVE,Negative,0.7779852151870728
Osmanlı,Fakat Akdeniz'de yaşanan sorunlar ve Kıbrıs'ı fethetmek için yapılan hazırlıklar Osmanlı Devleti'nin Rus tehdidini bertaraf etmesine engel teşkil ediyordu,NEGATIVE,Negative,0.9760613441467285
Osmanlı,"Bununla beraber yüzyılın son çeyreğine girmeden Kıbrıs'ı (1571) ve Tunus'u (1574) fetheden Osmanlı Devleti, Doğu Akdeniz'de başlayan hâkimiyetini Kuzey Afrika'nın batı ucuna kadar genişletmeyi başarmıştı",POSITIVE,Positive,0.8233208656311035
Osmanlı,"Doğuda İran'la uzun süren savaşlar, Osmanlı Devleti'nin silah ihtiyacını artırmış ve yeni bir devletle diplomatik ilişkiler kurulmasını gerekli hâle getirmişti",NEGATIVE,Negative,0.9709610342979431
Osmanlı,"İç savaşla meşgul olan Fransa, müttefiki Osmanlı Devleti'ne silah tedarik edemeyebilirdi",NEGATIVE,Negative,0.8099655508995056
Osmanlı,"Osmanlı Devleti, bu şartlar altında İngiltere ile bir antlaşma imzalayarak hem bu ihtiyacını karşılayacak hem de Akdeniz hâkimiyetinde İspanya'ya ve Portekiz'e karşı yeni bir müttefik kazanmış olacaktı",POSITIVE,Positive,0.7761605381965637
Osmanlı,"Diplomatik İlişkileri Değiştiren Osmanlı-Avusturya Savaşları
Beyin Fırtınası
Devletler için diplomatik ilişki kurmak bir zorunluluk mudur yoksa tercih midir",NEGATIVE,Negative,0.9741456508636475
Osmanlı,"Zitvatorok'ta Rams Müzakereleri 1606 Herman Oftol
Osmanlı Devleti'nin Macaristan topraklarını geri alma niyetinde olması, Avusturya ile sınır anlaş mazlıklarına ve devamında uzun sürecek bir savaşın başlamasına yol açmıştı",NEGATIVE,Negative,0.7742733955383301
Osmanlı,"Osmanlı Devleti'nin İngiltere'ye ve Hollanda'ya kapitülasyonlar vererek onlarla müttefiklik kurması, Avrupa'nın geri ka lan güçlerini Osmanlı karşısında Avusturya safında birleştirmişti",POSITIVE,Positive,0.6341675519943237
Osmanlı,"T arihte 'Kepçe Kazan Savaşı' olarak da anılan Haçova Muharebesi'nde (1596) Osmanlı'ya karşı Haçlı ittifakı kuran Avusturya'nın ordusunda Alman, Çek, İspanyol, Leh, Macar ve Papalık askerleri bulunmaktaydı",NEGATIVE,Negative,0.6266262531280518
Osmanlı,Bu ittifak karşı sında Osmanlı Devleti zorlansa da üstünlük kurmayı başarmış ancak Avusturya ordusunu ortadan kaldıramamıştı,NEGATIVE,Negative,0.8673516511917114
Osmanlı,"Osmanlıların batıda sürdürdüğü mücadeleleri fırsat bilen İran, Osmanlı topraklarının doğu sınırında tehdit oluşturuyordu",NEGATIVE,Negative,0.881416380405426
Osmanlı,Bu tehditle birlikte içeride meydana gelen Celâli İsyanları Osmanlı Devleti'nin Avusturya ile bir antlaşma imzalamasını kaçınılmaz hâle getirmişti,NEGATIVE,Negative,0.7560414671897888
Osmanlı,İki taraf arasında imzalanan Zitvatorok Antlaşması (1606) ile Osmanlı Devleti bazı kazanımlar elde etmiş olsa da Avrupa'ya karşı psikolojik üstünlüğünü kaybetmişti,NEGATIVE,Negative,0.7278087139129639
Osmanlı,Habsburglarla (Avusturya) yapılan savaşlar sonucunda imzalanan Zitvatorok Antlaşması Osmanlı Devleti açısından diplomaside bir kırılma noktasıdır,POSITIVE,Positive,0.5970991849899292
Osmanlı,Öte yandan eskiden antlaşma metni görüşmeleri daha çok Osmanlı tarafının isteklerinin yazıya geçirilmesi şeklinde yapılır ve buna Osmanlı tarafından bir ulak veya çavuş nezaret ederdi,POSITIVE,Positive,0.6255220174789429
Osmanlı,Zitvatorok görüşmeleri ise uzun müzakereler şeklinde gerçekleşmiş ve Osmanlı temsilcileri en az sancak beyi rütbesindeki üst düzey görevlilerden seçilmişti,POSITIVE,Positive,0.5571791529655457
Osmanlı,Bunun yanında eski antlaşmalarda metnin içeriği genelde 'karşı taraf antlaşmayı ihlal edinceye kadar' gibi her koşulda ve her zaman Osmanlı üstünlüğünü varsayan bir üslupla kaleme alınır ve çoğunlukla bu antlaşmalar kısa süreli olurdu,POSITIVE,Positive,0.7519921660423279
Osmanlı,")
Zitvatorok Antlaşması'nın Osmanlı diplomasisinin değişimine etkileri neler olmuştur",POSITIVE,Positive,0.8509488105773926
Osmanlı,Daha öncesinde Osmanlı sadrazamına denk sayılan Avusturya hükümdarına Viyana Beyi veya Nemçe Kralı gibi isimlerle hitap edilirdi,POSITIVE,Positive,0.5822113156318665
Osmanlı,Zitvatorok Antlaşması'nda Avusturya hükümdarı 'Kayzer' ünvanı ile anılmış ve Osmanlı padişahına denk sayılmıştır,POSITIVE,Positive,0.8506078720092773
Osmanlı,"Bu asırlarda imparatorluk, eski dünya kıtalarında evrensel bir Osmanlı Barışı (Pax Ottomana) tesis etmeye çalışmıştır",POSITIVE,Positive,0.8698842525482178
Osmanlı,"Biri Madrid, öbürü Viyana merkezli iki kanattan oluşan bu hanedan, Avrupa'da Osmanlı ilerleyişini durdurmayı kendisine misyon edinmişti",POSITIVE,Positive,0.6730954051017761
Osmanlı,"Osmanlılar, Roma'nın son başkenti İstanbul'u kendi merkezleri yapmışlar ve Roma coğrafyasının önemli bir kısmını ele geçirmişlerdi",NEGATIVE,Negative,0.5943558812141418
Osmanlı,Osmanlı ile Habsburg arasındaki rekabet 16,NEGATIVE,Negative,0.5862381458282471
Osmanlı,Zitvatorok Antlaşması'nın Osmanlı ve Habsburg rekabetindeki önemi nedir,POSITIVE,Positive,0.84475177526474
Osmanlı,"Osmanlı Devleti'nin Kuzey Siyaseti
Osmanlı Devleti'nin XVII",NEGATIVE,Negative,0.8571463227272034
Osmanlı,"Lehistan, Osmanlı Devleti'ne bağlı Eflak ve Boğdan'ın iç işlerine müdahale etmekle kalmamış, kendi denetimindeki Kazakların Osmanlı sahillerine saldırmasına da göz yummuştu",NEGATIVE,Negative,0.9050699472427368
Osmanlı,Öte yandan Kırım hanı da Lehistan'a akınlar düzenlemekten geri durmadığı için Osmanlı-Lehistan gerginliği II,NEGATIVE,Negative,0.9855538010597229
Osmanlı,"Hotin Kalesi, günümüzde Ukrayna sınırlarında yer alan ve Osmanlı Devleti ile Lehistan ve Rusya arasında stratejik öneme sahip bir kaledir",POSITIVE,Positive,0.5049315094947815
Osmanlı,Osman Dönemi'nde yapılan Hotin Seferi'nde Osmanlı ordusu büyük bir direniş göstermiştir,NEGATIVE,Negative,0.9920806288719177
Osmanlı,Mehmet Dönemi'nde de Osmanlı ordusu kaleyi uzun süre başarıyla savunmuştur,POSITIVE,Positive,0.9760404825210571
Osmanlı,"Avrupa'da devam eden Otuz Yıl Savaşları, Osmanlı Devleti'ni Lehistan tehdidini ortadan kaldırmak konusunda cesaretlendirmişti",POSITIVE,Positive,0.5811607241630554
Osmanlı,"Ü N İ T E
Osmanlı Devleti, XVII",NEGATIVE,Negative,0.7444403171539307
Osmanlı,"Bir müddet sonra Rus tehlikesi büyümüş, Osmanlı Devleti üç yüzyıl boyunca Ruslarla mücadele etmek zorunda kalmıştır",NEGATIVE,Negative,0.9262915849685669
Osmanlı,"Ukrayna Kazakları, yalnızca Osmanlı-Lehistan ilişkilerinde değil Osmanlı-Rus ilişkilerinde de etkili bir unsur olmuştu",POSITIVE,Positive,0.8655751943588257
Osmanlı,"Ukrayna Kazaklarının Rus çarına bağlılık bildirmesi üzerine Osmanlı ordusu, Ukrayna Kazaklarının geleneksel başkenti Çehrin'e sefere çıktı (1678)",NEGATIVE,Negative,0.7145371437072754
Osmanlı,"Ruslar, önce kaleyi terk etmiş sonrasında da daha büyük bir Osmanlı saldırısından çekindikleri için barış istemişlerdi",NEGATIVE,Negative,0.8637502789497375
Osmanlı,"İlk Osmanlı-Rus antlaşması olan Bahçesaray Antlaşması (1681) ile Özi Nehri'nin batısında kalan Ukrayna topraklarındaki Osmanlı hâkimiyeti korunmuş, diğer Ukrayna toprakları için ise Ruslar, Kırım'a vergi ödemeyi kabul etmişti",POSITIVE,Positive,0.6808216571807861
Osmanlı,Osmanlı Devleti'nin kuzey siyasetinde Kazak meselesinin rolünü analiz ediniz,NEGATIVE,Negative,0.506305992603302
Osmanlı,"Osmanli Devleti'nin
Nüfuz ve Hâkimiyet Alanlari
Osmanli Devleti
Osmanli Nüfuz ve Hâkimiyet Alanlari savaş devam etti",NEGATIVE,Negative,0.8779860734939575
Osmanlı,Lehistan ayrıca Fransa ve Prusya'ya karşı Osmanlı Devleti ile ittifak kurmayı da önermiş fakat bu isteği Osmanlı Devleti tarafından kabul görmemişti,NEGATIVE,Negative,0.9625842571258545
Osmanlı,"2) Osmanlılar, geçmişteki fütuhat devirlerini hatırlamaya başlamıştı",POSITIVE,Positive,0.8955363631248474
Osmanlı,"Osmanlı Devleti'nin Doğu Siyaseti
Osmanlı-İran savaşları XVII",NEGATIVE,Negative,0.8897656202316284
Osmanlı,"Bu dönemde Osmanlı Devleti'ndeki iç karışıklıkları fırsat bilen Safeviler, Bağdat'ı ele geçirdi (1623)",NEGATIVE,Negative,0.5826025605201721
Osmanlı,Bunun üzerine yapılan ve uzun süren savaşlarda Osmanlı Devleti 1638'de Bağdat'ı geri almış olmasına rağmen sınır ihlallerinin önüne geçememişti,NEGATIVE,Negative,0.9243110418319702
Osmanlı,Safevilerin sınır ihlalleri ve bazı toprak talepleri üzerine Osmanlı ordusunun önemli bir bölümü İran topraklarına doğru harekete geçti,NEGATIVE,Negative,0.9719889760017395
Osmanlı,Murat'ın kabul etmesiyle Osmanlı ve Safevi heyetleri 1639'da Kasr-ı Şirin yakınlarında antlaşma imzaladı,POSITIVE,Positive,0.7089834213256836
Osmanlı,"Kasr-ı Şirin Antlaşması'yla Azerbaycan ve Revan Safevilerde kalırken Basra, Musul, Kerkük, Bağdat, Van ve Diyarbakır kesin olarak Osmanlı egemenliğine bırakıldı",POSITIVE,Positive,0.8781610727310181
Osmanlı,Kasr-ı Şirin Antlaşması'yla Osmanlı Devleti'nin Doğu ve Batı'daki saygınlığı ve otoritesi yeniden sağlanmıştı,POSITIVE,Positive,0.9333149790763855
Osmanlı,Bu tarihten sonra Osmanlı-Safevi sınır anlaşmazlıkları Kasr-ı Şirin Antlaşması zemininde çözülmüştü,POSITIVE,Positive,0.7615319490432739
Osmanlı,Osmanlı Devleti bu antlaşma sayesinde Irak başta olmak üzere doğu sınırlarını belirlemiş ve güvence altına almıştır,POSITIVE,Positive,0.9670047760009766
Osmanlı,Bu durum Osmanlı ve İran topraklarındaki ticareti geliştirmiştir,POSITIVE,Positive,0.82114177942276
Osmanlı,"Bu antlaşmadan sonra Osmanlı ve İran, birbirine karşı savaşmaktan kaçınmışlardır",POSITIVE,Positive,0.740749180316925
Osmanlı,"Bununla birlikte Osmanlı Devleti, batı ve kuzeydeki tehditlerle mücadele ettiği dönemlerde doğudaki İran tehlikesini yok saymamıştır",POSITIVE,Positive,0.652845025062561
Osmanlı,Osmanlı-İran sınırını bölgeye ait güncel bir haritadaki sınırlarla karşılaştırdığınızda ne gibi farklılıklar görüyorsunuz,NEGATIVE,Negative,0.6510928273200989
Osmanlı,"Kasr-ı Şirin Antlaşması'yla belirlenen doğu sınırlarının uzun süre geçerliliğini koruması, Osmanlı Devleti'nin batıdaki politikalarını nasıl etkilemiş olabilir",NEGATIVE,Negative,0.7796596884727478
Osmanlı,"Osmanlı Devleti'nin Batı Siyaseti
XVII",NEGATIVE,Negative,0.9000955820083618
Osmanlı,"yüzyılda Osmanlı Devleti; Avrupa'daki Avusturya, Ceneviz, Felemenk, Floransa, İngiltere, İspanya, İsveç, Lehistan, Papalık, Portekiz ve Venedik ile çeşitli ilişkiler içinde olmuştur",POSITIVE,Positive,0.9564102292060852
Osmanlı,Osmanlı Devleti bu dönemde askerî açıdan rakipsiz olma özelliğini yitirmiş ve Avrupa'dan stratejik tehditler almaya başlamıştır,NEGATIVE,Negative,0.9196163415908813
Osmanlı,Bu gelişmeler üzerine Avrupalı devletlerle ilişkilerini geliştirme yönünde politikalar izleyen Osmanlı Devleti konjonktürel ittifak lar kurarak menfaatlerini korumaya çalışmıştır,NEGATIVE,Negative,0.750822901725769
Osmanlı,Örneğin Osmanlılar önceleri Hristiyan birliğini dağıtmak için Avrupalı devletlerle kapitülasyon antlaşmaları yapmıştır,POSITIVE,Positive,0.7316422462463379
Osmanlı,Osmanlı-Fransız ilişkileri XVII,POSITIVE,Positive,0.5639374852180481
Osmanlı,"Osmanlı- Venedik savaşında Fransa'nın Venedik'e gizliden destek vermesi, Fransa'yla ilişkilerin gerilmesine sebep olmuştu",NEGATIVE,Negative,0.681783139705658
Osmanlı,"Viyana önlerinde bozguna uğrayan Osmanlı Devleti, Fransa'dan gelen elçinin Fransa'nın bundan sonra Osmanlıların rakiplerine yardımda bulunmayacağı garantisi vermesi üzerine Fransa ile ilişkilerini düzeltmeyi kabul etti",NEGATIVE,Negative,0.5689795613288879
Osmanlı,"Viyana'daki bozgun sonrasında Osmanlı Devleti Kutsal İttifak ile savaşırken Fransa, Osmanlı Devleti'nin yanında yer aldı",NEGATIVE,Negative,0.6733086109161377
Osmanlı,"Kutsal İttifak: Papalık tarafından Osmanlı Devleti'ne karşı oluşturulmuş, Kutsal Roma İmparatorluğu, Venedik, Avusturya, Malta, Lehistan ve Rusya'yı kapsayan Haçlı ittifakı",POSITIVE,Positive,0.9341807961463928
Osmanlı,"Osmanlı Devleti'nin Kutsal İttifak karşısında bozguna uğraması üzerine İngiltere, taraflar arasında barışa aracılık etmişti",NEGATIVE,Negative,0.7101067900657654
Osmanlı,"Osmanlı Devleti, İspanya ve Portekiz ile de diplomatik ilişkilerde bulunmuş fakat bu durum yalnızca dostane yaklaşımlarla sınırlı kalmış, müttefiklik boyutuna taşınmamıştı",NEGATIVE,Negative,0.9637539386749268
Osmanlı,yüzyılda Osmanlı Devleti'nin ilişkide bulunduğu bir diğer devlet ise Venedik olmuştu,POSITIVE,Positive,0.5241798162460327
Osmanlı,"Venedik'e bağlı olan Girit'teki korsanların faaliyetleri ve Malta korsanlarının Osmanlı gemilerinden ele geçirdikleri ganimeti Girit idaresiyle paylaşması Osmanlı-Venedik ilişkilerinin bozulmasına sebep olmuş, 1645'te Girit kuşatmaya alınmıştı",NEGATIVE,Negative,0.9850690960884094
Osmanlı,"Osmanlı kuşatmasına daha fazla dayanamayan Venedik, 1669'da Girit Adası'nı tamamen teslim ederek Osmanlı Devleti ile barış yapmak zorunda kalmıştı",NEGATIVE,Negative,0.8936626315116882
Osmanlı,Ancak Girit'in 24 yılda fethedilebilmiş olması Osmanlı ordusunun eski gücünde olmadığını tüm dünyaya göstermişti,NEGATIVE,Negative,0.9798277616500854
Osmanlı,Fakat Osmanlı Devleti'ne bağlı Erdel'de bağımsızlık eğilimleri gözlenmeye başlayınca bu durumu fırsata çevirmek isteyen Avusturya'nın Erdel'e müdahale etmesi üzerine iki taraf arasında savaş başlamıştı,NEGATIVE,Negative,0.6506934762001038
Osmanlı,"Avusturya, Osmanlı orduları karşısında başarılı olmak üzereydi fakat Fransa'nın araya girmesi üzerine barışa razı olarak Vasvar Antlaşması'yla (1664) Erdel'deki Osmanlı hâkimiyetini tanımıştı",POSITIVE,Positive,0.8432944416999817
Osmanlı,Osmanlı Devleti için XVII,NEGATIVE,Negative,0.7445661425590515
Osmanlı,"Osmanlı Devleti'ni bu sonuca götüren ise Osmanlı sadrazamı Kara Mustafa Paşa'nın Venedik, Lehistan ve Rusya karşısında elde ettiği başarılarla eski fütuhat devirlerini hatırlaması ve bu başarının Avusturya karşısında da devam edeceğini düşünmesiydi",NEGATIVE,Negative,0.5741339325904846
Osmanlı,"1683'te Viyana'yı kuşatma altına alan Osmanlı ordusu, Kırım hanının gerekli tedbirleri uygulamaması nedeniyle Tuna Nehri'ni geçerek yardıma gelen Alman-Leh kuvvetleri tarafından bozguna uğratıldı",NEGATIVE,Negative,0.7704107165336609
Osmanlı,"Avusturya'nın girişimleriyle kurulan Kutsal İttifak, Osmanlı Devleti'ni dört cepheden sıkıştırmıştı",NEGATIVE,Negative,0.5704245567321777
Osmanlı,Kutsal İttifak'la yapılan savaşlar sırasında Osmanlı Devleti'nde üç kez taht değişikliği yaşanmış ve yönetim istikrarını yitirmişti,NEGATIVE,Negative,0.9590126276016235
Osmanlı,1697'de Zenta Muharebesi'nde Avusturya tarafından bozguna uğratılan Osmanlı Devleti için barış imzalamak zorunlu bir hâl almıştı,POSITIVE,Positive,0.8460997939109802
Osmanlı,Osmanlı Devleti bu süreçte İngiltere'yi ve Hollanda'yı barış konusunda ara bulucu olarak yanında bulmuştu,POSITIVE,Positive,0.8956595063209534
Osmanlı,"Müzakereler neticesinde Osmanlı Devleti Avusturya, Lehistan ve Venedik'le Karlofça (1699); Rusya ile İstanbul Antlaşması'nı (1700) imzalamıştı",POSITIVE,Positive,0.9027441143989563
Osmanlı,"Osmanlı Devleti, Erdel'i ve Macaristan'ı Avusturya'ya bırakmış ancak Belgrad'ı elinde tutmayı başarmıştı",POSITIVE,Positive,0.7593941688537598
Osmanlı,Rusya'nın İstanbul Antlaşması'yla Azak'ı ele geçirip Karadeniz'e açılması Osmanlı Devleti için yeni bir tehlikenin baş göstermesi demekti,NEGATIVE,Negative,0.9699418544769287
Osmanlı,Karlofça Antlaşması hem Avrupalılar hem de Osmanlılar için psikolojik sonuçları olan bir antlaşmadır,NEGATIVE,Negative,0.987575888633728
Osmanlı,Büyük toprak kayıpları yaşayan Osmanlı Devleti artık sınırlarını genişletmeye değil korumaya öncelik verdiği bir döneme girmiştir,NEGATIVE,Negative,0.7084640264511108
Osmanlı,Tek başına batıda sınırlarını koruyamayacağını fark etmesi Osmanlı Devleti'ni Avrupa'da yeni kapitülasyon antlaşmalarıyla müttefiklik ilişkileri kurmaya ve var olan ilişkileri devam ettirmeye itmiştir,POSITIVE,Positive,0.907392144203186
Osmanlı,Haritada Osmanlı toprağı olarak görülen yerlerde günümüzde hangi devletler bulunmaktadır,POSITIVE,Positive,0.7905009388923645
Osmanlı,Haritayı incelediğinizde Osmanlı Devleti'nin denizlerdeki hakimiyetini,POSITIVE,Positive,0.8378438949584961
Osmanlı,Osmanlı Devleti'nin Karlofça Antlaşması ile kaybettiği topraklarda günümüzde hangi devletler bulunmaktadır,POSITIVE,Positive,0.8582878708839417
Osmanlı,Sizce Osmanlı Devleti XVII,NEGATIVE,Negative,0.7411843538284302
Osmanlı,"Yeni Ticaret Yollarının Küresel Etkileri
Avrupa'yı Uzak Asya ve Hindistan'a bağlayan güzergâhlardaki ticarete dayalı ekonomik faaliyetler, Osmanlı Devleti'nin bu yolları ele geçirmesinden çok önce başlamıştı",POSITIVE,Positive,0.8571338057518005
Osmanlı,Hindistan ve Çin'den gelen değerli malların ticaretini yapan Avrupalı tüccarlar Osmanlı Devleti'nin ticaret yollarına hâkim olmasından endişelenmişlerdi,NEGATIVE,Negative,0.9880276918411255
Osmanlı,"OSMANLI DEVLETI
YENI TICARI YOLLAR
BAHARAT YOLU
Harita Analizi
Yönerge: Haritadan hareketle",NEGATIVE,Negative,0.8070685863494873
Osmanlı,Ticaret yollarının değişimi Osmanlı Devleti'nin jeostratejik önemini nasıl etkilemiş olabilir,NEGATIVE,Negative,0.8572757840156555
Osmanlı,"Denizcilik Faaliyetlerindeki Değişimlerin Osmanlı Devleti'ne Etkileri
Beyin Fırtınası
Bir devletin denizlerdeki hâkimiyeti ile siyasal ve ekonomik varlığı arasında bir ilişki var mıdır",POSITIVE,Positive,0.8026617169380188
Osmanlı,"yüzyıllarda Osmanlı Devleti Avrupa, Asya ve Afrika kıtalarının kesiştiği iç denizlerde egemenliğe sahipti",POSITIVE,Positive,0.883267343044281
Osmanlı,Bu açıdan bakıldığında en doğuda Filistin kıyılarından en batıda Atlantik Okyanusu'na kadar tüm Akdeniz'de Osmanlı deniz gücü hâkim bir konumdaydı,POSITIVE,Positive,0.8689556121826172
Osmanlı,'Türk Gölü' olarak anılan Karadeniz'in tüm kıyıları Osmanlı Devleti'nin egemenliği ve denetimi altında bulunuyordu,POSITIVE,Positive,0.7498933672904968
Osmanlı,Osmanlı Devleti uzun yıllar bu denizlerde kıyıların güvenliğini ve Doğu-Batı ticaretinin devamını sağlamıştı,POSITIVE,Positive,0.9493944048881531
Osmanlı,Osmanlılar ayrıca bu bölgedeki ticaret sayesinde hazine gelirlerini ve refah düzeyini artırmıştı,NEGATIVE,Negative,0.5551142692565918
Osmanlı,"Akdeniz'in uzun süre önemini korumasının sebebi Osmanlı Devleti'nin Fransa, İngiltere, Hollanda gibi tüccar devletleri Doğu Akdeniz limanlarında ticaret yapmaları hususunda teşvik etmesi ve yeni ticaret yollarının Batı Akdeniz limanları üzerinden işlemesiydi",POSITIVE,Positive,0.7182950973510742
Osmanlı,9) büyük gemileri toplarla donatmaları deniz gücünde Osmanlı Devleti'ne karşı üstünlük kurmalarına sebep oldu,NEGATIVE,Negative,0.5844770669937134
Osmanlı,Bu süreçte Akdeniz'de Venediklilerle Osmanlı Devleti arasında deniz savaşları yapıldı,NEGATIVE,Negative,0.7901557683944702
Osmanlı,"Özellikle Girit Adası'nın hâkimiyeti için girişilen bu mücadelelerde Girit, Osmanlı Devleti tarafından fethedilmiş olsa bile kalyon kullanan Venediklilerin denizlerde teknik üstünlüğü söz konusuydu",NEGATIVE,Negative,0.5745657086372375
Osmanlı,"Bununla birlikte Osmanlı Devleti, donanmasında kadırgadan kalyona geçerek ve önlemler alarak Akdeniz'deki egemenliğini korumaya çalışmıştır",NEGATIVE,Negative,0.7541329264640808
Osmanlı,"Ü N İ T E
Rusya, Osmanlı Devleti'nin Batı ile yaptığı yoğun savaşları kendi lehine çevirdi",NEGATIVE,Negative,0.8435392379760742
Osmanlı,"Batıda, kuzeyde, doğuda sürekli yeni topraklar elde etti ve Osmanlı Devleti için bir tehdit olmaya başladı",NEGATIVE,Negative,0.8878180980682373
Osmanlı,İstanbul Antlaşma sı'yla (1700) Azak Kalesi ve çevresini Osmanlı Devleti'nin elinden aldı,POSITIVE,Positive,0.7805936336517334
Osmanlı,Osmanlı Devleti Karadeniz'deki egemenliğini korumak ve Rusların ilerlemesini önlemek için Karadeniz kıyılarında kaleler inşa etti,POSITIVE,Positive,0.5642069578170776
Osmanlı,"Fakat Küçük Kaynarca Ant laşması'yla (1774) Kırım, Osmanlı egemenliğinden çıkınca Karadeniz'in kuzeyindeki Rus etkisi arttı",NEGATIVE,Negative,0.9725301861763
Osmanlı,"Osmanlı Devleti, Akdeniz ve Karadeniz'deki hâkimiyetini korumada yaşadığı sorunlar sebebiyle de nizcilik alanında bazı önlemler aldı",NEGATIVE,Negative,0.8584508895874023
Osmanlı,Özellikle Girit Kuşatması'nın uzun sürmesi (1645-1669) ve bu kuşatma sırasında kalyon kullanan Venediklilerin Osmanlı kadırgalarına karşı sağladıkları üstünlük Osmanlıların donanma gemilerinin teknolojisinde yenilikler yapmalarını zorunlu kılmıştı,NEGATIVE,Negative,0.8588600158691406
Osmanlı,"Osmanlı Devleti, XV ve XVI",POSITIVE,Positive,0.8056349158287048
Osmanlı,Osmanlı Devleti ilk etapta bazı dene yimsizlikler ve mürettebat yetersizliği sebebiyle kalyondan istediği verimi alamamıştı,NEGATIVE,Negative,0.9866985082626343
Osmanlı,Daha sonra kalyon üretimi ve mürettebat eğitiminde yeterli tecrübeye sahip olunmasıyla Osmanlı donanmasın da kalyon sayısı artmıştır,POSITIVE,Positive,0.6186841130256653
Osmanlı,Karlofça Antlaşması'nda büyük toprak kayıpları yaşaması Osmanlı Devleti'nde bir bunalıma sebep olmuştu,NEGATIVE,Negative,0.9897268414497375
Osmanlı,"Osmanlı Devleti, bu bunalımdan çıkabilmek için kaybettiği toprakları geri alma siyaseti izlemeye başladı",NEGATIVE,Negative,0.9809094071388245
Osmanlı,"Bu siyaset doğrultusunda Osmanlı Devleti'nin Avusturya, Lehistan, Rusya ve Venedik ile mücadele etmesi gerekiyordu fakat eskisi gibi birkaç devletle baş edebilecek gücünün kalmadığı Karlofça'da gün yüzüne çıkmıştı",NEGATIVE,Negative,0.9167594909667969
Osmanlı,Bu sebeple Osmanlı Devleti gerek savaş aşamasında gerek antlaşmaların imzalanmasında farklı devletlerle iş birliği yapmaya XVIII,NEGATIVE,Negative,0.6889469027519226
Osmanlı,"Rusya-İsveç mücadelesi, Osmanlı Devleti'nin Karlofça'nın devamında imzalanan İstanbul Antlaşması ile kaybettiği toprakları geri kazanmasına zemin hazırlamıştı",NEGATIVE,Negative,0.9600220322608948
Osmanlı,"Osmanlı Devleti ile tek başına mücadele edemeyeceğini düşünen Rusya, yönünü Kuzey Avrupa'ya çevirip o sırada hayli güçlenen İsveç üzerine sefer düzenlemişti",NEGATIVE,Negative,0.8801190853118896
Osmanlı,Rus saldırısından Osmanlı topraklarına kaçarak kurtulan İsveç kralı Xll,NEGATIVE,Negative,0.944470226764679
Osmanlı,"12)], bu olayla yeni bir Osmanlı-Rus savaşına sebep olmuştu",NEGATIVE,Negative,0.9746622443199158
Osmanlı,"Yapılan savaşta Baltacı Mehmet Paşa komutasındaki Osmanlı ordusu, I",NEGATIVE,Negative,0.9621154069900513
Osmanlı,"Bu antlaşmayla Ruslar, savaş öncesi işgal ettikleri bütün yerleri ve İstanbul Antlaşması'yla kazandıkları toprakları Osmanlı Devleti'ne terk etmişlerdir",POSITIVE,Positive,0.8413254618644714
Osmanlı,"Avrupalı devletlerle teke tek mücadelede başarılı olabileceğine inanan Osmanlılar, Karlofça Antlaşması'na aykırı faaliyetlerde bulunan Venedik'e savaş ilan etti",POSITIVE,Positive,0.510282576084137
Osmanlı,"1715'te gerçekleştirilen seferde Venedik kuvvetlerini karada ve denizde mağlup ederek Mora'yı alan Osmanlı ordusunun Hırvatistan'a yönelmesi, Avusturya ile Venedik'in Osmanlı Devleti'ne karşı ittifak kurmasına sebep oldu",POSITIVE,Positive,0.5474522709846497
Osmanlı,"Bu ittifaka karşı Peter -
varadin Muharebesi'nde (1716) bozguna uğrayan Osmanlı Devleti, muharebe sonrasında toprak kayıpları yaşayınca barış istemek zorunda kaldı",NEGATIVE,Negative,0.8876987099647522
Osmanlı,"Osmanlı Devleti'nde Prut Zaferi ve Mora'nın alınması sonucu oluşan olumlu hava Pasarofça ile kaybolmuş, barış yanlısı statükocu siyaset ön plana çıkmıştır",NEGATIVE,Negative,0.9935274720191956
Osmanlı,Bu siyaset çerçevesinde oluşan kısa barış döneminde bazı şeylerin değişmesi gerektiğini fark eden Osmanlılar askerî alanda ıslahat yapma yoluna gitmiştir,NEGATIVE,Negative,0.7697736620903015
Osmanlı,"Bakış Açısı
Osmanlı Devleti Pasarofça Antlaşması'ndan nasıl bir ders çıkarmış olabilir",NEGATIVE,Negative,0.9342905282974243
Osmanlı,Pasarofça sonrası Osmanlı Devleti'nin batı sınırlarında oluşan barış ortamı çeyrek yüzyıl dahi sürmedi,NEGATIVE,Negative,0.9843325614929199
Osmanlı,Rusya ve Avusturya Osmanlı Devleti ile yapılacak muhtemel bir savaşta iş birliği yapma ve kazanılan yerleri paylaşma konusunda anlaşmışlardı,NEGATIVE,Negative,0.5713965892791748
Osmanlı,"Mahmut savaştan çekinmeyeceklerini bildirince Ruslar Azak Kalesi ile Kırım'a saldırmış, böylece Osmanlı-Rus savaşı başlamıştı (1736)",NEGATIVE,Negative,0.8813287019729614
Osmanlı,Fakat Avusturya'nın da Osmanlı Devleti'ne savaş ilan etmesi üzerine bu durumu fırsat bilen Rus ordusu Boğdan'ı işgal etmişti,NEGATIVE,Negative,0.8046119213104248
Osmanlı,Öte yandan Avusturya cephesinde Osmanlı ordusu başarılı olmaktaydı,NEGATIVE,Negative,0.6065963506698608
Osmanlı,"Prusya, Fransa ve Osmanlı ittifakıyla tek başına mücadele edemeyeceğini düşünen Ruslar da bütün taleplerinden vazgeçerek barış imzalamak zorunda kaldı",NEGATIVE,Negative,0.9022558331489563
Osmanlı,Aldığı bütün yerleri Osmanlı Devleti'ne terk eden Rusya ayrıca Azak Denizi'nde ve Karadeniz'de gemi bulunduramayacaktı,NEGATIVE,Negative,0.7600851655006409
Osmanlı,"Yaptığı askerî ıslahat ve kurduğu ittifaklarla Avusturya ve Rusya'ya karşı başarılı olabilen Osmanlı Devleti, bu zaferden sonra rehavete kapılacağı bir barış dönemine girmiş ve askerî ıslahatlara yeteri kadar önem vermemiştir",NEGATIVE,Negative,0.9838178157806396
Osmanlı,Osmanlı Devleti diğer Avrupa devletlerine verdiği kapitülasyonların kapsamını da ara buluculuk etmeleri karşılığında zamanla genişletmiştir,POSITIVE,Positive,0.5545504689216614
Osmanlı,"Metin Analizi
Osmanlı İmparatorluğu en kötü döneminde Avrupa'nın en kuvvetli devletlerinden ikisi ile yaptığı savaştan başarı ile çıkmıştı",NEGATIVE,Negative,0.7551109790802002
Osmanlı,"yüz- yıl Osmanlı reformlarının genel karakteriydi: Tehlike kapıya dayandığı zaman reform yap, uzaklaşınca terk et",POSITIVE,Positive,0.947348415851593
Osmanlı,"Osmanlı kuvvetlerini, 1736-1739 savaşlarında başarıya taşıyan faktörleri analiz ediniz",POSITIVE,Positive,0.9314935207366943
Osmanlı,Avusturya ve Rusya karşısındaki başarıların Osmanlı yöneticileri üzerindeki etkisini,POSITIVE,Positive,0.6940597891807556
Osmanlı,"Prut Antlaşması sizce Osmanlı, İsveç ve Rusya devletlerinden en fazla hangisinin menfaatine sonuçlar doğurmuştur",NEGATIVE,Negative,0.8255766034126282
Osmanlı,"Yüzyılda Osmanlı-İran İlişkileri
Osmanlı Devleti için XVIII",POSITIVE,Positive,0.5100560784339905
Osmanlı,"Karlofça Antlaşması ile batıda yaşadığı toprak kayıplarını doğuda da yaşamak istemeyen Osmanlılar bu yüzyıl ve sonrasında İran'da Safeviler, Avşarlar, Zendler, Kaçarlar ile mücadeleye devam etmiştir",POSITIVE,Positive,0.5276714563369751
Osmanlı,"Osmanlı Devleti ve İran, kültürel açıdan bazı ortak özelliklere sahip olsalar da bölgedeki nüfuzlarını korumak ve genişletmek için pek çok kez savaşmışlardı",POSITIVE,Positive,0.6354959011077881
Osmanlı,"yüzyılın ilk yarısında Osmanlı, İran ve Rusya arasındaki Kafkaslara hâkim olma mücadelesi ile Afgan tehdidi İran topraklarını işgale açık hâle getirmişti",NEGATIVE,Negative,0.8426470756530762
Osmanlı,Rusya'nın Kafkaslardaki İran topraklarına saldırması üzerine Osmanlı Devleti de İran topraklarına girmek durumunda kalmıştı,NEGATIVE,Negative,0.8297542333602905
Osmanlı,Osmanlı Devleti ile Rusya arasında savaş tehlikesi ortaya çıkınca İngiltere ve Hollanda'nın araya girmesi ile iki taraf arasında 1724'te İstanbul Antlaşması imzalanmıştı,POSITIVE,Positive,0.8449394702911377
Osmanlı,Bu antlaşmayla Safevilerin Kafkaslardaki toprakları Osmanlı Devleti ve Rusya arasında paylaşılmıştı,NEGATIVE,Negative,0.7253721356391907
Osmanlı,"Bakış Açısı
Sizce benzer ve farklı kültürel özelliklere sahip olmaları Osmanlılar ile İranlılar arasındaki siyasette belirleyici olmuş mudur",NEGATIVE,Negative,0.6595690250396729
Osmanlı,Safevi Devleti'nin sona ermesi ve Nadir Şah'ın İran tahtına çıkmasıyla Osmanlı-İran ilişkileri yeni bir boyuta evrilmiştir,POSITIVE,Positive,0.9065536856651306
Osmanlı,"Hatta Osmanlı Devleti aleyhine Rusya ve Batılı devletlerle iş birliği yapmış, Osmanlıları ortak düşman olarak görmüştür",NEGATIVE,Negative,0.9740082621574402
Osmanlı,Osmanlı Devleti ile İran XVIII,NEGATIVE,Negative,0.6244660019874573
Osmanlı,"Metin Analizi
Yönerge: İran tahtına geçen Nadir Şah'ın Osmanlı padişahı I",NEGATIVE,Negative,0.9677524566650391
Osmanlı,")
Nadir Şah'a göre geçmişte yaşanan Osmanlı-İran çatışmalarının temel sebebi nedir",NEGATIVE,Negative,0.8207954168319702
Osmanlı,Mektuptaki ifadelerinden hareketle Nadir Şah'ın Osmanlı Devleti'ne yönelik nasıl bir politika izleyeceğini düşünüyorsunuz,NEGATIVE,Negative,0.8976418972015381
Osmanlı,Osmanlı ve İran giyim kuşam kültürü arasındaki ortak noktalar hakkında neler söylersiniz,POSITIVE,Positive,0.7811986804008484
Osmanlı,İran'da yaşanan hanedan değişiminin Osmanlı Devleti'nin İran ve Rusya ile ilişkilerine etkisini,NEGATIVE,Negative,0.6009618043899536
Osmanlı,"1768-1774 Osmanlı-Rus Savaşları ve Küçük Kaynarca Antlaşması
XVIII",NEGATIVE,Negative,0.8972718715667725
Osmanlı,"yüzyılda Osmanlı-Rusya ilişkileri, Rusların Osmanlı toprakları aleyhine yayılmacı politika izlemeleri nedeniyle gerginleşmiştir",NEGATIVE,Negative,0.8073974847793579
Osmanlı,"Ruslar, Türk sınırlarına yakın bölgelerde kale inşa ediyor ve bu kalelerin tüccarların konaklaması maksadıyla yapıldığı yönünde Osmanlı makamlarına açıklamalarda bulunuyordu",NEGATIVE,Negative,0.9703721404075623
Osmanlı,Tehlikenin farkında olan Osmanlı Devleti ise gelişmeleri yakından takip ediyordu,POSITIVE,Positive,0.600171685218811
Osmanlı,"Ruslar, Lehistan (Polonya) topraklarına hâkim olup devamında Osmanlı topraklarına doğru genişlemek istiyordu",NEGATIVE,Negative,0.9061741232872009
Osmanlı,"Osmanlılar, Lehistan bölgesinden gelebilecek bir Rus tehdidini öngördüklerinden Lehistan idaresiyle ilişkilerini iyi tutmaya çalışmışlardı",NEGATIVE,Negative,0.9260303378105164
Osmanlı,Lehistan tahtına Rus yanlısı kral geçince Leh muhalifler Osmanlı sınırına yakın bir bölgede özerklik ilan etti,NEGATIVE,Negative,0.8530302047729492
Osmanlı,"Ruslar, muhalifleri yakalamak için Osmanlı sınırlarını ihlal edince Osmanlı Devleti Rusya'ya savaş ilan etti (Ekim 1768)",POSITIVE,Positive,0.8055460453033447
Osmanlı,Söz konusu savaş ilanı Osmanlı Devleti açısından haklı gerekçelere dayanıyordu ancak ordunun sevk ve idaresinde yaşanan aksaklıklar nedeniyle Osmanlılar savaşta zora girmişti,NEGATIVE,Negative,0.9869361519813538
Osmanlı,Öte yandan Baltık Denizi'nden hareket eden Rus donanması İngiliz desteğiyle Akdeniz'e geçerek Çeşme'deki Osmanlı donanmasını 1770'te imha etmişti (Görsel 1,NEGATIVE,Negative,0.9517723321914673
Osmanlı,"Ayrıca Rusya, Mora'daki Rumları Osmanlı Devleti'ne karşı kışkırtarak bölgede isyanlar çıkmasına neden olmuştu",NEGATIVE,Negative,0.9016635417938232
Osmanlı,"Cephede şartlar Rusya lehine gelişirken topraklarında çıkan isyanlar nedeniyle savaşa devam etmek istemeyen Ruslar, Osmanlı Devleti'nin barış isteğini kabul etmişti",NEGATIVE,Negative,0.9040331840515137
Osmanlı,"Bakış Açısı
Osmanlı donanmasının Çeşme'de imha edilmesi Osmanlı Devleti'nin Akdeniz hâkimiyetini nasıl etkilemiş olabilir",NEGATIVE,Negative,0.8908287882804871
Osmanlı,"Petersburg
ATLAS OKYANUSU
Küçük Kaynarca Antlaşması'yla, Osmanlı egemenliğinden çıkan Kırım'a bağımsız bir statü verildi",POSITIVE,Positive,0.5105754137039185
Osmanlı,Antlaşmayla Osmanlı Devleti tarafından Rusya'ya 4,NEGATIVE,Negative,0.5056326985359192
Osmanlı,Bu çerçevede Osmanlı Devleti tarafından Rusya'ya kapitülasyonlar verilerek Rus ticaret gemilerine boğazlardan serbest geçiş hakkı tanındı,POSITIVE,Positive,0.6269529461860657
Osmanlı,Diğer yandan Osmanlı padişahının Kırım halkı tarafından halife olarak kabulünün devam etmesi konusunda anlaşıldı,POSITIVE,Positive,0.5109262466430664
Osmanlı,Küçük Kaynarca Antlaşması'nda Kırım'ın elden çıkması Osmanlı Devleti açısından antlaşmanın en ağır maddesi olmuştur,NEGATIVE,Negative,0.9939528107643127
Osmanlı,"Bu durum aynı zamanda Osmanlı ordusunun zor
Tonelge: Uuroel ve metmuell Hlarehelle agayluanl ourulall ut
Das Serail in Bach
zamanında asker ihtiyacını karşılayan Kırım Tatar kuvvetlerinin yardımından mahrum olması anlamına geliyordu",NEGATIVE,Negative,0.9954268932342529
Osmanlı,"1768-1774 Osmanlı-Rus savaşıyla büyük bir yenilgiye uğramış olan Osmanlı Devleti, şartları ağır olan Küçük Kaynarca Antlaşması'yla durdurulamaz toprak kayıpları yaşamaya başlamış ve eski gücüne bir daha kavuşamamıştır",NEGATIVE,Negative,0.9900998473167419
Osmanlı,Ruslar'ın Lehistan'da yerleşmesi ve Kı rım hanına ait Balta şehrine sığınmış olan Leh konfederelerini takiple bu şehri zapt ve tahrip etmeleri yeni bir Osmanlı-Rus savaşına sebep oldu,NEGATIVE,Negative,0.9928134083747864
Osmanlı,Müslüman halkın ekseriyeti ve ulemâ Osmanlılar'a karşı daima bağımsızlık da vası güden mirzalardan ayrılıyordu,NEGATIVE,Negative,0.8446266651153564
Osmanlı,İstanbul'dan tayin edilen Baht Giray Osmanlı yardımcı kuv vetleriyle gelip tahta çıktı,NEGATIVE,Negative,0.989669144153595
Osmanlı,")
Sizce Kırım'ın bir Osmanlı toprağı olduğunun göstergesi olarak Görsel 1",NEGATIVE,Negative,0.7929663062095642
Osmanlı,Osmanlı Devleti'nin Akdeniz ve Karadeniz hâkimiyetinin zayıflamasını sebep ve sonuç açısından,NEGATIVE,Negative,0.9449453949928284
Osmanlı,"SEBEP (EYLEM)
Akdeniz ve Karadeniz'de Osmanlı hâkimiyetinin zayıflamasının sebeplerini",NEGATIVE,Negative,0.954571008682251
Osmanlı,"SONUÇ (ETKİSİ)
Denizlerde Osmanlı hâkimiyetinin zayıflamasının ve denizcilik alanında yaşanan gelişmelerin Osmanlı Devleti'ne etkilerini",NEGATIVE,Negative,0.9543453454971313
Osmanlı,Osmanlı Devleti'nin XVII,NEGATIVE,Negative,0.6621817946434021
Osmanlı,Osmanlı Devleti'nin XVII ve XVIII,POSITIVE,Positive,0.6724007725715637
Osmanlı,yüzyıllarda girdiği savaşların uzun sürmesinin nedenlerini ve Osmanlı Devleti'ne etkilerini,POSITIVE,Positive,0.7113081216812134
Osmanlı,"Avrupalıları, Osmanlı toprakları üzerinden Hindistan'a ve Çin'e ulaşan ticaret yolları- na alternatif yollar aramaya iten sebepler nelerdir",NEGATIVE,Negative,0.904390811920166
Osmanlı,Küçük Kaynarca Antlaşması'nın Osmanlı Devleti için en ağır maddesi hangisidir,NEGATIVE,Negative,0.995537281036377
Osmanlı,Karlofça Antlaşması ile topraklarının büyük kısmını kaybeden Osmanlı Devleti kendine olan güvenini yitirmiştir,NEGATIVE,Negative,0.9724263548851013
Osmanlı,"Osmanlı Devleti'nin imzaladığı;
Küçük Kaynarca
antlaşmalarından hangileri kaybettiği toprakları geri alma ümidini doğurmuştur",NEGATIVE,Negative,0.7270536422729492
Osmanlı,Antlaşmalardan en az biri Osmanlı Devleti ile Rusya arasında imzalanmıştır,POSITIVE,Positive,0.9066452383995056
Osmanlı,Antlaşmaların en az ikisinde Osmanlı Devleti önemli kayıplar yaşamıştır,NEGATIVE,Negative,0.9907149076461792
Osmanlı,Antlaşmalardan en az biri Osmanlı Devleti ile Avrupalı devletler arasında imzalanmıştır,POSITIVE,Positive,0.9457168579101562
Osmanlı,Antlaşmalardan biriyle Osmanlı Devleti'nin doğu sınırları belirlenmiştir,POSITIVE,Positive,0.8821125626564026
Osmanlı,"Avusturya ve Rusya, mağlubiyeti kabul ederek Osmanlı Devleti ile 1739 Belgrad Antlaşması'nı imzalamıştır",NEGATIVE,Negative,0.5979757308959961
Osmanlı,"Avusturya, Pasarofça Antlaşması'yla kazandığı bütün yerleri Osmanlı'ya geri vermiştir",POSITIVE,Positive,0.536402702331543
Osmanlı,Rusya da aldığı bütün yerleri geri vererek Karadeniz'de Osmanlı hâkimiyetini kabul etmiş ve burada gemi bulundurma hakkını kaybetmiştir,NEGATIVE,Negative,0.8469297289848328
Osmanlı,Buna göre Osmanlı Devleti'nin Belgrad Antlaşması'nı imzalamasıyla ilgili aşağıdaki yargılardan hangisi doğrudur,POSITIVE,Positive,0.7377133369445801
Osmanlı,"Avusturya ve Rusya, Osmanlı için tehdit olmaktan çıkmıştır",NEGATIVE,Negative,0.9655566811561584
Osmanlı,Osmanlı Devleti'nin Kırım'daki siyasi varlığı sona ermiştir,NEGATIVE,Negative,0.6507937908172607
Osmanlı,Osmanlı Devleti ağır savaş tazminatı ödemiştir,NEGATIVE,Negative,0.9872603416442871
Osmanlı,Osmanlı Devleti'nin çöküş sürecine girdiğinin bir kanıtı olmuştur,NEGATIVE,Negative,0.76739501953125
Osmanlı,Osmanlı Devleti'nin Karadeniz'deki hâkimiyeti zayıflamıştır,NEGATIVE,Negative,0.9679572582244873
Osmanlı,Osmanlı Devleti ile Avusturya arasında imzalanmıştır,POSITIVE,Positive,0.514587938785553
Osmanlı,")
Ruslarla 1768'de başlayan bu savaşta Osmanlı İmparatorluğu başlangıçta bazı başarılar elde etmesine rağmen, savaş Osmanlı kuvvetlerinin Rumeli cephesinde ağır mağlubiyetlere uğramaları, Çeşme'de Osmanlı donanmasının yakılması ve Kırım'ın istiklâli ile sonuçlanmıştır",NEGATIVE,Negative,0.7972556352615356
Osmanlı,Bu savaş sonunda 17 Temmuz 1774'te imzalanan Küçük Kaynarca Antlaşması Osmanlı tarihinin en ağır antlaşmalarından birisiydi,NEGATIVE,Negative,0.9973213076591492
Osmanlı,Bu antlaşmayla 1475'ten itibaren Osmanlı İmparatorluğu'nun hâkimiyetinde olan Kırım Hanlığı sözde istiklâline kavuşarak Osmanlı idaresinden ayrıldı,NEGATIVE,Negative,0.7368844151496887
Osmanlı,"Müslüman Türkler'in yaşadığı Kırım'ın, Rus hâkimiyetine geçmesi, Türk milletinde şiddetli tepki ve üzüntü meydana getirirken, Kırım'ın geri alınması arzusu uzun yıllar Osmanlı politikasının temelini oluşturdu",NEGATIVE,Negative,0.9161749482154846
Osmanlı,"Ayrıca, Kırım'ın Osmanlı hâkimiyetinden çıkması, Karadeniz kıyıları, Anadolu, Boğazlar ve İstanbul'un Rus tehdidine maruz kalmasına sebep olduğu gibi, Osmanlı ordusu da Tatar kuvvetlerinin yardımından da mahrum kaldı",NEGATIVE,Negative,0.9921334981918335
Osmanlı,Antlaşmanın en ağır maddelerinden biri de Osmanlı tarafının ödemesi gereken tazminatla ilgili maddedir,NEGATIVE,Negative,0.9942751526832581
Osmanlı,Osmanlı İmparatorluğu'nun çöküş yılları 1768-1774 Osmanlı-Rus savaşından sonra başlar,NEGATIVE,Negative,0.5193377137184143
Osmanlı,"Osmanlılar, ilk defa bu savaşta tek bir devlet karşısında ağır bir mağlubiyet aldı ve bundan sonra bir daha belini doğrultamadı",NEGATIVE,Negative,0.9489830732345581
Osmanlı,")
Osmanlı Devleti ve Rusya'nın farklı tarihlerde uğradığı hezimetleri mukayese ettiğinizde hangi devletin daha ağır şartlara maruz kaldığını söylersiniz",POSITIVE,Positive,0.5581178069114685
Osmanlı,"Osmanlı Devleti, zafer ve mağlubiyetlerinden nasıl dersler çıkarmalıydı",NEGATIVE,Negative,0.8672183156013489
Osmanlı,Kırım'ın jeostratejik önemini göz önünde bulundurarak Osmanlı-Rus ilişkilerindeki yerini analiz ediniz,POSITIVE,Positive,0.5470457077026367
Osmanlı,Osmanlı hanedanında tahta kimin geçeceğinin belli olmayışı ne gibi sorunlara yol açmış olabilir,NEGATIVE,Negative,0.9380428791046143
Osmanlı,"Avrupa'da Hristiyan birliğinin dağılmasını, Osmanlı Devleti'ne siyasi ve askerî etkileri açısından",NEGATIVE,Negative,0.8146677613258362
Osmanlı,"Ekonomik, Sosyal ve Askerî Dönüşüme Zorlanan Osmanlı Devleti
Sömürgelerinden elde ettikleri bol miktardaki altın ve gümüşle Osmanlılardan pamuk, buğday gibi malları alan Avrupalı tüccarlar, Osmanlıların ham madde kaynaklarını çokça talep etmeye başladılar",NEGATIVE,Negative,0.9932001233100891
Osmanlı,Değerli madenlerin Osmanlı pazarına girmesi ile Osmanlı piyasalarındaki fiyat dengeleri alt üst olmaya başladı,NEGATIVE,Negative,0.9759787917137146
Osmanlı,"Osmanlı Devleti'nde çoğalan gümüş, fiyatların artmasına ve Osmanlı parasının değerini düşürerek devalüasyona yol açtı",NEGATIVE,Negative,0.994219183921814
Osmanlı,Yaşanan enflasyon Osmanlı ham maddelerinin Avrupa'ya doğru akmasına sebep olan bir süreç başlattı,NEGATIVE,Negative,0.9983484745025635
Osmanlı,Bu durum Osmanlı Devleti'nde ürün fiyatlarının artmasına neden oldu,NEGATIVE,Negative,0.9943974018096924
Osmanlı,Osmanlı parasının alım gücünün düşmesi daha fazla nakit ihtiyacına yol açtı,NEGATIVE,Negative,0.9982628226280212
Osmanlı,"Osmanlı Devleti, uzun süren savaşları ve ordunun modernizasyonu gibi çeşitli askerî masrafları karşılamak için halktan toplanan vergileri artırdı",NEGATIVE,Negative,0.9880345463752747
Osmanlı,"Bunlar Osmanlı Devleti'nin siyasi, sosyal ve ekonomik sistemde yaşadığı sorunlar arasındaydı",NEGATIVE,Negative,0.9535713195800781
Osmanlı,Avrupa'da artan altın ve gümüş miktarının Osmanlı Devleti'ne etkileri neler olabilir,NEGATIVE,Negative,0.8640679717063904
Osmanlı,Bu uygulamalar neticesinde Osmanlı ekonomik hayatı olumsuz etkilenmeye başlamıştı,NEGATIVE,Negative,0.9923332929611206
Osmanlı,yüzyıldaki savaşlarda karşılaşan Osmanlılar kendi eksikliklerini görmeye başladı,NEGATIVE,Negative,0.8904739022254944
Osmanlı,Bu anlamda yüzyılın başında Habsburglarla yapılan uzun savaşlar Osmanlı savaş organizasyonu için bazı değişimlerin gerekliliğini ortaya koydu,POSITIVE,Positive,0.7587551474571228
Osmanlı,Tüfek kullanan piyadeye daha fazla ihtiyaç duyduğu için Osmanlı Devleti yeniçeri sayısını yıldan yıla artırdı,NEGATIVE,Negative,0.9951153993606567
Osmanlı,Osmanlı Devleti'nde yaşanmakta olan enflasyon ile eş zamanlı olarak artan yeniçeri sayısı Osmanlı maliyesini nasıl etkilemiş olabilir,NEGATIVE,Negative,0.9927646517753601
Osmanlı,Bunun üzerine Osmanlı Devleti savaş dönemlerinde geçici istihdam ettiği ücretli askerlerle ordusunu takviye etme yoluna sıklıkla gitmiştir,NEGATIVE,Negative,0.968488335609436
Osmanlı,"Hem merkezde hem taşrada giderek artan sayıda asker beslemek zorunda kalınması, Osmanlı maliyesi için ciddi bir yük teşkil etmeye başlamıştı",NEGATIVE,Negative,0.9928655624389648
Osmanlı,Bunun üzerine Osmanlı toprak sisteminde iltizam usulü uygulanmaya başlanmış ve geleneksel tımar sistemi uygulamasından giderek uzaklaşılmıştır,NEGATIVE,Negative,0.9964417815208435
Osmanlı,Bunun yanında sipahilerin bağlı bulundukları tımar toprakları Osmanlı savaş organizasyonu açısından önemli birer üs ve lojistik destek işlevi görüyordu,POSITIVE,Positive,0.7865989208221436
Osmanlı,"Öte yan- dan bu türden uygulamalar, geleneksel Osmanlı toprak düzeninin bozulması anlamına geliyordu ve mülkiyeti devlete ait (mirî) toprakların giderek özelleşmesinin yolu açılmış oluyordu",NEGATIVE,Negative,0.9964954257011414
Osmanlı,yüzyılın ikinci yarısında Osmanlı Devleti'nin Girit'in fethedilmesindeki gibi uzun savaşlara girmesi devlet hazinesine fazlaca yük bindiriyordu,NEGATIVE,Negative,0.993657648563385
Osmanlı,"Bu durumda Osmanlı Devleti artan savaş
Liticles de la Capitu anon faite enfancur
2",NEGATIVE,Negative,0.9211284518241882
Osmanlı,Osmanlı Devleti'nin savunma masraflarının XVII ve XVIII,NEGATIVE,Negative,0.9730910062789917
Osmanlı,"Kapitülasyonların Etkileri
Osmanlı Devleti, siyasi ve ekonomik hedefleri doğrultusunda XIV",NEGATIVE,Negative,0.6818007826805115
Osmanlı,Osmanlılar tarafından Ceneviz ve Venediklilere tanınan kapitülasyonlarla Akdeniz ve Karadeniz'deki ticari faaliyetler daha da yoğunluk kazanmıştı,POSITIVE,Positive,0.528247594833374
Osmanlı,Osmanlı Devleti her padişah değişikliğinde mevcut şartları değerlendirerek kapitülasyonların devamına karar vermişti,POSITIVE,Positive,0.7493649125099182
Osmanlı,"yüzyıllarda İngiltere, Hollanda gibi ülkelere de Osmanlılar tarafından kapitülasyonlar verildi",POSITIVE,Positive,0.8374470472335815
Osmanlı,"Avrupalı devletlere verilen bu kapitülasyonlar, Osmanlı padişahlarının siyasi ve ekonomik hedefleri doğrultusunda Avrupalılara tanıdığı bir ayrıcalıktı",NEGATIVE,Negative,0.7090121507644653
Osmanlı,"Bakış Açısı
Osmanlı padişahları, kapitülasyon antlaşmalarıyla hangi hedeflere ulaşmak istemiş olabilir",NEGATIVE,Negative,0.9233748316764832
Osmanlı,Kapitülasyonların Osmanlı Devleti açısından olumsuz etkileri XVIII,NEGATIVE,Negative,0.9232444167137146
Osmanlı,"Fransa'ya verilen kapitülasyonlar, Fransa'nın 1739 Belgrad Antlaşması'nda Osmanlı Devleti lehine ara buluculuk yapması üzerine sürekli hâle getirildi (1740)",POSITIVE,Positive,0.5679609775543213
Osmanlı,Kapsamı genişletilen kapitülasyonların sürekli hâle getirilmesi Osmanlı Devleti aleyhine sonuçlar doğurdu,NEGATIVE,Negative,0.997032880783081
Osmanlı,"Avrupa'daki daha ucuz ve nispeten kaliteli ürünler, düşük gümrük vergisiyle Osmanlı pazarına girerek yerli üretime olan ilgiyi azaltmaya başladı",NEGATIVE,Negative,0.9966712594032288
Osmanlı,Bu nedenle Osmanlı Devleti'nde dış ticaret dengesinin bo zulmasıyla ithalat (dış alım) artarken ihracat (dış satım) azaldı,NEGATIVE,Negative,0.9935725927352905
Osmanlı,Bu durum Osmanlı Devleti'ni sanayileşen Avrupa ülkelerinin pazarı hâline getirdi,NEGATIVE,Negative,0.5878164768218994
Osmanlı,Ayrıca kapitülasyonlar nedeniyle Osmanlı Devleti'ndeki ham maddelerin Avrupa'ya daha serbest koşullarda gidebilmesi Osmanlı Devleti'nde ham madde sıkıntısı yaşanmasına yol açtı,NEGATIVE,Negative,0.9983730316162109
Osmanlı,"Osmanlı topraklarındaki yabancı tüccarlar, genişleyen kapitülasyonlarla kendi ülkelerinin hukuk kuralları ile yargılanma imtiyazı elde ettiler",NEGATIVE,Negative,0.5204203128814697
Osmanlı,Böylece Osmanlı vatandaşlarının sahip olmadığı bir dokunulmazlık kazanmışlardı,POSITIVE,Positive,0.9302719235420227
Osmanlı,"Kapitülasyonlar, idari açıdan Avrupalı tüccarlarla ortaklık yapan Osmanlı topraklarındaki gayrimüslim tebaanın daha çok zenginleşmesine ve devletten birtakım haklar talep etmesine sebep oldu",NEGATIVE,Negative,0.9818350076675415
Osmanlı,"Böylece kapitülasyonlarla verilen ayrıcalıklar Osmanlı Devleti'nde idari, hukuki ve diplomatik sorunları da beraberinde getirdi",NEGATIVE,Negative,0.9877369403839111
Osmanlı,Yönerge: Metinden ve görselden hareketle Osmanlı Devleti'nde yaşanan dönüşümleri ve etkilerini domino taşlarına benzeterek,POSITIVE,Positive,0.9582140445709229
Osmanlı,")
Osmanlı Devleti'ndeki ekonomik, sosyal ve askerî dönüşümü tetikleyen ilk domino taşı olarak hangi olayı değerlendirebilirsiniz",POSITIVE,Positive,0.993854820728302
Osmanlı,İlk domino taşı olarak değerlendirdiğiniz olayın etki gücü ile Osmanlı Devleti'nde neler değişim sürecine girmiştir,POSITIVE,Positive,0.7502470016479492
Osmanlı,"yüzyılda Osmanlı Devleti, Batılı rakipleri karşısında eski ihtişamını korumakta güçlük çekmişti",NEGATIVE,Negative,0.9655411243438721
Osmanlı,Osmanlı Devleti bu dönüşüm ve değişime uyum sağlamaya gayret göstermişti,POSITIVE,Positive,0.9332468509674072
Osmanlı,Fakat bu gayretler Osmanlı Devleti'nin Batılı rakipleri karşısında hâkim rolünü kaybetmesine engel olamamıştı,NEGATIVE,Negative,0.9533126354217529
Osmanlı,"Avrupa'daki askerî ve stratejik dönüşüm, Osmanlı Devleti'nin Batı karşısında en güçlü olduğu XVI",POSITIVE,Positive,0.6934799551963806
Osmanlı,"Avusturya, Osmanlı Devleti'nin ilerleyişine karşı strateji değişikliğine gitti",NEGATIVE,Negative,0.9712363481521606
Osmanlı,Buna göre Osmanlı kuvvetlerini meydan savaşlarında durdurmak yerine lojistik anlamda birbirine bağlı kalelerden (Görsel 2,NEGATIVE,Negative,0.9920350909233093
Osmanlı,Bu stratejideki amaç Osmanlı kuvvetlerine ağır kayıplar verdirmek ve Osmanlıların geri çekilmesini sağlayacak bir direniş göstermekti,NEGATIVE,Negative,0.9350769519805908
Osmanlı,"Bakış Açısı
Bir Osmanlı idarecisi olsaydınız Batılıların uygulamaya koyduğu, kale hatları kurarak Osmanlı Devleti'ni oyalama stratejisine karşı nasıl bir strateji izlerdiniz",NEGATIVE,Negative,0.9334447979927063
Osmanlı,"Askerî stratejileri değişen Avrupa'nın büyük devletlerine karşı farklı cephelerde savaşmak zorunda kalması, Osmanlı Devleti'nin II",NEGATIVE,Negative,0.9869073629379272
Osmanlı,Avrupa'da 'askerî devrim' olarak adlandırılan bu dönüşüm yaşanırken Osmanlı ordusu kale kuşatmalarıyla meşgul olduğundan meydan muharebelerinde tecrübe kaybı yaşamıştı,NEGATIVE,Negative,0.9802271127700806
Osmanlı,Görselde gördüğünüz tarzda yapılandırılmış bir ordunun yeniçeri ve tımarlı sipahilerden oluşan Osmanlı ordusu karşısındaki avantaj ve dezavantajlarının neler olabileceğini analiz ediniz,NEGATIVE,Negative,0.9487695097923279
Osmanlı,"Tımarlı sipahilerin tüfekli Avusturya piyadeleri karşısında etkili olmaması nedeniyle Osmanlı Devleti, ordudaki tüfekli piyade sayısını artırmak zorunda kaldı",NEGATIVE,Negative,0.9939289093017578
Osmanlı,"Fakat bu çabalar Lehistan, Avusturya, Rusya ve Venedik karşısında Osmanlı Devleti'nin tarihte ilk defa ağır toprak kayıpları yaşamasının önüne geçemedi",NEGATIVE,Negative,0.9913866519927979
Osmanlı,"1699 Karlofça Antlaşması'ndan sonra askerî yapısını yenileyebilen Osmanlı Devleti, 17351739 Osmanlı-Rusya/Avusturya Savaşı'nda ve Rusya karşısında başarı elde etti",NEGATIVE,Negative,0.8437942862510681
Osmanlı,1739'daki bu başarıdan sonra tehlikenin geçtiğini düşünerek rehavete kapılan Osmanlı idarecileri askerî yenilikleri devam ettirmediler,NEGATIVE,Negative,0.9950482249259949
Osmanlı,"Bu tutum, Osmanlı Devleti'nin 1768-1774 Rus Savaşı'nda tek bir devlete karşı uğradığı en büyük mağlubiyeti almasına neden oldu",NEGATIVE,Negative,0.9876861572265625
Osmanlı,Osmanlı Devleti Küçük Kaynarca Antlaşması'nı imzalamak zorunda kaldı,NEGATIVE,Negative,0.9823163151741028
Osmanlı,"Bu antlaşmadan sonra Osmanlı Devleti, Avrupalı rakipleri karşısında toprak kaybetmekten kurtulamadı",NEGATIVE,Negative,0.511022686958313
Osmanlı,Avrupa'da görülen askerî devrim ve değişen stratejinin Osmanlı askerî yapısındaki etkilerini analiz ediniz,POSITIVE,Positive,0.6573864221572876
Osmanlı,"Osmanlı Devleti, Kanuni Sultan Süleyman Dönemi'nde gerçekleştirilen fetihler ve Avrupa siyasetine yön verilen politikalar sayesinde parlak bir dönem yaşamıştı",POSITIVE,Positive,0.8737860321998596
Osmanlı,Öte yandan Avrupalıların sömürgecilik faaliyetleriyle elde ettikleri bol miktarda değerli madeni Osmanlı piyasalarına sürmeleri Osmanlı Devleti'ndeki ekonomik dengeyi bozmuştu,NEGATIVE,Negative,0.9876840710639954
Osmanlı,"Bakış Açısı
Osmanlı Devleti'nde ekonomik dengenin bozulmasının halktaki yansımaları neler olabilir",NEGATIVE,Negative,0.9456957578659058
Osmanlı,Osmanlı Devleti'nin yüzyıllardır başarıyla uyguladığı toprak sisteminin çöküşü bazı sorunları da beraberinde getirdi,NEGATIVE,Negative,0.9905597567558289
Osmanlı,yüzyılın başında değişen iklim koşulları (kuraklık ve aşırı soğuklar) nedeniyle Osmanlı Devleti'nde iaşe tedarikinde sorunlar ve kıtlık ortaya çıktı,NEGATIVE,Negative,0.996669352054596
Osmanlı,Devlet yöneticisi olsaydınız Osmanlı Devleti'ndeki isyanlara karşı ne gibi önlemler alırdınız,NEGATIVE,Negative,0.7723263502120972
Osmanlı,"Osmanlı Veraset Sistemini Düzenleme Çabaları
Osmanlı devlet idaresinde başlangıçta padişahın oğulları (şehzadeler) yönetim tecrübesi edinmeleri için farklı sancaklara gönderilirdi",NEGATIVE,Negative,0.8634743094444275
Osmanlı,Bu durum rakip devletlere karşı Osmanlı Devleti için ciddi bir zaaf teşkil ediyordu,NEGATIVE,Negative,0.8550929427146912
Osmanlı,"Osmanlı Devlet yöneticileri, tahta kimin geçeceğinin belirsiz oluşundan kaynaklanan siyasi karışıklıkları önlemek için zamanla bazı formüller üretmiştir",NEGATIVE,Negative,0.5277345180511475
Osmanlı,On bir yıllık bir duraklama yaşayan Osmanlı Devleti'nde siyasi istikrar bozulmuştur,NEGATIVE,Negative,0.9811530113220215
Osmanlı,Sancakta yetişerek Osmanlı tahtına çıkan son şehzade III,POSITIVE,Positive,0.7830783724784851
Osmanlı,"Bu durum, Osmanlı verasetine yeni bir düzen getirildiği anlamına gelmekteydi",POSITIVE,Positive,0.6983854174613953
Osmanlı,Böylece Osmanlı tahtına hanedanın yaşça en büyük (ekber) olanı ve en olgun (erşed) görüleni geçmeye başladı,POSITIVE,Positive,0.9841481447219849
Osmanlı,Osmanlı Devleti'ndeki tahta geçme usulünü veraset sistemi kavramını kullanarak bir cümleyle ifade ediniz,POSITIVE,Positive,0.8005431890487671
Osmanlı,Bu dönemle birlikte bazı devlet adamları Osmanlı Devleti'nin kötü gidişatının sebeplerini ve çözüm yollarını gündemine alan eserler vermişti,NEGATIVE,Negative,0.9916446805000305
Osmanlı,Bu eserlere göre Osmanlı Devleti'nin sorunlarının temelinde çeşitli faktörler mevcuttu,NEGATIVE,Negative,0.9841387867927551
Osmanlı,Son faktör ise Osmanlı toplumunda görülmeye başlanan ahlaki yozlaşmaydı,NEGATIVE,Negative,0.9880347847938538
Osmanlı,"Bakış Açıları Analizi
Yönerge: Osmanlı Devleti'nde yazılan layihalardaki tarihî bakış açılarını analiz ediniz",NEGATIVE,Negative,0.6061169505119324
Osmanlı,"Yazılan tezlerin özetlerinden faydalanarak Osmanlı Devleti'nde layihaların hangi statü deki kişiler tarafından, kimlere hitaben, hangi konularda yazıldığını analiz ediniz",NEGATIVE,Negative,0.9402234554290771
Osmanlı,"Lâle Devri'nde Osmanlı Toplumu
Beyin Fırtınası
Savaş, isyan ve ekonomik buhranlardan yorulmuş bir devlet, antlaşmalarla sağladığı barış ortamında sizce enerjisini nelere harcamalıdır",NEGATIVE,Negative,0.6506157517433167
Osmanlı,Osmanlı Devleti'nde 1718-1730 yılları arasındaki döneme tarihçiler Lâle Devri adını vermişlerdir,POSITIVE,Positive,0.8876736164093018
Osmanlı,"Bu dönemde Osmanlı Devleti'nin gündeminde Batı'yla savaşın olmaması; kültür, sanat ve mimariye ağırlık verilmesine imkân sağlamıştır",POSITIVE,Positive,0.7964982390403748
Osmanlı,Pasarofça Antlaşması'yla Belgrad'ın kaybedilmesi Osmanlı Devleti'nde ıslahat ihtiyacını gündeme getirmişti,NEGATIVE,Negative,0.9579129219055176
Osmanlı,"Fransa'ya elçi olarak gönderilen Yirmisekiz Mehmet Çelebi ile beraberindeki heyet, İstanbul'a getirdikleri kitap, mobilya ve kıyafetler aracılığıyla Fransız modasını Osmanlı Devleti'ne taşımıştı",POSITIVE,Positive,0.9376763105392456
Osmanlı,"Osmanlı topraklarında daha önce Yahudi, Ermeni ve Rumlar tarafından da matbaa kurulmuştu fakat ilk Türk matbaasını kuran İbrahim Müteferrika olmuştur",POSITIVE,Positive,0.6944629549980164
Osmanlı,Osmanlı topraklarında ilk matbaa ise 1493'te David (Deyvit) ve Samuel kardeşler tarafından kurulmuştu,POSITIVE,Positive,0.9523147344589233
Osmanlı,Bu sebeplerin başında Osmanlı toplumunda yazma eser üreten binlerce hattat ile müstensihin (eser çoğaltan) bulunması gelmekteydi,NEGATIVE,Negative,0.9824023842811584
Osmanlı,Osmanlı Türklerinde kitap çoğaltma ihtiyacının bu kişiler tarafından karşılanması sebebiyle matbaacılığa uzun süre gerek duyulmamıştı,NEGATIVE,Negative,0.9345880150794983
Osmanlı,"Sebeplerden bir diğeri ise matbaada sade ve gösterişsiz biçimde ekonomik olarak basılan kitapların, Osmanlı okuyucusunun alışkın olduğu estetik biçime uymamasıydı",NEGATIVE,Negative,0.9986791014671326
Osmanlı,Bunlardan biri çiçek aşısının Avrupa'dan önce Osmanlılar tarafından kullanılmasıydı,NEGATIVE,Negative,0.9935590624809265
Osmanlı,"24)] 1718'deki izlenimleri, Osmanlı Devleti'ndeki sağlık şartları açısından nasıl yorumlanabilir",POSITIVE,Positive,0.9027860164642334
Osmanlı,Osmanlı Devleti'ndeki aşı uygulamaları ile günümüzdeki aşı uygulamalarını karşılaştırdığınızda bu alandaki gelişim hakkında neler söylersiniz,POSITIVE,Positive,0.8490001559257507
Osmanlı,"Osmanlı İlim Geleneğinde Yenilik Arayışları
Osmanlı Devleti'nin özellikle XVll",NEGATIVE,Negative,0.957665205001831
Osmanlı,"Bu anlamda dönemin Osmanlı âlimleri, yazdıkları eserlerde ilim ve irfan geleneğinde yenilik arayışında bulunmuşlardır",NEGATIVE,Negative,0.7330644726753235
Osmanlı,"26), eserlerinde yalnızca teorik fikirler üretmekle kalmamış, Osmanlı Devleti'nin yaşadığı problemlere çözümler de aramıştır",POSITIVE,Positive,0.964939534664154
Osmanlı,"Kâtip Çelebi'nin ilimleri sınıflandırdığı ansiklopedik bir eser olan Keşfü'z-Zunûn, dünyada İslam ve Osmanlı araştırmaları yapmak isteyen araştırmacıların temel başvuru eserlerinden biri olmuştur",POSITIVE,Positive,0.9748416543006897
Osmanlı,"Evliya Çelebi, Marco Polo (Marko Polo) ve İbn Battuta gibi gezgin-âlim tipinin Osmanlı örneğini oluşturmuştur",POSITIVE,Positive,0.7722971439361572
Osmanlı,"Evliya Çelebi, yarım asra yakın bir sürede Osmanlı topraklarının çoğunu ve başka yerleri gezmiş, Türk kültür tarihinde 'seyahatname' türünün eşsiz bir örneğini vermiştir",POSITIVE,Positive,0.9948350191116333
Osmanlı,Osmanlı idarecileri değişen şartlar çerçevesinde zaman zaman farklı politikalar izlemiştir,NEGATIVE,Negative,0.7665727734565735
Osmanlı,yüzyıla gelinceye kadar askerî ve ekonomik üstünlüğe sahip olan Osmanlı Devleti fetihçi ve savaşçı bir dış politika izlemişti,NEGATIVE,Negative,0.8362751007080078
Osmanlı,Osmanlı Devleti'nin barışçıl politikalar izlemesindeki en önemli sebepler ise orduda Avrupa ordularına kıyasla görülen gerileme ve mali sistemde yaşanan sorunlar olmuştur,NEGATIVE,Negative,0.9714974164962769
Osmanlı,"Sağlanan barış ortamında Osmanlı Devleti Paris, Viyana, Moskova gibi şehirlere elçiler göndermiş, diğer ülkelerdeki askerî ve ekonomik gelişmelerin yakından izlenmesini istemiştir",POSITIVE,Positive,0.9268156290054321
Osmanlı,Osmanlı Devleti Avrupa'da değişen güç dengelerine göre kendi dış siyasetini düzenleme yoluna gitmiştir,POSITIVE,Positive,0.7176516652107239
Osmanlı,Avusturya ile uzun süren savaşlarda bir türlü başarı sağlanamadığını gören Osmanlı padişahı III,NEGATIVE,Negative,0.9892501831054688
Osmanlı,Ahmet'in bunu istemesinde savaştaki Osmanlı askerleri hakkında bölgeden gelen olumsuz raporların etkisi büyüktü,NEGATIVE,Negative,0.9367874264717102
Osmanlı,Ahmet'e gönderdiği raporlardan birinde Osmanlı ordusunda görülen disiplinsizlikten yakınmış ve düşman askerinin sayısı çok az olsa bile bir başarı elde edilemeyeceğini söylemişti,NEGATIVE,Negative,0.9674756526947021
Osmanlı,Avrupalıların sömürgecilik faaliyetlerinin Osmanlı Devleti'nde enflasyon artışına etki- lerini analiz ediniz,NEGATIVE,Negative,0.7404270768165588
Osmanlı,Osmanlı Devleti'nde devşirme sisteminin son bulmasının sebeplerini analiz ediniz,NEGATIVE,Negative,0.6834327578544617
Osmanlı,Osmanlı Devleti'ni iltizam ve malikâne sistemini uygulamaya iten sebepler nelerdir,NEGATIVE,Negative,0.9706649780273438
Osmanlı,yüzyıllarda çıkan isyanlara katılan toplum kesimlerinin sosyoekonomik haklar konusunda Osmanlı Devleti'nden beklentilerini,NEGATIVE,Negative,0.7447953820228577
Osmanlı,"Ekber ve Erşed Sistemi'ni, Osmanlı devlet yönetimine sunduğu fırsatlar ve sınırlılıklar bakımından",POSITIVE,Positive,0.712170422077179
Osmanlı,Lâle Devri'nde Osmanlı toplumunda görülen değişim hareketleri hangi alanlarda ortaya çıkmıştır,POSITIVE,Positive,0.5298742651939392
Osmanlı,Kâtip Çelebi ve Naima Efendi'nin Osmanlı ilim geleneğindeki öncü rolleri neler olmuş- tur,NEGATIVE,Negative,0.565151035785675
Osmanlı,"Bu durum, Osmanlıda fiyat dengesinin altüst olmasına ve Osmanlı parası nın değerinin düşmesine sebep olmuştu",NEGATIVE,Negative,0.9913631677627563
Osmanlı,Osmanlı Devleti'nde enflasyon ortaya çıkmıştır,NEGATIVE,Negative,0.9895138740539551
Osmanlı,"Osmanlı Devleti, tağşiş uygulama yoluna gitmiştir",NEGATIVE,Negative,0.9977645874023438
Osmanlı,"Osmanlı Devleti, toprak kayıpları yaşamıştır",NEGATIVE,Negative,0.9927327036857605
Osmanlı,Osmanlı Devleti'nde ham madde sıkıntısı yaşanmıştır,NEGATIVE,Negative,0.9984865188598633
Osmanlı,"Bunun sonucunda Osmanlı Devleti, karada ve denizde mücadele ettiği Avrupalı devletlere karşı askerî rekabet gücünü yitirmeye başlamıştır",NEGATIVE,Negative,0.9930714964866638
Osmanlı,Bu durum Osmanlı ordu sisteminde bazı zorunlu dönüşümlere sebep olmuştur,NEGATIVE,Negative,0.6349596977233887
Osmanlı,Buna göre aşağıdakilerden hangisi Osmanlı ordu sisteminde görülen zorunlu dönüşümlerden biridir,NEGATIVE,Negative,0.9875168204307556
Osmanlı,Osmanlılar Batı'daki bilimsel gelişmeleri takip etmiştir,POSITIVE,Positive,0.9202535152435303
Osmanlı,Osmanlı idarecileri Batı kültüründen etkilenmiştir,NEGATIVE,Negative,0.9908788800239563
Osmanlı,"Islahat layihaları, Osmanlı Devleti'ndeki idari reform hareketleri içinde önemli bir yer tutmaktadır",POSITIVE,Positive,0.8822630047798157
Osmanlı,"Islahat layihalarına göre Osmanlı Devleti'nin yaşadığı sorunların temelinde;
yöneticilerin liyakatsizliği,
gelir-gider dengesinin bozulması ile israf ve gösterişin artması,
ahlaki yozlaşma, rüşvet ve iltimas
I, II ve III
23",NEGATIVE,Negative,0.9983705878257751
Osmanlı,"Fransa'daki katliamdan kaçan insanlar ise Osmanlı İmparatorluğu, İngiltere, Avusturya, Rusya, Amerika ve Prusya'ya sığınmışlardı (Afyoncu, 2011, ss",POSITIVE,Positive,0.6240113973617554
Osmanlı,"Bu krizden en çok etkilenenler Avusturya İmparatorluğu, Rus Çarlığı ve Osmanlı Devleti oldu",NEGATIVE,Negative,0.9785687923431396
Osmanlı,Birçok Macar Osmanlı Devleti'ne sığındı,NEGATIVE,Negative,0.6975171566009521
Osmanlı,Osmanlılara sığınan Lajos Kossuth ve yanındaki Macarların Osmanlı Devleti tarafından Avusturya'ya iade edilmemesini sorumluluk ve yardımseverlik açısından,NEGATIVE,Negative,0.8400393724441528
Osmanlı,"Rusya, Fransız İhtilali'nin yaydığı ulusçuluk fikrini kullanarak Balkanlarda Osmanlı Devleti aleyhine politikalar geliştirmiştir",NEGATIVE,Negative,0.9615659117698669
Osmanlı,Bu durum Balkanlardaki hâkim güç olan Osmanlı Devleti'nde krize neden olmuştu,NEGATIVE,Negative,0.9877423048019409
Osmanlı,"Osmanlı Topraklarında Yaşanan Kriz
Fransız İhtilali'nin Osmanlı toprakları üzerinde yaşayan halklar üzerinde başlangıçta doğrudan bir etkisi olmamıştı",NEGATIVE,Negative,0.9860995411872864
Osmanlı,Osmanlı Devleti'nin bünyesinde yaşayan farklı dine mensup topluluklar millet sistemi içinde kardeşçe bir yaşam sürmekteydi,POSITIVE,Positive,0.8364489078521729
Osmanlı,yüzyıldan itibaren Rusya'nın Osmanlı topraklarında yaşayan gayrimüslimleri kışkırtmaya yönelik propaganda faaliyetleri Osmanlı Devleti için olumsuz sonuçlara yol açtı,NEGATIVE,Negative,0.9880213737487793
Osmanlı,"Metin Analizi
Osmanlı Devleti'nde yaşayan gayrimüslimler Tanzimat'a kadar yönetici kesimde bulu- nan Müslümanlardan farklı dinlere tabi olmaları nedeniyle özel hukuk ve kamu hukuku açısından farklı sistemlerde yerlerini almışlardır",NEGATIVE,Negative,0.8070977926254272
Osmanlı,Fransız İhtilali'nin imparatorluklar için yıkıcı olan etkisinin Osmanlı Devleti'ne daha geç ulaşmasının nedenlerini,NEGATIVE,Negative,0.9760220646858215
Osmanlı,yüzyıldan itibaren Osmanlı Devleti'nin Avusturya ve Rusya'yla yaptığı savaşlar nedeniyle Balkanlarda siyasi ve ekonomik istikrar sarsıldı,NEGATIVE,Negative,0.9855755567550659
Osmanlı,Bozulan maddi şartların üzerine bir de Avusturya ile Rusya'nın yaptığı ulusçuluk propagandası eklenince bölgede Osmanlı varlığı aleyhine gelişmeler baş gösterdi,NEGATIVE,Negative,0.9927403330802917
Osmanlı,"Sırbistan Prensliği, Osmanlı payitahtına bağlı kalmak koşulunu kabul ettiyse de sonrasında özerklik elde etti, 1878'de Berlin Antlaşması ile bağımsız hâle geldi",NEGATIVE,Negative,0.5484525561332703
Osmanlı,"Sırp İsyanı, Osmanlılar aleyhine Balkanlarda ateşlenen bir fitil etkisi yaptı",NEGATIVE,Negative,0.9767598509788513
Osmanlı,"yüzyılın ilk yarısında Osmanlı Devleti'nin toprak bütünlüğünden yana politika izleyen İngiltere, Yunan (Mora) İsyanı'nda farklı davrandı ve Yunan tarafını tuttu",NEGATIVE,Negative,0.9581096172332764
Osmanlı,Mora'daki Rum İsyanı'nı Mısır valisi Kavalalı Mehmet Ali Paşa'nın yardımıyla bastıran Osmanlı Devleti bölgede üstünlüğü tekrar elde etti,POSITIVE,Positive,0.5153427720069885
Osmanlı,"Fransiz Ihtilali'nin çok uluslu imparatorluklar üzerindeki etkisini asagidaki tabloya yaziniz
müttefikler donanması 1827'de Navarin'de Osmanlı-Mısır donanmasını imha etti (Görsel 3",NEGATIVE,Negative,0.6415186524391174
Osmanlı,Sonrasında 1828-1829 Osmanlı-Rus savaşları neticesinde imzalanan Edirne Antlaşması (1829) ile Yunanistan'a bağımsızlık verildi,NEGATIVE,Negative,0.9171422123908997
Osmanlı,Fransız İhtilali'nin yaydığı ulusçuluk fikri Osmanlı Devleti aleyhinde sonuçlar vermeye devam etti,NEGATIVE,Negative,0.9971479773521423
Osmanlı,Bağımsız Yunanistan'ın kurulması çok uluslu yapıdaki Osmanlı Devleti'nde diğer gayrimüslimlerin de ayrılıkçı ayaklanmalarına örnek teşkil etti,NEGATIVE,Negative,0.9698113203048706
Osmanlı,Bu durum Osmanlı Devleti de dâhil olmak üzere bütün dünya ekonomisini derinden etkilemiştir,POSITIVE,Positive,0.8021131157875061
Osmanlı,"Osmanlı Devleti'nde de bu değişim rüzgârının etkileri görüldü, Tanzimat Dönemi'nden itibaren devlet-toplum ilişkileri yeniden şekillendi",POSITIVE,Positive,0.9506552815437317
Osmanlı,Sömürgeci devletler fabrikalarda ürettikleri mamulleri Osmanlı Devleti gibi ekonomisi ithalata dayalı devletlere satarak kârlarını artırdılar,NEGATIVE,Negative,0.9725595116615295
Osmanlı,"yüzyıllarda örnek ordu olan Osmanlı ordusu, bu konumuna hangi özelliklerinden dolayı ulaşmıştı",NEGATIVE,Negative,0.5546671152114868
Osmanlı,"Osmanlı Devleti'nde Batı Tarzı Düzenli Ordu
Osmanlı Devleti'nin büyük strateji sinin hedefleri, 1774 Küçük Kaynarca Antlaşması'ndan sonra mütevazı boyutlara çekilmişti",NEGATIVE,Negative,0.9814662933349609
Osmanlı,"Osmanlı Devleti; Doğu Avrupa, Batı Asya ve Kuzey Afrika'da bölgesel bir güç olmakla yetinmek, toprak bütünlüğünü korumak zorunda kalmıştı",NEGATIVE,Negative,0.9615656137466431
Osmanlı,"Bakış Açısı
Osmanlı Devleti'nin büyük stratejisindeki bu değişimin Osmanlı ekonomik ve siyasi düzenindeki olumlu ve olumsuz etkileri neler olmuştur",NEGATIVE,Negative,0.7322049736976624
Osmanlı,Osmanlı Devleti'nin XVIII,NEGATIVE,Negative,0.5509138107299805
Osmanlı,"' ()
Osmanlı idarecisi olsaydınız danışma meclisinde dile getirilen böyle bir tespit üzerine orduda ne gibi değişiklikler yapardınız",NEGATIVE,Negative,0.9884771108627319
Osmanlı,"Osmanlı Devleti, XVIII",POSITIVE,Positive,0.562764048576355
Osmanlı,"Köklü reformlar yapılamadığı, en küçük bir reforma bile birtakım asker ve bürokrat muhalefet ettiği için Osmanlı ordusunun durumu içinden çıkılmaz bir hâl almıştı",NEGATIVE,Negative,0.9867435693740845
Osmanlı,Fransız askerî okullarının programının uygulanacağı bu okulda önde gelen Osmanlı âlimleri yanında yabancı uzmanlar da görevlendirildi,NEGATIVE,Negative,0.7384694814682007
Osmanlı,"Osmanlı Devleti'nde Avusturya ve Rusya ile savaş hâlindeki bir dönemde taht değişikliği yaşanmış, III",NEGATIVE,Negative,0.9267673492431641
Osmanlı,Osmanlı Devleti'nin 1787-1792 yılları arasında yaptığı bu savaşlardan mağlup ayrılması üzerine III,POSITIVE,Positive,0.5097839832305908
Osmanlı,"Bu durum, Osmanlı ordusunun modern ordular karşısındaki yetersizliğini göstererek muhaliflere ve rakip devletlere fırsat vermişti",NEGATIVE,Negative,0.9921908974647522
Osmanlı,"Rusya, bu durumdan istifade etmek için 1806'da Osmanlı Devleti'ne savaş açmıştı (Görsel 3",NEGATIVE,Negative,0.8518237471580505
Osmanlı,"Bu ortamda taşradaki âyanların gittikçe güç kazanması, Osmanlı Devleti'ni yeni sorunlarla karşı karşıya getirdi",NEGATIVE,Negative,0.9889445900917053
Osmanlı,1806'da başlayan Osmanlı-Rus Savaşı'nda alınan mağlubiyetler Nizam-ı Cedit ordusuna güven duyulmasını da engelledi,NEGATIVE,Negative,0.9199391603469849
Osmanlı,Osmanlı ordusundaki bir başka reform teşebbüsü de başarısızlıkla sonuçlandı ve padişah III,NEGATIVE,Negative,0.9929921627044678
Osmanlı,"Bakış Açısı
Yeniçeri Ocağı ortadan kaldırılmasaydı Osmanlı Devleti'nde gelişmeler nasıl olurdu",NEGATIVE,Negative,0.9158146977424622
Osmanlı,Mahmut hayata geçirdiği yeniliklerle Osmanlı Devleti'nin en reformcu padişahlarından biri oldu,POSITIVE,Positive,0.6136918067932129
Osmanlı,Bu durum Osmanlı Devleti'ndeki Müslümanların nüfus artışının gayrimüslimlerin nüfus artışından yavaş olmasına yol açtı,NEGATIVE,Negative,0.9908044338226318
Osmanlı,Siz Osmanlı Devleti'nde idareci olsaydınız bu sorunu gidermek için ne gibi önlemler alırdınız,NEGATIVE,Negative,0.7772703170776367
Osmanlı,")
Tanzimat Fermanı'nda geçen bu ifade, Müslüman ve gayrimüslim Osmanlı tebaası için ne anlama gelmektedir",NEGATIVE,Negative,0.8309717774391174
Osmanlı,"Mahmut ve Osmanlı idarecileri, yalnızca ordunun modernize edilmesinin yeterli olmadığını tecrübe etmişti",NEGATIVE,Negative,0.9357977509498596
Osmanlı,Bu sebeple zorunlu askerliğin Osmanlı Devleti'nde de uygulanması gerektiği düşünüldü,NEGATIVE,Negative,0.7670797109603882
Osmanlı,32) Dönemi'nin başında ilan edilen Tanzimat Fermanı'nda ülke savunmasının bütün Osmanlı ahalisinin vazifesi olduğu belirtilerek zorunlu askerliğe geçildi (1839),POSITIVE,Positive,0.7199752330780029
Osmanlı,Bu doğrultuda gayrimüslim Osmanlı ahalisinden alınan cizye vergisi Islahat Fermanı'yla (1856) kaldırılmış ve bütün Osmanlı ahalisinin yararlanacağı bedel-i askerî uygulamasına geçilmişti,NEGATIVE,Negative,0.8479084968566895
Osmanlı,"Zorunlu askerlik uygulaması, farklı dinlere mensup olanların vatan savunmasında birlik olmalarına imkân sağladığı için ortak bir Osmanlı kimliğinin oluşmasına hizmet edecekti",NEGATIVE,Negative,0.536227285861969
Osmanlı,Ancak Osmanlı Devleti'nde gayrimüslimler yüzyıllardır askere alınmadığı için bu uygulamaya alışamadılar,NEGATIVE,Negative,0.9538118243217468
Osmanlı,"Bakış Açısı
Osmanlı Devleti'nde gayrimüslimlerin de askere alınabilecek olmasını Müslüman ahali nasıl karşılamış olabilir",NEGATIVE,Negative,0.8797063827514648
Osmanlı,Böylece Osmanlı Devleti'nin ancak son yıllarında orduda Müslümanların yanında çok sayıda Hristiyan ve Yahudi asker istihdam edilebildi,NEGATIVE,Negative,0.9356160163879395
Osmanlı,Osmanlı Devleti'ni düzenli orduyu kurma aşamasında zorlayan engeller arasında teknolojik altyapının yetersizliği de vardı,NEGATIVE,Negative,0.9582576751708984
Osmanlı,"Osmanlı idarecileri, Avrupa'daki askerî sanayiyi yakından takip ederek piyasaya çıkan yeni silahları tereddütsüz ithal etti",NEGATIVE,Negative,0.7062515616416931
Osmanlı,"Osmanlı Devleti bu eksikliği fark ederek 1847'den itibaren telgraf, 1856'dan itibaren demir yolu hattının inşasına başladı",NEGATIVE,Negative,0.9855235815048218
Osmanlı,Osmanlı Devleti'nden günümüze kadar Türk Savunma Sanayisi'nin geldiği seviyeyi göz önünde bulundurarak askerî teknolojideki yerliliği değişim ve süreklilik açısından,POSITIVE,Positive,0.509167492389679
Osmanlı,"Ulaşım, haberleşme, eğitim, sağlık ve sosyal devlet uygulamaları ile Osmanlı Devleti bu küresel değişimi yakalamayı ve varlığını sürdürmeyi amaçlamıştı",POSITIVE,Positive,0.9886576533317566
Osmanlı,"Osmanlı Devleti'nde Demir Yolu ve Telgraf
Avrupa'da teknoloji alanında yapılan icatlar ulaşımda ve iletişimde önemli gelişmelere zemin hazırlamıştı",POSITIVE,Positive,0.8652679920196533
Osmanlı,"yüzyılda eski gücünü kaybetmiş olan Osmanlı Devleti, emperyalist politikaların hedefi hâline gelmiş ve siyasi, askerî, iktisadi alanlarda kendisine yönelik tehditlerle uğraşmak zorunda kalmıştı",NEGATIVE,Negative,0.9744639992713928
Osmanlı,"Osmanlı Devleti, Batı'daki ilerlemelerden geri kalmamak, siyasi ve iktisadi bütünlüğünü korumak istediği için İngiltere'de başlayan bu yeni ulaşım teknolojisini yakından takip etmişti",POSITIVE,Positive,0.6275360584259033
Osmanlı,Dünyada ilk demir yolu yolculuğunun gerçekleşmesinden kısa süre sonra Osmanlı topraklarındaki ilk demir yolunu yapma fikri oluşmuştu,POSITIVE,Positive,0.8514821529388428
Osmanlı,"Ancak Osmanlı Devleti'nin teknik ve ekonomik alanlarda hazırlıksız oluşu, demir yolu projesi için Avrupalı devletlerin desteğini gerektirmişti",NEGATIVE,Negative,0.9763121604919434
Osmanlı,Osmanlı topraklarında demir yolu hatları inşa etmeleri için Batılı şirketlere başvurulmuştu,NEGATIVE,Negative,0.6273517608642578
Osmanlı,Osmanlı Devleti bu amaç doğrultusunda Batılı şirketlere dolayısıyla da Avrupalı devletlere yeni imtiyazlar vermek zorunda kalmıştı,NEGATIVE,Negative,0.9194568991661072
Osmanlı,Avrupalı devletler de Osmanlı topraklarında yapılması planlanan demir yolu hatlarını emperyalist politikalarını gerçekleştirmek için bir fırsat olarak görüp teşvik etmişlerdi,NEGATIVE,Negative,0.9889559149742126
Osmanlı,"Bakış Açısı
Emperyalist devletlerin Osmanlı topraklarında demir yolu yapımı için istekli olmalarının sebepleri neler olabilir",NEGATIVE,Negative,0.8895251154899597
Osmanlı,"Demir yolu konusundaki somut adımlar, saraydaki çalışma odasına demir yolu resimlerini asarak Osmanlı topraklarını baştan başa demir yollarıyla süsleme hayali kuran Sultan Abdülmecit Dönemi'nde atılmaya başlandı",NEGATIVE,Negative,0.7255862355232239
Osmanlı,Osmanlı Devleti'nde ilk demir yolu Mısır eyaletinde Kahire-İskenderiye arasında yapıldı,POSITIVE,Positive,0.8623703122138977
Osmanlı,Böylece İstanbul Sirkeci'den başlayan Rumeli demir yolu hattıyla Balkan şehirleri ve Osmanlı başkenti birbirine bağlanmış oldu,POSITIVE,Positive,0.6484379768371582
Osmanlı,"Yapımı
• Demiryollani
Dünya Savaşı'nda bile devam etmiş bu demir yolu hatlarıyla Osmanlı topraklarında toplam uzunluğu binlerce kilometreyi bulan demir yolları yapılmıştır (Harita 3",POSITIVE,Positive,0.6148917078971863
Osmanlı,"Osmanlı idarecilerine göre demir yolu; kötüye giden ekonomik koşulları iyileştirmek, ulaşımda kolaylık sağlamak ve çağın gerisinde kalmamak için çok gerekliydi",NEGATIVE,Negative,0.9266937375068665
Osmanlı,"Bunun yanı sıra demir yolları, Osmanlı başkentinin uzak eyaletleri kontrol edebilmesi için de önemliydi",POSITIVE,Positive,0.734124481678009
Osmanlı,Demir yolu vasıtasıyla muhtemel bir savaş durumunda Osmanlı askerleri ülke topraklarının uzak noktalarına kadar kolayca sevk edilebilmişti,NEGATIVE,Negative,0.8471570014953613
Osmanlı,"Ayrıca Osmanlı taşrasında üretilen ürünler demir yolu sayesinde daha hızlı, rahat bir biçimde başkent İstanbul'a, orduya ve cepheye taşınabilmişti",NEGATIVE,Negative,0.6918788552284241
Osmanlı,"Değişim ve Süreklilik Analizi
Yönerge: Osmanlı Devleti ve günümüz Türkiye'sinde ulaşım altyapısıyla ilgili faaliyetleri değişim ve süreklilik açısından mukayese ediniz",POSITIVE,Positive,0.7773622870445251
Osmanlı,Telgrafın Osmanlı Devleti'nde de kullanımı hızlı bir şekilde yaygınlaştı,POSITIVE,Positive,0.8989889621734619
Osmanlı,"Bakış Açısı
Osmanlı padişahlarının bilim insanları ve teknolojik yenikliklerle ilgili tutumları hakkında neler söylersiniz",NEGATIVE,Negative,0.8277050852775574
Osmanlı,Osmanlı topraklarında haberleşme amacıyla ilk kez Kırım Savaşı'nda kullanılan telgraf hatları kısa sürede geniş bir ağa ulaştı,POSITIVE,Positive,0.577219545841217
Osmanlı,"Birçok telgraf hattı, herhangi bir dış kaynak kullanılmadan Osmanlı sermayesiyle yapıldı",NEGATIVE,Negative,0.6416051983833313
Osmanlı,Abdülhamit Dönemi'nde bazı yerlerde deniz altı kabloları kullanılarak Osmanlı topraklarının en ücra bölgeleri olan çöllerle kaplı yerleşim yerlerine bile telgraf hattı döşendi,NEGATIVE,Negative,0.9831100702285767
Osmanlı,"Bu durumu Fransız bir telgraf mühendisi 'Osmanlı Devleti, yolların ve demir yollarının gidemediği yerlere kadar telgraf hatlarını geren ilk ülke",NEGATIVE,Negative,0.9593265056610107
Osmanlı,"Osmanlı idarecilerine göre telgraf, başkentten gönderilen emirlerin hızlı bir şekilde uygulanmasına ve halkın şikâyetlerinin merkeze iletilebilmesine olanak sağlamıştı",POSITIVE,Positive,0.597665548324585
Osmanlı,Dolayısıyla Osmanlı Devleti'nde telgrafın yaygınlaştırılması çabaları hem modernleşme hem de merkez-taşra ilişkilerinin güçlendirilmesi açısından önemli bir gelişme olarak görülmüştür,NEGATIVE,Negative,0.5975341796875
Osmanlı,Abdülmecit'in telgrafı icat eden Samuel Morse (Semyul Mors) ile kurduğu diyalog sayesinde Osmanlı topraklarındaki ilk telgraf hattı denemesi 1847'de İstanbul'da yapıldı,POSITIVE,Positive,0.8659705519676208
Osmanlı,Abdülhamit ve Osmanlı devlet adamlarının şahsi bağışları ile diğer İslam devletlerinin yöneticilerinden gelmekteydi,NEGATIVE,Negative,0.8979834914207458
Osmanlı,Daha sonra bu demir yolu projesine Osmanlı toplumundan ve diğer ülkelerdeki Müslüman topluluklardan da çok sayıda bağış yapıldı (Gülsoy & ),POSITIVE,Positive,0.5137597322463989
Osmanlı,")
Osmanlı Devleti'nde Hicaz demir yolu hattının yapılmasıyla hangi hedefler gözetilmiş olabilir",NEGATIVE,Negative,0.8929104804992676
Osmanlı,"Osmanlı Devleti'nde Eğitimde Modernleşme Faaliyetleri
Avrupa'da XVII",NEGATIVE,Negative,0.8791964650154114
Osmanlı,"Hendesehane (1734)
Osmanlı Devleti'nde Avrupa devletleriyle girişilen siyasi ve askerî rekabet çerçevesinde açılan, askerî teknikler hakkında eğitim veren ilk askerî okul Hendesehane'dir",POSITIVE,Positive,0.96205073595047
Osmanlı,"Mühendishane-i Bahrî-i Hümâyun (1776)
Rusların 1770'te Çeşme Limanı'na baskın yaparak Osmanlı donanmasını imha etmesi, ilk askerî deniz okulu olan Mühendishane-i Bahrî-i Hümâyun'un (Görsel 3",NEGATIVE,Negative,0.5895682573318481
Osmanlı,"Mekteb-i Tıbbiye (1827)
Osmanlı Devleti'nde hekimler medreselerde yetişirdi",POSITIVE,Positive,0.5032394528388977
Osmanlı,Osmanlı ordusunda görev yapan hekimlerin çoğunluğu ise gayrimüslimdi,NEGATIVE,Negative,0.6241962313652039
Osmanlı,"Mahmut Dönemi'nde Osmanlı geleneksel askerî yapısı neredeyse tamamıyla değiştirilmiş, bozulan Yeniçeri Ocağı kaldırılarak yerine Asâkir-i Mansûre-i Muhammediye ordusu kurulmuştu",NEGATIVE,Negative,0.8726513385772705
Osmanlı,"Osmanlı Devleti'nin eğitim alanındaki yenileşme hareketleri sadece askerî ve akademik eğitim veren okulların açılmasıyla sınırlı kalmamış, toplumun tüm kesimlerinde modernleşmeyi gerçekleştirmek amacıyla meslek okulları da açılmıştır",NEGATIVE,Negative,0.6161189079284668
Osmanlı,Osmanlı Devleti'nin Avrupa devletleriyle giriştiği siyasi ve askerî rekabet çerçevesinde açtığı eğitim kurumları ile ilgili aşağıdaki bulmacayı,NEGATIVE,Negative,0.7984628677368164
Osmanlı,Osmanlı Devleti'nin Avrupa devletleriyle giriştiği siyasi ve askerî rekabet çerçevesinde açtığı eğitim kurumları ile ilgili aşağıda yer alan bulmacayı,NEGATIVE,Negative,0.7667821049690247
Osmanlı,"Osmanlı Devleti, kuruluş yıllarından itibaren himayesi altındaki gayrimüslimlere kendi okullarını açabilme hakkı tanımıştı",POSITIVE,Positive,0.7220513820648193
Osmanlı,"Bu çerçevede Osmanlı tebaası olan Rumlar, Ermeniler ve Museviler dinî kimliklerini esas alan okullar kurmuşlardı",NEGATIVE,Negative,0.6214101314544678
Osmanlı,"yüzyıla gelindiğinde Osmanlı topraklarındaki Rum, Ermeni ve Musevi okullarının yanı sıra Fransız, İngiliz, İtalyan, Alman, Rus ve Amerikan okullarının (Görsel 3",POSITIVE,Positive,0.581298828125
Osmanlı,yüzyılda ortaya çıkan ayrılıkçı fikirlerin etkisiyle ve Osmanlı Devleti'nin zayıflamasıyla bu okullar amacı dışında hareket etmeye başladılar,NEGATIVE,Negative,0.9937775135040283
Osmanlı,Birçok yerleşim yerinde açılarak Osmanlı topraklarında hızla yayıldılar,POSITIVE,Positive,0.8458486795425415
Osmanlı,"Misyonerlik faaliyetleriyle de desteklenen okullar, Osmanlı toplumunu ayrıştırarak devletin parçalanmasını hedefleyen bir unsur hâline geldi",NEGATIVE,Negative,0.9977396726608276
Osmanlı,"Osmanlı Devleti, çıkardığı Maarif-i Umumiye Nizamnamesi (1869) adındaki eğitim düzenlemeleriyle bunu engellemeye çalıştı",NEGATIVE,Negative,0.9954463839530945
Osmanlı,Ayrıca Osmanlı topraklarının birçok yerinde açılan bu okulların yapımına ve onarımına bizzat katkı sundu,POSITIVE,Positive,0.8480568528175354
Osmanlı,"Böylece Osmanlı Devleti, özellikle azınlık okullarının varlığına değil bölücü faaliyetlerine engel olmak istediğini kanıtladı",NEGATIVE,Negative,0.608684241771698
Osmanlı,"Osmanlı Devleti'nin bu çabalarına rağmen misyonerler, azınlık ve yabancı okulları eliyle Osmanlı topraklarındaki ayrılıkçı faaliyetlerini daha da artırdı",NEGATIVE,Negative,0.9915727376937866
Osmanlı,"Bakış Açısı
Osmanlı Devleti'nin yabancıların misyonerlik faaliyetlerine karşı kendi tebaası olan gayrimüslimleri korumasını sorumluluk bağlamında",NEGATIVE,Negative,0.5198795795440674
Osmanlı,Başta Anadolu olmak üzere Osmanlı topraklarının birçok yerinde modern eğitim veren devlet okulları açıldı (Görsel 3,NEGATIVE,Negative,0.8388983011245728
Osmanlı,"Böylece Osmanlı Devleti yabancı ve azınlık okullarına karşı açılan modern devlet okulları sayesinde eğitim alanındaki rekabeti, denetim kapasitesini artırmış oldu",POSITIVE,Positive,0.6883324384689331
Osmanlı,"Osmanlı eğitim teşkilatı, merkeziyetçi bir anlayışla yapılandırıldı",NEGATIVE,Negative,0.9919604659080505
Osmanlı,Abdülhamit Dönemi'nde eğitim alanında yapılan yenilikler ve ülke genelinde açılan modern okullarla Osmanlı Devleti'nin son döneminde millî devlete ve sanayileşmeye uygun bir toplum yapısının zemini oluştu,POSITIVE,Positive,0.82293301820755
Osmanlı,"Abdülhamit Dönemi'nin sonlarında İstanbul'daki idâdî sayısı dokuza, taşradakilerle birlikte Osmanlı topraklarındaki toplam idâdî sayısı 109'a çıkmıştı",POSITIVE,Positive,0.878899872303009
Osmanlı,Osmanlı Devleti'nin endüstrileşmesinde sanayi mekteplerinin açılmasının katkıları neler olabilir,NEGATIVE,Negative,0.9243201017379761
Osmanlı,Osmanlı Devleti'nde sosyal devlet anlayışında görülen gelişmeler Osmanlı vakıf kültürü ile Avrupa'daki sosyal devlet sistemindeki gelişmelerin etkisinde şekillenmiştir,POSITIVE,Positive,0.7877106666564941
Osmanlı,Diğer yandan Osmanlı toplumunda geleneksel olarak yüzyıllardır var olan vakıf sistemi sosyal yardımlaşma anlamında son derece işlevseldi,POSITIVE,Positive,0.8849478960037231
Osmanlı,yüzyılın sorumluluk üstlenen modern devlet algısı Osmanlı tarafında da karşılık buldu,NEGATIVE,Negative,0.9107785820960999
Osmanlı,Bu anlamda Osmanlı Devleti'nin Avrupalı modern devletler arasındaki konumunun yükseldiği II,POSITIVE,Positive,0.7933088541030884
Osmanlı,Bu şekilde Osmanlı geleneğinde zaten var olan 'atiyye-i seniyye' (padişah ihsanı) geleneğini modern sosyal devlet anlayışı ile birleştirmiştir,POSITIVE,Positive,0.9364270567893982
Osmanlı,Vakıf kültürünün Osmanlı Devleti'nde XIX,NEGATIVE,Negative,0.7463272213935852
Osmanlı,"Osmanlı Devleti'nde görülmeye başlayan ulus devletleşme, endüstrileşme süreçleri siyasi ve sosyal hayatta birçok değişime yol açsa da millî kimliği oluşturan belli başlı unsurlar günümüze kadar devam etti",POSITIVE,Positive,0.7516258955001831
Osmanlı,"Türkçe, tarihî devamlılığın sonucunda geçmişteki birçok Türk devletinde görüldüğü gibi Osmanlı Devleti'nde de resmî dil olarak kullanıldı",POSITIVE,Positive,0.9668136835098267
Osmanlı,Bu durum hem Türkçenin muhafaza edilmesini hem de yaygın bir biçimde Osmanlı topraklarında kullanılmasını sağladı,NEGATIVE,Negative,0.6953129172325134
Osmanlı,Ulus devletleşme süreçleriyle bağlantılı olarak Osmanlı Devleti'nde görülen zorunlu askerlik ile zorunlu eğitim uygulamaları da Türkçenin varlığını koruyabilmesini ve devam ettirebilmesini sağladı,POSITIVE,Positive,0.6261963844299316
Osmanlı,"Osmanlı Devleti'nde gazete, dergi gibi süreli yayınlar aracılığıyla aydınların halk diliyle yazılar yazması da bu konuda etkili oldu",POSITIVE,Positive,0.9554808735847473
Osmanlı,"Bakış Açısı
Osmanlı aydınlarının halk diliyle yazılar yazması Türkçenin devamlılığına ne gibi katkılar sunmuş olabilir",NEGATIVE,Negative,0.8711215853691101
Osmanlı,Geleneksel Türk aile yapısının bu özellikleri Osmanlı Klasik Dönemi'nde de devam etti,POSITIVE,Positive,0.88929682970047
Osmanlı,Ulus devletleşme ve endüstrileşme sürecinde Osmanlı toplum yapısında görülen değişimler aileyi de etkiledi,POSITIVE,Positive,0.7476134300231934
Osmanlı,"Kırdan
kente göçün ve modernleşmenin etkisiyle Osmanlı metropolleri olan büyükşehirlerde çekirdek aile yapısı da görülmeye başlandı",NEGATIVE,Negative,0.8744094967842102
Osmanlı,Osmanlı Devleti'nde Fatih Dönemi'nden itibaren bayraklarda ay yıldızın kullanıldığı bilinmektedir,POSITIVE,Positive,0.8665211200714111
Osmanlı,"yüzyıldaki bir çizimde Avrupalılar, Osmanlı toprağı Mora'daki kalelerde ay yıldızlı Türk bayrağını resmetmişlerdi",POSITIVE,Positive,0.7375456094741821
Osmanlı,Üzerinde hilâl ve yıldız işareti bulunan al sancağın Osmanlı Devleti'nin millî bayrağı olduğu anlaşılmaktadır,POSITIVE,Positive,0.8041964769363403
Osmanlı,Osmanlı Dönemi'nde kullanılan Türk bayrağının Cumhuriyet Dönemi'nde de kabul edilmesinin sebeplerini analiz ediniz,NEGATIVE,Negative,0.6268949508666992
Osmanlı,Yeniçeri Ocağının kaldırılmasını Osmanlı Devleti'ne etkileri açısından,NEGATIVE,Negative,0.8423424363136292
Osmanlı,Osmanlı Devleti'nde gayrimüslim tebaanın askere alınma süreci nasıl gerçekleşmiş- tir,NEGATIVE,Negative,0.8219863176345825
Osmanlı,Ulaşım ve haberleşme alanındaki gelişmelerin merkez-taşra ilişkileri çerçevesinde Osmanlı merkezî otoritesine etkilerini,POSITIVE,Positive,0.563275933265686
Osmanlı,"Osmanlı yöneticilerinin eğitim alanında modernleşme hedeflerine ulaşma başarısını, günümüz eğitim imkânlarının geldiği seviyeye etkisi bağlamında",NEGATIVE,Negative,0.787176787853241
Osmanlı,Azınlık ve yabancı okullarının zararlı faaliyetlerine karşı Osmanlı Devleti'nin aldığı önlemleri analiz ediniz,POSITIVE,Positive,0.637845516204834
Osmanlı,yüzyılda Osmanlı Devleti'nde merkezîleşme çabaları doğrultusunda ulaşım ve haberleşme alanında bazı girişimler başlatılmıştır,NEGATIVE,Negative,0.9251171350479126
Osmanlı,"Osmanlı topraklarındaki
demir yolu yapımına başlanması,
telgraf hatlarının döşenmesi,
telefonun kullanılması
gelişmelerinden hangileri bu duruma örnek gösterilemez",NEGATIVE,Negative,0.9815400242805481
Osmanlı,"I, II ve III
Osmanlı idarecileri, Avrupa devletleriyle girilen siyasi ve askerî rekabet nedeniyle bazı reformlar gerçekleştirdi",NEGATIVE,Negative,0.862523078918457
Osmanlı,Buna göre aşağıdaki okullardan hangisi Osmanlı Devleti'nin bürokrat ihtiyacını karşılamak için kurulmuştur,NEGATIVE,Negative,0.9929869771003723
Osmanlı,"Abdülhamit Dönemi eğitim alanındaki
derslerin Türkçe işlenmesi,
öğretmenlerin Osmanlı tebaasından olması,
maarif müfettişi sayısının arttırılması
kararlarından hangileri azınlık okullarının zararlı faaliyetlerini önlemeye yöneliktir",NEGATIVE,Negative,0.9904417991638184
Osmanlı,"1836-1839 yılları arasında Türkiye'de bulunan geleceğin Prusya Genelkurmay başkanı Helmuth von Moltke, İbrahim Paşa komutasındaki Mısır kuvvetlerine karşı Osmanlı ordusunun ne kadar bilgisizce yönetildiğini, durumun vahametini ünlü mektuplarında anlatmaktadır",NEGATIVE,Negative,0.5845844149589539
Osmanlı,")
Askerî okullarda yabancı dil öğretiminin yapılmasının sebeplerini ve yabancı dil öğre- timinin Osmanlı modernleşmesine etkisini",NEGATIVE,Negative,0.8054434061050415
Osmanlı,Osmanlı ordusundaki reformların başka hangi alanlarda etkisi olduğu söylenebilir,NEGATIVE,Negative,0.808713436126709
Osmanlı,"OSMANLI DEVLETİ'NE KARŞI İÇ VE DIŞ TEHDİTLER KARADENiZ
ADALAR DENIZI
'Küresel güç' ve 'bölgesel güç' terimleri size neleri çağrıştırmaktadır",POSITIVE,Positive,0.7643030881881714
Osmanlı,"yüzyılda Osmanlı Devleti, uzun süren savaşlar sonucunda batıda ve kuzeyde ağır mağlubiyetler yaşamıştı",NEGATIVE,Negative,0.9683824181556702
Osmanlı,Bunun yanında Avrupa ülkeleri ve Rusya'nın birçok alanda hızla gelişmesi Osmanlı Devleti'ni görece daha zayıf bir devlet durumuna düşürmüştü,NEGATIVE,Negative,0.9319961071014404
Osmanlı,"Buna rağmen geniş bir egemenlik alanına sahip olan Osmanlı Devleti; Balkanlar, Anadolu, Kafkasya, Mezopotamya, Arabistan Yarımadası, Kuzey Afrika'nın büyük bir bölümü ile Akdeniz ve Karadeniz'de varlığını devam ettiriyordu (Harita 4",NEGATIVE,Negative,0.5137956142425537
Osmanlı,"1774 Küçük Kaynarca Antlaşması, sonuçları sebebiyle Osmanlı Devleti'nin tarihî seyrini etkileyen bir dönüm noktası olmuştu",POSITIVE,Positive,0.9523348212242126
Osmanlı,Gittikçe güçlenerek topraklarını genişleten Rusya ve Avusturya'nın Osmanlı topraklarını ele geçirme politikası etkisini artırmıştı,NEGATIVE,Negative,0.9536302089691162
Osmanlı,"Ayrıca ham madde ve pazar arayışında olan Avrupa'nın büyük güçleri, Osmanlı coğrafyasına nüfuz etme faaliyetlerini hızlandırmıştı",NEGATIVE,Negative,0.8943286538124084
Osmanlı,"Artık Osmanlı Devleti, kalan topraklarını korumanın ve varlığını devam ettirebilmenin yollarını aramaktaydı",NEGATIVE,Negative,0.5697147250175476
Osmanlı,"Osmanlılar tarafından ''düvel-i muazzama' şeklinde ifade edilen büyük güç ler; Rusya, Avusturya, Fransa ve İngiltere'den oluşmaktaydı",NEGATIVE,Negative,0.5321308374404907
Osmanlı,"Büyük güçler, 'hasta adam' olarak niteledikleri Osmanlı Devleti'nin dağılması durumunda topraklarını paylaşmak istiyordu",NEGATIVE,Negative,0.949140727519989
Osmanlı,"Bunun için hem Osmanlı Devleti'yle hem de kendi aralarında çeşitli mücadeleler, ittifaklar ve paylaşım planları yapmışlardı",NEGATIVE,Negative,0.874387264251709
Osmanlı,"Böylece Osmanlı toprakları, XVIII",POSITIVE,Positive,0.5856224894523621
Osmanlı,"Büyük güçler, Osmanlı Devleti'nin yıkılması hâlinde Osmanlı Devleti'nden geriye kalacağını düşündükleri toprak ve insan kaynağına hâkim olmak için paylaşım meselesini gündeme getirdi",NEGATIVE,Negative,0.953718900680542
Osmanlı,"Buna göre artık gerileyen, her an yıkılmak üzere olan Osmanlı Devleti'ni önce Avrupa'dan sonra da Anadolu'dan atma fikri oluştu",NEGATIVE,Negative,0.9389457702636719
Osmanlı,"Böylece Rusya, Avusturya, Fransa ve İngiltere'nin başını çektiği, daha sonra Almanya ile İtalya'nın da dâhil olduğu Osmanlı Devleti'ni ortadan kaldırma ve paylaşma meselesi ortaya çıktı",NEGATIVE,Negative,0.9302988648414612
Osmanlı,Şark Meselesi çerçevesinde öncelikle Osmanlı Devleti üzerinde siyasi ve ekonomik baskılar kurulması planlanmaktaydı,NEGATIVE,Negative,0.9355061650276184
Osmanlı,"Sonra da Osmanlı topraklarında yaşayan gayrimüslimlerin hakları bahane edilip azınlık isyanlarının desteklenmesi, Osmanlı Devleti'ne müdahale edilmesi amaçlanmaktaydı",NEGATIVE,Negative,0.994465172290802
Osmanlı,Osmanlı toprakları üzerinde emelleri olan büyük güçlerin Osmanlı Devleti'yle ilgili stratejilerinde birbirleriyle uzlaşan ve çatışan faktörler vardı,POSITIVE,Positive,0.7355989217758179
Osmanlı,Osmanlı Devleti'nin ne zaman tasfiye edileceği ile topraklarının nasıl paylaşılacağı konusunda büyük güçlerin menfaatleri örtüşmemekteydi,NEGATIVE,Negative,0.9608403444290161
Osmanlı,"Osmanlı Devleti, bu durumu fırsat bilip uyguladığı denge politikasıyla büyük güçler arasındaki rekabeti kendi lehine kullanmaya çalıştı",NEGATIVE,Negative,0.9892036318778992
Osmanlı,"Bu denge politikasıyla Osmanlı Devleti, bir büyük gücün siyasi ve askerî tehdidine karşı diğer büyük güçle ittifak kurarak topraklarını korumayı amaçlamıştır",POSITIVE,Positive,0.7859758138656616
Osmanlı,"yüzyılda devreye Amerika Birleşik Devletleri'nin de girmesiyle daha karışık bir hâle ge len Batılıların aralarındaki rekabet, Osmanlı İmparatorluğu'nun elini çektiği bölgelerde devam ediyor",NEGATIVE,Negative,0.9711030721664429
Osmanlı,Ama bu bölgelerde Osmanlı hayaleti yeni efendilere kâbuslar gördürüyor,NEGATIVE,Negative,0.992258608341217
Osmanlı,"Büyük Güçlerin Osmanlı Toprakları Üzerindeki Emelleri
Büyük güçler arasında Osmanlı Devleti'nin yıkılmasına en istekli devlet Rusya'ydı",NEGATIVE,Negative,0.8692154288291931
Osmanlı,"Bu projeye göre İstanbul, Rusya tarafından ele geçirilerek Osmanlı Devleti ortadan kaldırılacaktı",NEGATIVE,Negative,0.9139127731323242
Osmanlı,"Joseph'i ikna etmek için Eflak, Boğdan ve Besarabya'da Osmanlı Devleti'nden bağımsız bir tampon devlet kurulmasını teklif eden 'Dakya Projesi'ni öne sürdü",NEGATIVE,Negative,0.9403987526893616
Osmanlı,yüzyılın ikinci yarısından itibaren birçok Slav topluluğu Osmanlı Devleti'nden ayrılarak Rusya'nın etkisi altına girdi,NEGATIVE,Negative,0.5432836413383484
Osmanlı,Osmanlı Devleti ile Rusya arasındaki rekabeti Panslavizm kavramını içeren bir cümleyle ifade ediniz,NEGATIVE,Negative,0.8792411684989929
Osmanlı,"Uzun bir süre Osmanlı Devleti ile müttefik olan Fransa, İngiltere'yle olan sömürgecilik rekabeti nedeniyle Osmanlı topraklarına göz dikti",NEGATIVE,Negative,0.9749279618263245
Osmanlı,"Kuzey Afrika'da etkin bir güç olmak isteyen Fransa, 1830'da Ceza yir'i ve 1881'de Tunus'u işgal ederek bu bölgelerdeki Osmanlı hâkimiyetini sonlandırdı",NEGATIVE,Negative,0.8048710823059082
Osmanlı,"İngiltere, Rusya'nın sıcak denizlere inerek güçlü bir rakip olmasını engellemek ve İngiliz sömürge yollarının güvenliğini sağlamak amacıyla başlarda Osmanlı toprak bütünlüğünün korunmasından yanaydı",NEGATIVE,Negative,0.5651523470878601
Osmanlı,"yüzyılın sonlarına doğru bu politikasından vazgeçti, Osmanlı Devleti'nin toprak bütünlüğünü tehdit eden devletlerden biri oldu",NEGATIVE,Negative,0.9958154559135437
Osmanlı,"İngiltere, sömürge yollarını güvence altına almak için Osmanlı toprağı olan Mısır'ı işgal etti",NEGATIVE,Negative,0.8865534663200378
Osmanlı,"Bu işgal, Osmanlı Devleti için önemli bir vergi ve asker kaynağının da kaybedilmesi demekti",NEGATIVE,Negative,0.9989979863166809
Osmanlı,"Almanya bu dönemde Rusya, İngiltere ve Fransa'nın Osmanlı Devleti'ne karşı olumsuz tavrından yararlanarak Osmanlı Devleti'yle dostane ilişkiler kurmaya çalıştı",POSITIVE,Positive,0.5333595871925354
Osmanlı,Osmanlı toprakları sa yesinde doğudaki yer altı kaynaklarına ve sömürgelere erişmek istedi,NEGATIVE,Negative,0.985646665096283
Osmanlı,İtalya ise coğrafi olarak ken dine yakın olan Osmanlı topraklarını ele geçirmek niyetindeydi,NEGATIVE,Negative,0.9500581622123718
Osmanlı,Bu çerçevede Osmanlı Devleti'nin Kuzey Afrika'daki son toprağı olan Trablusgarp'ı işgal etmek üzere 1911'de harekete geçti,NEGATIVE,Negative,0.7076672911643982
Osmanlı,"Osmanlı Devleti'nin Büyük Güçler Karşısındaki Durumuyla İlgili Bakış Açıları
I",POSITIVE,Positive,0.5688281059265137
Osmanlı,"yüzyılda Osmanlı Devleti, toprakları üzerinde menfaatleri olan küresel güçlere karşı diplomasiyi çok etkin bir araç olarak kullanmıştır",POSITIVE,Positive,0.9833906888961792
Osmanlı,"Görüş: Büyük güçler, 1774 Küçük Kaynarca Antlaşması'ndan sonra Osmanlı Devleti'nin kısa bir süre içinde yıkılacağını düşünmüştür",NEGATIVE,Negative,0.9329127669334412
Osmanlı,Bu nedenle Şark Meselesi'ni ortaya atarak Osmanlı Devleti'nin mirasını bölüşmeye çalışmış ancak anlaşamamışlardır,NEGATIVE,Negative,0.9931008815765381
Osmanlı,"Ayrıca büyük güçler, aralarındaki çekişmeler sebebiyle Osmanlı Devleti'nin yıkılmasını I",NEGATIVE,Negative,0.9668203592300415
Osmanlı,"Osmanlı Devleti'nin denge politikasıyla ilgili öne sürülen iki görüşü, farklılıkları ve benzerlikleri açısından mukayese ediniz",NEGATIVE,Negative,0.8912822008132935
Osmanlı,"Görüşlerden hareketle Osmanlı idarecilerinin büyük güçlere karşı geliştirdiği politikaları, devletin geleceği için yol açtığı sınırlılıklar ve sunduğu fırsatlar bakımından analiz ediniz",NEGATIVE,Negative,0.9659641981124878
Osmanlı,Osmanlı Devleti'nin büyük güçler karşısındaki durumunu 'denge politikası' ve 'Şark Meselesi' terimlerini kullanarak,NEGATIVE,Negative,0.856426477432251
Osmanlı,"Osmanlı Devleti'nin Uluslararası Boyut Kazanan Meseleleri
Beyin Fırtınası
Bir devletin iç meselelerinin uluslararası boyut kazanması ne gibi sorunlar doğurabilir",NEGATIVE,Negative,0.6512202620506287
Osmanlı,"Fakat isyanları bastırmak için bu kararı alan devletler, Osmanlı Devleti söz konusu olduğunda çifte standart uygulayarak Viyana Kongresi kararlarını görmezden geldiler",NEGATIVE,Negative,0.9813492894172668
Osmanlı,Osmanlı topraklarındaki azınlıkların bağımsızlık hareketlerini destekledikleri gibi bu uğurda Osmanlı Devleti ile savaşmayı bile göze aldılar,NEGATIVE,Negative,0.9433295726776123
Osmanlı,"Osmanlı Devleti, geniş coğrafyalara hâkim olmuş ve bu özelliğinden dolayı çok uluslu bir devlet hâline gelmişti",POSITIVE,Positive,0.9038668274879456
Osmanlı,"Fakat Osmanlı Devleti'nin siyasi açıdan zayıf düştüğü bir dönemde Avrupa'dan yayılmaya başlayan milliyetçilik akımı, azınlıkların bağımsızlık hareketlerine fikrî altyapı oluşturmuştur",NEGATIVE,Negative,0.8032147884368896
Osmanlı,"Azınlık İsyanları
Osmanlı topraklarında ilk ayaklanan azınlık unsur Sırplardı",NEGATIVE,Negative,0.9840924739837646
Osmanlı,"Sırplar, Rusya ve Osmanlı arasında imzalanan Bükreş Antlaşması'yla (1812) bazı imtiyazlar elde ettiler",NEGATIVE,Negative,0.7157770991325378
Osmanlı,"Viyana Kongresi'nde kendi monarşi yönetimlerinin güvenliğini sağlayan Avrupalı devletler, Osmanlı tebaası olan Rumları bağımsızlık yolunda isyana teşvik ettiler",NEGATIVE,Negative,0.9680506587028503
Osmanlı,İngiltere ve Fransa da Rum bağımsızlık hareketini Rusya'nın tekeline bırakmak istemediği için Osmanlı Devleti'nin karşısında yer aldı,NEGATIVE,Negative,0.9086095690727234
Osmanlı,"Eflak ve Boğdan'da başlayan ilk Rum ayaklanması, Rusya bu isyanı açıktan desteklemeyince Osmanlı Devleti tarafından bastırılabildi",NEGATIVE,Negative,0.9822841882705688
Osmanlı,Aynı zamanda merkezî otorite sorunları yaşayan Osmanlı Devleti'nde Yanya valisi Tepedelenli Ali Paşa (Görsel 4,NEGATIVE,Negative,0.9897400140762329
Osmanlı,"Osmanlı Devleti'nin aldığı bu önlemler, Avrupa'da Helen Dostluk Komiteleri kurulmasına ve Avrupa'nın çeşitli ülkelerinden çok sayıda gönüllünün savaşmak için Mora'ya gelmesine yol açtı",NEGATIVE,Negative,0.6110478639602661
Osmanlı,"Avrupa'da oluşan Rum yanlısı kamuoyu, Avrupa devletlerinin Osmanlı Devleti'ne karşı tavır almasını kolaylaştırdı",NEGATIVE,Negative,0.8775870203971863
Osmanlı,Petesburg'da anlaşarak Mora'ya özerklik verilmesi konusunda Osmanlı Devleti'ne nota verdi,POSITIVE,Positive,0.8451228141784668
Osmanlı,Mahmut'un Petersburg kararlarını kabul etmemesi üzerine bu devletler Navarin'deki Osmanlı-Mısır donanmasını imha etti (1827),POSITIVE,Positive,0.5370365977287292
Osmanlı,"Bu sırada Rus ordusu karşısında mağlup olan Osmanlı Devleti, Rusya ile imzaladığı Edirne Antlaşması'yla (1829) Yunanistan'ın bağımsızlığını tanımak zorunda kaldı",NEGATIVE,Negative,0.8331248760223389
Osmanlı,Böylece ilk kez gayrimüslim bir azınlık Osmanlı Devleti'nden bağımsızlık kazanmış oldu,POSITIVE,Positive,0.7211462259292603
Osmanlı,"Yunanistan'ın sınırlarıyla ilgili Fransa, İngiltere ve Rusya arasında Londra'da bir protokol hazırlandı ve Osmanlı Devleti bu protokolü de kabul etmek zorunda kaldı",NEGATIVE,Negative,0.927992045879364
Osmanlı,Böylece Osmanlı Devleti'nin bir iç meselesi olan Rum İsyanı uluslararası boyut kazandı,NEGATIVE,Negative,0.9704694747924805
Osmanlı,Bu gelişme Osmanlı topraklarındaki diğer azınlıklara cesaret verdi ve devletin yeni meselelerle karşı karşıya kalmasına sebep oldu,NEGATIVE,Negative,0.797162652015686
Osmanlı,"Bakış Açısı
Yunanistan'ın bağımsızlığı Osmanlı Devleti'ndeki hangi etnik ve dinî unsurlara cesaret vermiş olabilir",NEGATIVE,Negative,0.784995973110199
Osmanlı,"Kırım Savaşı
Osmanlı Devleti'nin farklı etnik ve dinî unsurlardan oluşması ve devletin eski gücünü yitirmiş olması büyük güçlerin XIX",NEGATIVE,Negative,0.9965399503707886
Osmanlı,yüzyılda Osmanlı iç işlerine müdahalesini kolaylaştırmıştı,POSITIVE,Positive,0.6308356523513794
Osmanlı,"Büyük güçler, Osmanlı iç işlerine müdahalelerinde Hristiyanlarca kutsal sayılan yerleri de bahane etmişti",NEGATIVE,Negative,0.9073744416236877
Osmanlı,"Büyük güçlerin Osmanlı iç işlerine müdahale etmeleri, kendi aralarında da savaşlara yol açmıştı",NEGATIVE,Negative,0.861362874507904
Osmanlı,"Katolik Fransa ve Ortodoks Rusya, başta Kudüs olmak üzere Osmanlı topraklarında yer alan kutsal yerleri, kendi aralarındaki siyasi rekabet nedeniyle bir mücadele alanı hâline getirdiler",NEGATIVE,Negative,0.9621561169624329
Osmanlı,Kudüs'te Hristiyanlarca kutsal kabul edilen yerlerin hangi mezhebin kontrolünde olacağına dair tartışma Osmanlı Devleti'ni zor duruma sokmuştu,NEGATIVE,Negative,0.9826116561889648
Osmanlı,Rusya Osmanlı Devleti'ne bir ültimatom verdi,POSITIVE,Positive,0.5339648723602295
Osmanlı,"Bu ültimatomda kutsal yerlerde Ortodoksların kontrolünün kendinde olmasını, Osmanlı topraklarındaki Rum kiliselerinin ve Ortodoksların Rusya himayesinde kabul edilmesini talep etti",NEGATIVE,Negative,0.6541410684585571
Osmanlı,Ültimatomun Osmanlı Devleti tarafından reddedilmesi üzerine Osmanlı-Rus diplomatik ilişkileri kesildi ve 1853'te Kırım Savaşı başladı,NEGATIVE,Negative,0.960247278213501
Osmanlı,Rusya'nın Osmanlı toprağı olan Eflak ve Boğdan'ı işgal etmesi üzerine Avrupalı devletler telaşa kapıldılar,NEGATIVE,Negative,0.9518693089485168
Osmanlı,"Osmanlı Devleti'nin Rusya karşısında direnemeyeceğini, özellikle Boğazları ele geçirmesi durumunda Rusya'nın kendileri için ciddi bir tehdit oluşturabileceğini düşündüler",NEGATIVE,Negative,0.9860267639160156
Osmanlı,"Avrupalı devletler, Osmanlı tebaası olan Ortodoksların koruyuculuğunun Rusya'ya verilmesi durumunda Rusya'nın Osmanlı Devleti ile savaşmayacağını bildiren bir nota yayınladılar",NEGATIVE,Negative,0.6041625738143921
Osmanlı,Rusya'nın kabul ettiği bu notayı Osmanlı Devleti reddedip Rusya'ya savaş ilan etti,NEGATIVE,Negative,0.5754396915435791
Osmanlı,Osmanlı Devleti'nin savaş ilanı üzerine Rus donanması Sinop'ta bulunan Osmanlı donanmasını imha etti [1853 (Görsel 4,NEGATIVE,Negative,0.9852476119995117
Osmanlı,Rusya'nın fazla ilerlemesinden endişelenen İngiltere ve Fransa Osmanlı Devleti'nin yanında yer aldılar,NEGATIVE,Negative,0.8634317517280579
Osmanlı,Rusya tarafından Osmanlı topraklarına göç etmesine izin verilen Şeyh Şamil Medine'de vefat etti,NEGATIVE,Negative,0.9698939323425293
Osmanlı,")
Sizce Osmanlı Devleti'nin Rusya'ya savaş ilanında Şeyh Şamil'in Kafkasya'daki faaliyetlerinin etkisi neler olabilir",NEGATIVE,Negative,0.7964928150177002
Osmanlı,İtalyan birliğini kurmayı düşünen Piyemonte Krallığı da İngiliz ve Fransızlardan destek alabilmek için Osmanlı Devleti'nin yanında savaşa dâhil oldu,NEGATIVE,Negative,0.7645318508148193
Osmanlı,Böylece Osmanlı-Rus Savaşı uluslararası bir boyut kazandı,NEGATIVE,Negative,0.8128610253334045
Osmanlı,Osmanlı ordusu da Kafkaslar üzerinden Rusya'ya karşı savaşa girişti,NEGATIVE,Negative,0.7719419002532959
Osmanlı,"Osmanlı Devleti, Kırım Savaşı'nın kazananları arasında yer almıştı fakat devletin iktisadi durumu oldukça kötü hâldeydi",NEGATIVE,Negative,0.9908658862113953
Osmanlı,İngiltere ve Fransa'dan yüksek faizle alınan borçların yapısal reformlar yerine günü kurtarmak için kullanılması Osmanlı maliyesini borç sarmalına soktu,NEGATIVE,Negative,0.9973233342170715
Osmanlı,"Bakış Açısı
Borçlarını ödeyemez hâle gelmesi, Osmanlı Devleti'ni dış politikada nasıl etkilemiş olabilir",NEGATIVE,Negative,0.8299150466918945
Osmanlı,"Paris Barış Konferansı'ndan önce İngiltere ve Fransa, ülkedeki vatandaşlık statüsüyle ilgili ıslahat yapması konusunda Osmanlı Devleti'yle anlaştı",POSITIVE,Positive,0.680127739906311
Osmanlı,Barış görüşmeleri sürerken Osmanlı Devleti'nde gayrimüslim tebaa ve yabancı ülke vatandaşlarıyla ilgili düzenlemeler içeren Islahat Fermanı (Görsel 4,NEGATIVE,Negative,0.7416023015975952
Osmanlı,Bütün gayrimüslim Osmanlı tebaası askerî okullara girme ve devlet memuru olma hakkını elde etti,NEGATIVE,Negative,0.5687798261642456
Osmanlı,"Osmanlı Devleti, Islahat Fermanı'nı ilan ederek Paris Barış Konferansı'nda kendi lehine bir havanın oluşmasını amaçlamıştı",NEGATIVE,Negative,0.8754695057868958
Osmanlı,"Avrupalı devletlerin amacı da Paris Barış Antlaşması'nda Islahat Fermanı'ndan bahsederek Osmanlı tebaası
gayrimüslimlere eşit statü verilmesini garanti altına almaktı",NEGATIVE,Negative,0.9139175415039062
Osmanlı,Osmanlı Devleti gayrimüslimlere eşitlik getirdiği için iç işlerine artık hiçbir devletin müdahale edemeyeceğini düşünmüştü,POSITIVE,Positive,0.6210090517997742
Osmanlı,"Osmanlı idaresinin gayrimüslimlerin can, mal ve namus emniyetini bu antlaşmada taahhüt etmesi, antlaşmada imzası bulunan bütün devletlerin Osmanlı Devleti'nin iç işlerine müdahale etmesine kapı aralamıştır",POSITIVE,Positive,0.9421969056129456
Osmanlı,Böylece Osmanlı Devleti'nin toprak bütünlüğü Avrupalı devletler topluluğu tarafından teminat altına alınmıştı,POSITIVE,Positive,0.8957215547561646
Osmanlı,"Paris Barış Antlaşması'nın Osmanlılar için en olumlu görünen yanı, Osmanlı Devleti'nin Avrupa devletler topluluğuna kabul edilmesi olmuştu",NEGATIVE,Negative,0.7792096734046936
Osmanlı,Devletler arası eşitlik hukukundan yararlanabilecek olması Osmanlı idarecilerini memnun etmişti fakat gelişmeler bekledikleri gibi olmamıştı,NEGATIVE,Negative,0.9931793212890625
Osmanlı,"Osmanlı temsilcileri, Paris Konferansı'nda kapitülasyonların eşitlik ilkesine aykırı olduğunu ve kaldırılması gerektiğini belirtmiş ama olumlu cevap alamamışlardı",NEGATIVE,Negative,0.9887101054191589
Osmanlı,yüzyılda Osmanlı Devleti'ni zorlayan bir diğer dış mesele de 1877-1878 Osmanlı-Rus Savaşı'ydı,NEGATIVE,Negative,0.8084390163421631
Osmanlı,Rumi takvime göre 1293'te başladığı için 93 Harbi olarak adlandırılan bu savaşta Osmanlı Devleti en büyük mağlubiyetlerinden birini almıştı,NEGATIVE,Negative,0.994228720664978
Osmanlı,Bu amacına ulaşmak için Rusya'nın önündeki en büyük engel Osmanlı topraklarıydı,POSITIVE,Positive,0.5663471221923828
Osmanlı,Bu da Osmanlı Devleti'ni Avrupa siyasetinde yalnızlaştırmıştı,NEGATIVE,Negative,0.907221794128418
Osmanlı,"Osmanlı Devleti'nde bozulan ekonomi dolayısıyla getirilen yeni vergiler, Balkanlarda Bulgarların ve Sırpların ayaklanmasına sebep oldu",NEGATIVE,Negative,0.9968235492706299
Osmanlı,Bu durum Avrupa kamuoyundaki Osmanlı karşıtı olumsuz havayı iyice artırdı,NEGATIVE,Negative,0.9910188913345337
Osmanlı,"Osmanlı tebaası olan gayrimüslimlerin durumunu görüşmek üzere büyük güçler [İngiltere, Fransa, Rusya, Almanya, Avusturya ve İtalya (Görsel 4",NEGATIVE,Negative,0.8801469802856445
Osmanlı,"Toplantı sırasında Osmanlı Devleti, meşrutiyet idaresine geçtiğini bildirip konferansta alınan kararları reddetti",NEGATIVE,Negative,0.9869458079338074
Osmanlı,"Konferansa katılan devletler, Londra'da tekrar bir araya gelerek Karadağ'a bağımsızlık verilmesi ve gayrimüslimlerle ilgili ıslahat yapılması gerektiğini Osmanlı Devleti'ne tekrar bildirdiler",NEGATIVE,Negative,0.5141074061393738
Osmanlı,17) başta olmak üzere Osmanlı ileri gelenleri Londra Protokolü'nü reddetti,POSITIVE,Positive,0.6703159213066101
Osmanlı,"Londra Protokolü'nün reddedilmesi üzerine Rusya, Osmanlı topraklarındaki Hristiyanların haklarını korumak iddiasıyla Osmanlı Devleti'ne savaş açarak Eflak ve Boğdan'ı işgal etti (24 Nisan 1877)",NEGATIVE,Negative,0.8047439455986023
Osmanlı,"Bakış Açısı
Londra Protokolü ile Rus savaşı ihtimali arasında kalan bir Osmanlı devlet adamı olsaydınız bu ikilemden kurtulmak için neler önerirdiniz",NEGATIVE,Negative,0.956798791885376
Osmanlı,93 Harbi öncesinde hazine iflas etmiş olduğu için Osmanlı Devleti savaşa hazırlıksızdı,NEGATIVE,Negative,0.8393304347991943
Osmanlı,Rus ordusu doğudan ve batıdan olmak üzere iki cephe açtı ve kısa sürede Osmanlı ordusunun dağılmasına sebep oldu,NEGATIVE,Negative,0.9853748083114624
Osmanlı,Başkent İstanbul'un işgal edilmesi tehlikesi ortaya çıkınca Osmanlı Devleti ateşkes istemek zorunda kaldı,NEGATIVE,Negative,0.9340988993644714
Osmanlı,"Osmanlı Devleti, Paris Barış Antlaşması'na istinaden Avrupalı devletlerden barış için ara bulucu olmalarını istedi fakat olumlu bir cevap alamadı",NEGATIVE,Negative,0.9942301511764526
Osmanlı,"Osmanlı Devleti, bu koşullarda Rusya ile çok ağır şartlar içeren Ayastefanos (Yeşilköy) Antlaşması'nı imzalamak zorunda kaldı (1878)",NEGATIVE,Negative,0.9240657687187195
Osmanlı,"Diplomatik yalnızlıktan kurtulmak isteyen Osmanlı Devleti, Kıbrıs'ı geçici olarak İngilizlerin kontrolüne bıraktı ve bu sayede barış görüşmelerinin yeniden yapılması için İngiltere girişimlerde bulundu",NEGATIVE,Negative,0.9369734525680542
Osmanlı,Diğer yandan Doğu Beyazıt ise Osmanlı Devleti'ne bırakılmıştı,NEGATIVE,Negative,0.7736430168151855
Osmanlı,000 km² Osmanlı toprağı kaybedildi (Harita 4,NEGATIVE,Negative,0.9980454444885254
Osmanlı,"Kıbrıs'ı fiilen kaybeden Osmanlı Devleti, adayı bir daha geri alamadı",NEGATIVE,Negative,0.8849102258682251
Osmanlı,"Ödenmek zorunda kalınan tazminatlar, iflas etmiş durumda olan Osmanlı maliyesini düzeltilemez hâle soktu",NEGATIVE,Negative,0.996626615524292
Osmanlı,Fakat 93 Har bi'nin Osmanlılar için olumsuz sonuçları bunlarla sınırlı değildi,NEGATIVE,Negative,0.9593810439109802
Osmanlı,Bir buçuk milyona yaklaşan Müslüman nüfus da Osmanlı top raklarına göç etmek zorunda kaldı,NEGATIVE,Negative,0.9868626594543457
Osmanlı,"Bu problem, Osmanlı varlığının büyük devletler tarafından sürekli tehdit edilmesine sebep oldu",NEGATIVE,Negative,0.9628238677978516
Osmanlı,Görselde ön plana çıkan kişilerden hareketle Osmanlı Devleti ve diğer büyük güçlerin diplomatik etkileri hakkında neler söylersiniz,NEGATIVE,Negative,0.8157709240913391
Osmanlı,"Ermenilerin Sevk ve İskânı
93 Harbi'nden sonra Osmanlı Devleti'nin siyasi varlığının Avrupalı devletlerce tehdit edilmesine yol açan bir diğer konu da asılsız Ermeni iddiaları olmuştur",NEGATIVE,Negative,0.9822443127632141
Osmanlı,"Berlin Antlaşması'nda Ermenilerin yaşadı ğı bölgede ıslahat yapılması kararını aldıran büyük devletler, daha sonra bunu Osmanlı Devleti'nin iç işlerine müdahale etmek için sürekli kullanmışlardı",NEGATIVE,Negative,0.8944888710975647
Osmanlı,"Asılsız Ermeni iddiaları, Şark Meselesi'nin unsurlarından biri olarak suni bir şekilde ortaya çıkarılmış ve Osmanlı Devleti'ni parçalamak mak sadıyla kullanılmıştı",NEGATIVE,Negative,0.9985368251800537
Osmanlı,"Ermeniler, Osmanlı devlet yöneticileri tarafından sadık millet anlamına gelen 'millet-i sadıka' olarak nitelenmişti",NEGATIVE,Negative,0.8629507422447205
Osmanlı,Osmanlı tolerans kültürü çerçeve sinde inançlarına ve kültürlerine müdahale edilmeyen Ermeniler bu şartlar altında millî benliklerini yüzyıllarca koruma imkânı bulmuştu,NEGATIVE,Negative,0.9412439465522766
Osmanlı,"Bakış Açısı
Osmanlı Devleti'nin Ermenilere uyguladığı tolerans politikasını farklılıklara saygı açısından",NEGATIVE,Negative,0.9187489748001099
Osmanlı,Emperyalist devletler Ermenileri ayaklandırarak Osmanlı Devleti'ni parçalamak ve kendilerine kuk la bir devlet kurmak istemişlerdi,NEGATIVE,Negative,0.9536274671554565
Osmanlı,Bölgede değiştirilmeye çalışılan siyasi dengeye seyirci kalmak istemeyen Fransa ve ABD de asılsız Ermeni iddialarını kullanarak Osmanlı iç işlerine müdahale etti,NEGATIVE,Negative,0.9921392798423767
Osmanlı,Yabancı güçlerden aldığı yardım ve cesaretle isyan eden Ermeni çeteleri Anadolu'da terör estirmeye başlayınca Osmanlı Devleti sert tedbirler almak zorunda kaldı,NEGATIVE,Negative,0.940773069858551
Osmanlı,"Dünya Savaşı'nda iç güvenlik konusunda oluşturdukları tehdit, Osmanlı Devleti'ni yeni tedbirler almaya mecbur etti",NEGATIVE,Negative,0.9034834504127502
Osmanlı,Bu çerçevede 1915'te 'Sevk ve İskân Kanunu' çıkarılarak düş manla iş birliği yapan Ermenilerin Osmanlı topraklarındaki yerleri değiştirildi,NEGATIVE,Negative,0.7551589012145996
Osmanlı,"Derinleşmek
Yönerge: Osmanlı Devleti'nin karşı karşıya olduğu tehditleri analiz etme konusunda derin leşmek için aşağıdaki adımları uygulayınız",POSITIVE,Positive,0.9513142108917236
Osmanlı,"Osmanlı Devleti'nin siyasi varlığına yönelik tehditler yalnızca dışarıdan değil, kendi içinden de gelmiştir",POSITIVE,Positive,0.6228269934654236
Osmanlı,Bu mesele aynı zamanda uluslararası boyut kazanmış ve Osmanlı Devleti'ni dış politikada zor durumda bırakmıştır,NEGATIVE,Negative,0.9718422293663025
Osmanlı,İngiliz sömürgelerine giden yollar üzerinde bulunan ve Osmanlı toprağı olan Mısır'ı işgal etme planını devreye soktu,NEGATIVE,Negative,0.9744397401809692
Osmanlı,"1798'deki bu işgal hareketi, Osmanlı Devleti ile İngiltere başta olmak üzere büyük devletlerin tepkisini çekti",NEGATIVE,Negative,0.9966281056404114
Osmanlı,Mısır'dan Filistin'e ilerlemek isteyen Fransız orduları Akka'da Osmanlı komutanı Cezzar Ahmet Paşa (Görsel 4,NEGATIVE,Negative,0.934532880783081
Osmanlı,Sonrasında İngiltere'nin de Osmanlı ordularına açık desteği gelince Fransızlar Mısır'dan çıkmak zorunda kaldılar,NEGATIVE,Negative,0.8606411218643188
Osmanlı,"Bakış Açısı
Napolyon'un Akka'da Osmanlı Devleti tarafından durdurulması yaşanabilecek hangi gelişmeleri engellemiş olabilir",NEGATIVE,Negative,0.8139055371284485
Osmanlı,"Yaptığı askerî ve idari reformlarla bölgede dikkat çeken Kavalalı Mehmet Ali Paşa, Mısır'daki otoritesini iyice sağlamlaştırdıktan sonra Osmanlı merkezî yönetimi ile sorun yaşa maya başladı",NEGATIVE,Negative,0.987684965133667
Osmanlı,"Bölgesinde bağımsız hareket etmek isteyen Kavalalı, Osmanlı padişahı tarafından farklı yerlere tayin edildiyse de padişahın bu kararlarına uymadı ve Mısır'da kalmakta diretti",NEGATIVE,Negative,0.9741246104240417
Osmanlı,Kavalalı Mehmet Ali Paşa Osmanlı Devleti'ni uzun süredir uğraştıran Vehhabi İsyanı'nı bastır mayı başarmıştı,NEGATIVE,Negative,0.966463565826416
Osmanlı,"Osmanlı toprağı olan Hicaz bölgesinde ortaya çıkan Vehhabilik hareketi, İslam'ın farklı bir yorumu üzerine temellendirilen bir hareketti",NEGATIVE,Negative,0.9628713130950928
Osmanlı,"Vehhabilik hareketi İslam'ın tasavvufi yorumunu, özellikle de Osmanlı Devleti'nin İslam anlayışını yok saymaktaydı",NEGATIVE,Negative,0.9943171143531799
Osmanlı,"Suud ailesi, bu yeni dinî akımdan siyasi menfaat devşirme yoluna gitmiş, Osmanlı idaresine isyan bayrağı açmıştı",NEGATIVE,Negative,0.9918376803398132
Osmanlı,"Görsel, bir Osmanlı valisi olan Kavalalı Mehmet Ali Paşa'nın gücü ve otoritesi hakkında ne gibi ipuçları vermektedir",NEGATIVE,Negative,0.5368884205818176
Osmanlı,"Zamanla validen öte âdeta bir hükümdar gibi davranan Kavalalı, Osmanlı Devleti'nin içinde bulunduğu güçsüz durumdan da istifade ederek daha da güçlendi",NEGATIVE,Negative,0.8831835389137268
Osmanlı,1827'de Osmanlı toprağı olan Mora'da çıkan Rum İsyanı'nı bastırma görevi de Kavalalı'ya verildi,NEGATIVE,Negative,0.6424037218093872
Osmanlı,"Osmanlı Devleti tarafından bu isteğin reddedilmesi üzerine Navarin Baskını (1827), İngiltere, Fransa ve Rusya ittifakı tarafından gerçekleştirildi",NEGATIVE,Negative,0.5657486915588379
Osmanlı,"Mora harekâtındaki zararları için bir tür tazminat arayışına giren Kavalalı Mehmet Ali Paşa, Osmanlı Devleti'nden Suriye'yi istediyse de bu isteği reddedildi",NEGATIVE,Negative,0.9882397651672363
Osmanlı,"Kavalalı'nın Kudüs, Beyrut ve Trablusşam bölgelerini ele geçirmesi üzerine Osmanlı Devleti Kavalalı'ya karşı ordu gönderdi",NEGATIVE,Negative,0.7833808064460754
Osmanlı,Bunu kabul etmeyen Kavalalı ile oğlu İbrahim 1832'de Osmanlı Devleti'ne savaş açtı,NEGATIVE,Negative,0.8496167659759521
Osmanlı,"Osmanlı ordularını bozguna uğratan İbrahim, Anadolu içlerine kadar ilerledi",NEGATIVE,Negative,0.7292417883872986
Osmanlı,Rus ordusu Osmanlı Devleti'ne yardım için bir donanma gönderdi,NEGATIVE,Negative,0.9657782316207886
Osmanlı,Bunun üzerine Kütahya'ya kadar ilerlemiş olan Kavalalı Mehmet Ali Paşa güçleri ve Osmanlı Devleti arasında Kütahya Antlaşması imzalandı (1833),POSITIVE,Positive,0.5724878311157227
Osmanlı,"Bakış Açısı
Osmanlı Devleti'nin kendi valisi ile savaşmak durumunda kalması Osmanlı merkezî otoritesi açısından ne gibi problemlere işaret etmektedir",NEGATIVE,Negative,0.9167584776878357
Osmanlı,Kütahya Antlaşması'nın oluşturduğu barış ortamı geçici bir huzur sağladıysa da Kavalalı Mehmet Ali Paşa ile merkezî Osmanlı idaresi arasındaki gerginlik artarak devam etti,NEGATIVE,Negative,0.9891181588172913
Osmanlı,24 Haziran 1839'da Nizip'te meydana gelen savaşı Osmanlı ordusu kaybetti ve Mısır valisi Kavalalı daha da güçlendi,NEGATIVE,Negative,0.7951318025588989
Osmanlı,Antlaşma sonrasında 1841'de Osmanlı padişahı tarafından çıkarılan bir fermanla Mısır valiliğinin Mehmet Ali Paşa soyuna verilmesiyle Mısır meselesi çözüme kavuşturuldu,NEGATIVE,Negative,0.5271027088165283
Osmanlı,Osmanlı Devleti ile Mısır valisini karşı karşıya getiren unsurları analiz ediniz,NEGATIVE,Negative,0.5725598931312561
Osmanlı,"Kavalalı Mehmet Ali Paşa'nın Osmanlı merkezî otoritesine karşı savaş kazanması, Osmanlı Devleti'nin dış politikasını nasıl etkilemiştir",NEGATIVE,Negative,0.7339649796485901
Osmanlı,"Osmanlı idarecisi olsaydınız Kavalalı meselesinin çözümü için siyasi, askerî ve diplomatik açılardan nasıl bir politika izlerdiniz",NEGATIVE,Negative,0.9316160082817078
Osmanlı,"1453 yılında İstanbul'u, sonrasında da Karadeniz çevresini tamamen fetheden Osmanlı Devleti Karadeniz'i bir Türk gölü hâline getirmişti",POSITIVE,Positive,0.5405331254005432
Osmanlı,"Rusya, Osmanlı Devleti'ni yıkarak Boğazları ele geçirebilirse Akdeniz'e, oradan da İngiltere'nin ve Fransa'nın sömürgelerine ulaşabilir, dünyaya hâkim olabilirdi",POSITIVE,Positive,0.7322326302528381
Osmanlı,"Rusya Osmanlı Devleti'ni ortadan kaldırmaya, Boğazlar üzerinden sıcak denizlere inmeye dayalı planını uygulamaya koymuştu",NEGATIVE,Negative,0.9910517334938049
Osmanlı,"Böylece Boğazlar, sahip olduğu toprakları korumaya çalışan Osmanlı Devleti ile büyük güçlerin karşı karşıya geldiği bir mücadele sahasına dönüşmüştü",POSITIVE,Positive,0.806812584400177
Osmanlı,"Devletler arasındaki bu rekabet Osmanlı Devleti'nin Avrupa ve Asya siyasetini şekillendirmiş, topraklarını korumak amacıyla denge politikası geliştirmesine yol açmıştı",POSITIVE,Positive,0.7809391021728516
Osmanlı,Petro'nun belirlediği sıcak denizlere inmeyi hedefleyen geleneksel Rus politikasının Osmanlı Devleti'ne ve günümüze etkilerini,NEGATIVE,Negative,0.8280326128005981
Osmanlı,Çanakkale Boğazı ve İstanbul Boğazı'na sahip olan Osmanlı Devleti ile Boğazları kullanmak isteyen devletler arasında anlaşmazlıklar yaşanmıştır,NEGATIVE,Negative,0.9586026072502136
Osmanlı,"Bu talepler karşısında İngiltere, Avusturya-Macaristan, Almanya, Fransa gibi ülkeler diplomatik girişimlerde bulunarak Osmanlı Devleti'nin yanında yer aldı",NEGATIVE,Negative,0.7353768348693848
Osmanlı,"Türk Boğazları olarak da ifade edilen İstanbul ve Çanakkale Boğazları, Küçük Kaynarca Antlaşması'na kadar Osmanlı Devleti'nin mutlak hâkimiyetinde kalmıştı",POSITIVE,Positive,0.6811538338661194
Osmanlı,"Osmanlı Devleti, sadece kapitülasyonlarla imtiyazlar verdiği Fransız, İngiliz ve Hollandalı ticaret gemilerinin Türk Boğazlarından geçmelerine izin vermişti",NEGATIVE,Negative,0.8093796372413635
Osmanlı,Böylece Osmanlı kapitülasyonlarından yararlanma hakkını elde eden Rusya sıcak denizlere inme hedefine bir adım daha yaklaşmıştı,POSITIVE,Positive,0.6636821627616882
Osmanlı,Rusya'nın 1783'te Kırım'ı ilhak ederek Karadeniz'de güç kazanması ve kısa süre içinde Osmanlı Devleti aleyhine kazanımlar elde etmesi İngiltere'nin dikkatini çekmeye başladı,NEGATIVE,Negative,0.5452417731285095
Osmanlı,"İngiltere, Rusya'nın Akdeniz'e inerek İngiliz sömürgelerine giden yollara hâkim olması ihtimaline karşı Osmanlı Devleti'nin toprak bütünlüğünün korunmasından yana bir politika izlemeye başladı",POSITIVE,Positive,0.6505576372146606
Osmanlı,"Rusya, sıcak denizlere inme emellerini gerçekleştirmek için her fırsatta Osmanlı Devleti'nin zaaflarından yararlanma yoluna gitti",NEGATIVE,Negative,0.9744569659233093
Osmanlı,Fransa imparatoru Napolyon'un 1798'de Mısır'ı işgal etmesi üzerine Osmanlı Devleti Rusya'dan yardım istedi,NEGATIVE,Negative,0.8143588304519653
Osmanlı,"Rusya bu isteği Akdeniz'e açılmak için fırsat olarak gördü, Rus donanmasını Osmanlı Devleti'ne destek için İstanbul'a gönderdi ve bu donanma Akdeniz'e açıldı",NEGATIVE,Negative,0.7194507122039795
Osmanlı,1798'de Osmanlı Devleti ile Rusya arasında İstanbul'da bir ittifak antlaşması imzalandı,POSITIVE,Positive,0.9402075409889221
Osmanlı,Bu antlaşmaya göre Boğazlardan sadece Osmanlı ve Rus savaş gemileri geçebilecekti,POSITIVE,Positive,0.8920672535896301
Osmanlı,"Osmanlı Devleti, Rusya'nın Boğazları kontrol ve Boğazlardan serbest geçiş hakkı gibi Osmanlı egemenliğini yok sayan talepleri karşısında diplomatik çözüm arayışlarına gitti",NEGATIVE,Negative,0.9432897567749023
Osmanlı,"Osmanlı Devleti, Mehmet Ali Paşa'nın isyanını bastıramayınca Avrupalı devletlerden yardım istemiş fakat sadece Rusya'dan destek alabilmişti",NEGATIVE,Negative,0.9745410680770874
Osmanlı,"Bu fırsatı değerlendiren Rusya, ettiği yardımlar karşılığında Osmanlı Devleti ile 1833'te Hünkar İskelesi Antlaşması'nı imzalamış, Boğazları kendi savaş gemilerine açtırmayı başarmıştı",NEGATIVE,Negative,0.6123039126396179
Osmanlı,Osmanlı Devleti ve Rusya'yla Londra Boğazlar Sözleşmesi'ni imzaladı (1841),POSITIVE,Positive,0.8429046273231506
Osmanlı,"Londra Boğazlar Sözleşmesi ile Osmanlı Devleti barış zamanlarında yabancı savaş gemilerinin Boğazlardan geçişine izin vermeyecek, savaş zamanlarında ise Boğazları istediği devletin savaş gemilerine açabilecekti",POSITIVE,Positive,0.8785604238510132
Osmanlı,"Böylece Osmanlı Devleti, Boğazlar üzerinde tek başına söz söyleme hakkını kaybetmişti",POSITIVE,Positive,0.699424684047699
Osmanlı,"OSMANLI DEVLETI
Unle ge",POSITIVE,Positive,0.5446307063102722
Osmanlı,"CRISTIANITY
OHINA CRONIT JNPAN ONU
Osmanlı Devleti ile Çarlık Rusya'sı Arasında Güçler Dengesi
Osmanlı Devleti'nin Rusya'ya karşı tek başına mücadele ederek kazanım elde ettiği son antlaşma 1739 Belgrad Antlaşması olmuştu",POSITIVE,Positive,0.87904292345047
Osmanlı,Bu antlaşmadan sonra iki devlet arasındaki güç dengesi Osmanlı Devleti aleyhine değişti,NEGATIVE,Negative,0.869368314743042
Osmanlı,1768-1774 Osmanlı-Rus Savaşı'ndan I,NEGATIVE,Negative,0.949965238571167
Osmanlı,"Dünya Savaşı'na kadar olan süreçte Osmanlı Devleti'nin en büyük stratejik rakibi, sıcak denizlere inmek isteyen Çarlık Rusya'sı oldu",NEGATIVE,Negative,0.8892927765846252
Osmanlı,"Bu süreçte Kırım Harbi sonunda imzalanan Paris Antlaşması, Osmanlı Devleti'nin kazanım elde ettiği tek antlaşma oldu",POSITIVE,Positive,0.5610191226005554
Osmanlı,"Osmanlı Devleti, Kırım Harbi'nde uluslararası konjonktürden dolayı Rusya'ya karşı müttefik bulabildiği için başarılı olmuştu",NEGATIVE,Negative,0.9551331996917725
Osmanlı,Çarlık Rusya'sının yüzyıllarca değişmeyen sıcak denizlere inme hedefi önündeki en büyük engel jeopolitik konum u gereği Osmanlı Devleti olmuştu,NEGATIVE,Negative,0.9380970001220703
Osmanlı,Bu durum Osmanlı Devleti'nin varlığı için bir tehdit unsuru hâline geldi,NEGATIVE,Negative,0.9931367635726929
Osmanlı,"Rusya, Osmanlı Devleti ile yaptığı savaşlarda birçok kazanım elde etti",NEGATIVE,Negative,0.7498356103897095
Osmanlı,Karadeniz sahillerine ulaştı ve başta Kırım olmak üzere birçok Osmanlı toprağını ele geçirdi,POSITIVE,Positive,0.8237901926040649
Osmanlı,Uyguladığı Panslavizm politikasıyla Balkanlardaki gayrimüslim azınlıkların Osmanlı Devleti'nden ayrılarak bağımsız olmalarını sağladı,NEGATIVE,Negative,0.903263509273529
Osmanlı,Sizce Osmanlı Devleti ve Çarlık Rusya'sının birbiriyle savaşmaması mümkün müydü,NEGATIVE,Negative,0.7004483938217163
Osmanlı,"Harita Analizi
Ittifak Devletleri
Osmanli Devleti
Itilaf Devletleri
Önce Ittifak, sonra
Itilaf Devletlerine katildi",POSITIVE,Positive,0.5188196897506714
Osmanlı,Osmanlı Devleti'nin hangi blok içinde yer alması gerektiğini düşünüyorsunuz,NEGATIVE,Negative,0.7669897675514221
Osmanlı,"Avrupa'daki bloklaşma içinde kendine yer edinmek isteyen Osmanlı Devleti, öncelikle Üçlü İtilaf'a dâhil olmak istedi",NEGATIVE,Negative,0.79532390832901
Osmanlı,Ancak bu talebi kabul görmeyince Osmanlı Devleti yönünü Üçlü İttifak'a çevirdi,NEGATIVE,Negative,0.9283731579780579
Osmanlı,"Osmanlı Devleti'nin İttifak Devletlerine yönelmesinin en önemli sebebi, yıllardır savaştığı Rusya'nın Osmanlı Devleti'nin Avrupa, Balkanlar ve Anadolu'daki siyasi varlığını tehdit etmesiydi",NEGATIVE,Negative,0.9233778715133667
Osmanlı,Ayrıca İngiltere de Osmanlı toprak bütünlüğünü savunan politikasından vazgeçerek Osmanlı Devleti'nin topraklarını paylaşma tasarılarına sıcak bakmaya başlamıştı,NEGATIVE,Negative,0.9794089198112488
Osmanlı,"İngiltere, Fransa ve Rusya'nın Üçlü İtilaf'ta olmaları, uyguladığı denge siyaseti gereği Osmanlı Devleti'nin Üçlü İttifak'ta yer almasına neden oldu",NEGATIVE,Negative,0.5130529403686523
Osmanlı,Böylece Üçlü İttifak'a 1914'te Osmanlı Devleti de katıldı,POSITIVE,Positive,0.9792364835739136
Osmanlı,Osmanlı Devleti'nin katılmasıyla Üçlü İttifak'ın kapsamı genişlemişti,POSITIVE,Positive,0.7930928468704224
Osmanlı,Avusturya'yla sınır anlaşmazlığı yaşayan ve Osmanlı topraklarında gözü olan İtalya savaş başladıktan sonra siyasi çıkarları doğrultusunda Üçlü İtilaf'a geçtiğini ilan etti,NEGATIVE,Negative,0.9022145867347717
Osmanlı,Osmanlı idarecisi olsaydınız Avrupa'da oluşan güç blokları karşısında toprak bütün lüğünüzü korumak için ne gibi stratejik hamleler yapardınız,NEGATIVE,Negative,0.711071789264679
Osmanlı,"Reval Görüşmesi ve Balkan Savaşları Sonunda Kurulan Osmanlı-Alman İttifakı
İngiliz-Rus rekabeti bağlamında uzun yıllar devam eden Boğazlar Sorunu'nun 93 Harbi'nden sonra pek gündeme gelmemesi dikkatleri başka tehditler üzerine çekmişti",NEGATIVE,Negative,0.9646703004837036
Osmanlı,Görüşmenin içeriği resmî olarak açıklanmasa da Rusya ve İngiltere arasında gerçekleşen bu görüşme Avrupa ile Osmanlı kamuoyunda geniş yankı uyandırdı,POSITIVE,Positive,0.9125321507453918
Osmanlı,"İngiltere ve Rusya'nın, Makedonya topraklarında ıslahat yapması ve büyük güçlerin kontrolünde bir vali görevlendirmesi için Osmanlı Devleti'ne baskı uygulayacağı söylentisi yayıldı",NEGATIVE,Negative,0.9410215020179749
Osmanlı,34) Osmanlı kamuoyunda tartışmalara yol açtı,NEGATIVE,Negative,0.9917284846305847
Osmanlı,Osmanlı yönetimine muhalefet edenler Balkanların elden çıkacağından endişelenerek padişah II,NEGATIVE,Negative,0.9811195135116577
Osmanlı,Reval'deki görüşmeden sonra Balkanlar ve çevresinde Osmanlı Devleti aleyhine gelişmeler yaşandı,NEGATIVE,Negative,0.9649258255958557
Osmanlı,"Avusturya, Osmanlı toprağı olan Bosna-Hersek'i ilhak etti",NEGATIVE,Negative,0.8298299908638
Osmanlı,Osmanlı'ya bağlı olan Bulgar Prensliği bağımsızlığını ilan etti,NEGATIVE,Negative,0.7811894416809082
Osmanlı,"Girit idaresi, Osmanlı Devleti'nden ayrılarak Yunanistan'a katılma kararı aldı",NEGATIVE,Negative,0.7983604669570923
Osmanlı,"Osmanlı Devleti, Yunanistan'a karşı Bulgaristan ve Sırbistan'la yakınlaşmaya çalıştı fakat sonuç elde edemedi",NEGATIVE,Negative,0.9889124631881714
Osmanlı,Çünkü Balkan milletlerinin Osmanlı Devleti'ne karşı birleşmesini engelleyen politikalar II,NEGATIVE,Negative,0.9632800817489624
Osmanlı,"Böylece Osmanlı Devleti'ne karşı Balkanlarda Rusya'nın da kışkırtmasıyla Sırbistan, Karadağ, Bulgaristan ve Yunanistan'ın oluşturacağı bir Balkan İttifakı'nın önündeki engel kalktı",NEGATIVE,Negative,0.7739151120185852
Osmanlı,"Bu sırada Osmanlı Devleti, İtalya'nın saldırısına karşı Kuzey Afrika'daki son toprağı olan Trablusgarp'ı kaybetmemek için dikkatini oraya yöneltmişti",POSITIVE,Positive,0.7227796316146851
Osmanlı,Balkan İttifakı'nı oluşturan devletler bu durumu fırsat olarak gördü ve Osmanlı Devleti'ne savaş açtı,NEGATIVE,Negative,0.952613115310669
Osmanlı,Balkan Savaşı'nda Osmanlı Devleti yüzyıllar boyunca yönettiği Balkan milletleri karşısında ağır bir yenilgi aldı,NEGATIVE,Negative,0.9850100874900818
Osmanlı,1913'te Londra'da düzenlenen bir konferansla Osmanlı Devleti ile Balkan devletleri arasında antlaşma imzalandı,POSITIVE,Positive,0.8281955718994141
Osmanlı,"37) komutasındaki Osmanlı ordusu, Edirne'yi Bulgarlardan geri aldı",POSITIVE,Positive,0.8135306239128113
Osmanlı,Balkan Savaşları'nın 1913'te sona ermesiyle Osmanlı Devleti sınırdaş olduğu Bulga ristan ve Yunanistan'la antlaşma imzaladı,NEGATIVE,Negative,0.6247039437294006
Osmanlı,Bulgaristan'la imzalanan İstanbul Antlaşması'yla Edirne Osmanlı Devleti'nde kaldı ve Meriç Nehri iki devlet arasında sınır kabul edildi,NEGATIVE,Negative,0.5952515602111816
Osmanlı,Osmanlı Devleti Yunanistan'la imzaladığı Atina Antlaşması'yla Girit'in Yunanistan'a ait olduğunu kabul etti,POSITIVE,Positive,0.7973335981369019
Osmanlı,"Harita Analizi
Osmanlı Devleti'nin toprak kaybettiği ve ekonomik sorunlar yaşadığı bu dönemde Avrupa'da büyük bir savaş ihtimali belirdi",NEGATIVE,Negative,0.8501777052879333
Osmanlı,İttifak ve İtilaf Devletleri arasında çıkabilecek muhtemel savaş Osmanlı Devleti'ni endişelendirdi,NEGATIVE,Negative,0.8606966733932495
Osmanlı,"Devlet yöneticilerinin bir kısmı, olası bir savaşta taraf olmanın Osmanlı Devleti için tam bir felaket olacağını öne sürüyordu",NEGATIVE,Negative,0.9681608080863953
Osmanlı,Bu sayede Osmanlı Devleti siyasi yalnızlıktan kurtulabilirdi,NEGATIVE,Negative,0.5717474818229675
Osmanlı,"Avusturya-Macaristan
Osmanlı idarecileri önce İtilaf Devletlerine katılma girişiminde bulundu",NEGATIVE,Negative,0.9610727429389954
Osmanlı,"Bunun üzerine Osmanlı Devleti, Rusya ve Fransa'yla müttefiklik girişimlerinde bulundu",NEGATIVE,Negative,0.8388723731040955
Osmanlı,Ancak tüm görüşmelere rağmen bu devletler Osmanlı Devleti'yle ittifak kurmadılar,NEGATIVE,Negative,0.655024528503418
Osmanlı,"Bakış Açısı
Osmanlı idarecisi olsaydınız Osmanlı Devleti'nin müttefiklik girişimlerine İtilaf Devletlerinin olumsuz cevap vermesine karşı geliştireceğiniz politikalar neler olurdu",NEGATIVE,Negative,0.7998736500740051
Osmanlı,İtilaf Devletlerinin Osmanlı Devleti'ni aralarına almak istememesi onların Osmanlı topraklarında gözü olduğunu göstermekteydi,POSITIVE,Positive,0.6253806948661804
Osmanlı,"İtilaf Devletleri, olası bir savaş durumunda Osmanlı Devleti'nin tarafsız kalması gerektiğini beyan etti",POSITIVE,Positive,0.5172207951545715
Osmanlı,"Osmanlı Devleti, tarafsız kalması karşılığında kapitülasyonların kaldırılmasını, Mısır'ın ve kaybedilen adaların iade edilmesini İtilaf Devletlerinden talep etti",NEGATIVE,Negative,0.6554973721504211
Osmanlı,"İtilaf Devletlerinin bu talepleri kabul etmemesi üzerine Osmanlı Devleti, İttifak Devletlerine yöneldi",NEGATIVE,Negative,0.9411061406135559
Osmanlı,Reval görüşmelerinden sonra ortaya çıkan siyasi gelişmelerin Osmanlı Devleti'nin Balkanlardaki varlığına etkisini,NEGATIVE,Negative,0.5928845405578613
Osmanlı,Balkan Savaşlarında yaşanan mağlubiyetlerin Osmanlı toplum yapısına etkisini,NEGATIVE,Negative,0.950309693813324
Osmanlı,Osmanlı Devleti'nin Almanya'yla yakınlaşmasının olumlu ve olumsuz etkileri neler olmuştur,NEGATIVE,Negative,0.5436804294586182
Osmanlı,"Osmanlı Devleti'nin ittifak talebi karşısında Avusturya, Osmanlı Devleti'yle kurulacak bir ittifakın Balkanlarda Rusya'ya karşı kendisine bir dayanak olabileceğini düşündü",NEGATIVE,Negative,0.8320136070251465
Osmanlı,"Osmanlı Devleti'ne göre Avusturya'yla kurulan ittifak yeterli değildi, aynı zamanda Almanya ile ittifak kurulması da gerekliydi",NEGATIVE,Negative,0.6911542415618896
Osmanlı,Ordusu ve ekonomisi zayıf bir Osmanlı Devleti'nin İttifak Devletlerine fay dadan çok yük getireceği düşünüldü,NEGATIVE,Negative,0.9973978996276855
Osmanlı,İttifak görüşmeleri Osmanlı padişahı V,NEGATIVE,Negative,0.7396213412284851
Osmanlı,Görüşmeler sonucunda 2 Ağustos 1914'te Osmanlı-Alman ittifakı imzalanarak Osmanlı Devleti İttifak Devletleri arasında yerini aldı,POSITIVE,Positive,0.95620197057724
Osmanlı,"Dünya Müslümanlarının Osmanlılara Yardımı
Beyin Fırtınası
Osmanlı Devleti'nin XIX",NEGATIVE,Negative,0.6220200657844543
Osmanlı,yüzyıldaki sınırlarını göz önüne aldığınızda uzak bölgelerdeki Müslümanların Osmanlı Devleti'ne olan manevi bağlılığını ne ile açıklarsınız,POSITIVE,Positive,0.8507407903671265
Osmanlı,"30°l
Dünyanın çeşitli bölgelerinde yaşayan Müslümanlar için hilafet merkezi olan Osmanlı Devleti'nin önemi büyüktü",POSITIVE,Positive,0.7634322643280029
Osmanlı,Bu nedenle dünyanın en uzak bölgelerindeki Müslümanlar dahi Osmanlı padişahına manevi bir bağlılık hissetmiş ve yeri geldiğinde bu bağlılığını göstermişti,POSITIVE,Positive,0.9854098558425903
Osmanlı,Özellikle Osmanlı maliyesinin zor durumda olduğu XIX ve XX,NEGATIVE,Negative,0.9862999320030212
Osmanlı,yüzyıllarda yapılan savaşlar sırasında dünya Müslümanları çeşitli fedakârlıklarla Osmanlı Devleti'ne maddi yardımda bulunmuştu,NEGATIVE,Negative,0.5776425004005432
Osmanlı,"Örneğin Mauritus Müslümanları, 93 Harbi esnasında ve sonrasında Osmanlı şehit yakınları ile gazileri için maddi yardımlarda bulunmuştu",NEGATIVE,Negative,0.9131499528884888
Osmanlı,"Cemiyetin merkez binasındaki toplantıda savaş hâlindeki Osmanlı Devleti için dualar edilmiş, maddi yardımlar toplanmıştır",NEGATIVE,Negative,0.6693853139877319
Osmanlı,Osmanlı Devleti'nin son yüzyılındaki siyasi varlığına yönelik tehditleri göz önüne aldığınızda hilafetin siyasi önemi hakkında neler söylersiniz,POSITIVE,Positive,0.6513288617134094
Osmanlı,yüzyılın başına kadarki yüz yıllık süreçte Osmanlı Devleti toprakları yoğun ve hızlı gelişen tarihî olaylara sahne olmuştur,POSITIVE,Positive,0.7857415080070496
Osmanlı,"Bu süreçte savaşlar, isyanlar gibi olaylar başta olmak üzere küresel ve yerel ölçekte yaşanan gelişmeler Osmanlı Devleti'nin siyasi varlığının korunmasına yönelik adımların atılmasını da gerektirmiştir",POSITIVE,Positive,0.9177538752555847
Osmanlı,"Bu çerçevede Osmanlı Devleti merkeziyetçi, modern bir idari yapı oluşturmak için çaba sarf etmiştir",NEGATIVE,Negative,0.6604259610176086
Osmanlı,Azerbaycanlı bazı büyük gazete sahipleri 'Kardaş Kömeği' (Kardeş Yardımı) adlı bir yayın çıkartmış ve bu yayından elde edilen geliri de Osmanlı Devleti'ne yardım olarak göndermişti,NEGATIVE,Negative,0.8849373459815979
Osmanlı,Dünyanın çeşitli yerlerindeki Müslümanların Osmanlı halifesine bağlılığı sadece savaş zamanları ile sınırlı kalmamıştı,POSITIVE,Positive,0.7510746121406555
Osmanlı,"Örneğin Myanmarlı Müslüman tüccarlar, Hicaz demir yolu projesinin yapımı esnasında Osmanlı Devleti'ne yardım göndermişti (Görsel 4",NEGATIVE,Negative,0.9026392102241516
Osmanlı,Osmanlı Devleti de onlara Hicaz demir yolu madalyaları göndererek teşekkürlerini iletmişti,POSITIVE,Positive,0.7503668069839478
Osmanlı,"Merkezî Otoriteyi Güçlendirme Çabaları
Osmanlı merkezî otoritesinin zayıflamaya başladığı dönemde taşrada eşraf, âyan gibi isimlerle anılan yerel siyasi aktörler ortaya çıkmıştı",NEGATIVE,Negative,0.9557834267616272
Osmanlı,"Bu belgeyle âyanlar, Osmanlı merkezî otoritesi tarafından resmen yerel bir güç olarak tanındı ve padişahın mutlak otoritesi az da olsa sınırlandırılmış oldu",POSITIVE,Positive,0.7047820091247559
Osmanlı,Böylece Osmanlı tarihinde ilk defa merkezî otorite ile yerel güçler arasındaki güç dengesini uzlaştıran resmî bir sözleşme ortaya çıkmıştır,POSITIVE,Positive,0.9891507625579834
Osmanlı,"Mahmut, merkezî otoritesini pekiştirmek için Osmanlı Devleti'nde bir dizi radikal değişiklik yapmıştı",POSITIVE,Positive,0.6605274677276611
Osmanlı,Bunun üzerine hem isyanları bastırmak için hem de isyanları bahane edip iç işlerine müdahale etmek isteyen büyük güçlere engel olmak için Osmanlı merkezî idaresi birtakım önlemler aldı,NEGATIVE,Negative,0.6714674830436707
Osmanlı,"Hazırlanan Tanzimat Fermanı, 3 Kasım 1839'da Gülhane Hatt-ı Hümâyunu adıyla Osmanlı devlet adamlarının, yabancı ülke elçilerinin ve dinî grupların liderlerinin önünde Mustafa Reşit Paşa tarafından okunarak ilan edildi",NEGATIVE,Negative,0.7731623649597168
Osmanlı,"Osmanlı Devleti, Tanzimat Fermanı'yla ülke içindeki farklı grupların beklentilerini karşılamayı ve büyük güçlerin Osmanlı iç işlerine karışmasının önüne geçmeyi amaçlamıştır",POSITIVE,Positive,0.7906426191329956
Osmanlı,"Bu fermanla bütün Osmanlı vatandaşlarının can, mal ve namus güvenliğinin sağlanması kanunlar yoluyla garanti altına alınmıştır",POSITIVE,Positive,0.9598190188407898
Osmanlı,Osmanlı padişahının da fermanda belirtilen kanunlara uyacağı vurgulanarak kanun üstünlüğü ilkesi benimsenmiştir,POSITIVE,Positive,0.9262232780456543
Osmanlı,Böylece Osmanlı Devleti modern hukuk devleti olma yolunda önemli bir adım atmıştır,POSITIVE,Positive,0.9742361903190613
Osmanlı,"Tanzimat Fermanı, Osmanlı Devleti açısından köklü değişimin önemli bir adımıydı",POSITIVE,Positive,0.8780416250228882
Osmanlı,"Avrupalı devletler, Osmanlı tebaası olan gayrimüslimlere daha fazla hak verilmesini talep ediyorlardı",NEGATIVE,Negative,0.9501861333847046
Osmanlı,"Bu sırada Kı rım Savaşı'nda Osmanlı Devleti'nin yanında yer alan İngiltere ile Fransa, savaşın Osmanlı Devleti lehine sonuçlanmasında büyük pay sahibi oldu",NEGATIVE,Negative,0.6360098719596863
Osmanlı,Bu devletler yaptıkları yardım karşılığında Osmanlı Devleti'nden Tanzimat Fermanı'nın hükümlerini genişletmesini ve gayrimüslimlere daha çok hak vermesini talep ettiler,NEGATIVE,Negative,0.8907293081283569
Osmanlı,"Bu fermanla Osmanlı merkezî idaresi, hem büyük güçlerin bitmek bilmeyen taleplerinin önüne geçmek hem de gayrimüslimler bahane edilerek Osmanlı iç işlerine karışılmasını önlemek istiyordu",POSITIVE,Positive,0.6715407967567444
Osmanlı,Ayrıca Osmanlı topraklarının Avrupalı devletler tarafından korunmasının garanti altına alınacağını düşünüyordu,NEGATIVE,Negative,0.5813038945198059
Osmanlı,Ayrıca bu ferman Paris Antlaşması'nda da zikredilerek fermanın garantörünün Avrupalı devletler ve Osmanlı Devleti olduğu antlaşmaya eklenmiştir,POSITIVE,Positive,0.8772221803665161
Osmanlı,Böylece Islahat Fermanı'yla amaçlananın aksine büyük güçlerin Osmanlı iç işlerine karışmasının önü daha da açılmıştır,NEGATIVE,Negative,0.7518530488014221
Osmanlı,Islahat Fermanı'yla bütünleşmiş bir Osmanlı toplumu amaçlanmış ancak tam tersi bir sonuçla karşılaşılmıştır,NEGATIVE,Negative,0.9983808994293213
Osmanlı,Bu fermanla eşitlik ve özgürlük temelinde gayrimüslimlere geniş hak ve yükümlülüklerin verilmesi Osmanlı toplumunda huzursuzluk yaratmıştır,NEGATIVE,Negative,0.9948090314865112
Osmanlı,"Anayasal Düzene Geçiş: Kanun-ı Esasi'nin İlanı
Tanzimat Fermanı, Islahat Fermanı ve Osmanlı Devleti'nde yaşanan gelişmeler, kanunların üstünlüğünü benimseyen aydın bir kesimi ortaya çıkarmıştı",POSITIVE,Positive,0.790020763874054
Osmanlı,Bu sırada Osmanlı toprağı olan Balkanlarda iç karışıklıklar çıkmıştı,NEGATIVE,Negative,0.8824332356452942
Osmanlı,"Bu konferans sırasında Osmanlı Devleti, Kanun-ı Esasi'yi ilan ederek Tersane Konferansı'nın toplanma amacını boşa çıkardı",NEGATIVE,Negative,0.9935821890830994
Osmanlı,1876'da ilan edilen bu kanunla Osmanlı Devleti meşrutiyet idaresine geçerek gayrimüslim azınlığa siyasi haklar vermiştir,NEGATIVE,Negative,0.75374436378479
Osmanlı,Osmanlı Devleti'nde başlayan bu yeni döneme I,POSITIVE,Positive,0.8093495965003967
Osmanlı,"Kanun-ı Esasi ile Osmanlı Devleti, anayasalı bir devlet hâline geldi",POSITIVE,Positive,0.8895947337150574
Osmanlı,1877-1878 Osmanlı-Rus Harbi sırasında meclis içindeki ayrılıkçı fikirlerin savaşın gidişatını olumsuz etkilemesi üzerine II,NEGATIVE,Negative,0.9841994047164917
Osmanlı,Osmanlı meclisinin etkinliği artırılarak halkın siyasete katılımı konusunda önemli bir adım atıldı,NEGATIVE,Negative,0.7611505389213562
Osmanlı,"Osmanlı Devleti'nde Hukuk Sisteminin Modernleşmesi
Tanzimat öncesinde Osmanlı Devleti'nde hukuk ihmal edilmiş bir alan değildi ancak daha parçalı bir yapı mevcuttu",POSITIVE,Positive,0.5771864056587219
Osmanlı,Monarşi idarelerinin bir anayasaya bağlanması fikrinin giderek güçlendiği bu çağda aynı amaçla Osmanlı Devleti'nin ilk anayasası olan Kanun-ı Esasi de Belçika anayasası örnek alınarak 1876'da hazırlandı,NEGATIVE,Negative,0.7774344682693481
Osmanlı,Böylece Osmanlı siyasetinde anayasa ve anayasaya bağlılık fikri giderek güçlendi,POSITIVE,Positive,0.8860563039779663
Osmanlı,Böylece vatandaşlık bağı ile devlete bağlı bir Osmanlı vatandaşlığı oluşturulması amaçlanmıştır,POSITIVE,Positive,0.6579799652099609
Osmanlı,Ayrıca Batılı devletlerin gayrimüslim azınlıkların haklarını bahane ederek Osmanlı Devleti'nin iç işlerine karışmalarının önü kesilmek istenmiştir,NEGATIVE,Negative,0.9761430025100708
Osmanlı,' sözünü Osmanlı vatandaşlığı fikrine etkisi bakımından,NEGATIVE,Negative,0.5245369672775269
Osmanlı,Öte yandan devletin kurtuluşunu şeklî olarak Avrupa'ya uyum sağlamakta gören ve böylece Osmanlı Devleti'nin Avrupa siyasi sistemine entegrasyonunun sağlanacağını savunan devlet adamları da mevcuttu,NEGATIVE,Negative,0.7699025273323059
Osmanlı,"Üç Tarz-ı Siyaset
1789 Fransız İhtilali ile dünyaya yayılan eşitlik, özgürlük, milliyetçilik, liberalizm, meşrutiyet gibi fikirlerden ilk etkilenen Rumlar ve Sırplar, Osmanlı Devleti'ne karşı bağımsızlık hareketlerine girişmişlerdi",NEGATIVE,Negative,0.536881685256958
Osmanlı,"Bu olaylar yaşanırken parçalanma tehlikesi ile karşı karşıya kalan Osmanlı Devleti'nin idarecileri ve fikir adamları, devletin birlik ve bütünlüğünü sağlamaya yönelik düşünceler ortaya attılar",NEGATIVE,Negative,0.9242886304855347
Osmanlı,"Osmanlı Devleti'nde yaşayan farklı dinî, etnik grupların birlik ve beraberliğini devam ettirmesi amacıyla Osmanlıcılık fikri, II",NEGATIVE,Negative,0.9516604542732239
Osmanlı,Toprak kayıpları artarak devam ederken Osmanlı devlet ve fikir adamları kötü gidişatı durdurmak için çareler arıyorlardı,NEGATIVE,Negative,0.9964258074760437
Osmanlı,"OSMANLICILIK
Yeni bir Osmanlı milleti oluşturmak için din ve mezhep ayrımı gözetilmeksizin Osmanlı ahalisi, haklar ve ödevler bakımından eşit duruma getirilecekti",POSITIVE,Positive,0.8298801779747009
Osmanlı,Böylece ortak bir vatan kavramı etrafında bir Osmanlı milleti oluşturulacaktı,POSITIVE,Positive,0.725943386554718
Osmanlı,Devleti parçalanmaktan kurtarmak ve mevcut sınırları korumak için Osmanlı milletini yaşatmak gerekli görülmekteydi,NEGATIVE,Negative,0.9101583957672119
Osmanlı,Osmanlı toprak bütünlüğünü korumayı amaçlayan fikir akımlarından biri de İslamcılıktı,POSITIVE,Positive,0.5206646919250488
Osmanlı,Osmanlı Devleti'nde Osmanlıcılık fikrinin zayıflaması üzerine ortaya atılmıştır,NEGATIVE,Negative,0.9528757929801941
Osmanlı,Osmanlı Devleti'nde kurtarıcı fikir akımlarından biri de Türkçülük tü,POSITIVE,Positive,0.8561355471611023
Osmanlı,Osmanlı topraklarında yaşamış milletlerden milliyetçiliği siyasi bir harekete dönüştüren son millet Türkler olmuştu,POSITIVE,Positive,0.9032694101333618
Osmanlı,"Türkçülük, elde kalan Osmanlı topraklarının kaybedilmemesi için geliştirilen ve Türk millî varlığına dayanan bir fikir akımıydı",POSITIVE,Positive,0.6275901198387146
Osmanlı,"Türkçülük fikriyle Osmanlı Devleti'nde yaşayan Türklerin, millî şuur bakımından bilinçlendirilmesi amaç lanmıştı",NEGATIVE,Negative,0.707345724105835
Osmanlı,"Osmanlı Devleti'nde Seçimler ve Çok Partili Hayata Geçiş
XIX",POSITIVE,Positive,0.8669152855873108
Osmanlı,"Yerel yönetimlerde yapılan seçimler, sonraki yıllarda yapılacak genel seçimler için Osmanlı vatandaşlarının seçim tecrübesi kazanmasını sağladı",POSITIVE,Positive,0.6599803566932678
Osmanlı,Osmanlı Devleti'nde genel seçimlerin ilki I,POSITIVE,Positive,0.6838486194610596
Osmanlı,"Herhangi bir siyasi partinin bulunmadığı seçimler sonucunda Osmanlı tebaası içinden çoğu daha önce yerel yönetimlerdeki meclislerde yer alan, etnik kökeni ve dinî anlayışı farklı birçok mebus mecliste yer aldı",NEGATIVE,Negative,0.534101665019989
Osmanlı,"Bu durum, 1877-1878 Osmanlı-Rus Savaşı sırasında meclis çalışmalarında yoğun tartışmaların yaşanmasına neden oldu",NEGATIVE,Negative,0.9973256587982178
Osmanlı,Birçok gayrimüslim milletvekili Osmanlı ülkesinin çıkarları yerine kendi azınlıklarının çıkarlarını gözetti,NEGATIVE,Negative,0.970382809638977
Osmanlı,"Gayrimüslim mebusların Osmanlı Devleti aleyhine olan etkinliği ve Osmanlı-Rus Harbi'nin getirdiği sert tartışmalar, padişahlık otoritesini yeniden tesis etme amacında olan II",NEGATIVE,Negative,0.9835370182991028
Osmanlı,Böylece Osmanlı tarihinde çok partili siyasi hayat başlamış oldu,POSITIVE,Positive,0.8357531428337097
Osmanlı,Osmanlı Devleti'ndeki ilk çok partili genel seçimleri İttihat ve Terakki Fırkası kazandı,POSITIVE,Positive,0.9501249194145203
Osmanlı,Mahmut Dönemi'yle önce yerel yönetimlerde başlayan seçimler ve Meşrutiyet Dönemleriyle birlikte genel seçimlerin yapılması Osmanlı Devleti'nin demokratikleşmesini sağlamıştır,POSITIVE,Positive,0.927253782749176
Osmanlı,Çok partili seçimler sayesinde farklı fikirlerdeki Osmanlı vatandaşları yönetime katılmış ve karar mekanizmalarında etkili olmuştur,POSITIVE,Positive,0.8863424062728882
Osmanlı,Osmanlı Devleti'nde yönetime karşı birçok isyan yaşanmıştır,POSITIVE,Positive,0.6103814244270325
Osmanlı,Osmanlı Devleti'nde özellikle yeniçeriler (Görsel 4,NEGATIVE,Negative,0.8487228155136108
Osmanlı,Osmanlı Devleti'nde önceki isyan ve darbelerden farklı olarak modern manada ilk darbe 1876'da meydana gelmiştir,POSITIVE,Positive,0.880225658416748
Osmanlı,"Osmanlı Tarihinde İlk Darbe: 1876 Darbesi
Yeniçeri Ocağının 1826'da kaldırılmasıyla askerin siyasete müdahalesi son bulmuştu",POSITIVE,Positive,0.9256919026374817
Osmanlı,Kırım Savaşı'nda dış borçlanmaya başlayan Osmanlı Devleti sonraki yıl larda da sürekli borçlanmak zorunda kalmıştı,NEGATIVE,Negative,0.9484502673149109
Osmanlı,"Bu sırada darbeciler, Osmanlı Devleti'ne bir anayasa hazırlamak amacıyla Mithat Paşa'nın konağında toplandı",NEGATIVE,Negative,0.7580997943878174
Osmanlı,Abdülhamit tahta çıkınca ilk iş olarak Kanun-ı Esasi onaylandı ve Osmanlı Devleti'nde meşrutiyet idaresi benimsendi,POSITIVE,Positive,0.55987948179245
Osmanlı,Gayrimüslim mebusların Osmanlı Devleti aleyhindeki faaliyetleri ve 93 Harbi'yle ilgili mecliste yaşanan sert tartışmalar yaşanırken devlet otoritesini yeniden tesis etmek amacıyla meclisi feshetmişti,NEGATIVE,Negative,0.9836680293083191
Osmanlı,Sürgüne gönderilen Mithat Paşa'nın Osmanlı siyasetindeki etkisi ortadan kaldırıldı,NEGATIVE,Negative,0.9910852313041687
Osmanlı,Abdülhamit'in dış politikada izle diği denge siyaseti Osmanlı Devleti'nin varlığını devam ettirmesini sağlamıştı,POSITIVE,Positive,0.918535590171814
Osmanlı,Ayrıca Reval görüşmelerinde İngiltere ve Rusya'nın Osmanlı topraklarının paylaşılması konusunda anlaşmaya varması genç subayları tedirgin etmişti,NEGATIVE,Negative,0.9663544297218323
Osmanlı,"Makedonya'da ayrılıkçı Bulgar çeteleriyle mücadele etmekle görevli olan bu subaylar, söz konusu görüşmelerin Osmanlı Devleti'nin dağılmasına yol açacağı kaygısıyla harekete geçtiler",NEGATIVE,Negative,0.9489901661872864
Osmanlı,"Bakış Açısı
Osmanlı Devleti'nde Meclis-i Mebusanın tekrar açılmasıyla gayrimüslim tebaada devlete bağlılığın artacağı beklentisini doğru buluyor musunuz",NEGATIVE,Negative,0.9452844262123108
Osmanlı,1909 Darbesi Osmanlı ordusunu nasıl etkilemiştir,NEGATIVE,Negative,0.6409818530082703
Osmanlı,"Osmanlı Devleti Son Savaşına Girerken: 1913 Darbesi
Beyin Fırtınası
Sizce askerî gücü ele geçiren bir grubun politikaya yön vermek istemesi ülkedeki siyasi hayatı nasıl etkileyebilir",NEGATIVE,Negative,0.8209120631217957
Osmanlı,71) siyasetteki İttihatçı vesayeti kırmaya çalıştığı bir ortamda Balkan devletleri de Osmanlı Devleti'ne karşı ittifak oluşturmuşlardı,NEGATIVE,Negative,0.5098834037780762
Osmanlı,"Osmanlı Devleti'ndeki darbelerden farklı olarak 15 Temmuz kalkışmasına olan direnişin, Türk siyasi tarihinde bir milat sayılabileceğini düşünüyor musunuz",POSITIVE,Positive,0.6124557256698608
Osmanlı,"Osmanlı Devleti'nde yaşanan darbeler, devletin dış politikada işini zorlaştırmıştı",NEGATIVE,Negative,0.7838008403778076
Osmanlı,"Bu durum, Osmanlı Devleti'nin son dönemdeki toprak kayıplarında etkili olan sebeplerden biri olmuştu",NEGATIVE,Negative,0.9911555051803589
Osmanlı,Hersek'te başlayan ve Bulgaristan ile Sırbistan'a yayılan isyanlar dolayısıyla Rusya ile Osmanlı Devleti'nin arası açılmıştı,NEGATIVE,Negative,0.9112187623977661
Osmanlı,Osmanlı ve Rus ordularının mukayesesini yapan II,NEGATIVE,Negative,0.6658927202224731
Osmanlı,"Fakat Mithat Paşa, olası bir savaşta Avrupa devletlerinin Osmanlı Devleti'ni yalnız bırakmayacağına inanıyordu",NEGATIVE,Negative,0.5655010342597961
Osmanlı,"Kaybedilen topraklardan yüz binlerce Müslüman, Osmanlı topraklarına göç etmek zorunda kaldı (Görsel 4",NEGATIVE,Negative,0.9786110520362854
Osmanlı,"İngiltere'nin Rusya'ya karşı Osmanlı Devleti'nin yanında yer alması karşılığında Kıbrıs, bir askerî üs olarak İngiltere'ye bırakıldı",NEGATIVE,Negative,0.6775313019752502
Osmanlı,"Bakış Açısı
Kıbrıs'ta 1571'den beri süren Türk hâkimiyetinin fiilen sona ermesi Osmanlı Devleti için jeostratejik açıdan ne gibi sonuçlara yol açmış olabilir",NEGATIVE,Negative,0.8172749876976013
Osmanlı,"93 Harbi sonrasında özerk hâle gelen Bulgar Prensliği, Osmanlı Devleti'ne bağlı olmasına rağmen bir süredir bağımsız bir devlet gibi hareket ediyordu",NEGATIVE,Negative,0.8177371621131897
Osmanlı,1908'de Osmanlı Devleti'nde Meşrutiyet'in tekrar ilan edilmesiyle Bulgar Prensliği'ne bir fırsat doğmuştu,NEGATIVE,Negative,0.5778558254241943
Osmanlı,"Bulgarlar, rejim değişikliğinin Osmanlı idaresinde oluşturduğu kaostan yararlanarak bağımsızlıklarını ilan ettiler",NEGATIVE,Negative,0.9851367473602295
Osmanlı,"Yunanistan, Osmanlı toprağı olan Yanya ve Girit'i ele geçirmek için bölgedeki Rumları Osmanlı Devleti'ne karşı kışkırtmaya başladı",NEGATIVE,Negative,0.9661765098571777
Osmanlı,"Yunanistan'ın Türk ve Müslüman düşmanlığından, yayılmacı politikalarından vazgeçmemesi üzerine Osmanlı Devleti 1897'de Yunanistan'a savaş ilan etti",NEGATIVE,Negative,0.9896993041038513
Osmanlı,"Osmanlı ordusu, Yunan kuvvetleri karşısında kesin başarılar elde etti",NEGATIVE,Negative,0.7457109093666077
Osmanlı,Rusya'nın Yunanistan lehine müdahil olması üzerine Osmanlı ordusu savaşı durdurmak zorunda kaldı,NEGATIVE,Negative,0.9408230781555176
Osmanlı,78) mutlak üstünlük kuran Osmanlı Devleti antlaşma sırasında bu başarıyı gösteremedi,NEGATIVE,Negative,0.9800293445587158
Osmanlı,1897'de imzalanan İstanbul Antlaşması'na göre Yunanistan Osmanlı Devleti'ne savaş tazminatı ödeyecekti,POSITIVE,Positive,0.6853169798851013
Osmanlı,"Fakat Osmanlı Devleti, savaşta ele geçirdiği yerleri boşaltacak ve Girit'e özerklik verecekti",NEGATIVE,Negative,0.7564384341239929
Osmanlı,Osmanlı Devleti bu kararı 1913 yılına kadar tanımadı fakat Balkan Savaşı'nda mağlup olunca kabul etmek zorunda kaldı,NEGATIVE,Negative,0.8636777997016907
Osmanlı,"Siyasi görüşleri farklı olan alaylı subaylar ile mektepli subaylar
arasında yaşanan çekişmeler cephede askerî zafiyete sebep olmuş, Edirne de dâhil Osmanlı Devleti'nin Rumeli'deki bütün toprakları kaybedilmişti",NEGATIVE,Negative,0.9960963129997253
Osmanlı,"Osmanlı Devleti, Balkan devletleri arasında çıkan II",NEGATIVE,Negative,0.965678870677948
Osmanlı,"1908 yılında Osmanlı Devleti'nde yaşanan siyasi kaos, Bosna-Hersek'in (Görsel 4",NEGATIVE,Negative,0.9616172909736633
Osmanlı,"Bu bölge, 93 Harbi'nden sonra Osmanlı Devleti'ne bağlı kalmak kaydıyla Avusturya-Macaristan'ın himayesine bırakılmıştı",NEGATIVE,Negative,0.7290393114089966
Osmanlı,"Avusturya-Macaristan, Osmanlı Devleti'nin 1908'de içinde bulunduğu buhranı fırsat bilerek Bosna-Hersek'i topraklarına kattığını ilan etti",NEGATIVE,Negative,0.8621736168861389
Osmanlı,Bağımsızlığını ilan ederek Osmanlı Devleti'nden ayrılan Balkan devletlerinin sonuncusu Arnavutluk olmuştur,NEGATIVE,Negative,0.6026316285133362
Osmanlı,Balkan Savaş'ında Osmanlı ordusu mağlubiyetler yaşamaya başlayınca Arnavutluk da bağımsızlığını ilan etti (1912),NEGATIVE,Negative,0.739819347858429
Osmanlı,"' (Yahya Kemal Beyatlı)
Üsküp (Makedonya) doğumlu olan şairin yukarıdaki sözünden hareketle Balkanlardaki toprak kayıplarının Osmanlı Türklerinin gönlünde bıraktığı etkiyi",NEGATIVE,Negative,0.7071861624717712
Osmanlı,Osmanlı Devleti'nde yaşanan darbelerin toprak kayıplarındaki etkisi nedir,NEGATIVE,Negative,0.9710502624511719
Osmanlı,"ÖLÇME VE DEĞERLENDİRME
Osmanlı Devleti'nin Kırım Harbi ve I",NEGATIVE,Negative,0.6653701663017273
Osmanlı,Büyük güçlerin Osmanlı toprakları üzerindeki emellerini değişim ve süreklilik açısından analiz ediniz,POSITIVE,Positive,0.7857620120048523
Osmanlı,Osmanlı Devleti'nin iç meselelerinin uluslararası boyut kazanmasına yol açan iç ve dış faktörleri ana hatlarıyla,POSITIVE,Positive,0.8173495531082153
Osmanlı,Osmanlı merkezî otoritesinin XIX,NEGATIVE,Negative,0.8781229257583618
Osmanlı,1768'den itibaren en büyük rakibi hâline gelen Rusya karşısında Osmanlı Devleti'nin uğradığı kayıpları ana hatlarıyla,NEGATIVE,Negative,0.8527370691299438
Osmanlı,"Büyük güçler, Osmanlı Devleti'nin muhtemel parçalanma durumunu dikkate alarak Osmanlı topraklarını ele geçirmek için çeşitli politikalar izlemiştir",NEGATIVE,Negative,0.9391769170761108
Osmanlı,Osmanlı Devleti ise büyük güçlerin kendisine yönelik uyguladığı politikalara karşı siyasi varlığını korumaya çalışmıştır,POSITIVE,Positive,0.7781776785850525
Osmanlı,Buna göre aşağıdakilerden hangisi Osmanlı Devleti'nin siyasi varlığını korumak için uyguladığı politikalardan biri değildir,NEGATIVE,Negative,0.947471559047699
Osmanlı,"Osmanlı Devleti'nin Mısır valisi Kavalalı Mehmet Ali Paşa, Mısır'da kurduğu otoriteyi zamanla genişletmiş ve nihayetinde Osmanlı merkezî otoritesi karşısında Mısır'a imtiyazlı bir statü kazandırmıştır",POSITIVE,Positive,0.5052109360694885
Osmanlı,1768-1914 yılları arasında Osmanlı Devleti'nin en çok savaşmak zorunda kaldığı devlet Çarlık Rusya'sı olmuştu,POSITIVE,Positive,0.6550509333610535
Osmanlı,yüzyılda Osmanlı Devleti'nin toprakları büyük güçler arasındaki rekabete konu olmuştur,NEGATIVE,Negative,0.7340793013572693
Osmanlı,"Bu rekabetler; Boğazlar üzerinde İngiliz-Rus mücadelesi, Balkanlar üzerinde Avusturya-Rusya mücadelesi, Mısır üzerinde İngiliz-Fransız mücadelesi ve Osmanlı Devleti'nin Orta Doğu topraklarında İngiliz-Alman mücadelesiydi",NEGATIVE,Negative,0.9616489410400391
Osmanlı,"İşte bu durum karşısında Osmanlı Devleti dışarıdan kendisine yönelen tehdit ve tehlikelere karşı yanına bir büyük devleti almak suretiyle bir denge meydana getirerek varlığını korumaya, devletin dağılmasını ve yıkılmasını önlemeye çalışmıştır",NEGATIVE,Negative,0.6745745539665222
Osmanlı,Osmanlı Devleti'nin bu denge politikası Cumhuriyet Dönemi'nde de devam etmiş ve günümüze kadar uygulanmıştır,POSITIVE,Positive,0.9790969491004944
Osmanlı,"Rusya'nın büyük güç olarak ortaya çıkmasının Osmanlı Devleti'ne etkilerini, Osmanlı topraklarındaki mücadele alanları ekseninde",POSITIVE,Positive,0.771888256072998
Osmanlı,Osmanlı Devleti'nin Kırım Savaşı'ndaki ve I,NEGATIVE,Negative,0.9584330916404724
Osmanlı,"Osmanlı ekonomisi genel olarak tarıma, küçük ölçekli imalat üretimine ve ticarete dayanıyordu",POSITIVE,Positive,0.8330139517784119
Osmanlı,"yüzyıla kadar kendi kendine yeten bir ekonomik sisteme sahip olan Osmanlı Devleti, toprakları üzerinde yaşayan insanlara belirli bir refah düzeyi sağlıyordu",POSITIVE,Positive,0.5184735059738159
Osmanlı,"Bu durum, Sanayi İnkılabı'nın sonucunda hızla gelişen Avrupa ülkeleri ile Osmanlı Devleti'nin ekonomik olarak rekabet edememesine ve zayıflamasına neden oldu",NEGATIVE,Negative,0.9974913597106934
Osmanlı,"Osmanlı Sanayileşmesinin Önündeki Engeller
Osmanlı Devleti, Avrupa ülkeleri karşısında ekonomik güç bakımından var olabilmek için XIX",NEGATIVE,Negative,0.9246257543563843
Osmanlı,Bu girişimler sonucunda endüstriyel üretime yönelik birtakım ilerlemeler kaydedilse de Osmanlı ekonomisinin sanayileşme politikaları yeterince başarılı olamadı,NEGATIVE,Negative,0.9980717301368713
Osmanlı,"Bu durumun ortaya çıkmasında yeterli sermayenin olmayışı, yetişmiş personel azlığı, bilimsel ve teknolojik imkânların eksikliği ile Osmanlı idarecilerinin uzun vadeli strateji konularındaki yetersizlikleri etkili olmuştu",NEGATIVE,Negative,0.9986931681632996
Osmanlı,"Osmanlı Devleti, zaman zaman kamu bütçesinde büyük açıklar veriyor, bunun finansmanında zorluklar yaşıyordu",NEGATIVE,Negative,0.9866963028907776
Osmanlı,"Bu nedenle yatırımlar, Osmanlı mali dengesinin daha da bozulmasına ve dış kaynak ihtiyacının artmasına yol açıyordu",NEGATIVE,Negative,0.9983733892440796
Osmanlı,Osmanlı Devleti'nde sadece maddi sermaye ve altyapı sorunu değil aynı zamanda yetişmiş personel açığı sorunu da yaşanıyordu,NEGATIVE,Negative,0.9986214637756348
Osmanlı,Batı'dan getirilen işçilerin yüksek ücret istemesi ve Osmanlı'daki istihdam edilen yerli iş gücünün verimsizliği maliyetlerin artmasına neden oluyordu,NEGATIVE,Negative,0.9968985319137573
Osmanlı,Osmanlı Devleti'nde sanayileşme çabaları genellikle devlet eliyle gerçekleşti,NEGATIVE,Negative,0.8519859910011292
Osmanlı,"Bu nedenlerle Osmanlı Devleti, uzun vadeli stratejik hedefler doğrultusunda hareket eden Batılı devletlerle rekabet edemedi",NEGATIVE,Negative,0.988189697265625
Osmanlı,"Bu durum, iktisat teorisinde çift tekel ya da zincirleme tekel hâli olarak bilinen Osmanlı sanayiinin hem arz (satıcı) hem de talep (alıcı) yönünden devlete mahkûm kalmasını kaçınılmaz kılarak, uzun dönemde uluslararası rekabeti esas alan özel sanayi tesislerinin kurulup gelişmesini bir miktar kısıt",NEGATIVE,Negative,0.9900418519973755
Osmanlı,Kurulan fabrikalar Osmanlı Devleti'nin sanayileşmesi için neden yetersiz kalmıştır,NEGATIVE,Negative,0.9969657063484192
Osmanlı,"Küresel Kapitalist Güçlerin Hedefindeki Pazar: Osmanlı Ülkesi
Avrupa devletleri, Sanayi İnkılabı ile üretimlerini artırmıştı",NEGATIVE,Negative,0.9007517099380493
Osmanlı,"Osmanlı topraklarının geniş olması, deniz yoluyla ulaşımının kolaylığı ve Osmanlı ekonomisinin ithalata dayalı yapısı İngiltere için cazipti",NEGATIVE,Negative,0.9575420022010803
Osmanlı,"Avrupa devletlerine kapitülasyonlar vermiş olan Osmanlı Devleti, Avrupalı devletlerin uyguladığı politikalardan olumsuz etkilenmişti",NEGATIVE,Negative,0.9547820091247559
Osmanlı,"Sanayi İnkılabı'na teknik ve ekonomik olarak hazırlıksız yakalanmış olan Osmanlı Devleti, Avrupalı rakipleri tarafından pazar olarak görülmekten kurtulamamıştı",NEGATIVE,Negative,0.9882128834724426
Osmanlı,Osmanlı Devleti ile İngiltere arasındaki gümrük vergisi tarifesini belirleyen sözleşmenin süresi 1834'te doldu,POSITIVE,Positive,0.6003522276878357
Osmanlı,Osmanlı topraklarındaki ticari faaliyetlerinden önemli gelirler elde eden İngiltere bu durumdan rahatsız oldu,NEGATIVE,Negative,0.9824414849281311
Osmanlı,"Bütün bunlar yaşanırken Fransa ile iyi ilişkiler kuran Mısır Valisi Kavalalı Mehmet Ali Paşa, Osmanlı Devleti'ni meşgul etmekteydi",NEGATIVE,Negative,0.9321335554122925
Osmanlı,"Siyasi konjonktür hazır hâle gelince İngiltere, istedi ği şartlarda bir ticaret antlaşmasını Osmanlı Devleti'ne dayatmaktan geri durmadı",NEGATIVE,Negative,0.9287998080253601
Osmanlı,"İngiltere, Kavalalı Mehmet Ali Paşa'ya karşı Osmanlı Devleti'nin yanında yer aldı",NEGATIVE,Negative,0.5715349912643433
Osmanlı,"Bunun üzerine Osmanlı Devleti, üzerindeki Rusya nüfuzunu kırması karşılığında İngiltere'yle ticari ayrıcalıklar içeren bir antlaşmayı 1838'de imzaladı",POSITIVE,Positive,0.8452464938163757
Osmanlı,"Bu antlaşma, Osmanlı sadrazamı Mustafa Reşit Paşa'nın (Görsel 5",NEGATIVE,Negative,0.6203761100769043
Osmanlı,"Bakış Açısı
Osmanlı idarecilerinin Balta Limanı Antlaşması'nı imzalarken uzun vadeli planlarının olduğunu düşünüyor musunuz",NEGATIVE,Negative,0.870677649974823
Osmanlı,"tudou le son loucar entolon
Osmanlı Devleti, Balta Limanı Antlaşması'ndan önce ithalattan %3 gümrük vergisi alıyordu",POSITIVE,Positive,0.9554578065872192
Osmanlı,Antlaşmadan önce Osmanlı Devleti lehine olan bir diğer konu da Osmanlı topraklarında iç ticaret yapma hakkının yerli tüccar ve esnafın (Görsel 5,NEGATIVE,Negative,0.7971726059913635
Osmanlı,"Osmanlı Devleti'nin yerli tüccarı korumak için uyguladığı bu tedbirler, İngiliz tüccarların kârlarını düşürmekteydi",NEGATIVE,Negative,0.9841111898422241
Osmanlı,"İngiltere, Balta Limanı Antlaşması'yla kendisi için dezavantajlı bu durumu ortadan kaldırmak amacıyla Osmanlı Devleti'nin zor durumundan faydalandı",NEGATIVE,Negative,0.9266734719276428
Osmanlı,"Bakış Açısı
Osmanlı Devleti, yerli tüccarı koruyucu tedbirlerle neyi amaçlamış olabilir",NEGATIVE,Negative,0.9712581634521484
Osmanlı,"Fakat Osmanlı tebaası, ülke içindeki ticaretleri için iç gümrük vergisi ödemeye devam edecekti",NEGATIVE,Negative,0.7835307717323303
Osmanlı,"Bu durum, Osmanlı Devleti'nde yerli tüccarların aleyhine haksız rekabeti ortaya çıkardı ve yerli özel teşebbüsün gelişmesini engelledi",NEGATIVE,Negative,0.9976406097412109
Osmanlı,"Özel teşebbüsten mahrum kalan Osmanlı Devleti, sanayileşme hamlesinin en önemli dinamiğinden de mahrum kalmış oldu",NEGATIVE,Negative,0.9941660165786743
Osmanlı,"Bu antlaşmayla Osmanlı Devleti, bazı ham maddelere ihracat yasağı getirme hakkından da feragat etti",NEGATIVE,Negative,0.5613805651664734
Osmanlı,"Bakış Açısı
Uzun vadede Osmanlı Devleti'nin olumsuz açıdan en fazla etkilenmesine Balta Limanı Antlaşması'nın hangi maddesi sebep olmuş olabilir",NEGATIVE,Negative,0.902176558971405
Osmanlı,Osmanlı Devleti'nin vermiş olduğu kapitülasyonlar gereği bir Avrupalı devletin Osmanlı Devleti'nden elde ettiği ayrıcalığı diğer Avrupalı devlet de talep edebiliyordu,POSITIVE,Positive,0.521109402179718
Osmanlı,İhracat kısıtlamaları kalktığı için Osmanlı topraklarındaki ham maddelerin fiyatları düştü,NEGATIVE,Negative,0.8786958456039429
Osmanlı,"Osmanlı Devleti, üretim ve ticaret alanında olduğu gibi finansal açıdan da artık Avrupalı devletlere bağımlı hâle geldi",NEGATIVE,Negative,0.9541730880737305
Osmanlı,Balta Limanı Antlaşması'ndan etkilenen bir Osmanlı tüccarı olduğunuzu düşünerek yabancı tüccarlar karşısında yaşadığınız olumsuzlukları anlatan bir günlük sayfası yazınız,NEGATIVE,Negative,0.9479476809501648
Osmanlı,"Balta Limanı Antlaşması'nın Osmanlı Devleti'nde sanayi, siyaset ve ticaret alanındaki etkilerini aşağıdaki tabloya yazınız",POSITIVE,Positive,0.8472512364387512
Osmanlı,"Endüstriyel Üretime Geçiş
Sanayi İnkılabı'nı gerçekleştirmiş ve üretimin birçok aşamasında makineleşmeye geçmiş Avrupa'nın ucuz ve standart kalitedeki ürünleri, Osmanlı pazarına giderek hâkim olmaya başlamıştı",POSITIVE,Positive,0.706600546836853
Osmanlı,Özellikle Balta Limanı Antlaşması Osmanlı topraklarındaki yerli zanaatkârları rekabet gücünden yoksun bıraktı,NEGATIVE,Negative,0.9963969588279724
Osmanlı,Öte yandan Avrupa'da makineleşen tarım üretiminin aksine Osmanlı topraklarında tarım geleneksel metotlarla yapılıyordu,POSITIVE,Positive,0.7954539060592651
Osmanlı,Ancak bu geleneksel üretimin bile çok sınırlı bir kısmı Osmanlı Devlet'i bütçesine vergi katkısı sağlayabiliyordu,NEGATIVE,Negative,0.988864541053772
Osmanlı,"Osmanlı merkezî yönetiminin vergi toplamadaki aksaklıkları, üretilen artı değerin önemli bir kısmının yerel güç odaklarının elinde kalmasına neden oluyordu",NEGATIVE,Negative,0.9933005571365356
Osmanlı,Vergi gelirlerinin katkısının çok sınırlı kaldığı Osmanlı Devlet'i bütçesinin gider kalemleri ise zamanla daha da artış gösteriyordu,NEGATIVE,Negative,0.9452410936355591
Osmanlı,Savaşlardaki üstünlüğünü geri kazanmak isteyen Osmanlı Devleti'nin yaptığı askerî modernizasyon çalışmaları da devlet bütçesi için yük oluşturuyordu,NEGATIVE,Negative,0.9971529245376587
Osmanlı,Bütçe açıkları vermeye başlayan Osmanlı Devleti'nde bu sorun başlangıçta iç borçlanmaya gidilerek çözülmeye çalışıldı,NEGATIVE,Negative,0.997280478477478
Osmanlı,"Özellikle İngiltere, Fransa gibi ülkeler Osmanlı Devleti'ne borç verme konusunda istekli davranıyordu",NEGATIVE,Negative,0.607597827911377
Osmanlı,"Ü N İ T E
Osmanlı Devleti'nde bütçe açıklarının dış borç alınarak kapatılması fikri 1854 yılına gelinceye kadar kabul görmedi",NEGATIVE,Negative,0.9923916459083557
Osmanlı,"Bakış Açısı
Dış borç alınması konusunda Osmanlı padişahı ile sadrazamının karşıt argümanları neler olabilir",NEGATIVE,Negative,0.7638932466506958
Osmanlı,Osmanlı Devleti 1853 yılında Rusya ile başlayan Kırım Savaşı'nın masraflarını karşılamak üzere 1854'te İngiltere ve Fransa'dan borç alma yoluna gitti,NEGATIVE,Negative,0.8395735025405884
Osmanlı,Bu tarihten itibaren Osmanlı maliyesindeki krizlerin sayısı giderek arttı,NEGATIVE,Negative,0.8776068091392517
Osmanlı,"147)
Osmanlı Devleti aldığı dış borçları hangi amaçlarla kullanmıştır",POSITIVE,Positive,0.6327979564666748
Osmanlı,Osmanlı Devleti en büyük borçlanmasını hangi yılda ve ne amaçla gerçekleştirmiştir,NEGATIVE,Negative,0.9362592101097107
Osmanlı,Osmanlı maliyesinin girdiği borç krizleri 1875'te çok kritik bir aşamaya gelmişti,NEGATIVE,Negative,0.9148249626159668
Osmanlı,"Sadrazam Mahmut Nedim Paşa, bir kararname yayımlayarak dış borçların taksitlerini ödemekte zorlanan Osmanlı maliyesinin iflas ettiğini duyurdu",NEGATIVE,Negative,0.8916503190994263
Osmanlı,"Buna göre Osmanlı Devleti, dış borç taksitlerinin ancak yarısını ödeyebileceğini, kalan yarısını ise yüzde beş faizle beş yıl vadede ödeyebileceğini ilan etti",POSITIVE,Positive,0.8291968703269958
Osmanlı,Bu karar Osmanlı Devleti'ne borç veren Avrupa ülkelerinde büyük tepkiyle karşılandı,NEGATIVE,Negative,0.9915364980697632
Osmanlı,"Abdülhamit, Osmanlı Devleti'ne borç veren Avrupalıların temsilcilerini İstanbul'da görüşmeye çağırdı",NEGATIVE,Negative,0.5419343709945679
Osmanlı,Çünkü Osmanlı Devleti'ne güven yeniden tesis edilmeliydi,NEGATIVE,Negative,0.9775096774101257
Osmanlı,Bu görüşme sonucu Osmanlı borçlarının yeniden düzenlenmesiyle ilgili 1881'de 'Muharrem Kararnamesi' yayımlandı ve 'Düyûn-ı Umûmiye İdaresi'nin (Genel Borçlar İdaresi) kurulması kararlaştırıldı,POSITIVE,Positive,0.6280555725097656
Osmanlı,Düyûn-ı Umûmiye binasının girişinin Osmanlı Hükûmet Binası'nın giriş kapısına benzer tarzda ve ondan daha yüksek yapılması sizce neyi sembolize etmektedir,NEGATIVE,Negative,0.9923984408378601
Osmanlı,"Osmanlı Devleti'nin balık avı, damga, içki, ipek, tuz ve tütün vergileri gibi çeşitli vergilerini toplama yetkisini alan Düyûn-ı Umûmiye İdaresi, alacaklıların resmî temsilcisi oldu",POSITIVE,Positive,0.7753733396530151
Osmanlı,Abdülhamit Dönemi'nde hem yapılan reformların etkisi hem de alacaklıların Düyûn-ı Umûmiye İdaresi yoluyla borçlarını düzenli olarak tahsil edebilmesi sonucu Osmanlı maliyesine güven yeniden tesis edildi,POSITIVE,Positive,0.860500693321228
Osmanlı,Bu güvenin sonucu olarak Osmanlı Devleti 1890'dan sonra daha düşük faizle borçlanabildi,POSITIVE,Positive,0.6922551393508911
Osmanlı,Öte yandan bu idarenin varlığı Osmanlı ekonomisi üzerindeki yabancı hâkimiyetinin uzun vadede daha da artmasına yol açtı,NEGATIVE,Negative,0.9366332292556763
Osmanlı,Osmanlı Devleti'nin dış borç alma yoluna sıklıkla başvurmasının temel sebepleri nelerdir,NEGATIVE,Negative,0.9557555317878723
Osmanlı,yüzyılda Osmanlı Devleti iktisadi açıdan kalkınmak için birçok düzenleme yaptı,POSITIVE,Positive,0.5770140886306763
Osmanlı,Bütün bu çabalar esnasında Osmanlı idarecilerinin karşısına özellikle iki konuda sorun çıktı,NEGATIVE,Negative,0.987038791179657
Osmanlı,Bu süreçte Osmanlı Devleti hem sermaye hem de kalifiye eleman ihtiyacını dışarıdan karşılayarak ekonomik anlamda kalkınmaya çalıştı,NEGATIVE,Negative,0.9129716157913208
Osmanlı,"Ancak bu durum, Osmanlı Devleti'ndeki ekonomik faaliyetlerde yabancıların ve yabancılarla ortak çalışan gayrimüslim unsurların rolünü artırdı",NEGATIVE,Negative,0.9913074374198914
Osmanlı,Böylece Osmanlı ekonomisi daha fazla dışa bağımlı hâle gelirken Müslümanların iç ekonomideki payı gayrimüslimler karşısında geriledi,NEGATIVE,Negative,0.9816752076148987
Osmanlı,"Meşrutiyet'in ilanıyla birlikte İttihat ve Terakki yönetimi, Müslümanların Osmanlı ekonomisine hâkim olmasını sağlamak için 'Millî İktisat Politikası'nı uyguladı",NEGATIVE,Negative,0.8711099028587341
Osmanlı,Osmanlı yönetimi yayımladığı kanunlarla yabancı tüccarların ayrıcalıklarına son verdi,POSITIVE,Positive,0.7002006769180298
Osmanlı,Ayrıca Osmanlı hükûmeti bazı vergi muafiyetleri getirerek Türk sanayicisini teşvik etti,POSITIVE,Positive,0.6151108145713806
Osmanlı,"Millî İk-
Bakış Açısı
Sizce Osmanlı Devleti tarafından Müslüman öğrencilerin staj yapmaları için yurt dışına gönderilmelerinin sebepleri nelerdir",NEGATIVE,Negative,0.898880124092102
Osmanlı,İttihat ve Terakki yönetimindeki Osmanlı hükûmeti uyguladığı Millî İktisat Politikası'yla Osmanlı iktisat hayatında Müslüman-Türk unsurların hâkim konuma gelmesini amaçladı ve millî bir burjuvazi oluşturmaya çalıştı,NEGATIVE,Negative,0.9885077476501465
Osmanlı,"Osmanlı Nüfusunun Uluslararası Rekabete Etkisi
Beyin Fırtınası
Bir devletin siyasi ve ekonomik gücü ile nüfusu arasında doğru orantı var mıdır",POSITIVE,Positive,0.7148512601852417
Osmanlı,Osmanlı Beyliği'nin büyük bir devlete dönüşmesinde önemli etkenler vardı,POSITIVE,Positive,0.7797217965126038
Osmanlı,yüzyılda Avrupa'daki birçok devletten daha fazla nüfusa sahip olan Osmanlı Devleti yaklaşık on milyon kilometrekarelik bir coğrafyaya hükmediyordu,POSITIVE,Positive,0.9741559624671936
Osmanlı,yüzyıldan itibaren nüfus dengesi Osmanlı Devleti'nin aleyhine döndü,NEGATIVE,Negative,0.9623823761940002
Osmanlı,Osmanlı Devleti'nin nüfusu XVII ve XVIII,NEGATIVE,Negative,0.646264374256134
Osmanlı,Bu artış Rusya'ya Osmanlı karşısında üstünlük sağladı,POSITIVE,Positive,0.5981947183609009
Osmanlı,Osmanlı ordusu ise XIX,POSITIVE,Positive,0.8031747937202454
Osmanlı,1877-1878 Osmanlı-Rus savaşında askerî teknoloji üstünlüğünün yanı sıra nüfus fazlalığı da Ruslardan yanaydı,NEGATIVE,Negative,0.984772264957428
Osmanlı,yüzyılda yüz milyona yaklaşan nüfuslarıyla Osmanlı nüfusundan üç dört kat daha kalabalıktı,POSITIVE,Positive,0.5245919823646545
Osmanlı,Osmanlı Devleti'nin nüfusu ise yirmi iki milyondu ve tarihinin en büyük ordusunu oluşturmasına rağmen askerlerinin sayısı sadece iki milyon yedi yüz elli bindi,NEGATIVE,Negative,0.8666467070579529
Osmanlı,İmparatorluğun son iki asrında Osmanlı nüfusu hemen hemen aynı kalırken Rusya'nın nüfusu on kat artmıştı,NEGATIVE,Negative,0.6897726655006409
Osmanlı,"Artmayan nüfus, Osmanlı Devleti'nin geniş topraklarının kaybedilmesinde önemli bir etken olmuştu",NEGATIVE,Negative,0.9746628999710083
Osmanlı,Osmanlı Devleti'nin XVIII ve XIX,POSITIVE,Positive,0.6385384202003479
Osmanlı,yüzyılda yaşayan Osmanlı idarecisi olsaydınız ülke nüfusunun artırılması için ne gibi politikalar geliştirirdiniz,NEGATIVE,Negative,0.9629339575767517
Osmanlı,"Osmanlı Devleti'nin himayesinden yoksun kalan Müslümanlar, uygulanan baskılarla topraklarını terk etmek zorunda kaldılar ve Osmanlı yönetimindeki yerlere göç ettiler",NEGATIVE,Negative,0.9526762962341309
Osmanlı,"1829 Osmanlı-Rus Savaşı sonrasında imzalanan Edirne Antlaşması ile Yunanistan; 93 Harbi sonunda imzalanan Berlin Antlaşması ile de Sırbistan, Romanya ve Karadağ bağımsızlıklarını elde etti",NEGATIVE,Negative,0.524522602558136
Osmanlı,Balkan uluslarının birer birer bağımsızlığını ilan etmesiyle Osmanlı Devleti yüzyıllardır hâkim olduğu Balkan topraklarını kaybetti,NEGATIVE,Negative,0.9301262497901917
Osmanlı,Osmanlı Devleti'nin savaşlar ve siyasi antlaşmalar sonucunda toprak kaybetmesiyle başlayan Türk ve Müslüman ahalinin Anadolu'ya doğru zorunlu göçlerinde büyük acılar yaşandı,NEGATIVE,Negative,0.9872456789016724
Osmanlı,"Balkanlarda Yunanistan, Sırbistan, Bulgaristan, Makedonya, Romanya ve Karadağ devletleri kurulunca Türk ve Müslüman ahali Osmanlı Devleti himayesinden mahrum kaldı",NEGATIVE,Negative,0.9782860279083252
Osmanlı,"Osmanlı Devleti, Balkan Savaşları sonrasında Balkanlardaki topraklarının ve nüfusunun çok büyük bölümünü kaybetti",NEGATIVE,Negative,0.9506600499153137
Osmanlı,"Osmanlı Metropolleri İstanbul, İzmir ve Selanik
Sanayileşme ve kentleşme birbiriyle etkileşim hâlinde gelişmeye devam etti",POSITIVE,Positive,0.8631930947303772
Osmanlı,yüzyılda Osmanlı Devleti'nde birçok alanda gerçekleştirilen reformlarla toplumsal bir dönüşüm yaşandı,POSITIVE,Positive,0.9250698089599609
Osmanlı,Aynı zamanda Avrupa ülkeleri ile ticari ilişkilerin geliştiği bu dönemde Osmanlı şehirleri de bu ilişkileri destekleyecek şekilde değişim gösterdi,POSITIVE,Positive,0.8471115231513977
Osmanlı,Eskinin yanına yeninin eklenmesi ile oluşan bu Osmanlı metropollerinde Avrupa şehir dokusunun yansımaları da görüldü,POSITIVE,Positive,0.8572368621826172
Osmanlı,"Görsel Analizi
Yönerge: Osmanlı Devleti'nin son dönemine ait aşağıdaki görsellerden hareketle soruları",POSITIVE,Positive,0.6305005550384521
Osmanlı,Osmanlı metropollerinin özellikle liman şehirleri olmasının sebebi ne olabilir,NEGATIVE,Negative,0.8700399994850159
Osmanlı,Osmanlı metropollerindeki değişim kendini konut tarzlarında da gösterdi,POSITIVE,Positive,0.8401211500167847
Osmanlı,Bu da Osmanlı şehirlerinde değişimi sağlayan unsurlardan biri olmuştur,POSITIVE,Positive,0.9657643437385559
Osmanlı,"Salgın Günlerinde Osmanlı
Salgın hastalıklar tarih boyunca insanlığı tehdit eden unsurlardan biri olmuştur",NEGATIVE,Negative,0.6059037446975708
Osmanlı,yüzyıla kadar Osmanlı Devleti'nde ve dünyanın geri kalanında halk sağlığını vakıflar ile dinî topluluklar korumuştu,POSITIVE,Positive,0.9700876474380493
Osmanlı,"Toprakları Afrika, Asya ve Avrupa'ya yayılan Osmanlı Devleti de salgın hastalıklardan etkilendiğinden toplum sağlığı için birçok tedbir almıştı",NEGATIVE,Negative,0.8396384716033936
Osmanlı,yüzyıl öncesinde Osmanlı Devleti'nde sağlık işlerinden Hekimbaşılık kurumu sorumluydu,POSITIVE,Positive,0.9509924054145813
Osmanlı,"1817'de Hindistan'da başlayan kolera salgını, Osmanlı coğrafyasını tehdit edince 1831'de II",NEGATIVE,Negative,0.913175106048584
Osmanlı,Osmanlı coğrafyasına gelen gemiler karantinaya alındı ve gerekli tedbirler Karantina Nezareti tarafından uygulandı,POSITIVE,Positive,0.6683124899864197
Osmanlı,Osmanlı Devleti'nde salgın hastalıkların etkileri hakkında daha fazlasını öğrenmek için yazara ne sorardınız,POSITIVE,Positive,0.758969247341156
Osmanlı,Salgın hastalıkların Osmanlı Devleti'nde etkilerine verilen örneklerden hareketle salgınların günümüzdeki benzer ve farklı etkilerine örnekler veriniz,NEGATIVE,Negative,0.9020228981971741
Osmanlı,Osmanlı Devleti'nde XIX,POSITIVE,Positive,0.6189560890197754
Osmanlı,Osmanlı Devleti'nde kamu sağlığı için kurulmuş olan Meclis-i Tıbbiye-i Mülkiye ve Sıhhiye-i Umumiye tarafından sağlık müfettişleri görevlendirilmişti,POSITIVE,Positive,0.6323862075805664
Osmanlı,Osmanlı Devleti'nde salgınla mücadele konusunda daha fazla bilgi edinmek için yazara ne sorardınız,POSITIVE,Positive,0.7305948138237
Osmanlı,Osmanlı Devleti'nde kamu sağlığı için ahaliye yapılan tavsiyelerden farklı olarak günümüzden ne gibi örnekler gösterebilirsiniz,NEGATIVE,Negative,0.649743378162384
Osmanlı,Osmanlı Devleti'nin toprak kayıplarını sebep ve etki açısından,NEGATIVE,Negative,0.9909175038337708
Osmanlı,Endüstriyel üretime geçiş çabaları esnasında Osmanlı Devleti'nin karşılaştığı engeller nelerdir,NEGATIVE,Negative,0.9404379725456238
Osmanlı,Balta Limanı Antlaşması'nı Osmanlı Devleti'ndeki yerli üreticiye etkisi bağlamında analiz ediniz,NEGATIVE,Negative,0.9544403553009033
Osmanlı,Osmanlı Devleti'nde Millî İktisat Politikası'na geçilmesinin sebepleri nelerdir,NEGATIVE,Negative,0.9548023343086243
Osmanlı,"Osmanlı Devleti'nin Kırım ve Balkan topraklarını kaybetmesi, bölgede yaşayan Türk ve Müslüman ahaliyi hangi kararları almak zorunda bırakmıştır",NEGATIVE,Negative,0.9327950477600098
Osmanlı,yüzyılda Osmanlı topraklarında gazete ve yayın sayısının artmasının sosyopoli- tik etkilerini,NEGATIVE,Negative,0.520720362663269
Osmanlı,"Osmanlı Devleti'nde endüstriyel üretime geçiş sürecinde
ham madde eksikliği,
sermaye yetersizliği,
yetişmiş personel eksikliği
durumlarından hangileri karşılaşılan engellerden değildir",NEGATIVE,Negative,0.9939077496528625
Osmanlı,"I, II ve III
1881'de Düyûn-ı Umûmiyenin (Genel Borçlar İdaresi) kurulması ile sömürgeci güçler Osmanlı vergi gelirlerinin bir kısmına el koydular",POSITIVE,Positive,0.5015421509742737
Osmanlı,"Bu olayın yaşanmasında Osmanlı Devleti'nin
mali olarak iflas etmesi,
savaşlarda mağlubiyet yaşaması,
Avrupalı devletlerden yüksek faizli borçlar alması
durumlarından hangileri doğrudan etkili olmuştur",NEGATIVE,Negative,0.9749035239219666
Osmanlı,"I, II ve III
İngiltere'nin Kavalalı'ya karşı Osmanlı Devleti'nin yanında yer alması ve Osmanlı Devleti üzerinde oluşan Rusya nüfuzunu kırması karşılığında İngiltere ile Balta Limanı Antlaşması imzalanmıştır",POSITIVE,Positive,0.9360971450805664
Osmanlı,Bu antlaşmanın Osmanlı Devleti'ne olumsuz etkileri olmuştur,NEGATIVE,Negative,0.9926613569259644
Osmanlı,"Balta Limanı Antlaşması'nın
İngilizlere diledikleri miktarda ham maddeyi satın alma imkânı verilmesi,
İngilizlerin de Osmanlı topraklarında iç ticaret yapabilmesi,
İngilizlerle olan transit ticaretten alınan verginin kaldırılması
maddelerinden hangileri Osmanlı Devleti'ndeki yerli üreticiyi olumsuz ",NEGATIVE,Negative,0.9946687817573547
Osmanlı,Osmanlı Devleti'nin tam bağımsızlığını Düyûn-ı Umûmiye İdaresi bağlamında değerlen- diriniz,NEGATIVE,Negative,0.6532509326934814
Osmanlı,Bayrağında Türkiye Cumhuriyeti yazan filika ile bayrağında Osmanlı İmparatorluğu yazan ve batmakta olan gemi arasındaki ilişkiyi,POSITIVE,Positive,0.9295950531959534
Osmanlı,"Avrupalı alacaklılar, kendilerine tahsis edilen Osmanlı gelirlerinin idaresi için milletlerarası resmî bir komisyon kurulmasını istediler",NEGATIVE,Negative,0.9821678400039673
Osmanlı,"Bunun sonucunda 1881'de kurulan Düyûn-ı Umûmiye İdaresi ile Avrupalı devletler, Osmanlı vergi gelirlerinin bir kısmına el koydular",NEGATIVE,Negative,0.8584815859794617
Osmanlı,"Dış borçlar, Osmanlı Devleti'nin iktisadi ve siyasi gelişmesine darbe vurduğu gibi yeni Türkiye Cumhuriyeti'nin doğuşu sırasında da büyük sıkıntı doğurmuştur (Görsel 5",NEGATIVE,Negative,0.9982054233551025
Osmanlı,"Osmanlı İmparatorluğu'nun yüksek yönetim organlarının bulunduğu yapı
Osmanlı hükûmeti",POSITIVE,Positive,0.9524517059326172
Osmanlı,Osmanlı devlet teşkilatında idare adamları ve memurlar sınıfı,POSITIVE,Positive,0.570639431476593
Osmanlı,Sadrazamlık göreviyle yükümlü olmayan ve Osmanlı ordusunun komutan- lığını yapan vezirin ünvanı,POSITIVE,Positive,0.8288854360580444
Osmanlı,Osmanlı Devleti'nde idari ve askerî zümre mensupları,NEGATIVE,Negative,0.5048787593841553
Osmanlı,"vakanüvis:
Osmanlı Devleti'nde zamanın olaylarını tespit etmek ve yazmakla görevli devlet tarihçisi",POSITIVE,Positive,0.7475056648254395
Osmanlı,Savaşın sultanları: Osmanlı padişahlarının meydan muharebeleri,NEGATIVE,Negative,0.5699857473373413
Osmanlı,Başbakanlık Devlet Arşivleri Genel Müdürlüğü Osmanlı Arşivi Daire Başkanlığı,POSITIVE,Positive,0.8522398471832275
Osmanlı,"YÜZYIL BASLARINDA OSMANLI DEVLETI VE DÜNYA ÜNITESI ZAMAN DiZiNi
Tablo A'daki ifadelerle Tablo B'deli kelime veye kellme pruplereu eslestirerek dofru harfi Tablo A'deki
Dosluklers yoores
wtan tene dingeye goe
Dilt, dini ve ira ne clursa oitun Ofmani uxesinoe yasayanl herkesi Osmanh millet kalbul eden",POSITIVE,Positive,0.9078463912010193
Osmanlı,"Styasi ve Askeri Geliymeler
1870lerin bajnda Osmanli Devleti nde sön Türkier (Genç Osmanitar)|
olarak antan ban aydinlar, 188%/da lurulan Osmani itthat ve Terakli
Hükümdarikia yönetilen bir ülkede hükümdarn baykanlib atundaki
Du linitede, parlamento yonetimine dayanan
• Mustalo Kemarin L",NEGATIVE,Negative,0.8281810879707336
Osmanlı,"Yüzyıl Başlarında Osmanlı Devleti
1",NEGATIVE,Negative,0.8854866027832031
Osmanlı,"Dünya Savaşı Sürecinde Osmanlı Devleti
1",NEGATIVE,Negative,0.9656016230583191
Osmanlı,"yüzyıl başlarında Osmanlı Devleti'nin siyasi, sosyal ve ekonomik durumunu,
I",NEGATIVE,Negative,0.8208096623420715
Osmanlı,"Dünya Savaşı sürecinde Osmanlı Devleti'nin siyasi, askerî ve sosyal durumunu,
I",NEGATIVE,Negative,0.9358679056167603
Osmanlı,Dünya Savaşı'nın Osmanlı Devleti ve Batılı devletler açısından sonuçlarını öğreneceksiniz,POSITIVE,Positive,0.8738832473754883
Osmanlı,Dünya Savaşı öncesinde Avrupa Devletleri arasındaki siyasi rekabetin Osmanlı Devleti'ne etkileriyle ilgili düşüncelerinizi,POSITIVE,Positive,0.5466338396072388
Osmanlı,"YÜZYIL BASLARINDA OSMANLI DEVLETI VE DÜNYA ÜNITESi ZAMAN DIZiNi vAauin
BAŞLANGIÇ SORUSU
Tarihî olaylar mı tarihî karakterlere, tarihî karakterler mi tarihî olaylara yön verir",POSITIVE,Positive,0.5930477380752563
Osmanlı,"Mustafa Kemal'in Doğduğu Yüzyılda Osmanlı Devleti
Mustafa Kemal, 1881'de Ali Rıza Efendi ile Zübeyde Hanım'ın dördüncü çocuğu olarak Makedonya'nın liman kenti Selanik'te dünyaya geldi (Görsel 1",NEGATIVE,Negative,0.6085386872291565
Osmanlı,Her iki aile de Osmanlı Devleti'nin fethedilen yerleri Türkleştirme faali -yetleri kapsamında Balkan coğrafyasına yerleşti -rilen 'evlâd-ı fâtihân'' göçerlerindendir,NEGATIVE,Negative,0.8390852808952332
Osmanlı,"Yüzyılda Osmanlı Devleti'nde Meydana Gelen Önemli Gelişmeler
Yunan İsyanı
Fransa'nın Cezayir'i işgali
Tanzimat Fermanı'nın ilanı
Kırım Savaşı
Islahat Fermanı'nın ilanı
Kanun-ı Esasi'nin ilanı
Osmanlı-Rus Harbi (93 Harbi) ve Berlin Antlaşması
Düyûn-ı Umûmiye (Genel Borçlar) İdaresinin kurulması
İngil",NEGATIVE,Negative,0.7265719771385193
Osmanlı,Avrupa'ya yakınlığıyla Osmanlı Devleti'nin Batı'ya açılan kapısıydı,POSITIVE,Positive,0.9220877885818481
Osmanlı,"Osmanlı Devleti'nin başkenti İstanbul; siyasi, sosyal, ekonomik ve kültürel açıdan önemli bir merkezdi",POSITIVE,Positive,0.9718299508094788
Osmanlı,"Hükümran iktidar, halkin bir kisminin ellerinde ise bunun adi
Mustafa Kemal'in fikrî gelişimini Aydınlanma Çağı düşünürleri ve Osmanlı aydınlarının eser ve fikirleri biçimlendirdi (Görsel 1",POSITIVE,Positive,0.5226913094520569
Osmanlı,"Osmanlı Devleti'nde Fikir Akımları
Osmanlı Devleti, Batılı devletler karşısında geri kaldığını fark edince ayakta kalma mücadelesine girişti",NEGATIVE,Negative,0.9722239971160889
Osmanlı,"Devletin devamlılığını sağlamak amacıyla ortaya atılan bu fikir akımları şunlardır:
Osmanlıcılık, Osmanlı toprakları üzerinde yaşayan ulusları dil, din ve ırk ayrımı gözetmeksizin haklar ve ödev -ler bakımından eşit duruma getirmeyi ve bir 'Osmanlı milleti' oluşturmayı esas alır",NEGATIVE,Negative,0.537351131439209
Osmanlı,"Türkçülük, kurtuluşun Türk milliyetçiliği ile sağlanabileceği, Osmanlı topraklarında yaşayan Türkler arasında millî bilincin uyandırılması gerektiği düşüncesine dayanır",NEGATIVE,Negative,0.5992667078971863
Osmanlı,"BİLGİ HARİTASI 1
Aşağıda Osmanlı Devleti'nde etkili fikir akımlarına yönelik bir bilgi haritası verilmiştir",POSITIVE,Positive,0.6776983141899109
Osmanlı,") vatanla birleşmiş yeni bir milliyet, Osmanlı milleti meydana çıkarmak (",NEGATIVE,Negative,0.9367802739143372
Osmanlı,") Osmanlı Devleti idaresindeki bütün Müslümanlar ve binaenaleyh onun bir parçası olan Türkler, pek güçlü bir bağ ile sımsıkı birleşecekler (",POSITIVE,Positive,0.973757266998291
Osmanlı,yüzyıl başlarında Osmanlı Devleti'nde etkili fikir akımlarının benzerlik ve farklılıkları nelerdir,POSITIVE,Positive,0.5483452677726746
Osmanlı,"Siyasi ve Askerî Gelişmeler
1870'lerin başında Osmanlı Devleti'nde Jön Türkler (Genç Osman -lılar) olarak anılan bazı aydınların, muhalefeti 1876'da I",NEGATIVE,Negative,0.945773720741272
Osmanlı,1877-1878 Osmanlı Rus harbi sürecinde yaşanan olumsuzluklar üzerine II,NEGATIVE,Negative,0.9865258932113647
Osmanlı,Bu cemiyet Osmanlı Hürriyet Cemiyetiyle birleşerek İttihat ve Terakki Cemiyeti adını aldı (1907),NEGATIVE,Negative,0.5390142798423767
Osmanlı,"Görüşmeler, Rusya ve İngiltere'nin Osmanlı Devleti'ni paylaşma ko -nusunda anlaştığı, dolayısıyla Rumeli'deki Osmanlı varlığının son bul -
İçinde yer aldığı toplumun geleneksel inanç, düşünce ve kurumlarından vazgeçilerek, egemen uygarlık olan Batı uygarlığının öne çıkardığı düşünce ve kurumları ben",NEGATIVE,Negative,0.8777114748954773
Osmanlı,"Kanun-ı Esasi
Osmanlı Devleti'nde 1876'da yürürlüğe giren, Türk tarihinin ilk yazılı anayasası",POSITIVE,Positive,0.9784245491027832
Osmanlı,"Gelişmelerin ardından İttihat ve Terakki Cemiyeti, Bâb-ı Âli (Osmanlı Hükûmeti) üzerindeki baskılarını artırdı",NEGATIVE,Negative,0.9381263852119446
Osmanlı,"Meşrutiyet'in ilanıyla İttihat ve Terakki Cemiyeti haricinde, Hürri -yet ve İtilâf Fırkası, Osmanlı Ahrar Fırkası, İttihâd-ı Muhammedî Fır -kası gibi birçok siyasi fırka kuruldu",POSITIVE,Positive,0.6939651370048523
Osmanlı,Böylece Osmanlı tarihinde ilk defa çok partili hayata geçildi (Görsel 1,NEGATIVE,Negative,0.6378751993179321
Osmanlı,"Trablusgarp Savaşı (1911-1912)
Karadeniz istanbul
OSMANLI DEVLETI
Siyasi birliğini geç tamamlayan İtalya, sömürge elde etmek ama -cıyla 1911'de Osmanlı toprağı olan Trablusgarp'a saldırdı (Harita 1",NEGATIVE,Negative,0.9765713214874268
Osmanlı,"İtalya donanmasının Akdeniz'deki gücü yanı sıra Çanakkale Boğazı'nı ablukaya alması; Mısır'ın ise İngiliz işgali altında olma -sı nedeniyle Osmanlı Devleti, Trablusgarp'a denizden ve karadan asker gönderemedi",NEGATIVE,Negative,0.9754932522773743
Osmanlı,Balkan Savaşı'nın başlaması üzerine Osmanlı Devleti barış istemek zo -runda kaldı,NEGATIVE,Negative,0.9867460131645203
Osmanlı,18 Ekim 1912'de Osmanlı Devleti ile İtalya arasında imzalanan Ouchy (Uşi) Antlaşması sonucunda Trablusgarp İtalya'ya bırakıldı,POSITIVE,Positive,0.8282734155654907
Osmanlı,Böylece Osmanlı Devleti'nin Kuzey Afrika'daki varlığı son buldu,NEGATIVE,Negative,0.9664411544799805
Osmanlı,")
Balkan Savaşları (1912-1913)
Osmanlı Devleti, Fransız İhtilali'nin ardından ortaya çıkan milliyetçilik hare -ketleri ve Rusya'nın izlediği Panslavizm politikası sonucunda Balkanlarda zor duruma düştü",NEGATIVE,Negative,0.9914577603340149
Osmanlı,"Bulgaristan, Yunanistan, Sırbistan ve Karadağ; topraklarını genişletmek ve Osmanlı Devleti'nin Balkanlardaki varlığına son vermek için aralarında ittifak yaptı",NEGATIVE,Negative,0.7106844186782837
Osmanlı,"Karadağ, Osmanlı Devleti'nin Trablusgarp'ta savaş hâlinde olmasından yararlanarak 8 Ekim 1912'de Osmanlı Devleti'ne savaş ilan etti",NEGATIVE,Negative,0.8712049722671509
Osmanlı,"Savaşa Bulgaristan, Sırbistan ve Yunanistan'ın da dâhil olmasıyla Osmanlı Devleti dört cephede birden mü -cadele etmek zorunda kaldı",NEGATIVE,Negative,0.9497742056846619
Osmanlı,"Yaşanan askerî ve siyasi sorunlardan yararlanan Arnavutluk, bağımsızlığını ilan etti ve Osmanlı Devleti'nden ayrılan son Balkan devleti oldu",NEGATIVE,Negative,0.9246329069137573
Osmanlı,Osmanlı Devleti barış istemek zorunda kalınca Avru -pa devletleri durumu değerlendirmek ve savaşı sonlandırmak için Londra'da bir konferans düzenledi,NEGATIVE,Negative,0.8512058258056641
Osmanlı,"Osmanlı Devleti, Balkan devletlerinin kendi aralarındaki bu çatışmadan yararlanarak Edirne, Kırklareli ve Dimetoka'yı geri aldı",NEGATIVE,Negative,0.8466830253601074
Osmanlı,Osmanlı Devleti ise Balkan Savaşlarına katılan devletlerle ayrı ayrı antlaşmalar yaptı,POSITIVE,Positive,0.6999697685241699
Osmanlı,"Beş yüz yıl kadar Osmanlı hâkimiyetinde kalan Balkanlar, Balkan Savaşları sonucunda kaybedildi ve Osmanlı Devleti'nin Ege Adaları'ndaki hâkimiyeti sona erdi",NEGATIVE,Negative,0.9776776432991028
Osmanlı,"Harita
Osmanlı Devleti sınırlarının Balkan Savaşları sonrasında değişmesinden Osmanlı toplumu nasıl etkilenmiş olabilir",NEGATIVE,Negative,0.9791793823242188
Osmanlı,"Ekonomik Hayat
Osmanlı Devleti, 19",NEGATIVE,Negative,0.587541401386261
Osmanlı,"Osmanlı Devleti'nin gelir kaynaklarından bir kısmı, yabancı alacak -lılar tarafından yönetilen bu kuruluşa devredildi",NEGATIVE,Negative,0.9731107950210571
Osmanlı,"Osmanlı
Bankasının bu dönemde takip ettiği politikalar en çok tüccarların ve yatırımcıların çıkarlarına hizmet etti",NEGATIVE,Negative,0.9924386143684387
Osmanlı,"Devletin mali politikaları sonucu Düyûn-ı Umûmiye İdaresi, Osmanlı Bankası gibi kurumlar, Avrupa sermayesinin ülke eko -nomisindeki denetiminin simgeleri durumuna geldi",NEGATIVE,Negative,0.9686698317527771
Osmanlı,"Bunun üzerine Osmanlı Devleti, daha önce ithal edilen malları savaş boyunca kendi imkânlarıyla üretmeye çalıştı",NEGATIVE,Negative,0.986927330493927
Osmanlı,"Osmanlı Devleti ekonomisi, 20",NEGATIVE,Negative,0.6448718905448914
Osmanlı,"K A N I T
İlber Ortaylı, İkinci Abdülhamit Dönemi'nde Osmanlı İmparatorluğu'nda Alman Nüfuzu, s",NEGATIVE,Negative,0.980705976486206
Osmanlı,"İlber Ortaylı, İkinci Abdülhamit Dönemi'nde Osmanlı İmparatorluğu'nda Alman Nüfuzu, s",NEGATIVE,Negative,0.943511962890625
Osmanlı,")
Osmanlı Devleti'nin son döneminde ülkelere göre dış borçlanma oranı, demir yolu yatırımları ve üretim arasında nasıl bir ilişki vardır",POSITIVE,Positive,0.8025887608528137
Osmanlı,"Osmanlı sınırları içerisinde yaşayan ulusların, ba -ğımsızlıklarını kazanmak için isyan etmeleri devletin bütünlüğü -nü olumsuz etkiledi",NEGATIVE,Negative,0.9716135263442993
Osmanlı,"Güzel sanatlar alanında gelişme kaydedildi ve Osmanlı toplumu bale, opera gibi sanatlarla tanışmaya başladı",POSITIVE,Positive,0.9348987340927124
Osmanlı,"BİLGİ KUTUSU
Büyük umutlarla kurulan Meşrutiyet düzeni Osmanlı halklarını bir arada tutmaya yetmemiş, bunun ar -dından millî savaşlar başlamıştı",NEGATIVE,Negative,0.9944010376930237
Osmanlı,"Yaklaşık dört milyon nüfu -sun yaşadığı Osmanlı Devleti'nin gözde bölgesi Rumeli, sınırlarımız dışında kaldı",NEGATIVE,Negative,0.9776538014411926
Osmanlı,Abdülhamit'in tahttan indirilmesi ve İttihat ve Terakki'nin yönetimi ele geçirmesinden sonra Osmanlı Devle -ti'ndeki çözülme hızlandı,NEGATIVE,Negative,0.89069664478302
Osmanlı,"İttihat ve Terakki yöneticileri, bu çözülmeyi Osmanlı Devleti'nin giderek bloklaşan bir dünyada, özellikle Rusya karşısında yalnız kalmış olmasına bağlıyorlardı",NEGATIVE,Negative,0.9459342956542969
Osmanlı,"İtilaf Devletleri'ne dâhil olma girişim -leri karşılık görmeyen Osmanlı Devleti, bu yalnızlıktan kurtulmak ve kaybettiği toprakları geri almak amacıyla Almanya ile 2 Ağustos 1914'te bir ittifak antlaşması imzaladı",NEGATIVE,Negative,0.5176178812980652
Osmanlı,"Almanya, Osmanlı Devleti'ni kendi yanında sa -vaşa sokarak Avrupa'daki savaş yükünü hafifletmeyi, halifenin dinî gücünden ve Osmanlı Devleti'nin jeopolitik konumundan faydalanmayı amaçlıyordu",NEGATIVE,Negative,0.8499455451965332
Osmanlı,Osmanlı Devleti bu antlaşmaya rağmen savaşa hemen girmedi ve tarafsızlığını ilan etti,NEGATIVE,Negative,0.646300196647644
Osmanlı,Ancak Akdeniz'de İngiliz donanmasından kaçan Almanlara ait Goeben (Goben) ve Breslau (Bireslav) gemileri Çanakkale Boğazı'na sığınınca Osmanlı Devleti İngiltere'ye bu gemileri satın aldığını bildirdi,NEGATIVE,Negative,0.6524690389633179
Osmanlı,"Bunun üzerine 2 Kasım 1914'te Rusya, 5 Kasım 1914'te İngiltere ve Fransa Osmanlı Devleti'ne; Osmanlı Devleti ise 11 Kasım 1914'te İtilaf Devletleri'ne savaş ilan etti",POSITIVE,Positive,0.70000821352005
Osmanlı,"Onlara göre Almanya, Avusturya-Macaristan'ın Bosna-Hersek'i, İtalya'nın da Trablusgarp'ı almaları sırasında bu devletlerin yanını tutmuş, Osmanlı İmparatorluğu'nu yalnız bırakmıştı",NEGATIVE,Negative,0.799364447593689
Osmanlı,"Eğer onunla anlaşılırsa, Fransa, dostu Rusya'nın Osmanlı toprakları üzerine isteklerini yumuşatıp dizginleyebilirdi",NEGATIVE,Negative,0.5439003109931946
Osmanlı,"K A N I T
Osmanlı Hükûmeti de öteden beri kendi mevcudiyetini Rus tasallutundan kurtarmak için kendi kuv -vetiyle uzun müddet çabaladıktan sonra son asırlarda müttefikler aramaya muhtaç bir vaziyette kal -mıştı",NEGATIVE,Negative,0.9684832692146301
Osmanlı,")
Osmanlı Devleti'nin I",POSITIVE,Positive,0.5003007650375366
Osmanlı,"Osmanlı Devleti'nin Savaştığı Cepheler
Kafkas Cephesi: Osmanlı orduları I",POSITIVE,Positive,0.5123575925827026
Osmanlı,"Osmanlı ordusu; bu cephede Ruslara karşı başlangıçta başarılar kazandıysa da askerî stratejik hatalar, şiddetli kış şartları ve erzak, kıyafet, teçhizat gibi alanlardaki lojistik eksikliği ne -deniyle büyük kayıplar verdi",NEGATIVE,Negative,0.9940051436424255
Osmanlı,"Bu antlaşmaya göre Sovyet Rusya; 93 Harbi ile aldığı Kars, Ardahan ve Batum'u (Elviye-i Selâse) Osmanlı Devleti'ne geri verdi",POSITIVE,Positive,0.5313102006912231
Osmanlı,"Çanakkale Cephesi: İtilaf Devletleri, Osmanlı Devleti'ni savaş dışı bırakmak, Rusya'ya yardım gönderebilmek ve Balkanlar üzerinden İttifak Devletleri'ne karşı yeni bir cephe açmak ama -cıyla Çanakkale Boğazı'na saldırdılar",NEGATIVE,Negative,0.8500194549560547
Osmanlı,"18 Mart 1915'te Çanakkale Boğazı'nı geçmeye çalışan İtilaf donanması, Osmanlı kuvvetleri tarafından durduruldu ve büyük kayıplar vererek çekilmek zorunda kaldı",NEGATIVE,Negative,0.9560012817382812
Osmanlı,"Osmanlı kuvvet -leri, Selmân-ı Pâk ve Kut'ül-Amâre'de İngiliz kuvvetlerini yenilgiye uğrattı",NEGATIVE,Negative,0.7662620544433594
Osmanlı,"Galiçya, Makedonya ve Romanya Cepheleri: Osmanlı Devleti'nin, müttefikleri Bulga -ristan ve Avusturya-Macaristan İmparator -luğu'na yardım etmek için asker gönderdiği cephelerdir",NEGATIVE,Negative,0.6100165247917175
Osmanlı,"Kanal Cephesi: Osmanlı Devleti, Mısır'ı topraklarına kattığını ilan eden İngilizlere karşı 1915'te Süveyş Kanalı'na hücum etti",NEGATIVE,Negative,0.529787003993988
Osmanlı,"Bu cephenin açılmasıyla Osmanlı Devleti, Mısır'ı geri alabilecek, bölge Müslümanla -rının desteğiyle İngilizleri bölgeden uzaklaş -tırabilecek ve İngiltere'nin sömürgeleriyle bağlantısını keserek insan ve ham madde teminini önleyecekti",NEGATIVE,Negative,0.8996288180351257
Osmanlı,İngilizlerin Sina Yarımadası'nı alması üzerine Osmanlı kuvvetleri bu cep -heden çekilmek zorunda kaldı,NEGATIVE,Negative,0.9895609617233276
Osmanlı,"Bunun üzerine Hicaz Emiri Şerif Hüseyin ve kendisine bağlı aşiretler, Osmanlı Devleti'ne isyan etti",NEGATIVE,Negative,0.9644405841827393
Osmanlı,"Osmanlılar isyanları bastır -mak, İngiliz ilerleyişini durdurmak, kutsal yerleri korumak için İngiliz -ler ve Şerif Hüseyin'e bağlı Araplarla savaştı",NEGATIVE,Negative,0.9092978239059448
Osmanlı,Mondros Antlaşması'nın imzalanması ile Osmanlı Devleti bölgeden çekilmek zorunda kaldı,NEGATIVE,Negative,0.89179527759552
Osmanlı,Suriye-Filistin Cephesi: Kanal Cephesi ile Sina Yarımadası'nı ele geçiren ve Filistin istikametine doğru ilerleyen İngilizlere karşı Osmanlı birlikleri Gazze Savaşlarında başarılı oldu,NEGATIVE,Negative,0.7381395101547241
Osmanlı,Dünya Savaşı'nda Osmanlı Devleti'nin savaştığı cephelerle ilgili tabloda boş bırakılan yerleri örnekteki gibi,NEGATIVE,Negative,0.6827702522277832
Osmanlı,"Sömürgeci devletlerin Osmanlı topraklarını savaş henüz devam ederken ele geçirmek için yaptığı gizli antlaşmalar şunlardır:
İstanbul Antlaşması (1915): Fransa, İngiltere ve Rusya arasında imzalandı",NEGATIVE,Negative,0.5354555249214172
Osmanlı,"Dünya Savaşı'nda Osmanlı Zaferleri
Çanakkale Deniz ve Kara Zaferleri
Mustafa Kemal ATATÜRK Ben size taarruzu emretmiyorum, ölmeyi emrediyorum",POSITIVE,Positive,0.9688835144042969
Osmanlı,"11) ol -mak üzere onu takip eden kara savaşlarında kazanılan zafer, Osmanlı Devleti'nin itibarını kurtardı ve I",POSITIVE,Positive,0.529990017414093
Osmanlı,"Necmettin Halil Onan
nut ul-amdre <dlerl (<y Nisan tato)
OSMANLI DEVLETi
Dicle Nehri
Kut'ül-Amâre Zaferi (29 Nisan 1916)
İngilizler, Bağdat'ı almak amacıyla General Townshend (Tavsınd) komutasında Dicle Nehri boyunca harekete geçti ve 26 Eylül 1915'te Bağdat ile Amâre arasındaki Kut şehrini işgal et",NEGATIVE,Negative,0.86531662940979
Osmanlı,İngilizler ve işgale karşı çıkan Osmanlılar arasındaki çarpışmalar Selmân-ı Pâk bölgesinde başladı (Harita 1,NEGATIVE,Negative,0.9634597301483154
Osmanlı,Mücadelelerinde başarılı olamayan İngilizler Kut'ül-Amâ -re'ye çekilirken Albay Halil (Kut) kumandasındaki Osmanlı kuvvetleri 5 Aralık 1915'te bölgeyi kuşattı,NEGATIVE,Negative,0.9135031700134277
Osmanlı,Halil Bey ile General Townshend arasındaki görüşmelerde İngi -lizlerin Osmanlı Devleti'ne kayıtsız şartsız teslim olması konusunda uzlaşmaya varıldı,POSITIVE,Positive,0.723323404788971
Osmanlı,"Osmanlı ile İngiliz kuvvetleri arasındaki bu mücadele, I",NEGATIVE,Negative,0.9263144135475159
Osmanlı,")
Hazar Denizi
Kafkas İslam Ordusu
Azerbaycan; İngiliz güçleri, Bolşevik birlikleri ve Ermeni çetelerin işgaline karşı Osmanlı Hükûmetinden yardım istedi",NEGATIVE,Negative,0.778716504573822
Osmanlı,") 1909 yılında başlayan askerlik hayatı 1911-1912 Osmanlı-İtalyan Savaşı, Balkan Savaşı, Birinci Dünya Savaşı ve Türk Kurtuluş Savaşı'nda çeşitli muharebelerde başarılarla geçmiştir",POSITIVE,Positive,0.8957015872001648
Osmanlı,") Daha sonra Millî Mücadele kadrosunun temelini teşkil edecek olan Mustafa Kemal (Atatürk), Mustafa İsmet (İnönü), Mustafa Fevzi (Çakmak), Ali Fuat (Cebesoy), Refet (Bele), Fahrettin (Altay) Paşalar ve Osmanlı birliklerinin çoğunluğu Filistin Cephesi'nde General Allenby [Alenbi] tarafından sevk ve i",NEGATIVE,Negative,0.8051822185516357
Osmanlı,"Cemal Kemal, Osmanlı'nın Filistin Cephesi'ndeki Son Muharebesi, s",POSITIVE,Positive,0.5818131566047668
Osmanlı,"Otto Liman von Sanders, 1913'te Osmanlı İmparatorluğu'ndaki Alman Askerî Misyon Başkanlığı görevine getirilmiştir",POSITIVE,Positive,0.885007381439209
Osmanlı,Aynı yıl Alman ordusu -nun Osmanlı birliklerine eğitim hizmeti ve lojistik destek vermek amacıy -la oluşturduğu komisyona başkan olarak atanmıştır,NEGATIVE,Negative,0.612898051738739
Osmanlı,"1915 Olayları, Sevk ve İskân Kanunu
Osmanlı Devleti asırlarca adaletle hükmederek farklı dil, din ve ırktan insanı bir arada ve barış içinde yaşatabilme başarısı göstermiştir",POSITIVE,Positive,0.7076127529144287
Osmanlı,Ancak Batılı devletlerin Osmanlı Devleti üzerindeki siyasi ve ekonomik emellerini hayata geçirmek için farklı etnik grupları kışkırtması ülkedeki huzuru bozdu,NEGATIVE,Negative,0.938341498374939
Osmanlı,"Gayrimüslim milletler, millî birliklerini kurabilmek amacıyla Osmanlı Devleti'ne zarar verebilecek faaliyetlere giriştiler",NEGATIVE,Negative,0.9502243399620056
Osmanlı,"Ruslar, 93 Harbi (1877-1878 Osmanlı-Rus Savaşı) sırasında işgal ettikleri şehirlerde yaşayan Ermenileri Osmanlı Dev -leti'ne karşı kışkırtmaya başladı",NEGATIVE,Negative,0.9720950722694397
Osmanlı,Osmanlı Devleti'nin I,NEGATIVE,Negative,0.9194504618644714
Osmanlı,Bu olaylar karşı -sında Osmanlı Devleti çeşitli tedbirler almak zorunda kaldı,NEGATIVE,Negative,0.9517236948013306
Osmanlı,Alınan tüm tedbirlere rağmen Ermeni Olayları durulmayınca Osmanlı Devleti 27 Mayıs 1915'te Sevk ve İskân Kanunu 'nu çıkardı,NEGATIVE,Negative,0.9905739426612854
Osmanlı,"Bu kanuna göre hükûmet emirlerine, ülke bütünlüğü ve güvenliğine karşı hareket eden, terör hareketlerine katılan Ermeniler; Osmanlı toprağı olan Suriye ile Irak'a göçe tabi tutuldu",NEGATIVE,Negative,0.7191365957260132
Osmanlı,Dünya Savaşı'nın sona ermesiyle Osmanlı Hükûmeti sevk ve iskâna tabi tutulan Ermenilerden isteyenlerin eskiden yaşadıkları yerlere dönebilmesi için 31 Aralık 1918'de Geri Dönüş Kararnamesi çıkardı,NEGATIVE,Negative,0.5037301182746887
Osmanlı,"Osmanlı Hükûmeti, Ermenileri katletme düşüncesinde olmadan, savaş sırasında devletin güvenliği için ve tedbiren zorunlu göç uygulamıştır",NEGATIVE,Negative,0.6845341324806213
Osmanlı,"Bu süreçte Osmanlı Devleti'nin kararları ve uygulamaları, asılsız Ermeni iddialarını gerçek -leştirmiş bir devletin adımları değildir",NEGATIVE,Negative,0.9290955066680908
Osmanlı,"Öte yan -dan İngilizler, soykırımla suçladıkları Osmanlı ileri gelenlerinden pek çoğunu Malta'ya göndermiş, yargılamış ancak mahkeme sonunda suçlayacak bir delil bulamamışlardır",NEGATIVE,Negative,0.9341161847114563
Osmanlı,"Osmanlı Devleti'nin aldığı bütün tedbirlere rağmen ulaşım güçlüğü, olumsuz hava koşulları, salgın hastalık gibi nedenlerle göç sırasında hayatını kaybeden Ermeniler olmuştur",NEGATIVE,Negative,0.9940231442451477
Osmanlı,Oysaki o dönemde Osmanlı Devleti'nin toplam nüfusu içinde bile o kadar Ermeni bulunmamaktadır,NEGATIVE,Negative,0.6002343893051147
Osmanlı,"Dolayısıyla söz konusu iddiaya bakarak Osmanlı Devleti'ni kasıtlı, planlı ve insanlık dışı bir eylemle suçlamak tarihî gerçeklerle bağdaşmamaktadır",NEGATIVE,Negative,0.9974810481071472
Osmanlı,Osmanlı Devleti Sevk ve İskân Kanunu'nu uygularken nelere dikkat etmiştir,POSITIVE,Positive,0.6280257701873779
Osmanlı,Dünya Savaşı yıllarındaki sancılı süreç Osmanlı Devleti'nin top -lumsal hayatında büyük sıkıntılara neden oldu,NEGATIVE,Negative,0.992996871471405
Osmanlı,"Dünya Savaşı ve Osmanlı Devleti'nin Gündelik Hayatından Kesitler, s",POSITIVE,Positive,0.7644945979118347
Osmanlı,"Başbakanlık Devlet Arşivleri Genel Müdürlüğü Osmanlı Arşivi Daire Başkanlığı, Yayın No: 130",POSITIVE,Positive,0.7386461496353149
Osmanlı,"Kars, Ardahan ve Batum Osmanlı İmparatorluğu'na geri verilmiştir",NEGATIVE,Negative,0.8122783303260803
Osmanlı,"Savaşın sonunda Osmanlı Devleti, Almanya, Avusturya-Macaristan İmparatorluğu ve Çarlık Rusyası yıkıldı",NEGATIVE,Negative,0.5740862488746643
Osmanlı,Osmanlı Devleti'nin müttefiki Bulgaristan'ın savaştan çekil -mesi ve İngilizlerin İstanbul'a yönelmesi Osmanlı Devleti'ni zor durumda bırak -tı,NEGATIVE,Negative,0.9890350699424744
Osmanlı,Osmanlı ordularında bulunan bütün harp gemileri teslim edilecek ve Osmanlı Devleti limanlarında alıkonulacak,POSITIVE,Positive,0.6351083517074585
Osmanlı,"Osmanlı Devleti'ni fiilen yok sayan bu antlaşmanın imzalanmasının ardından İtilaf Devletleri, Osmanlı Devleti topraklarını işgal etmeye başladı",NEGATIVE,Negative,0.7224248051643372
Osmanlı,"Osmanlı Devleti'nde Türklerin çoğunlukta oldukları bölgelerin ba -ğımsızlığı sağlanacak, Türklerin egemenliği altında bulunan diğer unsurlara da özerk gelişme imkânları verilecek, Türk Boğazları ulus -lararası garanti altında tüm devletlerin ticaret gemilerine açılacak (12",NEGATIVE,Negative,0.6866768598556519
Osmanlı,"Yıldırım Orduları Komutanı Mustafa Kemal Paşa ve cephe komutanları, bu antlaşma ile Osmanlı Devleti'nin düşmanlara kayıtsız şartsız teslimiyete razı olduğu gerekçesiyle hükûme -ti sürekli uyarmakta ve memleketin müdafaası için tedbirler düşünmekteydi",POSITIVE,Positive,0.8842526078224182
Osmanlı,") mağlup devletlere (Osmanlı Devleti, Avusturya-Macaristan İm -paratorluğu, Almanya ve Bulgaristan) imzalatacakları barış antlaş -malarının esaslarını görüşmek ve savaş sonrası oluşacak yeni dünya düzeninin temellerini kurmak üzere toplandıkları uluslararası bir konferanstır",POSITIVE,Positive,0.969293475151062
Osmanlı,"Savaş yıllarında İtilaf Dev -letleri'nin aralarında yaptıkları gizli antlaşmaların yanı sıra Osmanlı ülkesindeki Türk olmayan unsurların da toprak talebinde bulunmaları nedeniyle konferansta en çok tartışılan konu, Osmanlı topraklarının paylaşılması oldu",NEGATIVE,Negative,0.9623017907142639
Osmanlı,Galip devletlerin çıkar çatışmaları nedeniyle Osmanlı Devleti ile imzalayacakları barış antlaşması sonraya bırakıldı,NEGATIVE,Negative,0.8879549503326416
Osmanlı,"ÖLÇME VE DEĞERLENDİRME
İttihat ve Terakki
Brest-Litovsk
Anafartalar
Grup Komutanı
31 Mart Vakası
Monroe Doktrini
Osmanlıcılık
Vatan ve Hürriyet
Londra Antlaşması
Dili, dini ve ırkı ne olursa olsun Osmanlı ülkesinde yaşayan
herkesi Osmanlı milleti kabul eden fikir akımı
Rusya'nın I",NEGATIVE,Negative,0.7546508312225342
Osmanlı,"Dünya Savaşı'ndan çekildiği antlaşma
Osmanlı Devleti'nin I",NEGATIVE,Negative,0.8353020548820496
Osmanlı,"Dünya Savaşı'nda savaştığı ilk cephe
Bakü'yü Bolşevik ve Ermeni işgalinden kurtaran Osmanlı komutanı
Mustafa Kemal'in Şam'da kurduğu cemiyet
Meşrutiyet'in ortadan kaldırılmasını isteyen gelenekçi kitlenin çı
kardığı isyan
Meşrutiyet'in ikinci kez ilanında etkili olan cemiyet
Osmanlı Devleti'nin I",NEGATIVE,Negative,0.9341375827789307
Osmanlı,yüzyılın başında Osmanlı ekonomisini etkileyen kurumları belirtiniz,POSITIVE,Positive,0.6208369731903076
Osmanlı,Osmanlı Devleti'nin I,NEGATIVE,Negative,0.9194504618644714
Osmanlı,"ÖLÇME VE DEĞERLENDİRME
İtilaf Devletleri'nin Osmanlı coğrafyasında Rusya'ya yardım ulaştırmak amacıyla açtığı cephe aşa- ğıdakilerden hangisidir",NEGATIVE,Negative,0.7584447264671326
Osmanlı,Balkan Savaşı'nda Osmanlı orduları Balkan devletlerine ağır şekilde yenilmiştir,NEGATIVE,Negative,0.9110891222953796
Osmanlı,"İletişim ve koordi - nasyon sağlayamayan Osmanlı ordusu, büyük kayıplar vermiş ve Midye-Enez hattının doğusuna kadar çekilmiştir",NEGATIVE,Negative,0.9906554818153381
Osmanlı,"İç çekişmelerin devletin savunmasını zayıflattığı
Osmanlı Devleti'nin Balkanlardaki egemenliğini devam ettirdiği
C) Osmanlı ordusunun yenilik karşıtı olduğu
Osmanlı Devleti'nin Doğu Trakya'yı kaybettiği
Osmanlı ordusunun eski gücünü koruduğu
Mustafa Kemal, Trablusgarp Savaşı'nda Derne ve Tobruk bölg",NEGATIVE,Negative,0.8488457798957825
Osmanlı,"İtalya, Trablusgarp'ı Osmanlı Devleti'ne bırakarak geri çekilmiştir",NEGATIVE,Negative,0.7992682456970215
Osmanlı,Osmanlı ordusu dağıtılacaktır,NEGATIVE,Negative,0.9751078486442566
Osmanlı,Sanayileşen ülkeler ham madde ihtiyaçlarını karşılamak için Osmanlı topraklarına yönel -miştir,NEGATIVE,Negative,0.984162449836731
Osmanlı,"Osmanlı Devleti, Fransız İhtilali'nden sonra Avrupalı devletler tarafından desteklenen azınlık isyanları ile önemli toprak kayıpları yaşamıştır",NEGATIVE,Negative,0.9811373949050903
Osmanlı,"Yabancı devletlerin Osmanlı Devleti'nin iç işlerine karışması
Osmanlı aydınlarının yeni bir devlet kurmak için harekete geçmesi
Kaybedilen topraklarda yaşayanların Anadolu'ya göç etmesi
Osmanlı Devleti'nin sınırlarının daralması
Osmanlı topraklarının Avrupalı devletlerin açık pazarı hâline gelmesi
M",NEGATIVE,Negative,0.9833589196205139
Osmanlı,"Kültürel çeşitliliğin görülmesine
Milliyetçilik akımının etkilerinin görülmesine
Osmanlı Devleti'nin İslamcılık fikrini devlet politikası hâline getirmesine
Mustafa Kemal'in fikir hayatının şekillenmesine
Yabancı devletlerin Osmanlı Devleti'nin iç işlerine karışmasına
Aşağıdakilerden hangisi Mustafa",NEGATIVE,Negative,0.776785671710968
Osmanlı,"İtilaf Devletleri'nin daha fazla cephede savaşmak zorunda kalması
Osmanlı Devleti'nin I",NEGATIVE,Negative,0.9806507229804993
Osmanlı,"A) Yalnız l B) Yalnız II C) Yalnız III D I ve III E) I, II ve III
'Balkan Savaşlarından önce İttihatçılar, Osmanlı Devleti'nin emperyalist İtilaf Devletleri tarafından parçalanacağına kesin olarak karar verdikleri için bunlardan biriyle ittifak yapma çareleri aradılar",NEGATIVE,Negative,0.5030156970024109
Osmanlı,Buna göre Osmanlı Devleti'nin I,NEGATIVE,Negative,0.7131763100624084
Osmanlı,Osmanlı devlet adamları devletin kurtuluşu için siyasi çözümler aramıştır,NEGATIVE,Negative,0.8866075277328491
Osmanlı,Emperyalist devletlerin Osmanlı Devleti'nin paylaşımına yönelik tehditleri vardır,POSITIVE,Positive,0.5934190154075623
Osmanlı,Osmanlı Devleti'nin kurtuluşu emperyalist politikalar güden devletlerde aranmıştır,NEGATIVE,Negative,0.8838084936141968
Osmanlı,"BAŞLANGIÇ SORUSU
OSMANLI DEVLI
Bir mücadeleyi 'millî' kılan unsurlar neler olabilir",NEGATIVE,Negative,0.8174899816513062
Osmanlı,"Asıl adı Osman Nevres olan Gazeteci-Yazar Hasan Tahsin, Osmanlı Devleti'nin istihba -rat örgütü 'Teşkilat-ı Mahsusa'nın üyesidir",NEGATIVE,Negative,0.9180760979652405
Osmanlı,"Teâlî-i İslam Cemiyeti: İngilizler tarafından desteklenen ve Osmanlı Devleti'nin dinî esaslara bağlı kalınarak kurtarılabile -ceği düşüncesindeki cemiyet, saltanat ve hilafetin güçlendiril -mesi gerektiğini savundu",NEGATIVE,Negative,0.9879180788993835
Osmanlı,"Yahudilerin Kurduğu Cemiyetler
Alyans İsrailit ve Makabi Cemiyetleri: Filistin'de bir Yahudi devleti kurmak amacındaki bu cemiyetler Osmanlı Devleti'n -de yaşayan Yahudilerin ticari çıkarları için faaliyet gösterdiler",NEGATIVE,Negative,0.9399553537368774
Osmanlı,"Kars İslam Şûrası: Osmanlı orduları Mondros Ateşkes Antlaşması'nın hükümlerine göre 'Elvi -ye-i Selâse'den (Kars, Ardahan, Batum) çekilmek zorunda kalınca Ermenistan ve Gürcistan Cumhuri -yetlerinin istilasına engel olmak üzere Wilson İlke -leri'ne göre toplandı",NEGATIVE,Negative,0.7648859024047852
Osmanlı,Trabzon'un 1461'te Fatih Sultan Mehmet tarafından fethiyle Trabzon Komnenos Krallığı sona erdi ve bölge Osmanlı Devleti'ne bağlandı,NEGATIVE,Negative,0.5969995260238647
Osmanlı,"Bunun üzerine Osmanlı Hükûmeti, Mustafa Kemal'i 9",NEGATIVE,Negative,0.7680714726448059
Osmanlı,"Her türlü yabancı işgal ve müdahalesine karşı hatta Osmanlı Hükûmetinin dağılması hâlinde millet, kendisini topyekûn savunacak ve direnecektir",POSITIVE,Positive,0.8257425427436829
Osmanlı,"Son Osmanlı Mebusan Meclisi ve Misak-ı Millî
Amasya Görüşmeleri'nde Mebusan Meclisinin açılması ka -rarı doğrultusunda yapılan seçimleri Anadolu'nun genelin -de Müdâfaa-i Hukuk Cemiyeti adayları kazandı",NEGATIVE,Negative,0.6438794136047363
Osmanlı,12 Ocak 1920'de İstan -bul'da toplanan son Osmanlı Mebusan Meclisinde Mustafa Kemal'in Misak-ı Millî'nin ilan edilmesi dışındaki istekleri gerçekleşmedi,NEGATIVE,Negative,0.9563336968421936
Osmanlı,Dünya Savaşı'ndan sonra toplanan Paris Barış Konferansı'n -da Osmanlı Devleti'nin paylaşılmasıyla ilgili konularda uzlaşıya varılamadığından Osmanlı Devleti ile ilgili herhangi bir karar alınmadı,NEGATIVE,Negative,0.9429221749305725
Osmanlı,"Osmanlı Devleti, Ahmet Tevfik Paşa başkanlığında bir heyeti Pa -ris'e gönderdi (Görsel 2",NEGATIVE,Negative,0.658738374710083
Osmanlı,Antlaşma koşullarının ağırlığı karşısında Osmanlı Devleti'nin çekimser davranması üzerine Yunan kuvvetleri 22 Haziran 1920'de taarruza geçti,NEGATIVE,Negative,0.8802050948143005
Osmanlı,Buna rağmen Paris'e giden Osmanlı Heyeti ve İtilaf Devletleri arasında 10 Ağustos 1920'de Sevr Antlaşması imzalandı,NEGATIVE,Negative,0.9509098529815674
Osmanlı,"Edirne istanbul
Sevr Antlaşması'nın Bazı Maddeleri
İstanbul ve çevresi Osmanlı Devleti'ne bırakılacak ancak antlaşma hükümlerine uyulmazsa İstanbul Osmanlı Devleti'nden alınacak",NEGATIVE,Negative,0.6966596841812134
Osmanlı,"Hatay
Boğazlar, Osmanlı Devleti'nin üye olmadığı 'Boğazlar Komisyonu' adlı uluslararası bir örgütün yönetimi altında ve bütün devletlerin gemilerine açık olacak",POSITIVE,Positive,0.9421335458755493
Osmanlı,Osmanlı silahlı kuvvetlerindeki asker sayısı en çok 50,NEGATIVE,Negative,0.702519953250885
Osmanlı,Kapitülasyonlardan tüm İtilaf Devletleri yararlanacak ve Osmanlı Devleti savaş tazminatı ödeyecek,NEGATIVE,Negative,0.580124020576477
Osmanlı,"Yunan idari bölgesi
— Türkiye'nin günümüz sinirlari
Sevr Antlaşması'na göre Osmanlı Devleti sınırları aşağıdaki haritada (Harita 2",NEGATIVE,Negative,0.7562153935432434
Osmanlı,"Gümrü Antlaşması'na göre
Osmanlı hududu dâhilinde Ermeni ekseriyetini içeren hiçbir arazi parçası mevcut değildir",NEGATIVE,Negative,0.8880670070648193
Osmanlı,"Güney Cephesi
Osmanlı topraklarının işgalinde savaş sürecindeki gizli diplomasi etkili oldu",NEGATIVE,Negative,0.9831027984619141
Osmanlı,"Cemile Şahin ve Mustafa Şahin, Osmanlı Son Dönemi ile Millî Mücadele Yıllarında Türk Kadınının Sosyal, Siyasi ve Askerî Faaliyetleri, s",NEGATIVE,Negative,0.8674377799034119
Osmanlı,"Osmanlı sal -tanatını i'lâ için 'Karesi'nin [Balıkesir], bu kahraman İslâm muhitinin vaktiyle ne büyük fedakârlıklar gösterdiği herkesin malumudur",POSITIVE,Positive,0.5579126477241516
Osmanlı,"Buna göre
Bir tarafın tanımadığı antlaşmayı diğer taraf da tanımayacak,
Kars ve Ardahan TBMM'ye, Batum ise Gürcistan'a bırakılacak,
Sovyet Rusya, Misak-ı Millî'yi tanıyacak ve kapitülasyonlardan vazgeçecek,
Boğazların geleceğine Karadeniz'e kıyısı olan ülkelerin katılacağı konferansta karar verilece",NEGATIVE,Negative,0.6063523888587952
Osmanlı,"Müttefikler; Osmanlı Devleti üzerindeki ekonomik imtiyaz -larından, Boğazlar üzerindeki hâkimiyetlerinden, Hatay ve Musul konularından ödün vermek istemediler",NEGATIVE,Negative,0.6082664132118225
Osmanlı,"16), Lozan Antlaşması'nın 'Türk milleti aleyhine yüzyıllardan beri takip edilen ve Sevr Antlaşma -sı'yla tamamlandığı zannedilen yok etme faaliyetlerine set çeken bir belge niteliği taşıdığı ve Osmanlı tarihinde benzeri bulunmayan siyasi bir zafer eseri olduğu' düşüncesindedir",POSITIVE,Positive,0.9283770322799683
Osmanlı,Misak-ı Millî'ye göre Osmanlı Devleti toprağı sayılmasına rağmen günümüzde Türkiye sınırları dışın - da kalan yerleri belirtiniz,NEGATIVE,Negative,0.6374567151069641
Osmanlı,Saltanatın kaldırılmasıyla Osmanlı Devleti hukuken sona erdi,POSITIVE,Positive,0.5478981137275696
Osmanlı,Halifelik makamı siyasi yetkilerinden arındırılarak Osmanlı hanedanında bırakıldı,POSITIVE,Positive,0.7750841379165649
Osmanlı,"Halifeliğin Kaldırılması (3 Mart 1924)
1 Kasım 1922'de saltanat ile halifelik kurumlarının birbirinden ayrılması ve sal -tanatın kaldırılması sonrasında Osmanlı hanedanından Abdülmecit Efendi (Gör -sel 3",NEGATIVE,Negative,0.9782142639160156
Osmanlı,Devlet sisteminde var olan ikiliği ortadan kaldırmak amacıyla Halife Abdülmecit Efendi ve bütün Osmanlı hanedanı aynı kanunla yurt dışına çıkarıldı,NEGATIVE,Negative,0.9462217688560486
Osmanlı,Osmanlı Devleti'nde örfi ve şeri hukuk sistemleri uygulanıyordu,POSITIVE,Positive,0.9263381361961365
Osmanlı,Ancak Osmanlı Devleti'nin hukuk sistemindeki bütün bu uygulama farklılıkları hukuk birliğine engel teşkil etmekteydi,NEGATIVE,Negative,0.7306206822395325
Osmanlı,"Mustafa Kemal ATATÜRK
Osmanlı Devleti'nde eğitim öğretim asırlarca geleneksel tarzda sürdürüldü",POSITIVE,Positive,0.7585986852645874
Osmanlı,"Mustafa Kemal ATATÜRK
Osmanlı Devleti'nde eğitim öğretim alanında birlik yoktu",POSITIVE,Positive,0.9461849331855774
Osmanlı,"Üniversite Reformu (1933)
Osmanlı Devleti'nde Batılı anlamda ilk yükseköğretim kurumu Darülfünundur",NEGATIVE,Negative,0.85927414894104
Osmanlı,"Tekke, Zaviye ve Türbelerin Kapatılması (30 Kasım 1925)
Selçuklu ve Osmanlı Devleti Dönemlerinde öncelikle dinî olmak üzere sosyal, kültürel, ekonomik işlevler yük -lenen tekke ve zaviyeler; zamanla bütün kurumlar gibi bozulmalardan etkilenmiş, kuruluş gayesinden uzak -laşmıştı",NEGATIVE,Negative,0.9920690059661865
Osmanlı,"Osmanlı Devleti'nin dinî ve toplumsal hayatında tekke, zaviye ve türbeler önemli yer tutmaktaydı",POSITIVE,Positive,0.9791166186332703
Osmanlı,"1868'de 'savaş alanında yaralanan ya da hastalanan askerlere hiçbir ayrım gözetmeksizin yardım etmek arzu -su' ile kurulan Osmanlı Yaralı ve Hasta Askerlere Yardım Cemiyeti; 1877'de Osmanlı Hilâl-i Ahmer Cemiyeti, 1923'te ise Türkiye Hilâl-i Ahmer Cemiyeti adını aldı",POSITIVE,Positive,0.5501916408538818
Osmanlı,Böylece Osmanlı Devleti'nin hanedan-kul anlayışının yerini devlet-yurttaş anlayışı almıştır,NEGATIVE,Negative,0.5109977722167969
Osmanlı,"O dönemeci iki büyük olgu belirliyordu: Fransız Büyük Devriminin temel ilkeleri olan insan hakları, özgürlük, bağımsızlık ve ulusallık gibi kavramların Avrupa'dan sonra Asya'da da yayılıp etkilerinin artması ve yüzyılların gerisinden gelen Osmanlı İmpara -torluğu'nun parçalanıp çöküşünün hızlanması",POSITIVE,Positive,0.7838589549064636
Osmanlı,"Bu tarihsel dönemeç, Mustafa Kemal'i çökmekte olan Osmanlı İmparatorluğu'nun yerine, ulusal değer -lere ve çağdaş ilkelere dayanan yeni bir Türkiye'nin kurulmasını düşünmeye sürüklemiş ve O'nun düşün -celerinin mayasını oluşturmuştur",POSITIVE,Positive,0.9845936298370361
Osmanlı,Teze göre 'Türk milletinin tarihi şimdiye kadar tanıtılmak istendiği gibi yalnız Osmanlı tarihinden ibaret değildir,NEGATIVE,Negative,0.9688699841499329
Osmanlı,Osmanlı Devleti'nden kalan eğitim kurumları faaliyetlerine devam etmiştir,NEGATIVE,Negative,0.8528016209602356
Osmanlı,3 Mart 1924'te halifeliğin kaldırılması ve Osmanlı hanedanının yurt dışına gönderilmesi hakkındaki kanun kabul edilmiştir,POSITIVE,Positive,0.6966030597686768
Osmanlı,"Büyük Selçuklu Devleti, Irak Selçuklu Devleti, Karakoyunlular, Akkoyunlular, Safevîler ve Osmanlı Devleti bölgeye hâkim olmuşlardır",POSITIVE,Positive,0.6753454208374023
Osmanlı,"Gayrimüslimler, bölgedeki Müslümanlara oranla çok az sayıda olmalarına rağmen yüzyıllar boyu Osmanlı Devleti tarafından himaye edilmiş ve vatandaş -lık haklarından eşit şekilde faydalanmışlardır",POSITIVE,Positive,0.5002985596656799
Osmanlı,Lozan Konferansı'nda görüşüldüğü hâlde Türkiye ile Fransa arasında tekrar gündeme gelen konulardan biri de Osmanlı borçları ydı,NEGATIVE,Negative,0.9902826547622681
Osmanlı,Osmanlı Devleti en fazla Fransa'ya borçlanmıştı,NEGATIVE,Negative,0.8300253748893738
Osmanlı,13 Haziran 1928'de Türkiye adına Fethi Bey ile Düyûn-ı Umûmiye İdaresi adına hareket eden temsilciler arasındaki protokole göre Osmanlı borçlarının ödenmesi belirli bir sisteme bağlandı,POSITIVE,Positive,0.8682082295417786
Osmanlı,"Türki -ye, Osmanlı Devleti′nden kalan borçlarının son taksidi -ni 1954'te ödedi",POSITIVE,Positive,0.6999462246894836
Osmanlı,Osmanlı borçları sorununun çözülmesinden sonra Tür -kiye ile Fransa arasındaki en önemli anlaşmazlık Mi -sak-ı Millî sınırları içerisindeki İskenderun Sancağı (Ha -tay) nedeniyle yaşandı,NEGATIVE,Negative,0.9555855989456177
Osmanlı,"Osmanlı borçlarından kaynaklanan sorunlar, 1928'de Türkiye'nin bu borçların büyük bölümünü üstlenmesiyle çözüme kavuştu",NEGATIVE,Negative,0.7737471461296082
Osmanlı,"İlk kongresini 1897 yılında düzenleyen Dünya Siyonist Örgütü, Filistin'i Yahudilere vermesi karşılığında Padişah Abdülhamit'e Osmanlı dış borçlarının bir kısmını ödemeyi teklif etmiş ancak teklif padişah tarafından kabul edilmemişti",NEGATIVE,Negative,0.9717947244644165
Osmanlı,"Dünya Savaşı sırasında Osmanlı Devleti'nin bölgedeki etkisi azalınca İngiliz Hükûmeti, Balfour (Balfur) Deklarasyonu (2 Kasım 1917) ile Filistin topraklarında bağımsız bir İsrail Devleti kurulmasını desteklediğini duyurmuştu",NEGATIVE,Negative,0.6977869868278503
Osmanlı,"1571'de Osmanlı Devleti topraklarına katılan Kıbrıs, Anadolu'nun ve Doğu Akdeniz'in güvenliğini sağlayarak bölgede Osmanlı hâkimiyetini güçlendirmekteydi",POSITIVE,Positive,0.8826569318771362
Osmanlı,"1877-1878 Osmanlı-Rus Savaşı sonrasında Kıbrıs, hü -kümranlık hakkı Osmanlı'da kalmak kaydıyla İngiltere'ye bırakıldı",NEGATIVE,Negative,0.7767484188079834
Osmanlı,Dünya Savaşı'nda Osmanlı ve İngiltere farklı saflarda yer alınca İngiltere Kıbrıs'ı topraklarına kattığı -nı duyurdu,POSITIVE,Positive,0.6226712465286255
Osmanlı,"Batı Trakya Türklerinin Sorunları
Balkan Savaşları sonrasında Osmanlı Devleti, 1913'teki İstanbul Antlaşması ile Batı Trakya'yı Bulgaristan'a bırak -mıştı",NEGATIVE,Negative,0.956903338432312
Osmanlı,"Osmanlı Dönemi'nden kalma Mostar Köprüsü başta olmak üzere cami, vakıf, medrese, tekke gibi yüzlerce mimari eser Sırplar tarafından tahrip edildi; kütüphaneler yakıldı",NEGATIVE,Negative,0.9984840750694275
Osmanlı,"Arap Baharı
Dünyanın önemli petrol ve doğal gaz tedarik bölgelerinden Orta Doğu coğrafyası, Osmanlı idaresinden sonra Ba -tı'nın menfaatlerine hizmet edecek şekilde düzenlendi",POSITIVE,Positive,0.5931752324104309
Osmanlı,"Başbakanlık Devlet Arşivleri Genel Müdürlüğü Osmanlı Arşivi Daire Başkanlığı, Yayın No: 14",POSITIVE,Positive,0.6547988057136536
Osmanlı,"Başbakanlık Devlet Arşivleri Genel Müdürlüğü Osmanlı Arşivi Daire Başkanlığı, Yayın No: 130",POSITIVE,Positive,0.7386461496353149
Kürt,"Kürt Teâlî-i Cemiyeti: Bu cemiyet, Wilson İlkeleri'ne dayanarak Doğu Anadolu'da bağımsız bir Kürt devleti kurmayı hedefledi",NEGATIVE,Negative,0.838608980178833
Kürt,"yüzyıl başlarında Musul bölgesinde Türk, Arap ve Kürt Müslümanların yanı sıra Süryânî, Keldânî, Musevi gibi gayrimüslimler de bulunmaktadır",NEGATIVE,Negative,0.6553645133972168
Ermeni,Ermeni sorunu gerçeği,NEGATIVE,Negative,0.9972346425056458
Ermeni,"Ermeni Sorunu Gerçeği Konferansı (25 Mart 2005), TBMM Basımevi",NEGATIVE,Negative,0.9467587471008301
Ermeni,Bu süreçte Ermeniler ve Gürcüler de Doğu Roma ordusuna askerî destek verdi,NEGATIVE,Negative,0.7535834908485413
Ermeni,"Selçuklu ordusu, 18 Eylül 1048'de Erzurum civarındaki Pasinler Ovası'nda Rum, Ermeni, Gürcü ve Abaza kuvvetlerinden oluşan elli bin kişilik bir orduyla karşılaştı",NEGATIVE,Negative,0.7435894012451172
Ermeni,"Fetihten sonra İstanbul'daki Ortodoks Patrikliği varlığını devam ettirmiş, Ermeni Patrikliği de Bursa'dan İstanbul'a taşınmıştır",POSITIVE,Positive,0.7596595287322998
Ermeni,"Osmanlı topraklarında daha önce Yahudi, Ermeni ve Rumlar tarafından da matbaa kurulmuştu fakat ilk Türk matbaasını kuran İbrahim Müteferrika olmuştur",POSITIVE,Positive,0.6944629549980164
Ermeni,yüzyılda Ermeniler ve Rumlar da matbaa kurmuştu,POSITIVE,Positive,0.8135160207748413
Ermeni,"Bu çerçevede Osmanlı tebaası olan Rumlar, Ermeniler ve Museviler dinî kimliklerini esas alan okullar kurmuşlardı",NEGATIVE,Negative,0.6214101314544678
Ermeni,"yüzyıla gelindiğinde Osmanlı topraklarındaki Rum, Ermeni ve Musevi okullarının yanı sıra Fransız, İngiliz, İtalyan, Alman, Rus ve Amerikan okullarının (Görsel 3",POSITIVE,Positive,0.581298828125
Ermeni,Ayrıca Berlin Konferansı'yla asılsız Ermeni iddiaları uluslararası boyutu olan bir problem alanı olarak ortaya çıktı,NEGATIVE,Negative,0.6822308301925659
Ermeni,"Ermenilerin Sevk ve İskânı
93 Harbi'nden sonra Osmanlı Devleti'nin siyasi varlığının Avrupalı devletlerce tehdit edilmesine yol açan bir diğer konu da asılsız Ermeni iddiaları olmuştur",NEGATIVE,Negative,0.9822443127632141
Ermeni,"Asılsız Ermeni iddiaları, Şark Meselesi'nin unsurlarından biri olarak suni bir şekilde ortaya çıkarılmış ve Osmanlı Devleti'ni parçalamak mak sadıyla kullanılmıştı",NEGATIVE,Negative,0.9985368251800537
Ermeni,"Ermeniler, Osmanlı devlet yöneticileri tarafından sadık millet anlamına gelen 'millet-i sadıka' olarak nitelenmişti",NEGATIVE,Negative,0.8629507422447205
Ermeni,Osmanlı tolerans kültürü çerçeve sinde inançlarına ve kültürlerine müdahale edilmeyen Ermeniler bu şartlar altında millî benliklerini yüzyıllarca koruma imkânı bulmuştu,NEGATIVE,Negative,0.9412439465522766
Ermeni,Bu mak satla Ermeni kiliselerini ve okullarını kullanarak komiteler (çete) oluşturdular,NEGATIVE,Negative,0.9656801819801331
Ermeni,"Rusya, kurulmasına yardımcı olacağı Ermeni devleti üzerinden güneye inme amacı gütmüştü",NEGATIVE,Negative,0.9862998127937317
Ermeni,Rusya'nın 93 Harbi sonrasında Ermeni halkı üzerinde etkin olmaya başlaması İngiltere'yi bu konuda politika geliştirmeye itti,NEGATIVE,Negative,0.8569770455360413
Ermeni,Bölgede değiştirilmeye çalışılan siyasi dengeye seyirci kalmak istemeyen Fransa ve ABD de asılsız Ermeni iddialarını kullanarak Osmanlı iç işlerine müdahale etti,NEGATIVE,Negative,0.9921392798423767
Ermeni,Yabancı güçlerden aldığı yardım ve cesaretle isyan eden Ermeni çeteleri Anadolu'da terör estirmeye başlayınca Osmanlı Devleti sert tedbirler almak zorunda kaldı,NEGATIVE,Negative,0.940773069858551
Ermeni,"Atatürk, sevk ve iskanla ilgili bir soruya, yazılı olarak şu cevabı vermiştir:
''Düşmanca ithamda bulunanların sürdürdükleri büyük mübalağalar dışında, Ermenilerin [sevk ve iskânı] meselesi aslında şuna inhisar etmektedir:
Rus ordusu 1915'te bize karşı büyük taarruzunu başlattığı bir sı rada, o zama",NEGATIVE,Negative,0.5267941951751709
Ermeni,"Bu cinayetleri işleyen ve saflarına eli silah tutabilen bütün Ermeni leri katan çeteler; silah, cephane ve iaşe ikmallerini Ermeni köyle rinden yapıyorlardı",NEGATIVE,Negative,0.9640876650810242
Ermeni,"İngiltere'nin, sulh zamanında ve harp sahasından uzak olarak İr landa'ya reva gördüğü muameleye hemen hemen kayıtsız bir şekilde bakan dünya kamuoyu, Ermeni ahâlinin sevk ve iskânı hususunda almaya mecbur kaldığımız karar için bize karşı haklı bir ithamda bu lunamaz",NEGATIVE,Negative,0.9483488202095032
Ermeni,Atatürk'ün cevabını yorumlayarak asılsız Ermeni iddialarının günümüzde nasıl algılanması gerektiğini adalet ve vatanseverlik bağlamında,NEGATIVE,Negative,0.7084437012672424
Ermeni,Asılsız Ermeni iddialarına karşı günümüzde ne tür politikalar geliştirilmelidir,NEGATIVE,Negative,0.8710599541664124
Ermeni,Ayrıca 1878 Berlin Antlaşması'yla asılsız Ermeni iddialarını gündeme sokarak doğuda kukla bir Ermenistan kurmayı amaçlamıştı,NEGATIVE,Negative,0.9860162138938904
Ermeni,Abdülhamit'in 93 Harbi'yle başlayan saltanatı (1876-1909) Ermeni (Görsel 4,NEGATIVE,Negative,0.9976959824562073
Ermeni,"Bulgar ve Arnavutlar ile az sayıdaki Rum, Makedon, Ermeni ve Yahudi de Hareket Ordusu'na katılmıştı",NEGATIVE,Negative,0.5562170147895813
Ermeni,Ermeni sorununa bir bakış,NEGATIVE,Negative,0.7023462653160095
Ermeni,"Dúnya Sevag/ndan ceklolp antlagma
Osmanh Devlet'nin I, Dúnya Savag/nda savaphip llk cephe
Bakü/yü Bolgevik ve Ermeni ueplinden kurtaran Ostani komutane
Mustafa KemaT'in Sam'de kurdußu cemiyet
Megrutiyet'in ortadan kaldinimases lsteyen geleneligi kitlenin p-
20",NEGATIVE,Negative,0.8366580605506897
Ermeni,"Dünya Savagé nun Sonuçian
ANAHTAR KAVRAMLAR
Emperyalizm
Ordusunu Bakú ve Azerbaycanin diger Merini Ermeni ve tard (Oirsel 1",NEGATIVE,Negative,0.986486554145813
Ermeni,")
Hazar Denizi
Kafkas İslam Ordusu
Azerbaycan; İngiliz güçleri, Bolşevik birlikleri ve Ermeni çetelerin işgaline karşı Osmanlı Hükûmetinden yardım istedi",NEGATIVE,Negative,0.778716504573822
Ermeni,"Bunun üzerine Nuri (Killigil) Paşa, kurduğu Kaf -kas İslam Ordusunu Bakü ve Azerbaycan'ın diğer illerini Ermeni ve Bolşevik çetelerden kurtarmak için görev -lendirdi",NEGATIVE,Negative,0.8152202367782593
Ermeni,"Kafkas İslam Ordusu, otuz saat süren şiddetli muharebelerden sonra 15 Eylül 1918'de Bakü'yü Ermeni zulmünden kurtardı (Görsel 1",NEGATIVE,Negative,0.7506825923919678
Ermeni,"Ancak Azerbaycan toprakla -rının Dağlık Karabağ'ı da içine alan %20'lik kısmı, Ermeniler tarafından herhangi bir hukuki dayanak olmaksızın işgal edildi",NEGATIVE,Negative,0.9951022863388062
Ermeni,"Bu ahenkli yapının unsurlarından biri olan Ermeniler, her alanda olduğu gibi yönetimin üst ka -demelerinde de görev üstlenmişti",POSITIVE,Positive,0.9959214925765991
Ermeni,Ermeniler bu süreçte çeşitli dernek ve cemiyetler kurarak kanlı eylemler düzenledi,NEGATIVE,Negative,0.8179661631584167
Ermeni,"Dünya Savaşı'na katılmasını fırsat bilen Ermeni çeteleri; Van, Erzurum, Bitlis, Diyarbakır gibi Anadolu'nun pek çok yerinde huzursuzluk yaratmaya ve savunmasız Türkleri katletmeye başladı",NEGATIVE,Negative,0.9855324625968933
Ermeni,"24 Nisan 1915'te alınan kararla Ermeniler tarafından kurulmuş komiteler (Taşnaksutyun, Hınçak vs",POSITIVE,Positive,0.5146181583404541
Ermeni,Alınan tüm tedbirlere rağmen Ermeni Olayları durulmayınca Osmanlı Devleti 27 Mayıs 1915'te Sevk ve İskân Kanunu 'nu çıkardı,NEGATIVE,Negative,0.9905739426612854
Ermeni,"Bu kanuna göre hükûmet emirlerine, ülke bütünlüğü ve güvenliğine karşı hareket eden, terör hareketlerine katılan Ermeniler; Osmanlı toprağı olan Suriye ile Irak'a göçe tabi tutuldu",NEGATIVE,Negative,0.7191365957260132
Ermeni,"Bu süreçte Osmanlı Devleti'nin kararları ve uygulamaları, asılsız Ermeni iddialarını gerçek -leştirmiş bir devletin adımları değildir",NEGATIVE,Negative,0.9290955066680908
Ermeni,"Asılsız Ermeni iddiaları, gerçeklikten uzak gerekçelerle ortaya atılarak sürekli gündemde tutulmaktadır",NEGATIVE,Negative,0.9989699125289917
Ermeni,"Osmanlı Devleti'nin aldığı bütün tedbirlere rağmen ulaşım güçlüğü, olumsuz hava koşulları, salgın hastalık gibi nedenlerle göç sırasında hayatını kaybeden Ermeniler olmuştur",NEGATIVE,Negative,0.9940231442451477
Ermeni,"Ermeniler ve onları destekleyenler, göç sürecinde 1 milyon 500 bin Ermeni'nin hayatını kaybettiğini iddia etmektedir",NEGATIVE,Negative,0.9267069697380066
Ermeni,Oysaki o dönemde Osmanlı Devleti'nin toplam nüfusu içinde bile o kadar Ermeni bulunmamaktadır,NEGATIVE,Negative,0.6002343893051147
Ermeni,Ermeni kayıplarının dile getirilen sayılarda olması asla mümkün değildir,NEGATIVE,Negative,0.991817831993103
Ermeni,Asılsız Ermeni iddialarının tam tersine Ermeni çeteleri söz konusu süreçte yüz binlerce Türk'ü katletmiştir,NEGATIVE,Negative,0.9712731242179871
Ermeni,"Türkiye'yi işgal eden Rus, İngiliz ve Fransız kuvvetlerinin yanında önemli sayıda Ermeni'nin bulunduğu ve Müslüman halka yapılan akıl almaz işkence ve katliamlarda Ermeni grupların nasıl rol oynadığı işgalci devletlerin kendi resmî belgele -rine de yansımıştır",NEGATIVE,Negative,0.9613845348358154
Ermeni,Üstelik işgalcilerin Anadolu'yu terk etmeleri üzerine büyük oranda Ermeni'nin de Anadolu'dan çekildiği bilinmektedir,NEGATIVE,Negative,0.7158122062683105
Ermeni,Ermeniler kendilerinin bir daha geri dönemeyeceklerini biliyorlardı ve Türklere de bir şey bırakmak istemediler,NEGATIVE,Negative,0.8724216222763062
Ermeni,Ermeni çetelerin önlerine katarak şehirden uzaklaştırdığı 600 kişinin akıbeti ise bilinmiyordu,NEGATIVE,Negative,0.8540560603141785
Ermeni,"Justin McCarthy (Castin Makarti), Türkler ve Ermeniler, s",NEGATIVE,Negative,0.7597125768661499
Ermeni,"'
Dördüncü Ordu Komutanı Cemal
Justin McCarthy, Türkler ve Ermeniler, s",NEGATIVE,Negative,0.9634921550750732
Ermeni,"Yerlerinden çıkarılıp sevk edilmekte olanlardan başka, yerlerinde kalan Ermeniler bundan sonra yerlerinden çıkarılmamalıdır",NEGATIVE,Negative,0.7781586050987244
Ermeni,"Osmanlının Son Döneminde Ermeniler, s",NEGATIVE,Negative,0.5445587635040283
Ermeni,"Dünya Savaşı'nda savaştığı ilk cephe
Bakü'yü Bolşevik ve Ermeni işgalinden kurtaran Osmanlı komutanı
Mustafa Kemal'in Şam'da kurduğu cemiyet
Meşrutiyet'in ortadan kaldırılmasını isteyen gelenekçi kitlenin çı
kardığı isyan
Meşrutiyet'in ikinci kez ilanında etkili olan cemiyet
Osmanlı Devleti'nin I",NEGATIVE,Negative,0.9341375827789307
Ermeni,"A) Çanakkale B) Hicaz C) Kafkas D) Kanal E) Makedonya
ÖLÇME VE DEĞERLENDİRME
Rusya'nın savaştan çekilmesiyle Doğu Anadolu Bölgesi için yeni pazarlıklar yapılmış, sonuçta bu böl -gede Ermeni devletinin kurulması kararlaştırılmıştır",NEGATIVE,Negative,0.5455663204193115
Ermeni,"Rum ve Ermeniler, azınlık cemiyetleri kurarak bazı eylemlere girişti",NEGATIVE,Negative,0.9794767498970032
Ermeni,"Azınlıkların Kurduğu Cemiyetler
Rum, Ermeni ve Yahudi azınlıklar, ülkeyi içten yıkmak amacıyla örgüt -lenmeye ve cemiyetler kurmaya başladılar",NEGATIVE,Negative,0.955254316329956
Ermeni,"Ermenilerin Kurduğu Cemiyetler
Hınçak ve Taşnaksutyun Cemiyetleri: Doğu Anadolu ve Çu -kurova'da bağımsız bir Ermeni devleti kurmak amacı güden bu cemiyetler, Ermeni Patriği Zaven Efendi tarafından desteklen -mekteydi",NEGATIVE,Negative,0.954501211643219
Ermeni,Ermeni ve Rum propagandaları -na karşı Türk milletinin haklılığını basın yayın yoluy -la bütün dünyaya duyurmaya çalıştı,POSITIVE,Positive,0.5717244148254395
Ermeni,Doğu Anadolu (Vilâyât-ı Şarkiyye) Müdâfaa-i Hukuk-ı Millîye Cemiyeti: Merkezi İstanbul'da olan cemiyet Doğu Anadolu'da bir Ermeni devleti kurul -masını engellemek ve bölgenin Türklüğünü savun -mak için mücadele verdi,POSITIVE,Positive,0.695976197719574
Ermeni,14 Nisan 1916'da Rusların Trabzon'u işgali üzerine Ermeni ve Rum çeteleri Rus ordusunun desteğiyle faaliyetlere başladı,NEGATIVE,Negative,0.9710149765014648
Ermeni,"Erzurum Kongresi (23 Temmuz-7 Ağustos 1919)
Mondros Ateşkes Antlaşması'ndan sonra Trabzon ve yöresinde Rum, Erzurum ve yöresinde Ermeni devletlerinin kurulması söz ko -nusu olunca bu bölgelerde güçlü bir direniş bilinci oluşmaya başla -dı",POSITIVE,Positive,0.681857168674469
Ermeni,"5) başkanlığındaki heyet, Anadolu ve Kafkasya'da ABD manda -sı altına alınması düşünülen bölgelerdeki Ermeni taleplerini inceledi ve bir rapor hazırladı",POSITIVE,Positive,0.8083884119987488
Ermeni,"Raporda Ermenilerin bölgede çoğunlukta olmadığı, katliama uğrayanların Ermeniler değil Türkler olduğu belirtildi",NEGATIVE,Negative,0.9639991521835327
Ermeni,"Devlet kurmak için harekete geçen Ermeniler, Erzurum ve Van'da köy ve kasabalara saldırarak Türklere karşı katliama başladı",NEGATIVE,Negative,0.9903537034988403
Ermeni,Ermeni saldırılarının artması üzerine Doğu illerinin hakları -nı savunmak için Doğu Anadolu Müdâfaa-i Hukuk Cemiyeti kuruldu,NEGATIVE,Negative,0.9473732113838196
Ermeni,"Ermeni işgaline karşılık veren Kazım Karabekir Paşa komu -tasındaki Türk ordusu, 29 Eylül'de Sarıkamış'ı, 30 Ekim'de Kars'ı Ermenilerden kurtardı",NEGATIVE,Negative,0.769245445728302
Ermeni,Türk ordusunun Gümrü'ye yaklaşması üzerine Ermeniler barış istedi,NEGATIVE,Negative,0.8458889722824097
Ermeni,"Gümrü Antlaşması'na göre
Osmanlı hududu dâhilinde Ermeni ekseriyetini içeren hiçbir arazi parçası mevcut değildir",NEGATIVE,Negative,0.8880670070648193
Ermeni,"Türkiye'den göç eden Ermeniler, Türklere yönelik herhangi bir olaya karışmadıkları takdirde altı ay içerisinde Türkiye'ye geri dönebilecektir",POSITIVE,Positive,0.5656445026397705
Ermeni,Bu antlaşma ile Doğu Anadolu'da Misak-ı Millî sınırları içinde kalacak bir Ermeni devleti kurma düşüncesi sonlandırıldı ve Sevr Barış Antlaşması'nı uygulama girişimi darbe aldı,NEGATIVE,Negative,0.9605668187141418
Ermeni,"K A N I T
(…) bilinmektedir ki Mondros Antlaşması'ndan beri Ermeniler, gerek Ermenistan içinde gerek sınıra yakın yerlerde Türkleri toplu olarak öldürmekten bir an geri durmuyorlardı",NEGATIVE,Negative,0.5612765550613403
Ermeni,"Böl -gede Fransız-Ermeni iş birliği ile yapılan baskı ve zulümlere karşı ilk silahlı direniş, 19 Aralık 1918'de Hatay'ın Dörtyol ilçesinde baş -ladı",POSITIVE,Positive,0.5602864027023315
Ermeni,21 Aralık 1918'de Fransız işgaline uğrayan Adana'ya Ermeni göçü başladı ve bölgede Ermeni idaresi kurulması yönünde faaliyetler gerçekleştirildi,NEGATIVE,Negative,0.7037405371665955
Ermeni,Fransızlar Urfa'da da Ermeni azınlıkla iş birliği yaptı,NEGATIVE,Negative,0.5273216366767883
Ermeni,"Bu tarihte Fransız -lardan güç alan Ermeniler, Maraş sokaklarına dağılarak önlerine gelen Türklere hakaret ediyor, mukadde -sata dil uzatıyorlardı",NEGATIVE,Negative,0.9292474985122681
Ermeni,Bir grup Fransız-Ermeni devriyesi akşama doğru Uzunoluk Caddesi'nden kışlaya dö -nüyordu,NEGATIVE,Negative,0.9183242321014404
Ermeni,"O sırada Ermeni askerlerinden birisi Uzunoluk Hamamı'ndan çıkan bir hanımefendiye saldırarak peçesini yırttı ve ardından 'Artık burası Türklerin değildir, Fransız memleketinde peçe ile gezilmez",NEGATIVE,Negative,0.7681525349617004
Ermeni,"Lozan'a gönderilen heyetten Ermeni yurdu ve kapitü -lasyonlar konusunda pazarlık yapmaması, tam bağımsızlık ve ülke bütünlüğü ilkelerinden taviz vermemesi istendi",NEGATIVE,Negative,0.7261289954185486
Ermeni,"21 Kasım 1922'de başlayan Lozan Görüşmeleri'nde Türki -ye'ye başta kapitülasyonlar ve Ermeni yurdu olmak üzere Türk milletinin adli, mali ve ekonomik bağımsızlığına aykırı maddeler içeren bir barış taslağı sunuldu",NEGATIVE,Negative,0.9838151335716248
Ermeni,"Dış borçlar
Devletin sınırları
Yeni Türk devletinin yönetim biçimi
Kapitülasyonlar
Ermeni Yurdu Meselesi
Etkileşimli sorulara ulaşmak için karekodu okutunuz",NEGATIVE,Negative,0.9147675633430481
Ermeni,Ermeni diaspora -sının dayanaksız iddiaları ve eylemleri ise bir diğer soruna kapı araladı,NEGATIVE,Negative,0.9980655312538147
Ermeni,"ASALA ve Ermeni Diasporası
1915 Olayları, 1960'lı yıllarda ABD ve SSCB'de yaşayan Ermeni grup -ların önayak olduğu asılsız iddialar ve çeşitli propaganda faaliyetle -riyle dünya gündemine taşındı",NEGATIVE,Negative,0.9954223036766052
Ermeni,"Ermeni diaspora sı, asılsız iddialarla yurt dışında yaşayan Ermenileri kışkırttı ve Türkiye'yi dış politikada zor duruma düşürmeye çalıştı",NEGATIVE,Negative,0.9980417490005493
Ermeni,"1965'te Ermeni diasporası, Büyük Ermenistan'ın ve asılsız iddiaların tanınması isteklerini dillendirdi",NEGATIVE,Negative,0.6672770977020264
Ermeni,Türkiye'nin ko -münizm tehdidine karşı NATO'ya girmesi ve Batılı devletlerin Ermeni diasporasını dikkate almaması diaspora Erme -nilerini Ruslara daha da yakınlaştırdı,NEGATIVE,Negative,0.9684992432594299
Ermeni,"Tezlerini yaymak ve uluslararası alanda destek bulmak için strateji değiştiren
diaspora, sesini Ermenistan'ın Kurtuluşu İçin Gizli Ermeni Ordusu (ASALA) adlı terör örgütüyle duyurmaya çalıştı",NEGATIVE,Negative,0.9836891293525696
Ermeni,"Ermeni diasporasının planına göre asılsız Ermeni iddialarının bütün dünyada tanınması sağlanacak ve Türkiye tazmi -nat ödemeye, ardından toprak vermeye zorlanacaktı",NEGATIVE,Negative,0.9694765210151672
Ermeni,Ermenistan'a asılsız Ermeni iddialarıyla ilgili gerçeklerin ortaya çıkması için bilimsel araştırmalar yapacak bir komisyonun kurulması ve her iki ülkenin arşivlerini araştırmacılara açması teklifinde bulundu,NEGATIVE,Negative,0.7015371322631836
Ermeni,"Ermeni Hükûmeti, Türkiye'nin bilimsel araştırma teklifine Ermeni diasporasının da etkisiyle cevap vermeyince 2011 itibarıy -la ilişkiler durakladı",NEGATIVE,Negative,0.9868319034576416
Ermeni,Azerbaycan'ın Ermeni işgalindeki topraklarını geri alması konusunda Türkiye'nin Azerbaycan'a destek vermesiyle Türkiye-Ermenistan ilişkilerinde yeni bir sürece girildi,NEGATIVE,Negative,0.5217694044113159
Ermeni,"PARIS ELÇiMiZ ÖLDÜRÜLDÜ
Ermeni katiller yine sahnede
• Otomobilin Seine nehri üzerindeki bir köprüde
41 'inci sehidimizi yavaslamasindan yararlanan katiller otomatik
Birlesmis Milletler'de görevli Türk diplomati Evner
Ergun, bir Ermeni teröristin silahli saldirisi sonucu
otomobili içinde sehit oldu
",NEGATIVE,Negative,0.9773086905479431
Ermeni,Ermeni diasporasının Türk-Ermeni ilişkileri üzerindeki etkileri nelerdir,NEGATIVE,Negative,0.7613558173179626
Rum (Yunan),"(…) Tanrılarını insan biçiminde düşünen Yunanlı, doğal olarak onların bir de evleri olması gerektiğine inanmıştır",NEGATIVE,Negative,0.6298303008079529
Rum (Yunan),"Tapınak şekilleri olarak Dor, İon ve Korint gibi mimari düzenler kullanılmıştır (…)''
'(…) Yunanlı halk tapınak içine giremezdi",NEGATIVE,Negative,0.7904222011566162
Rum (Yunan),(…) İslam ordusunda Romalı ve Yunanlı askerler de vardı,NEGATIVE,Negative,0.5678977370262146
Rum (Yunan),"Türkiye Selçukluları Dönemi'nde yazılmış Türk-İslam kaynaklarında Romalılar ve Bizanslılar için Rum tabiri kullanılmış, Anadolu coğrafyası da Diyar-ı Rum şeklinde ifade edilmiştir",NEGATIVE,Negative,0.7207079529762268
Rum (Yunan),"Türklerin 'diyar-ı Rum (Roma ülkesi)' adıyla andıkları Anadolu, Malazgirt Zaferi'nden sonra gerek kültürel gerekse demografik açıdan tam bir Türk yurdu hâline gelmiştir",POSITIVE,Positive,0.9076796174049377
Rum (Yunan),Tarihte Türkiye Selçukluları için kullanılan diğer isimlerden biri de Selâçıka-yı Rum'dur,POSITIVE,Positive,0.7141439914703369
Rum (Yunan),Osmanlılar da Rum kelimesini hem coğrafi bir isim hem de bir eyalet adı olarak kullanmıştır,NEGATIVE,Negative,0.8935834765434265
Rum (Yunan),yüzyılda ise Osmanlı Devleti sınırları içinde yaşayan ve Rumca konuşan etnik gruba da Rum denmeye başlanmıştır,NEGATIVE,Negative,0.6266114711761475
Rum (Yunan),"Selçuklu ordusu, 18 Eylül 1048'de Erzurum civarındaki Pasinler Ovası'nda Rum, Ermeni, Gürcü ve Abaza kuvvetlerinden oluşan elli bin kişilik bir orduyla karşılaştı",NEGATIVE,Negative,0.7435894012451172
Rum (Yunan),"İznik Rum İmparatorluğu, 25 Temmuz 1261'de Konstantiniye'yi Haçlılardan geri aldı ve buradaki Latin hâkimiyetine son verdi",POSITIVE,Positive,0.576381266117096
Rum (Yunan),"Şehirdeki Rumlar Bursa Kalesi'nin aşağı kısımlarına taşınmış, Türkler ise kale içinde ve etrafında iskân edilmiştir",NEGATIVE,Negative,0.8468442559242249
Rum (Yunan),"Osmanlıların Rumeli'deki ilerleyişi, 1357'de Süleyman Paşa'nın vefat etmesi ve Şehzade Halil'in Rum korsanlara esir düşmesi nedeniyle kesintiye uğradı",NEGATIVE,Negative,0.9433626532554626
Rum (Yunan),"Ünlü tarihçi Âşıkpaşazade'ye göre bu sivil topluluklar; Gaziyân-ı Rum (Anadolu gazileri), Ahiyân-ı Rum (Anadolu ahileri), Baciyân-ı Rum (Anadolu bacıları) ve Abdalân-ı Rum (Anadolu abdalları) idi",NEGATIVE,Negative,0.8240073919296265
Rum (Yunan),"Osmanlı Devleti, fetihler sırasında akıncı uc beylerinin, aşiret reislerinin ve Anadolu gazilerinin (Gaziyân-ı Rum) gücünden ve desteğinden de faydalanmıştır",NEGATIVE,Negative,0.6416735649108887
Rum (Yunan),"Gaziyân-ı Rum (Temsilî)
Sarı Saltuk (Temsilî)
''Tamamen dinî duygularla seyahat ederek Osmanlılar'ın Balkanlara gelmesinden çok daha önceleri bölgeye gelen dervişler İslam'ı yaşayarak yerli halka göstermişlerdir",NEGATIVE,Negative,0.8103232979774475
Rum (Yunan),"Abdal Musa, Abdal Murad, Kumral Abdal ve Geyikli Baba Aşıkpaşazade'nin Rum Abdalları dediği bu zümreye mensup kişilerden bazılarıdır",NEGATIVE,Negative,0.9665983319282532
Rum (Yunan),"Abdalan-ı Rum'un Osmanlı Devleti'nin kuruluşu sırasında fetihteki yardımları, Anadolu ve Balkanların İslamlaştırılmasındaki rolleri ve hanedanın meşruiyetini tahkim ve takviye etme hususundaki rolleri bilinmektedir",POSITIVE,Positive,0.6842715740203857
Rum (Yunan),"Ahiyân-ı Rum adıyla da bilinen Anadolu Ahileri, fethedilen bölgelerde yeni idari teşkilatlar oluşturulduktan sonra toplumsal hayatı düzenlemiş, kurdukları tekke ve zaviyeler aracılığıyla bölgenin Türkleşmesine ve İslamlaşmasına önemli katkılar sağlamıştır",POSITIVE,Positive,0.9418846368789673
Rum (Yunan),"Osmanlı kaynaklarında Anadolu gazileri (Gaziyân-ı Rum), Anadolu abdalları (Abdalân-ı Rum), Anadolu Ahileri (Ahiyân-ı Rum), alperen gibi isimlerle anılan bu dervişler, tarih araştırmacıları tarafından kolonizatör Türk dervişleri olarak isimlendirilmiştir",NEGATIVE,Negative,0.9457497000694275
Rum (Yunan),"'
Anadolu'da kurulmuş bir kadın teşkilatı olan Anadolu kadınları (Bacıyân-ı Rum), Rumeli ve Balkanlardaki kadınların üretim ve karar süreçlerinde yer almalarına önemli katkılarda bulunmuştur (Görsel 2",POSITIVE,Positive,0.8986912369728088
Rum (Yunan),"''Baciyan-ı Rum'un bir kadın örgütlenmesi olması dolayısıyla, faaliyetlerini diğer faaliyetleri yanında kadınlar üzerinde yoğunlaştıkları bilinmektedir",POSITIVE,Positive,0.5645400881767273
Rum (Yunan),Baciyan-ı Rum'un bir örgüt halinde tecessüm etmesi aynen Ahiyan-ı Rum gibi tamamen doğal sosyolojik gerekçelere bağlı olarak ortaya çıkmıştır,NEGATIVE,Negative,0.6502493619918823
Rum (Yunan),"Baciyan-ı Rum, Ahiyan-ı Rum'un yerine getirdiği temel fonksiyonlara paralel olarak aşağıda sıralanan fonksiyonları da yerine getirmekte oldukları anlaşılmaktadır",POSITIVE,Positive,0.8362420797348022
Rum (Yunan),"Osmanlı topraklarında daha önce Yahudi, Ermeni ve Rumlar tarafından da matbaa kurulmuştu fakat ilk Türk matbaasını kuran İbrahim Müteferrika olmuştur",POSITIVE,Positive,0.6944629549980164
Rum (Yunan),yüzyılda Ermeniler ve Rumlar da matbaa kurmuştu,POSITIVE,Positive,0.8135160207748413
Rum (Yunan),"Rumlar haç taklidi yapmak için birer tane kollarına bir tane de alınlarına yaptırıyorlar, ama bunun neticesi fena",NEGATIVE,Negative,0.9953302145004272
Rum (Yunan),Mora'daki Rum İsyanı'nı Mısır valisi Kavalalı Mehmet Ali Paşa'nın yardımıyla bastıran Osmanlı Devleti bölgede üstünlüğü tekrar elde etti,POSITIVE,Positive,0.5153427720069885
Rum (Yunan),Yeniçeriler 1821'deki Rum İsyanı'nı bastıramayınca II,NEGATIVE,Negative,0.9311152100563049
Rum (Yunan),"Bu çerçevede Osmanlı tebaası olan Rumlar, Ermeniler ve Museviler dinî kimliklerini esas alan okullar kurmuşlardı",NEGATIVE,Negative,0.6214101314544678
Rum (Yunan),"yüzyıla gelindiğinde Osmanlı topraklarındaki Rum, Ermeni ve Musevi okullarının yanı sıra Fransız, İngiliz, İtalyan, Alman, Rus ve Amerikan okullarının (Görsel 3",POSITIVE,Positive,0.581298828125
Rum (Yunan),Bu arada Ruslarla aralarında mezhep birliği olan Sırplar ve Rumlar (Yunan) Rusya tarafından gizliden desteklenmekteydi,NEGATIVE,Negative,0.8503538370132446
Rum (Yunan),İngiltere ve Fransa da Rum bağımsızlık hareketini Rusya'nın tekeline bırakmak istemediği için Osmanlı Devleti'nin karşısında yer aldı,NEGATIVE,Negative,0.9086095690727234
Rum (Yunan),"Cemiyetin organize ettiği Rumlar, 1821'de isyan etti",NEGATIVE,Negative,0.6608113646507263
Rum (Yunan),"Eflak ve Boğdan'da başlayan ilk Rum ayaklanması, Rusya bu isyanı açıktan desteklemeyince Osmanlı Devleti tarafından bastırılabildi",NEGATIVE,Negative,0.9822841882705688
Rum (Yunan),"Rumlar, bu isyanı fırsat bilerek tekrar ayaklandılar ve Mora Yarımadası'ndaki Tripoliçe ve Navarin'de 1821'de katliam yaptılar",NEGATIVE,Negative,0.9587991833686829
Rum (Yunan),"Avrupa'da oluşan Rum yanlısı kamuoyu, Avrupa devletlerinin Osmanlı Devleti'ne karşı tavır almasını kolaylaştırdı",NEGATIVE,Negative,0.8775870203971863
Rum (Yunan),Böylece Osmanlı Devleti'nin bir iç meselesi olan Rum İsyanı uluslararası boyut kazandı,NEGATIVE,Negative,0.9704694747924805
Rum (Yunan),"Bu ültimatomda kutsal yerlerde Ortodoksların kontrolünün kendinde olmasını, Osmanlı topraklarındaki Rum kiliselerinin ve Ortodoksların Rusya himayesinde kabul edilmesini talep etti",NEGATIVE,Negative,0.6541410684585571
Rum (Yunan),1827'de Osmanlı toprağı olan Mora'da çıkan Rum İsyanı'nı bastırma görevi de Kavalalı'ya verildi,NEGATIVE,Negative,0.6424037218093872
Rum (Yunan),"Üç Tarz-ı Siyaset
1789 Fransız İhtilali ile dünyaya yayılan eşitlik, özgürlük, milliyetçilik, liberalizm, meşrutiyet gibi fikirlerden ilk etkilenen Rumlar ve Sırplar, Osmanlı Devleti'ne karşı bağımsızlık hareketlerine girişmişlerdi",NEGATIVE,Negative,0.536881685256958
Rum (Yunan),"Fakat Osmanlıcılık düşüncesi; kendini Sırp, Rum, Bulgar olarak tanımlayan milletleri ve onların bağımsız devlet kurma emellerini engelleyemedi",NEGATIVE,Negative,0.991390585899353
Rum (Yunan),"Bulgar ve Arnavutlar ile az sayıdaki Rum, Makedon, Ermeni ve Yahudi de Hareket Ordusu'na katılmıştı",NEGATIVE,Negative,0.5562170147895813
Rum (Yunan),"Rum İsyanı'nın ortaya çıkmasına;
1815 Viyana Kongresi,
Tepedelenli Ali Paşa İsyanı,
Rusların kışkırtması
gelişmelerinden hangileri zemin hazırlamıştır",NEGATIVE,Negative,0.9901356101036072
Rum (Yunan),"O K Y A
B Ü Y Ü K
Mogolistan Türkleri
Rusya Federasyonu Türkleri
ÜLKE KISALTMALARI
GUNEY KIBRIS RUM YONETIMI
İÇİNDEKİLER
OLCME VE DEGERLENDIRME
20",NEGATIVE,Negative,0.9394111633300781
Rum (Yunan),"İşgalcilerin üzerine ateş
Megali İdea
Bizans İmparatorluğu ve Pontus Rum Devleti'ni yeniden canlandır -ma, Rumların yaşadığı yerleri Yu -nanistan bayrağı altında birleştir -me ideali",NEGATIVE,Negative,0.747938334941864
Rum (Yunan),"İzmir'in 15 Mayıs 1919 günü Yunanlılar ta -rafından kanlı bir biçimde işgal edilmesi sıra -sında Yunan Efzun Alayı'na atıldığı bilinen ""ilk kurşun"" olayıyla tanınmış ve ünlenmiş; o gün Kordon'da Yunan askerleri tarafından acıma -sızca öldürülmüştür",POSITIVE,Positive,0.9333518743515015
Rum (Yunan),"Yunanlılar nereden geçmiştir, anlarsınız",POSITIVE,Positive,0.5341150760650635
Rum (Yunan),"Bu rapora göre
Bölgedeki olayların sorumlusu Türkler değil Yunan ordusu ve yerli Rum -lardır",NEGATIVE,Negative,0.8922882676124573
Rum (Yunan),"Rum ve Ermeniler, azınlık cemiyetleri kurarak bazı eylemlere girişti",NEGATIVE,Negative,0.9794767498970032
Rum (Yunan),Buralarda Rum'un çok olduğu ve Türklerin Yunan ilhakını memnuniyetle kabul edeceği söylendi,NEGATIVE,Negative,0.9862020611763
Rum (Yunan),Rum senden daha mı çoktur,NEGATIVE,Negative,0.7752863764762878
Rum (Yunan),"Azınlıkların Kurduğu Cemiyetler
Rum, Ermeni ve Yahudi azınlıklar, ülkeyi içten yıkmak amacıyla örgüt -lenmeye ve cemiyetler kurmaya başladılar",NEGATIVE,Negative,0.955254316329956
Rum (Yunan),"Rumların Kurduğu Cemiyetler
Pontus Rum Cemiyeti: 1904'te Merzifon Amerikan Ko -leji bünyesindeki cemiyetin amacı Batum'dan İnebolu'ya kadar uzanan bir Rum devleti kurarak ileride Yunanistan ile birleşmekti",NEGATIVE,Negative,0.8487939834594727
Rum (Yunan),Mavri Mira Cemiyeti: Fener Rum Patrikhanesi ve İngiliz -lerin desteğiyle kurulan cemiyetin amacı Megali İdea'yı ger -çekleştirmekti,NEGATIVE,Negative,0.887111485004425
Rum (Yunan),Etniki Eterya Cemiyeti: Patrikhanenin desteği ile Batı Anadolu'daki Rum nüfusu artırmak ve Doğu Karadeniz'de bir Rum devleti kurmak amacındaydı,NEGATIVE,Negative,0.886985182762146
Rum (Yunan),Ermeni ve Rum propagandaları -na karşı Türk milletinin haklılığını basın yayın yoluy -la bütün dünyaya duyurmaya çalıştı,POSITIVE,Positive,0.5717244148254395
Rum (Yunan),14 Nisan 1916'da Rusların Trabzon'u işgali üzerine Ermeni ve Rum çeteleri Rus ordusunun desteğiyle faaliyetlere başladı,NEGATIVE,Negative,0.9710149765014648
Rum (Yunan),"Mondros Ateşkes Antlaşması ile Anadolu'nun işgali, Rum hareketliliğini yeniden artırdı",NEGATIVE,Negative,0.9861516356468201
Rum (Yunan),"Özellikle Trabzon Metropoliti Hrisantos (Hırisantos) ve Amasya Metropoliti Germanos'un liderlik ettiği Rum çeteler, Türklere yönelik zulüm ve katliamlara girişti",NEGATIVE,Negative,0.9614352583885193
Rum (Yunan),Amaçları bölgede yaşayan Müslüman ahaliyi göç etmeye zorlamak ve dışarıdan Rum nüfus getirerek boşalan topraklara yerleştirmekti,NEGATIVE,Negative,0.9886419177055359
Rum (Yunan),Böylece bölgede Rum nüfusun çoğunluğu teşkil ettiği uluslararası alanda ispat edilecek ve Pontus Devleti'nin kurulmasının önü açılacaktı,NEGATIVE,Negative,0.638209342956543
Rum (Yunan),Cumhuriyet'in ilk yıllarında gerçekleştirilen mübadele ile Rumlar Anadolu'dan gönderilince Pontus Meselesi'nin dayanağı ortadan kalkmış oldu,NEGATIVE,Negative,0.8224695324897766
Rum (Yunan),"Bu sırada İngilizler, Samsun ile çevresinde Pontus Rum çetelerinin saldırılarının artmasına sebep olarak Türkleri göstermiş ve asayişin sağlanmaması durumunda bölgenin işgal edileceğini Hükû -mete bildirmişti",NEGATIVE,Negative,0.8260964751243591
Rum (Yunan),"3) ile yola çıkarak 19 Mayıs'ta İngilizlerin
ve Pontus Rum çetelerinin bulunduğu Samsun'a ulaş -tı (Görsel 2",POSITIVE,Positive,0.7511098384857178
Rum (Yunan),22 Mayıs 1919'da Damat Ferit Paşa Hükûmetine gönderdiği bir raporla İzmir'in Yunanlar tarafından haksız biçimde işgal edildiğini ve bölgedeki asayiş sorunlarının Rum -ların emellerinden kaynaklandığını bildirdi,NEGATIVE,Negative,0.9649295210838318
Rum (Yunan),"Ordu Müfettişi sıfatıyla Samsun'a ulaşan Mustafa Kemal, Rum çetelerin ortaya çıkardığı asayiş sorunlarını önlemek amacıyla yerel yetkililerle görüş -tü",NEGATIVE,Negative,0.9280503392219543
Rum (Yunan),"Erzurum Kongresi (23 Temmuz-7 Ağustos 1919)
Mondros Ateşkes Antlaşması'ndan sonra Trabzon ve yöresinde Rum, Erzurum ve yöresinde Ermeni devletlerinin kurulması söz ko -nusu olunca bu bölgelerde güçlü bir direniş bilinci oluşmaya başla -dı",POSITIVE,Positive,0.681857168674469
Rum (Yunan),Bu du -rum karşısında Türk ordusu Mustafa Kemal'in talimatı üzerine zaman kazanmak için 25 Temmuz 1921'de Sakarya Irmağı'nın doğusuna çekildi,NEGATIVE,Negative,0.9479148983955383
Rum (Yunan),Lozan Konferansı'nda Batı Trakya'daki Türkler ile İstanbul'daki Rumlar hariç Türkiye'deki Rumlarla Yu -nanistan'daki Türklerin değişimine karar verilmişti,POSITIVE,Positive,0.5623049736022949
Rum (Yunan),"Buna karşın Yunanistan, 30 Ekim 1918'den önce geçici dahi olsa İstanbul'daki her Rum'un etabli (yerleşik) sayılaca -ğı iddiasını ileri sürdü",NEGATIVE,Negative,0.8281408548355103
Rum (Yunan),Yunanistan'ın amacı İstanbul'da daha çok Rum bırakmak ve Batı Trakya'daki Türkleri göçe zorlamaktı,NEGATIVE,Negative,0.9708866477012634
Rum (Yunan),İstanbul'daki Rum Patriğinin dünyadaki bütün Ortodoks Hristiyanlarının dinî lideri kabul edilmesi,POSITIVE,Positive,0.5190312266349792
Rum (Yunan),1950'li yıllarda İngiltere'nin Kıbrıs'tan çekilme kararı alması üzerine Yunanistan ve Kıbrıslı Rumlar Megali İdea çerçeve -sinde Kıbrıs'ı Yunanistan'a katma politikasına (ENOSİS) ağırlık verdiler,POSITIVE,Positive,0.5686460733413696
Rum (Yunan),"Rumlar, ENOSİS idealini gerçekleş -tirmek amacıyla 1955'te Kıbrıs Mücadelesi Ulusal Örgütünü (EOKA) kurdu",NEGATIVE,Negative,0.6978167295455933
Rum (Yunan),Fazıl Küçük ve Rum toplumu adına Kıbrıs Ortodoks Kilisesi Başpiskoposu Makarios'un (Makar -yos) katıldığı toplantı sonrasında Londra Antlaşması imzalan -dı,NEGATIVE,Negative,0.5611523389816284
Rum (Yunan),"Yürürlüğe giren Kıbrıs Anayasa -sı'na göre
Cumhurbaşkanı Rum, yardımcısı Türk
Temsilciler Meclisinin %70'i Rum, %30'u Türk
Bakanlar Kurulunun 7 üyesi Rum, 3 üyesi Türk
Resmî dil Rumca ve Türkçe olacaktır",POSITIVE,Positive,0.5036885142326355
Rum (Yunan),Ancak Rum yöneticilerin Anayasa'daki bazı kararları uygulamaması ve uzlaşmaz tavırları barış ortamının bozulma -sına sebep oldu,NEGATIVE,Negative,0.9778854846954346
Rum (Yunan),")
Akritas Planı dâhilinde Kıbrıs'taki Türk varlığını yok ederek Ada'yı Yunanistan'a bağlamayı amaçlayan Rumlar, Türklere yönelik saldırıları artırdı",NEGATIVE,Negative,0.8711338043212891
Rum (Yunan),Olayları sakinleştirmek amacıyla İngiltere tarafından 1963'te Lefkoşa'nın Rum ve Türk tarafını birbirinden ayıran Yeşil Hat adlı bir sınır çizildi (Harita 7,NEGATIVE,Negative,0.7975001931190491
Rum (Yunan),Rumlar 6 Ağustos 1964'te Erenköy'e saldırıya geçti,NEGATIVE,Negative,0.5468649864196777
Rum (Yunan),"Paraşütle yere sağ salim inen Cengiz Topel, Rumlar tara -fından işkenceyle öldürüldü",NEGATIVE,Negative,0.9177040457725525
Rum (Yunan),Yunanistan ve Kıbrıslı Rumlar Megali İdea çerçevesinde Kıbrıs'ı Yunanistan'a katma politikasına (ENOSİS) ağırlık verdiler,NEGATIVE,Negative,0.9014908075332642
Rum (Yunan),1963 Rumlar Kanlı Noel olarak bilinen saldırıları gerçekleştirdi,NEGATIVE,Negative,0.9616230130195618
Rum (Yunan),1963 İngiltere tarafından Rum ve Türk tarafını birbirinden ayıran Yeşil Hat adlı bir sınır çizildi,NEGATIVE,Negative,0.8686510324478149
Rum (Yunan),"' Ecevit ise Ankara Radyosu'nda yaptığı açıklamasında 'Biz savaş için değil, barış için; yalnız Türklere değil, Rum -lar'a da barışı getirmek için Ada'ya geliyoruz",POSITIVE,Positive,0.9719586968421936
Rum (Yunan),"Türkiye ve Yunanistan arasındaki ant -laşmalar gereği Batı Trakya'daki Türk nüfus ile İstanbul, Gökçeada ve Bozcaada'daki Rum Ortodoks nüfus müba -delenin dışında bırakılmıştı",NEGATIVE,Negative,0.5237114429473877
Arap,"'Batılıların Aristo'dan sonra en çok beğendikleri düşünürlerden biri olan büyük 'tarih filozofu' Ibni Haldun, Araplarla Arap Olmayanların ve Berberilerin ve Aynı Devirdeki Büyük Kudret Sahiplerinin Muharebelerine ait Kaynak ve Haberleri Toplayan ve Yorumlayan Kitap adını taşıyan eserinin gi- rişi ol",NEGATIVE,Negative,0.9773049354553223
Arap,"Muhammed (sav), 571 yılında Arap Yarımadası'nın önemli şehirlerinden Mekke'de dünyaya gelmiştir",POSITIVE,Positive,0.9326807260513306
Arap,"Peygamber, Arap yarımadasının çeşitli bölgelerine, şehirlere ve bazı kabilelere geniş idari ve mali yetkilere sahip valiler tayin etmiştir",POSITIVE,Positive,0.6399437785148621
Arap,"Abdülazîz, Emevîler'in ilk dönemlerinden itibaren ikinci sınıf müslüman muamelesi gören mevâlîyi [Arap olmayan Müslümanlar] Arap asıllı müslümanlarla eşit kabul etti",NEGATIVE,Negative,0.6070894598960876
Arap,(…) Ayrıca Arapçılık taassubuyla bilinen Emevî halifelerinin mevâlîyi Araplar'ın faydalandığı birtakım haklardan mahrum etmeleri çöküşü hızlandırmıştır,NEGATIVE,Negative,0.9534628391265869
Arap,Çoğunluğu teşkil eden müslümanlar da İslâmiyet'in ilk unsuru olan fâtih Araplar'la fetihlerden sonra İslâm'a giren ve 'mevâlî' denilen Arap dışı unsurlara ayrılıyordu,NEGATIVE,Negative,0.7020236253738403
Arap,"Peygamber, hür Arap müslümanlarla daha önce köle olan âzatlı müslümanlar arasında bir ayırım gözetmemiş, bu uygulama Dört Halife döneminde de aynen sürdürülmüştür",POSITIVE,Positive,0.7966848015785217
Arap,(…) Ancak zamanla Araplar kendilerini diğer müslüman milletlerden üstün görmeye başladılar,NEGATIVE,Negative,0.9722364544868469
Arap,"(…) İktidarda bulunan Emevî yöneticilerinin çoğunun müslümanların eşitliği ilkesini bir yana bırakarak mevâlî ile Araplar arasında ayırım yaptığı, mevâlîye Kur'an ve Sünnet'te yeri olmayan bazı vergiler yüklediği ve fetihlere katıldıkları halde bazı bölgelerde onları askerî maaş divanına kaydetmediğ",NEGATIVE,Negative,0.9981473684310913
Arap,"'
'İlk dönemlerde ordunun çoğunluğunu Araplar oluştururken sınırların genişlemesiyle muhtelif milletlerden de insanlar askere alınmaya başlandı",POSITIVE,Positive,0.5153403282165527
Arap,"(…) İslâm ordusu içinde görev yapan mevâlî, maaş olarak Arap askerlerden daha az almaktaydı",NEGATIVE,Negative,0.8538613319396973
Arap,İlk dönemlerde ordunun çoğunluğunu Araplar oluştururken sınırların genişlemesiyle farklı milletlerden insanlar askere alınmaya başlanmıştır,NEGATIVE,Negative,0.7078840732574463
Arap,"İslam ordusu içinde görev yapan mevaliler, Arap askerlerden daha az maaş almıştır",NEGATIVE,Negative,0.7317271828651428
Arap,Cami'de (İslam Camii /Arap Camii) hutbede artık Abbasi halifesinin ve Selçuklu sultanı Tuğrul Bey'in adının okunması sağlanmış,NEGATIVE,Negative,0.9016109108924866
Arap,"İbn Münkız'ın kapsamlı eğitimi, akranlarının tipik bir örneğiydi ancak tüm kahramanca mücadelelerinin yanında, kendi anılarını, bir şiir derlemesini, çeşitli edebiyat antolojilerini ve (çok eleştirilmiş olsa da) Arap belagati hakkında bir kitap yazmak için yine de zaman bulabilmesi dikkate değerdir",NEGATIVE,Negative,0.9021940231323242
Arap,Murad'ın inşa ettirdiği Muradiye Külliyesi'nde yer alan Muradiye Camisi'nin kitabesinde günümüz Türkçesiyle 'Bu şerefli ve mübarek imaretin yapılmasını Arap ve Acem'in Sultanı ve Allah'ın yeryüzündeki gölgesi olan Sultan oğlu Sultan Bayezid Han oğlu Mehmet oğlu Sultan Murad -Allah mülkünü daim etsin,POSITIVE,Positive,0.753052830696106
Arap,Arap olmayan talebelere önceleri Arapça öğretilirken dersler kendi dillerinde anlatılırdı,NEGATIVE,Negative,0.8866515159606934
Arap,"Arap ülkelerinin, özellikle de Mekke ve Medine'nin Osmanlı İmparatorluğu'na katılmaları, yeni bir çağın başlangıç noktasıdır",POSITIVE,Positive,0.9404464364051819
Arap,"Ayrıca, bilimsel eserlerin tercüme edilmesine ek olarak onikinci ve onüçüncü yüzyıllar, Arap 'bilgelik' edebiyatının tercümesine de şahit olmuştur; tercüme edilen bu bilgelik örnekleri, din adamları tarafından kendi kutsal geleneklerini desteklemek amacıyla kullanılmışlardır",POSITIVE,Positive,0.9012831449508667
Arap,Arap alfabesiyle güzel yazı yazma sanatı ve bu biçimde yazılmış yazı,NEGATIVE,Negative,0.7879632115364075
Arap,Bu bölgede ayrılıkçı Arap ayaklanmalarına karşı mücadele verirken toplumda ve devlet yönetiminde aksaklıklara tanık oldu,NEGATIVE,Negative,0.9985400438308716
Arap,"Hicaz ve Yemen Cephesi: İngilizler Mac Mahon (Mek Mehın) Antlaş -ması'nı imzalayarak Arapların isyan etmesi hâlinde Arap Yarımadası, Suriye ve Irak'ı içine alacak bağımsız bir Arap devletini tanımayı va -dettiler",NEGATIVE,Negative,0.7505047917366028
Arap,"Ordu Komutanı Mustafa Kemal Paşa, 26 Ekim 1918'de Halep kuzeyinde İngiliz ve Arap Ordularının taarruzunu durdurmayı başarmıştır",NEGATIVE,Negative,0.722717821598053
Arap,İşgal altında bulunan bölge -lerin ve Arap topraklarının geleceğine bu bölgede yaşayan halk karar verecektir,NEGATIVE,Negative,0.6370959281921387
Arap,"Elviye-i Selâse dâhilinde bulunan Kars, Ardahan ve Batum'un durumu, Arap bölgelerinde olduğu gibi halk oylamasıyla karara bağlanacaktır",POSITIVE,Positive,0.6923788785934448
Arap,"Erzurum
Arap toprakları, İngiltere ve Fransa'nın mandası altına alınacak",NEGATIVE,Negative,0.7106701135635376
Arap,İslam dininin kabulün -den sonra ise yüzyıllar boyunca ağırlıklı olarak Arap alfabe -sini benimsedi,POSITIVE,Positive,0.9614178538322449
Arap,Bu dönemde bazı aydınlar ve devlet adamları Arap harfleri -nin günün ihtiyaçlarına cevap vermediği ve Batı ile uyumu güçleştirdiği gerekçeleriyle Latin alfabesi kullanılmasına dair görüşler ortaya attı,NEGATIVE,Negative,0.9941450953483582
Arap,Arap alfabesi ve rakamları kullanıldı,POSITIVE,Positive,0.6954870820045471
Arap,"yüzyıl başlarında Musul bölgesinde Türk, Arap ve Kürt Müslümanların yanı sıra Süryânî, Keldânî, Musevi gibi gayrimüslimler de bulunmaktadır",NEGATIVE,Negative,0.6553645133972168
Arap,"Filistin'e Siyonist Örgütün bir projesi kapsamında gerçek -leştirilen Yahudi göçü, Arap topluluklarında öfke ve isyana yol açtı",NEGATIVE,Negative,0.9980189800262451
Arap,"Siyonistlerle Araplar arasındaki düşmanlık, Ağustos 1929'da kanlı çatışmalara dönüştü",NEGATIVE,Negative,0.6723183393478394
Arap,Temmuz 1937'de İngiltere bu bölgeyi Yahudi ve Arap devletleri arasında ikiye bölmeyi önerdi,NEGATIVE,Negative,0.7800666093826294
Arap,Filistinli ve Arap temsilciler teklifi reddettiler,NEGATIVE,Negative,0.9679186344146729
Arap,"Çoğunluk planına göre Yahudilerin ve Arapların çoğunlukta bulunduğu bölgeler göz önünde tutularak taksim yapılacak, bu çerçevede birer Arap ve Yahudi devleti kurulacaktı",NEGATIVE,Negative,0.7231370806694031
Arap,Alınan bu karar Arap-Yahudi çatışmasını artırdı,NEGATIVE,Negative,0.9948245286941528
Arap,İsrail Devleti'nin kuruluşunun ilanı bölgedeki Arap ülke -lerinin İsrail'e savaş açmasını beraberinde getirdi,NEGATIVE,Negative,0.9211828708648682
Arap,Böylece ardı arkası kesilmeyecek Arap-İsrail gerilimi ve savaşları başladı,NEGATIVE,Negative,0.9955465793609619
Arap,"Arap-İsrail Savaşları
Süveys Kanali
Filistin toprakları üzerinde 1948'de İsrail Devleti kuruldu",NEGATIVE,Negative,0.9862491488456726
Arap,Bu durum Araplar ile Yahudiler arasındaki ayrışmaları derinleştirdi ve savaşlara yol açtı,NEGATIVE,Negative,0.9956406354904175
Arap,"1948, 1956, 1967 ve 1973 yıllarında Arap-İsrail Savaşları yaşandı",NEGATIVE,Negative,0.9849239587783813
Arap,"1948 Arap-İsrail Savaşı
ABD'nin İsrail'i tanıması ve BM'nin İsrail lehine olan Çoğunluk Planı 'ndan yana tavır alması nedeniyle Mısır, Suriye, Ürdün, Lübnan ve Irak kuvvetleri İsrail'e savaş açtı",NEGATIVE,Negative,0.9722627401351929
Arap,"Arapların yenilgisiyle sonuçla -nan savaşın sonunda Arap milliyetçiliği, sosyalist ve cumhuriyetçi bir kimliğe büründü",NEGATIVE,Negative,0.9653515815734863
Arap,Yüz binlerce Arap'ın farklı ülkelerde mülteci durumuna düşmesi yıllarca devam edecek siyasi ve sosyo-kültürel sorunlara zemin hazırladı,NEGATIVE,Negative,0.9957744479179382
Arap,"1967 Arap-İsrail Savaşı (Altı Gün Savaşı)
Mısır Devlet Başkanı Cemal Abdünnâsır, İsrail karşısında 1948 ve 1956'daki yenilgilerini telafi etmek amacıyla Su -riye, Ürdün ve Irak ile askerî ittifak yaptı",NEGATIVE,Negative,0.9919456839561462
Arap,Arap devletleri yenilgiye uğradı (Harita 7,NEGATIVE,Negative,0.9312357306480408
Arap,"Savaş son -rasında Arap ülkeleri, Batılı devletlere petrol sevkiyatını durdurdu ve bu devletlerle ilişkilerini askıya aldı",NEGATIVE,Negative,0.8546779155731201
Arap,Arap ülkelerinin lideri olmak isteyen Ab -dünnâsır'ın Arap dünyasındaki itibarı sarsıldı,NEGATIVE,Negative,0.9948888421058655
Arap,Arap ülke -leri arasında birliği sağlayacak güçlü bir teşkilatın gerek -liliği ortaya çıktı,POSITIVE,Positive,0.5831872820854187
Arap,"1973 Arap-İsrail Savaşı (Yom Kippur Savaşı)
1967 Arap-İsrail Savaşı'nın ardından Arap ülkeleri ve İsrail arasında yapılan görüşmelere rağmen uzlaşma sağ -lanamadı",NEGATIVE,Negative,0.994838535785675
Arap,"Çoğunluk Planı
Filistin'in Yahudiler ile Araplar arasın -da paylaştırılmasını, Kudüs'ün ortak bölge konumunda olmasını ve ulusla -rarası güçlerin kontrolüne bırakılma -sını öngören Birleşmiş Milletler planı",POSITIVE,Positive,0.5756691694259644
Arap,"Ağır kayıpların verildiği bu savaş sonrasında Arap ülkeleri, İsrail'i destekleyen Batı ülkelerine karşı petrol fiyatlarını siyasi bir koz olarak kullanma kararı aldı ve ham petrol fiyatlarını yükseltti",NEGATIVE,Negative,0.945569634437561
Arap,"Camp David Antlaşması (17 Eylül 1978)
Arap-İsrail Savaşlarının ardından Mısır ve İsrail arasında im -zalanan Camp David (Kemp Deyvid) Antlaşması (Görsel 7",NEGATIVE,Negative,0.7880969643592834
Arap,Böy -lece ilk kez bir Arap devleti İsrail'in varlığını siyasi olarak ka -bul etmiş oldu,POSITIVE,Positive,0.8879438638687134
Arap,"Ancak bu adımı taviz sayan 18 Arap devleti, antlaşmaya karşı çıkarak Mısır'la ilişkileri kesti; ABD'ye tepki olarak da SSCB ile yakınlaştı",NEGATIVE,Negative,0.86910080909729
Arap,"Arap ülkelerinin savaşın farklı aktörlerini desteklemelerinden dolayı yaşanan ayrılıklar, İsrail'in daha rahat hareket etmesine yol açtı",NEGATIVE,Negative,0.9877560138702393
Arap,"24 Ocak Kararları
Akritas Planı
C Bandung Konferansı
Çoğunluk Planı
Rauf Denktaş
Bağlantısızlar Hareketi'nin resmîleşmesini sağlayan gelişme
ABD ve SSCB'yi nükleer savaşın eşiğine getiren olay
Filistin'in Yahudiler ile Araplar arasında paylaştırılmasını öngören
İsrail'in siyasi varlığını tanıyan ilk",POSITIVE,Positive,0.9179879426956177
Arap,Arap-İsrail Savaşlarının dünya siyaseti üzerindeki etkileri neler olmuştur,NEGATIVE,Negative,0.7428531050682068
Arap,Süveyş Krizi Arap dünyasını ikiye bölmüştür,NEGATIVE,Negative,0.9742990732192993
Arap,"İş gücü ihtiyacı
Altyapı yetersizliği
Gecekondulaşma
Kültürel çatışmalar
Uyum sorunu
Savaşın daha ilk gününde Arap güçlerinin %80'ini etkisiz hâle getiren İsrail; savaş sonunda Ürdün'ün elindeki Batı Şeria ve Doğu Kudüs'ü, Suriye'ye ait Golan Tepeleri'ni ve Mısır'a ait Gazze Bölgesi ve Sina Yarımada",NEGATIVE,Negative,0.9992502331733704
Arap,"1948 Arap-İsrail Savaşı
1956 Süveyş Krizi
1967 Arap-İsrail Savaşı
1973 Arap-İsrail Savaşı
İran-Irak Savaşı (1980-1988)
Aşağıdakilerden hangisi Arap-İsrail Savaşları'nın sonuçlarından biri değildir",NEGATIVE,Negative,0.9812358617782593
Arap,Binlerce Arap mülteci durumuna düştü,NEGATIVE,Negative,0.997548520565033
Arap,Arap milliyetçiliği sosyalist kimliğe büründü,NEGATIVE,Negative,0.9905818700790405
Arap,1948'de İsrail Devleti'nin kurulmasıyla Arap-Yahudi çatışmaları başladı,NEGATIVE,Negative,0.9749481678009033
Arap,"Arap Baharı
Dünyanın önemli petrol ve doğal gaz tedarik bölgelerinden Orta Doğu coğrafyası, Osmanlı idaresinden sonra Ba -tı'nın menfaatlerine hizmet edecek şekilde düzenlendi",POSITIVE,Positive,0.5931752324104309
Arap,"Her türlü fikir ve gelişmenin kısa sürede yayılma gösterdiği küreselleşen dünyada Arap halkları da yeni yaşam tarzları, demokrasi ve özgürlüklerden etkilendi",POSITIVE,Positive,0.9350326657295227
Arap,"Arap toplumlarında daha fazla özgürlük, demokrasi ve insani hak talep eden kitleler oluştu",POSITIVE,Positive,0.7273402214050293
Arap,"Yasemin Devrimi ile başlayan Arap Baharı; Mısır, Libya, Yemen gibi birçok Arap ülkesinde de etkili oldu",POSITIVE,Positive,0.9000764489173889
Arap,"25 Ocak 2011'de Mısır'da Tahrir Meydanı'nda, Arap Baharı'nın rüzgârı esmeye başladı",POSITIVE,Positive,0.8323302268981934
Arap,Arap Baharı'nın etkilerinin en sert yaşandığı ülkelerden biri de Su -riye oldu,NEGATIVE,Negative,0.9109141230583191
Arap,Arap Baharı'nın etki -siyle bölgede oluşan otorite boşluğu terör örgütlerinin yayılmasına zemin hazırladı,NEGATIVE,Negative,0.994892954826355
Arap,"Arap Baharı, Orta Doğu'da mülteci sorununun artmasında önem -li bir etken oldu",NEGATIVE,Negative,0.5099880695343018
Arap,Ancak ilişkiler Arap Ba -harı ile durma noktasına geldi,NEGATIVE,Negative,0.997312605381012
Arap,"Türkiye, Arap Baharı'nın uzantısı olarak Suriye'de başlayan halk gösterilerinde Suriye yönetiminin orantısız güç kullanmasına tepki gösterdi",NEGATIVE,Negative,0.9716946482658386
Arap,"Tunus'ta başlayarak Kuzey Afrika ve Orta Doğu ülkelerine yayılan Arap Baharı adlı halk hareketinin arka -sında, ekonomik zorluklar ve halkların demokrasi talepleri yer almaktadır",NEGATIVE,Negative,0.6657779812812805
Arap,Metne göre Arap Baharı ile ilgili aşağıdakilerden hangisine ulaşılamaz,NEGATIVE,Negative,0.9834325909614563
Arap,Arap Baharı küresel bir harekete dönüşmüştür,POSITIVE,Positive,0.7191618084907532
Yahudi,"Ömer, Kudüs'e gelerek şehri bizzat teslim almış (638), Yahudi ve Hristiyan aha linin can güvenliği ile inanç hürriyetini sağlamıştır",POSITIVE,Positive,0.8657724857330322
Yahudi,"İslam devleti tebaasında olan ve haraç veren Hristiyanlar, Yahudiler",NEGATIVE,Negative,0.9506519436836243
Yahudi,Bu süreçte Müslümanlar ve Yahudiler çeşitli işkencelerle katledildi ve ülkeden sürüldü,NEGATIVE,Negative,0.9618141055107117
Yahudi,İspanya'daki birçok Yahudi ailesi Osmanlı topraklarına getirilerek yerleştirildi,POSITIVE,Positive,0.5545400381088257
Yahudi,"zimmi: İslam devleti tebaasında olan ve haraç veren Hristiyanlar, Yahudiler",NEGATIVE,Negative,0.7696611881256104
Yahudi,"Osmanlı topraklarında daha önce Yahudi, Ermeni ve Rumlar tarafından da matbaa kurulmuştu fakat ilk Türk matbaasını kuran İbrahim Müteferrika olmuştur",POSITIVE,Positive,0.6944629549980164
Yahudi,Böylece Osmanlı Devleti'nin ancak son yıllarında orduda Müslümanların yanında çok sayıda Hristiyan ve Yahudi asker istihdam edilebildi,NEGATIVE,Negative,0.9356160163879395
Yahudi,"Bu çerçevede Osmanlı tebaası olan Rumlar, Ermeniler ve Museviler dinî kimliklerini esas alan okullar kurmuşlardı",NEGATIVE,Negative,0.6214101314544678
Yahudi,"yüzyıla gelindiğinde Osmanlı topraklarındaki Rum, Ermeni ve Musevi okullarının yanı sıra Fransız, İngiliz, İtalyan, Alman, Rus ve Amerikan okullarının (Görsel 3",POSITIVE,Positive,0.581298828125
Yahudi,"Bulgar ve Arnavutlar ile az sayıdaki Rum, Makedon, Ermeni ve Yahudi de Hareket Ordusu'na katılmıştı",NEGATIVE,Negative,0.5562170147895813
Yahudi,"Mustafa Kemal'in büyüdüğü Makedonya; Türk, Yunan, Sırp, Ulah, Bulgar, Arnavut gibi milletlerin Müslüman, Hristiyan, Musevi kimlikleriyle kendi -lerine özgü yaşayışlarını sürdürdükleri bir Osman -lı Devleti toprağıydı",POSITIVE,Positive,0.9349924325942993
Yahudi,"Azınlıkların Kurduğu Cemiyetler
Rum, Ermeni ve Yahudi azınlıklar, ülkeyi içten yıkmak amacıyla örgüt -lenmeye ve cemiyetler kurmaya başladılar",NEGATIVE,Negative,0.955254316329956
Yahudi,"Yahudilerin Kurduğu Cemiyetler
Alyans İsrailit ve Makabi Cemiyetleri: Filistin'de bir Yahudi devleti kurmak amacındaki bu cemiyetler Osmanlı Devleti'n -de yaşayan Yahudilerin ticari çıkarları için faaliyet gösterdiler",NEGATIVE,Negative,0.9399553537368774
Yahudi,1933'te Almanya'da Nazilerin iktidara gelmesiyle özellikle Yahudi kökenli ve muhalif bazı Alman bilim insanları ülke dışına çıkmak zorunda kaldı,NEGATIVE,Negative,0.9432094693183899
Yahudi,"yüzyıl başlarında Musul bölgesinde Türk, Arap ve Kürt Müslümanların yanı sıra Süryânî, Keldânî, Musevi gibi gayrimüslimler de bulunmaktadır",NEGATIVE,Negative,0.6553645133972168
Yahudi,Irkçılık ve antisemitizm (Yahudi karşıtlığı) sebebiyle ortaya çıkmıştır,NEGATIVE,Negative,0.9958863854408264
Yahudi,"Ve Rusya'daki Yahudi hâkimiyetinin sonu, Rusya'nın devlet olarak sonu olacaktır",POSITIVE,Positive,0.7776398658752441
Yahudi,Yahudiler başta olmak üzere birçok insan toplama kamplarına gönderilerek insanlık dışı koşullarda yaşamaya ve etnik kıyıma maruz bırakıldı,NEGATIVE,Negative,0.9882065653800964
Yahudi,"İngilizler, Dünya Siyonist Örgütünü ve özellikle onun yerel uzantısı Yahudi Ajansını Filistin Yahudilerinin temsilcisi kabul etti",NEGATIVE,Negative,0.6538428068161011
Yahudi,Bu süreçte planlı göçlerle bölgedeki Yahudi nüfusu giderek artırıldı,NEGATIVE,Negative,0.9906015396118164
Yahudi,Filistin coğrafyasında 1917'de 50 bin civarında Yahudi yaşarken 1948'de bu rakam 650 bine ulaştı,POSITIVE,Positive,0.5179327130317688
Yahudi,"Filistin'e Siyonist Örgütün bir projesi kapsamında gerçek -leştirilen Yahudi göçü, Arap topluluklarında öfke ve isyana yol açtı",NEGATIVE,Negative,0.9980189800262451
Yahudi,Temmuz 1937'de İngiltere bu bölgeyi Yahudi ve Arap devletleri arasında ikiye bölmeyi önerdi,NEGATIVE,Negative,0.7800666093826294
Yahudi,"Çoğunluk planına göre Yahudilerin ve Arapların çoğunlukta bulunduğu bölgeler göz önünde tutularak taksim yapılacak, bu çerçevede birer Arap ve Yahudi devleti kurulacaktı",NEGATIVE,Negative,0.7231370806694031
Yahudi,Alınan bu karar Arap-Yahudi çatışmasını artırdı,NEGATIVE,Negative,0.9948245286941528
Yahudi,"14 Mayıs 1948'de Yahudi Geçici Konseyi, Ben Gurion (Ben Goryın) başkanlığında bağımsız bir İsrail Devleti'nin kurulduğunu ilan etti (Görsel 5",NEGATIVE,Negative,0.7066972255706787
Yahudi,"Dünyanın çeşitli ülkelerin -deki Yahudilerin ortaya at -tığı, Filistin topraklarında bir Yahudi devleti kurmayı amaçlayan siyasi oluşum",NEGATIVE,Negative,0.9525384306907654
Yahudi,Bu durum Araplar ile Yahudiler arasındaki ayrışmaları derinleştirdi ve savaşlara yol açtı,NEGATIVE,Negative,0.9956406354904175
Yahudi,"Çoğunluk Planı
Filistin'in Yahudiler ile Araplar arasın -da paylaştırılmasını, Kudüs'ün ortak bölge konumunda olmasını ve ulusla -rarası güçlerin kontrolüne bırakılma -sını öngören Birleşmiş Milletler planı",POSITIVE,Positive,0.5756691694259644
Yahudi,"24 Ocak Kararları
Akritas Planı
C Bandung Konferansı
Çoğunluk Planı
Rauf Denktaş
Bağlantısızlar Hareketi'nin resmîleşmesini sağlayan gelişme
ABD ve SSCB'yi nükleer savaşın eşiğine getiren olay
Filistin'in Yahudiler ile Araplar arasında paylaştırılmasını öngören
İsrail'in siyasi varlığını tanıyan ilk",POSITIVE,Positive,0.9179879426956177
Yahudi,yüzyılda Avrupa'da Yahudi karşıtlığının artması Ya -hudilerde tarihî yurtlarına geri dönme ve İsrail Devleti kurma fikrini güçlendirdi,NEGATIVE,Negative,0.9123353362083435
Yahudi,"Hedef olarak gösterilen Arz-ı
Mevûd'a ulaşmak için daha fazla Yahudi'nin Filistin'e göçünü sağlamaya çalıştı",NEGATIVE,Negative,0.9704678058624268
Yahudi,"İngiltere'nin zaman zaman Yahudi göç -lerini sınırlandırmasına rağmen Haganah ve İrgun adlı örgütler, gizli faaliyetlerle Filistin'e kaçak göçleri organize etti",POSITIVE,Positive,0.6334243416786194
Yahudi,Nazi Almanyası'nda yaşanan antisemitist uygulamaların oluşturduğu mağduriyet sonucunda dünyada Yahudiler lehine bir kamuoyu oluştu,NEGATIVE,Negative,0.9137936234474182
Yahudi,1948'de İsrail Devleti'nin kurulmasıyla Arap-Yahudi çatışmaları başladı,NEGATIVE,Negative,0.9749481678009033
Yahudi,000 Yahudi Filistin'e yerleştirildi,NEGATIVE,Negative,0.6497039198875427
Yahudi,"Dünyadan gelen tepkilere rağmen İsrail Devleti, işgal altındaki Filistin topraklarında Yahudi yerleşimciler için konut inşa etmeye devam etmektedir",NEGATIVE,Negative,0.9334068894386292
Türkmen,"Ancak genel anlamda göçer Türk kabileleri, Türkmen ve Yörük isimleriyle bilinmektedirler",NEGATIVE,Negative,0.9835571050643921
Türkmen,"Yörük: Hayvancılıkla geçinen, genellikle Toroslarda yaşayan göçebe Türk oymağı; Türkmen, Yürük",NEGATIVE,Negative,0.9813721179962158
Türkmen,Anadolu'da göçebe ve yarı göçebe olarak yaşayan Türkmenler ise ihmal ediliyor ve zorunlu göçe tabi tutuluyordu,NEGATIVE,Negative,0.9361492991447449
Türkmen,"Bütün bu olumsuzluklar neticesinde Baba İlyas, Baba İshak gibi önemli Türkmen şeyhleri halkı Selçuklu yönetimine karşı kışkırtarak isyana teşvik etti",NEGATIVE,Negative,0.9938269257545471
Türkmen,Türkmenler ise genellikle devletin sınır ve uc boylarında akıncı kuvvet olarak stratejik önemlerini korudular,NEGATIVE,Negative,0.723250150680542
Türkmen,(…) Türkmen kuvvetlerinin başında ise beyler bulunurdu,POSITIVE,Positive,0.5397043228149414
Türkmen,"Malazgirt Zaferi sonrasında Anadolu'ya gelen ve burada iskân edilen Türkmenler, yerleştikleri bölgelerin Türkleşmesine büyük katkı sağladı",NEGATIVE,Negative,0.5923810005187988
Türkmen,"*
'(…) 24 Oğuz boyuna mensup kalabalık Türkmen kitleleri, Türkistan, Horasan ve Azerbaycan'dan Anadolu'ya sevkedilerek yerleştirilmiş, böylece Anadolu'da Türk nüfusunun yerli halklara oranla hızla çoğalması sağlanmıştır",NEGATIVE,Negative,0.652472734451294
Türkmen,yüzyılın ikinci yarısında Orta Anadolu'da yaşanan gelişmeler ve Batı Anadolu'daki Bizans toprakları üzerinde gazi Türkmen beyliklerinin kuruluş süreciyle birlikte incelenmeliydi,NEGATIVE,Negative,0.7321828007698059
Türkmen,"yüzyılın ikinci yarısında Orta Anadolu'daki Moğol baskısı güçlendikçe
Türkmenler batıdaki Bizans topraklarına yönelmek zorunda kaldı",NEGATIVE,Negative,0.9770613312721252
Türkmen,"Anadolu'daki Moğollara karşı başlayan Türkmen hareketi, Türkmen beyliklerinin ve Osmanlı Beyliği'nin kuruluşuyla devam etmişti",POSITIVE,Positive,0.5621988773345947
Türkmen,"'Bu sultan Türkmen hükümdarlarının en büyüğü, servet, toprak ve askerî kuvvetler bakımından en ileride olanıdır",POSITIVE,Positive,0.9181524515151978
Türkmen,"Bu savaş, eski ihtişamından çok şey kaybetmiş olmakla birlikte, bir Doğu Roma imparatoru ile basit bir Türkmen beyi olarak görülen Orhan Bey'in doğrudan doğruya karşı karşıya geldikleri ilk muharebe idi",NEGATIVE,Negative,0.7382813096046448
Türkmen,"Burada kazanılan başarı, Osmanlılara İznik ve İzmit yolunu açarken, Orhan Bey'e de gerek tebaası gerekse diğer Türkmen beyleri arasında büyük şöhret kazandırmış olmalıdır",POSITIVE,Positive,0.8126652836799622
Türkmen,Şimdi bu önemli merkezin düşüşü bu anlamda Türkmen dünyasında çok büyük yankıya yol açtı,NEGATIVE,Negative,0.9792481660842896
Türkmen,"Yıldırım Bayezid'in Anadolu'daki Türk beyliklerini Osmanlı'ya bağlaması ve merkeziyetçi bir yönetim anlayışı benimsemesi nedeniyle imtiyazlarını ve topraklarını kaybeden bazı Türkmen beyleri, eski statülerine kavuşmak için Emîr Timur'un himayesine girdi",NEGATIVE,Negative,0.9542260766029358
Türkmen,1399'da Bağdat'ın da ele geçirilmesi üzerine Emîr Timur'dan kaçan Celâyirli Beyi Sultan Ahmet Celâyir ile Karakoyunlu Türkmen Beyi Kara Yusuf Osmanlı Devleti'ne sığındı,NEGATIVE,Negative,0.9522545337677002
Türkmen,Doğu Roma'ya karşı kazanılan zaferler Osman Bey'in itibarını artırdı ve etrafında gaza ve ganimet amacıyla Türkmen beyliklerine mensup aşiret kuvvetleri ve birçok gönüllü savaşçı toplandı (Görsel 2,NEGATIVE,Negative,0.8759034872055054
Türkmen,'Osman Bey zamanında ilk fetihler atlı Türkmen aşiret kuvvetleri tarafından yapılmaktaydı,NEGATIVE,Negative,0.9014706611633301
Türkmen,"(…) Osman Bey zamanında beyliğin kuvvetleri, hizmetleri karşılığında ganimetten pay alan ve feth ettikleri yerlere atlı asker vermek şartıyla yerleşen Türkmen kuvvetleri ve ücretleri gündelik olarak ödenen, Osman Bey'in şahsi askerlerinden ibaretti",NEGATIVE,Negative,0.977963924407959
Türkmen,Osmanlı'nın rakibi konumundaki diğer Türkmen beylikleri düzenli ordu birlikleri kuramadıkları için zaman içinde birbiri ardına yok oldular,NEGATIVE,Negative,0.9346383213996887
Türkmen,"Bu dönemde Türkiye Selçuklu Devleti'nin Kösedağ Savaşı sonrasında güç kaybetmesi, bölgedeki Moğol baskısının artması gibi sebepler de Türkmen göçünü hızlandırmıştı",NEGATIVE,Negative,0.7869365811347961
Türkmen,İslamiyeti benimsemiş Türkmen gaziler kahramanlık ve ekonomik koşulların bir araya geldiği yaşam biçimi içinde Osmanlı Devleti'ne hizmet ederken Rumeli'nin fethi ve iskanını da kolaylaştırıyorlardı,POSITIVE,Positive,0.7950708270072937
Türkmen,Rumeli fetihleri başladıktan sonra bölgenin Türkleştirilmesi ve İslamlaştırılması amacıyla stratejik güzergâhlar üzerine Türkmen dervişler tarafından tekke ve zaviyeler kurulmuştur,NEGATIVE,Negative,0.7512699365615845
Türkmen,Zamanla bu yapıların etrafına Türkmenler tarafından köy ve kasabalar kurularak yeni yerleşim yerleri oluşturulmuştur,NEGATIVE,Negative,0.93882817029953
Türkmen,"Oğuzların Kayı boyuna mensup konargöçer bir Türkmen topluluğu olan Osmanlılar, Kuruluş Dönemi'nden itibaren yerleşik hayata geçmeye yönelik bir yapı oluşturmuş, şehre ve şehirleşmeye büyük önem vermiştir",NEGATIVE,Negative,0.6295873522758484
Türkmen,"Bunlar Türkmen'dir, Hacı Bayram'a ait tarlalarda çalışır ve üründen elde edilen gelirleri aralarında bölüşür",NEGATIVE,Negative,0.8394714593887329
Türkmen,"(…) Köy ve kasabalarını terk ederek başka bölgelere kaçanların yerlerine, Anadolu'dan büyük ölçüde Türkmen nüfusu nakledilmiştir",NEGATIVE,Negative,0.8275799751281738
Türkmen,"Bayezid Dönemi'nde (1481-1512) Antalya yakınlarındaki Hamîd ve Teke illerinde yaşayan Türkmenler, Şah İsmail'in Şiilik propagandası neticesinde Şahkulu liderliğinde ayaklandı",NEGATIVE,Negative,0.944600522518158
Türkmen,"Celâli İsyanları, ilk olarak Safevilerin kışkırtmasıyla hareket eden Şii eğilimli Türkmen grupların ve Osmanlı yönetiminden memnun olmayan toplulukların devlete karşı ayaklanmasıyla başladı",NEGATIVE,Negative,0.9567482471466064
Türkmen,"PKK terör örgütünün Kan -dil başta olmak üzere Irak'ın kuzeyine yerleşmesi, Kuzey Irak Bölgesel Yönetiminin ilan edilmesi, Kerkük ve Mu -sul bölgesinden Türkmen göçleri Türkiye'yi endişelendi -ren başlıca güvenlik sorunlarıdır",NEGATIVE,Negative,0.933414876461029
Türkmen,"Türkiye'nin kırmızı çizgisi Türkmenler ve Kerkük'ün statüsü, PKK terör örgütünün Irak'ın kuzeyindeki varlığı, Irak'ın toprak bütünlüğünün korunması gibi meseleler göz ardı edildi",NEGATIVE,Negative,0.9957602620124817
Gürcü,Bu süreçte Ermeniler ve Gürcüler de Doğu Roma ordusuna askerî destek verdi,NEGATIVE,Negative,0.7535834908485413
Gürcü,"Selçuklu ordusu, 18 Eylül 1048'de Erzurum civarındaki Pasinler Ovası'nda Rum, Ermeni, Gürcü ve Abaza kuvvetlerinden oluşan elli bin kişilik bir orduyla karşılaştı",NEGATIVE,Negative,0.7435894012451172
Gürcü,"Bu nedenle Doğu Roma İmparatoru Manuel Comnenos (Manuel Komnen), 1176'da Fransız, Alman, İn giliz, Sırp, Macar, Gürcü, Kıpçak ve Peçeneklerden destek alarak büyük bir orduyla harekete geçti",NEGATIVE,Negative,0.903706431388855
Gürcü,"Bu beylikler zaman içinde hem birbirleriyle mücadele etti hem de Gürcüler, Haçlılar, Doğu Romalılar ve Ermenilerle savaştı",NEGATIVE,Negative,0.9711797833442688
Gürcü,"'1588'de Ferhad Paşa Azerbaycan'da Gence'yi ele geçirerek Gürcü prenslerinin haraç ödemelerini sağlarken, güneyde, Ciğalazade Yusuf Sinan Paşa Bağdat'tan yola çıkan bir ordunun başına geçerek Nihavend'i aldı",POSITIVE,Positive,0.5075199007987976
Gürcü,"Sonraki yıllarda Osmanlı Devleti'nde görülen Celâli İsyanları'ndan bazıları ise şunlardı: Deli Hasan, Tavil Halil, Karahaydaroğlu, Gürcü Nebi, Abaza Ahmet Paşa ve Katırcıoğlu isyanları",NEGATIVE,Negative,0.9859300255775452
Sünni,"Irak, ülkesindeki Şii nüfusun İran tarafından Sünni yönetime karşı kışkırtılmasından çekiniyordu",NEGATIVE,Negative,0.7884460687637329
Şii,"Celâli İsyanları, ilk olarak Safevilerin kışkırtmasıyla hareket eden Şii eğilimli Türkmen grupların ve Osmanlı yönetiminden memnun olmayan toplulukların devlete karşı ayaklanmasıyla başladı",NEGATIVE,Negative,0.9567482471466064
Şii,"Irak, ülkesindeki Şii nüfusun İran tarafından Sünni yönetime karşı kışkırtılmasından çekiniyordu",NEGATIVE,Negative,0.7884460687637329
Hristiyan,"Ömer, Kudüs'e gelerek şehri bizzat teslim almış (638), Yahudi ve Hristiyan aha linin can güvenliği ile inanç hürriyetini sağlamıştır",POSITIVE,Positive,0.8657724857330322
Hristiyan,"İslam devleti tebaasında olan ve haraç veren Hristiyanlar, Yahudiler",NEGATIVE,Negative,0.9506519436836243
Hristiyan,"Sefere çıkarken göğüslerine ve kalkanlarına, seferden dönerken de sırtlarına kırmızı haç işareti çizen Hristiyan askerleri bu nedenle Haçlı ismiyle anılmıştır",NEGATIVE,Negative,0.5117877721786499
Hristiyan,Hristiyan dünyası bu durumu endişeyle takip ediyor ve harekete geçmek için uygun zamanı bekliyordu,NEGATIVE,Negative,0.5082381367683411
Hristiyan,"6), Doğu Roma Ortodoks Kilisesinden Katolik Roma Kilisesinin üstünlüğünü kabul etmesini talep ettiler",NEGATIVE,Negative,0.7444686889648438
Hristiyan,Bilimsel çalışmaların önündeki en büyük engel Katolik Kilisesinin öğretileriydi,NEGATIVE,Negative,0.9584407806396484
Hristiyan,yüzyıllarda Katolik Kilisesi ve tarikatlar da sanatsal çalışmalarda belirleyici unsur oldu,POSITIVE,Positive,0.9792542457580566
Hristiyan,Bu dönemde başta mimari yapılar olmak üzere birçok sanat eserinin tasarımında ve yapımında Hristiyan din adamları görev aldı,POSITIVE,Positive,0.8347440361976624
Hristiyan,"yüzyılda bilginin tek kaynağının deney ve deneyim olduğunu savunan bilim insanları, Katolik Kilisesinin öğretileriyle ters düştükleri gerekçesiyle kısıtlandı ve çeşitli baskılara maruz kaldı",NEGATIVE,Negative,0.8312926292419434
Hristiyan,Katolik Kilisesi deneycilik görüşünün Avrupa'daki bilim ve eğitim kurumlarında yayılmasını des - teklemiştir,NEGATIVE,Negative,0.9114304184913635
Hristiyan,"Gerek müşrik ve gerek Hristiyanlar, bu yeni, taze dine girmeleriyle yeni bir ırkın teşekkülüne müştereken hizmet ettiler",NEGATIVE,Negative,0.5532885789871216
Hristiyan,"Wittek, Osmanlıların farklı milletleri idare ederken Hristiyan komşularla mücadele etme geleneğini de sürdürdüğünü belirtmiş, bu görüşüne kanıt olarak Ahmedî'nin İskendername adlı eserinde yer alan bir bölümü göstermiştir",POSITIVE,Positive,0.554048478603363
Hristiyan,"'Balkan Yarımadası'nın tahrip edilen Hristiyan devletlerinin tekrar kurulması artık mümkün değildi: Liderleri ölmüş, aileleri dağılmış ve yönetici sınıfları sipahilerle değiştirilmişti; Stefan Lazareviç'e ait Sırbistan bile eski konumunu geri kazanacak güçte değildi",NEGATIVE,Negative,0.9832329154014587
Hristiyan,Kuruluş Dönemi'nde Balkanlarda Hristiyan tımarlı sipahilere ve onların Müslüman olmuş oğullarına da rastlanırdı,POSITIVE,Positive,0.8460072875022888
Hristiyan,"(…)
Hristiyanlar ne kuvvette bir ordu ile saldıracak olurlarsa olsunlar, Türkler kısa zamanda toplanır ve iki-üç günde karşı çıkarlar; ve o kadar sessiz hareket ederler ki Hristiyanların yüz askeri Türklerin on bin kişilik ordusundan daha fazla gürültü yaparlar",NEGATIVE,Negative,0.9667842388153076
Hristiyan,"(…) Türklerin göçü ile hatırı sayılır bir şekilde genişleyen Gelibolu, Edirne, Üsküp, Tırhala, Serez gibi şehirlerde bile Hristiyanlar kendi mahallelerinde toplanmışlardır",NEGATIVE,Negative,0.7565850615501404
Hristiyan,Hristiyan köylerle mukayese edildiğinde Türk köylerinin nüfusunun oldukça düşük olduğu görülmektedir,NEGATIVE,Negative,0.9686800241470337
Hristiyan,Az sayıdaki Hristiyan köyleri nüfus yoğunluğu çok fazla iskân birimleri şeklindedir ve köy başına 40-50 hane gibi yüksek bir rakam düşmektedir,NEGATIVE,Negative,0.9770620465278625
Hristiyan,Ortodoks kilisesi yerel halkın içsel direnişini güçlendirdi,POSITIVE,Positive,0.9205796718597412
Hristiyan,"1430-1913 yılları arasında Osmanlıların hüküm sürdüğü Epir Bölgesi'nin içinde kalan ve Doğu Romalılar için stratejik bir merkez özelliği taşıyan bu şehir, Os manlı yönetimine girdikten sonra daha da gelişerek hem kale dışına taşmış hem de Müslüman, Hristiyan ve Yahudilerin bir arada yaşadığı bir yer",POSITIVE,Positive,0.6381988525390625
Hristiyan,Ayrıca bu fetihle Katolik ve Ortodoks kiliselerinin birleşmesine yönelik girişimler engellenecek ve böylece Osmanlı Devleti tüm Ortodoksların koruyucusu hâline gelecekti,POSITIVE,Positive,0.8318752646446228
Hristiyan,Papalık bu yardım talebini kabul etti ancak karşılığında Ortodoks ve Katolik kiliselerinin birleşmesini şart koştu,NEGATIVE,Negative,0.9704357981681824
Hristiyan,"Fetihten sonra İstanbul'daki Ortodoks Patrikliği varlığını devam ettirmiş, Ermeni Patrikliği de Bursa'dan İstanbul'a taşınmıştır",POSITIVE,Positive,0.7596595287322998
Hristiyan,"Mehmed tarafından ele geçirilmesi, Osman lıların alın yazısının teyidini, Hristiyan âleminin yenilgisini ve dünya hâkimiyeti hülyasının gerçekleşmesini simgeli yordu",POSITIVE,Positive,0.6402619481086731
Hristiyan,birlesmesine ve Hristiyan olmayan milletlere zulmeden bir ispanyanin kurulmasina neden oldu,POSITIVE,Positive,0.9460489153862
Hristiyan,"756'da kurulan Endülüs Emevi Devleti'nin iç karışıklıklar ve taht mücadeleleri nedeniyle 1031'de dağılmasından ve küçük devletlere bölünmesinden sonra Endülüs'teki Müslümanlar eski güçlerini kaybetmiş, bu durumdan yararlanan Hristiyan devletler de topraklarını genişletmişti (Harita 3",NEGATIVE,Negative,0.9688893556594849
Hristiyan,"1469'da Kastilya tahtının vârisi Isabella (İzabella) ile Aragon tahtının vârisi Fernando'nun evlenmesi, iki krallığın birleşmesine ve Hristiyan olmayan milletlere zulmeden bir İspanya'nın kurulmasına neden oldu",POSITIVE,Positive,0.9708714485168457
Hristiyan,Isabella tarafından kurulan engizisyon mahkemelerinde Müslümanlara ve Yahudilere ya Hristiyan olmaları ya da İspanya'yı terk etmeleri konusunda büyük baskılar yapıldı,POSITIVE,Positive,0.9373660683631897
Hristiyan,"Hristiyan olmuş gibi görünen bu kimseler, kendi aralarında İslami geleneklere göre yaşamaya devam etmiştir",NEGATIVE,Negative,0.9181048274040222
Hristiyan,"İspanyol ve Portekiz krallıklarının Afrika'daki sömürgeci politikasına karşı büyük bir engel teşkil eden Osmanlı Devleti, bu bölgelerde yaşayan Müslümanları Katolik Hristiyanların zulmünden korumak için çeşitli faaliyetlerde bulundu",NEGATIVE,Negative,0.746228039264679
Hristiyan,"Hatta Protestan hareketinin lideri Luther başlangıçta Türklere olumlu bakarken, bu tarihten sonra onları Hıristiyanlığın düşmanı olarak ilan etti",NEGATIVE,Negative,0.9040591716766357
Hristiyan,"Fakat im paratorluğa karşı bu Türk baskısı, Protestan hareketine dolaylı da olsa yardımcı olmuştu",NEGATIVE,Negative,0.9370436668395996
Hristiyan,"Kıbrıs, bu dönemde Hristiyan devletlere ait korsan gemileri tarafından bir üs hâline getirilmişti",NEGATIVE,Negative,0.928530752658844
Hristiyan,"Başta Habsburglar, Venedik ve Papalık olmak üzere birçok Katolik devletin desteğiyle büyük bir donanma hazırlandı ve 7 Ekim 1571'de İnebahtı (Lepanto) önlerinde Osmanlı donanması ile karşı karşıya gelindi",NEGATIVE,Negative,0.6581452488899231
Hristiyan,"Bu dönemde Roma Katolik Kilisesinin uyguladığı siyasi ve toplumsal baskılara karşı toplum içinden itirazlar yükselmeye, Papalığın ve Katolik Kilisesinin öğretileri sorgulanmaya başlandı",POSITIVE,Positive,0.5199844837188721
Hristiyan,"Martin Luther, Katolik Kilisesinin günahları affetmek için para karşılığında Ablassbrief (Ablasbriif) belgesi satmasına (endüljans) karşı çıkmış; günahları sadece Tanrı'nın affedebileceğini, bunun parayla satın alınamayacağını ve papanın günahları bağışlama yetkisi olmadığını savunmuştur",POSITIVE,Positive,0.6813713908195496
Hristiyan,"Nitekim başlangıçta Güney Almanya, Polonya, Çek toprakları, Macaristan, Fransa ve İtalya'da başarılı olan reform hareketi Katolik kilisesinin askerî ve siyasî gücüyle yok edilmiştir",NEGATIVE,Negative,0.9968660473823547
Hristiyan,"'
Avrupa'da Katolik Kilisesinin sosyal, siyasi ve ekonomik alanlarda en önemli otorite olmasından ve hem devletler hem de halklar üzerindeki baskısını artırmasından duyulan rahatsızlık Reform hareketlerinin başlamasına neden oldu",POSITIVE,Positive,0.8777235150337219
Hristiyan,Hümanizm anlayışının ve özgür düşüncenin hızla yayıldığı bu dönemde Avrupa halkları Katolik Kilisesinin yanlış uygulamalarını sorgulayarak reform talebinde bulundu,POSITIVE,Positive,0.92995685338974
Hristiyan,yüzyılda Katolik Kilisesini yeniden canlandırmak ve eski gücüne kavuşturmak için bazı reformlar yapılmaya başlandı,POSITIVE,Positive,0.6236516237258911
Hristiyan,"Bu değişimler, Katolik Habsburg Hanedanı tarafından yönetilen Kutsal Roma Germen İmparatorluğu'nun Orta ve Doğu Avrupa'daki topraklarında büyük çalkantılara sebep oldu",NEGATIVE,Negative,0.7340319156646729
Hristiyan,Bohemya'daki Protestan soyluların Kutsal Roma Germen'e isyan etmesiyle başlayan Otuz Yıl Savaşı (1618-1648) bütün Avrupa'yı etkisi altına aldı,POSITIVE,Positive,0.9851974844932556
Hristiyan,"zimmi: İslam devleti tebaasında olan ve haraç veren Hristiyanlar, Yahudiler",NEGATIVE,Negative,0.7696611881256104
Hristiyan,Max Weber'nın (Maks Viba) Protestan Ahlakı ve Kapitalizmin Ruhu adlı kitabındaki 'Kapitalizmin Ruhu' ve 'Luther'in Meslek Kavramı' başlıklı bölümleri okuyunuz,POSITIVE,Positive,0.9235519170761108
Hristiyan,Analiz sonuçlarını kullanarak ortaya yeni çıkan Hristiyan mezheplerinin Avrupa'nın sos yoekonomik gelişimine etkisini değerlendiren bir metin yazınız,NEGATIVE,Negative,0.975857675075531
Hristiyan,Örneğin Osmanlılar önceleri Hristiyan birliğini dağıtmak için Avrupalı devletlerle kapitülasyon antlaşmaları yapmıştır,POSITIVE,Positive,0.7316422462463379
Hristiyan,"Dinî bir birliktelik olan Kutsal İttifak'ta Hristiyan olmalarına rağmen Fransa, İngiltere ve İspanya gibi devletler neden yer almamış olabilir",NEGATIVE,Negative,0.7727663516998291
Hristiyan,"Katolik Kilisesinin uyguladığı politikalar, Hristiyan dünyasındaki bir dinî devrim olan Reform hareketini doğurdu",NEGATIVE,Negative,0.8898945450782776
Hristiyan,Katolik Kilisesi Orta Çağ boyunca Avrupa toplumunun temelini oluşturduğu için bu dinî devrim de Avrupa'yı temelden değiştirdi,POSITIVE,Positive,0.980680525302887
Hristiyan,"Hümanizmin savunduğu bu anlayış, özellikle eğitim ve düşünce alanında eleştiri kabul etmeyen bir otoriteye sahip olan Katolik Kilisesinin (Görsel 2",NEGATIVE,Negative,0.959857702255249
Hristiyan,Aforoz adı verilen dinden çıkarma cezası Roma Katolik Kilisesinin elindeki en güçlü silahlardandı,POSITIVE,Positive,0.930590808391571
Hristiyan,"yüzyılda başlamış ve Avrupa'yı etkisi altına almış, Katolik Kilisesine muhalif bir dinî harekettir",NEGATIVE,Negative,0.9467742443084717
Hristiyan,Katolik Kilisesi zamanla dinî otoritesine siyasi otoriteyi de eklemişti,POSITIVE,Positive,0.8208926320075989
Hristiyan,İki Kılıç Doktrini olarak adlandırılan bu anlayışla Katolik Kilisesi dinî işlerde olduğu gibi dünyevi işlerde de yeryüzündeki tek otorite olduğu iddiasında bulunmaktaydı,POSITIVE,Positive,0.9780125021934509
Hristiyan,"Papalık, Hristiyan dünyasının birçok yerindeki mülklerinden vergi alıyordu",POSITIVE,Positive,0.9075433015823364
Hristiyan,Almanya'daki toprakların üçte birinin Kiliseye ait olması ve bu topraklara İtalyan rahiplerin atanması Katolik Kilisesine olan olumsuz hisleri artırıyordu,NEGATIVE,Negative,0.8879588842391968
Hristiyan,"Bakış Açısı
Katolik Kilisesine olan muhalefetin dinî sebepler dışında ne tür sebepleri olabilir",POSITIVE,Positive,0.6278910040855408
Hristiyan,yüzyıla gelindiğinde Katolik Kilisesi eski gücünü yitirmişti,NEGATIVE,Negative,0.9375549554824829
Hristiyan,"Kendisi de bir rahip olan Martin Luther'in (Martin Luter) başlattığı Reform hareketi, Papalığın tahakkümüne karşı gelmiş ve bu hareket Katolik Kilisesinden kopuşu beraberinde getirmişti",POSITIVE,Positive,0.7101230621337891
Hristiyan,"Papa, 1515'te günahkar bir Hristiyan'ın günah çıkararak cennete gidebilmesi için bir af belgesi satın almasını gerektiren endüljans uygulamasını başlatmıştı",NEGATIVE,Negative,0.798783004283905
Hristiyan,"Doksan Beş Tez'i ilan etmesinden sonra Luther'in İncil'i Almancaya çevirmesi, Protestan (Lutherci) öğretisinin Almanya'da yaygınlaşmasını sağladı",POSITIVE,Positive,0.9455990791320801
Hristiyan,Protestan prenslerin geri adım atmaması üzerine Augsburg (Ogsburg) Antlaşması imzalandı (1555),POSITIVE,Positive,0.8471401333808899
Hristiyan,"Almanya'daki Protestanlığa benzer şekilde Fransa'da Kalvinizm, İngiltere'de de Anglikanizm mezhepleri ortaya çıkmış ve Katolik Kilisesinin bu ülkelerdeki etkinliği iyice sarsılmıştı",NEGATIVE,Negative,0.9363460540771484
Hristiyan,Max Weber'nın (Maks Viba) Protestan Ahlakı ve Kapitalizmin Ruhu adlı kitabındaki 'Kapitalizmin Ruhu' ve 'Luther'in Meslek Kavramı' başlıklı bölümleri okuyunuz,POSITIVE,Positive,0.9235519170761108
Hristiyan,Analiz sonuçlarını kullanarak ortaya yeni çıkan Hristiyan mezheplerinin Avrupa'nın sos yoekonomik gelişimine etkisini değerlendiren bir metin yazınız,NEGATIVE,Negative,0.975857675075531
Hristiyan,"Katolik Kilisesi, evrenin merkezinde Dünya'nın yer aldığını dikte etmekteydi ve Galilei'yi tezinden vazgeçmeye zorlamıştı",POSITIVE,Positive,0.6132593750953674
Hristiyan,yüzyıl Avrupa'sındaki Hristiyan evren anlayışına tamamıyla tersti,NEGATIVE,Negative,0.9990191459655762
Hristiyan,"Hristiyan evren anlayışına göre Dünya kâinatın merkezinde bulunuyor ve Güneş'le birlikte tüm gezegenler, yıldızlar Dünya'nın etrafında dönüyordu",POSITIVE,Positive,0.9482696056365967
Hristiyan,"Rönesans ve Reform hareketlerinin sonunda Avrupa'da düşünce, sanat ve din alanında yaşanan gelişmeler Katolik Kilisesinin sorgulanmasına yol açmıştı",POSITIVE,Positive,0.5161521434783936
Hristiyan,Bu savaşlarda Kutsal Roma İmparatorluğu siyasi birliğini korumayı amaçlarken Protestan devletlerin isteği tam bağımsızlıktı,NEGATIVE,Negative,0.8209506273269653
Hristiyan,Bu barış konferansında Katolik Kilisesi dikkate alınmamıştır,NEGATIVE,Negative,0.9786327481269836
Hristiyan,"Kabul edilebilir seçe- nekler olan Katoliklik ve Lutherciliğe (Protestanlık) Calvincilik (Kalvincilik) de eklendi… Orta Avrupa'da dinî bölünme büyük ölçüde gerçekleşmişti: Kuzey Almanya'nın büyük kıs- mı Protestan, Güney Almanya'nın büyük kısmı ise Katolikti' (Merry ve Wiesner-)",POSITIVE,Positive,0.773470938205719
Hristiyan,"Avrupa'da Hristiyan birliğinin dağılmasını, Osmanlı Devleti'ne siyasi ve askerî etkileri açısından",NEGATIVE,Negative,0.8146677613258362
Hristiyan,Böylece hem yeni ticaret yollarına karşı İpek ve Baharat Yollarının önemini korumayı hem de Avrupa'da kendisine karşı oluşturulmak istenen Hristiyan birliğini bozmayı amaçlamıştı,NEGATIVE,Negative,0.5324276685714722
Hristiyan,Copernicus'in Güneş sistemi ile ilgili fikirleri Roma Katolik Kilisesini neden rahatsız etmişti,NEGATIVE,Negative,0.9795938730239868
Hristiyan,"Katolik Kilisesinin uyguladığı politikalar, Hristiyan dünyasında dinî bir devrim olan Reform hareketini doğurdu",NEGATIVE,Negative,0.9398913979530334
Hristiyan,"Katolik Kilisesi, Orta Çağ boyunca Avrupa toplumunun temelini oluşturduğu için bu dinî devrim Avrupa'yı temelden değiştirdi",POSITIVE,Positive,0.9756414294242859
Hristiyan,Katolik Kilisesinin siyasi etkinliği azalmıştır,NEGATIVE,Negative,0.9829815030097961
Hristiyan,Hristiyan birliği parçalanmıştır,NEGATIVE,Negative,0.9952527284622192
Hristiyan,"Bu çerçevede Panslavizm politikasını uygulamaya koyan Rusya, Balkanlardaki Slav-Ortodoks topluluklarının bağımsız olmaları için onları kışkırtma yoluna gitmiştir",NEGATIVE,Negative,0.965125322341919
Hristiyan,"Slav-Ortodoks kökenli halkların da yaşadığı Balkanlar, Rusya'nın Panslavizm politikaları nedeniyle ayaklanmalara sahne oldu",NEGATIVE,Negative,0.9969973564147949
Hristiyan,Böylece Osmanlı Devleti'nin ancak son yıllarında orduda Müslümanların yanında çok sayıda Hristiyan ve Yahudi asker istihdam edilebildi,NEGATIVE,Negative,0.9356160163879395
Hristiyan,"Katolik Fransa ve Ortodoks Rusya, başta Kudüs olmak üzere Osmanlı topraklarında yer alan kutsal yerleri, kendi aralarındaki siyasi rekabet nedeniyle bir mücadele alanı hâline getirdiler",NEGATIVE,Negative,0.9621561169624329
Hristiyan,"Birinci bölge özerk Bulgar Prensliği, ikinci bölge ise Osmanlılara bağlı kalmak şartıyla Hristiyan vali tarafından yönetilecek olan Doğu Rumeli vilayeti idi",NEGATIVE,Negative,0.8600335121154785
Hristiyan,Balkan topraklarında çoğunluğu sağlamak isteyen Hristiyan topluluklar tarafından çeşitli zulümlere maruz kalan Türkler ve Müslümanlar kitleler hâlinde Anadolu'ya göç ettiler,NEGATIVE,Negative,0.7505231499671936
Hristiyan,"Batıya yön veren metinler: Rönesans, Protestan Reformu, Erken Modern Dönem, Bilim Çağı (1570-1815)",NEGATIVE,Negative,0.5332105159759521
Hristiyan,"Mustafa Kemal'in büyüdüğü Makedonya; Türk, Yunan, Sırp, Ulah, Bulgar, Arnavut gibi milletlerin Müslüman, Hristiyan, Musevi kimlikleriyle kendi -lerine özgü yaşayışlarını sürdürdükleri bir Osman -lı Devleti toprağıydı",POSITIVE,Positive,0.9349924325942993
Hristiyan,"Daha önce de tebliğ edildiği gibi, asker aileleriyle ihtiyaç nispetinde sanatkâr, Protestan ve Katolik Ermenilerin sevk edilmemesi hükûmetçe kesin olarak kararlaştırıl -mıştır",NEGATIVE,Negative,0.6950146555900574
Hristiyan,"Pontus olarak adlandırılan bölgedeki Ortodoks kiliseleri, Trabzon ve Merzifon'daki metropolitler ve onlara bağlı din adamları Pontus davasının yürütücüleri oldu",NEGATIVE,Negative,0.8379392623901367
Hristiyan,Mitinglerde taşkınlıklardan özellikle de Hristiyan halka düşmanca saldırılardan kaçınılması gerektiğini vurguladı,NEGATIVE,Negative,0.8431646227836609
Hristiyan,Hristiyan azınlıklara siyasi hâkimiyet ve sosyal dengemizi bozacak imtiyazlar verilemez,NEGATIVE,Negative,0.8854228854179382
Hristiyan,İstanbul'daki Rum Patriğinin dünyadaki bütün Ortodoks Hristiyanlarının dinî lideri kabul edilmesi,POSITIVE,Positive,0.5190312266349792
Hristiyan,Fazıl Küçük ve Rum toplumu adına Kıbrıs Ortodoks Kilisesi Başpiskoposu Makarios'un (Makar -yos) katıldığı toplantı sonrasında Londra Antlaşması imzalan -dı,NEGATIVE,Negative,0.5611523389816284
Hristiyan,"Türkiye ve Yunanistan arasındaki ant -laşmalar gereği Batı Trakya'daki Türk nüfus ile İstanbul, Gökçeada ve Bozcaada'daki Rum Ortodoks nüfus müba -delenin dışında bırakılmıştı",NEGATIVE,Negative,0.5237114429473877
Hristiyan,Anayasaya eklenen bir madde ile Hristiyan olmayanların devlet memuru olamayacağı kararı alındı,NEGATIVE,Negative,0.7016748189926147
Hristiyan,"misyonerlik:
Hristiyan olmayan ülkelerde teşkilatlanarak Hristiyanlığı yayma faaliyeti",POSITIVE,Positive,0.6888041496276855
Frank/Latin,Ayrıca yirmi iki harften oluşan ve Latin alfabesinin temeli sayılan Fenike alfabesi üzerinde de çalışmalar yapılarak yeni bir alfabe hazırlanmıştır,NEGATIVE,Negative,0.6911509037017822
Frank/Latin,"kaybeden Hun boylar1, Balamir ön- derliginde Itil Nehri'ni geçerek 374
Hun Türkleri ilk olarak yar Iranh yar1
Türk kökenli olan Alanlar ile karsilasmis-
namarm har chele geymieolyle Uouogu1
lar, Vizigotlar, Vandallar, Süevler,
Burgundlar, Franklar, Angillar ve
Saksonlar göç etmeye baslamistir",NEGATIVE,Negative,0.5159077048301697
Frank/Latin,"Franklar Aral KARADENIZ Semerkant Buhara
Cebelitarik
Emeviler Dönemi islam Devleti
Dört Halife Döneminde Fethedilen Yerler
Emeviler Dönemi'nde Fethedilen Yerler
Hz",NEGATIVE,Negative,0.7511494755744934
Frank/Latin,"(…) Müslümanların 732 yılında [Fransa'da] Tours ve Poitiers şehirleri arasında yer alan ovada [Puvatya] Franklar'a yenilmesi, Avrupa'da gerçekleştirilmek istenen fetihler açısından bir dönüm noktası olmuştur",POSITIVE,Positive,0.9740768074989319
Frank/Latin,Haçlı Seferi'nden ve Konstantiniye'nin yağmalanmasından sonra Doğu Roma toprakları Haçlılar ile Vene dikliler arasında paylaşıldı ve Konstantinopolis'te Latin İmparatorluğu adıyla yeni bir devlet kuruldu (1204),NEGATIVE,Negative,0.7936094999313354
Frank/Latin,"İznik Rum İmparatorluğu, 25 Temmuz 1261'de Konstantiniye'yi Haçlılardan geri aldı ve buradaki Latin hâkimiyetine son verdi",POSITIVE,Positive,0.576381266117096
Frank/Latin,"Lazkiyel Hama
K/BRIS KRALLIGI
• Ishenderun
Maarratunnuman
Türkiye Selçuklu Devleti
Savas iznik-Bizans Kralligi
Latin Kralligi
Trabzon Dükaligi
Kilikya Kralligi
Ülke Sinirs
Harita Genel Müdürlügü tarafindan üretilmistir",NEGATIVE,Negative,0.7593249082565308
Frank/Latin,Franklar tarafında ise böyle bir durum söz konusu değildir,POSITIVE,Positive,0.7526769042015076
Frank/Latin,"Haçlı Seferi'nde İstanbul'a giren Haçlılar, şehri talan ederek yağmaladı ve burada bir Latin İmparatorluğu kurdu",NEGATIVE,Negative,0.9654244780540466
Frank/Latin,"İznik vaktiyle, 1204'teki Latin işgali sırasında, Bizanslıların yeni başkenti olmuş son derece önemli bir şehirdi",POSITIVE,Positive,0.7413771748542786
Frank/Latin,"Burada, Venedik işgali altındaki Selânik halkının Latin baskısından dolayı çektiği ıstırap anlatıldıktan sonra halkın Türkler'i bir kurtarıcı gibi karşıladığı belirtilmektedir",NEGATIVE,Negative,0.9901127815246582
Frank/Latin,"Murad'ın şehrin ileri gelenlerinden esir düşenlerin fidyelerini bizzat ödediğini, insanî düşüncelerle şehrin imarı için teşebbüse geçtiğini, halka din konusunda tam bir serbestiyet tanıdığını, evlerin sahiplerine iadesi için emir verdiğini, daha önce Latin zulmünden kaçanları Selânik'e çağırdığını d",POSITIVE,Positive,0.6119678616523743
Frank/Latin,Doğu Romalı grandük Lukas Notaras 'Latin külahı görmektense Türk sarığını görmek daha iyidir,NEGATIVE,Negative,0.9790931940078735
Frank/Latin,"Bu nedenle genellikle kıyıya yakın yerlerde seyreden Avrupalılar, Akdeniz tersanelerinde inşa edilmiş gemilerinde Latin yelkeni adı verilen büyük üçgen yelkenler kullanırlardı",NEGATIVE,Negative,0.7970831394195557
Frank/Latin,"Açık denizlerde daha hızlı seyahat etmek için de ana direk ve ön direkte kare yelkenler, arka direkte ise üçgen biçimli Latin yelkeni kullanılıyordu",NEGATIVE,Negative,0.6994115114212036
Frank/Latin,"Rönesans Avrupa'nın bütününde birden başlamamıştır: O önce İtalya'da başlamış ve Batı Roma'nın varisi olan Latin-Cermen ülkelerinde hemen benimsenmiş, daha sonra da tüm Avrupa'ya yayılmıştır",POSITIVE,Positive,0.986344575881958
Frank/Latin,"karavel: İki ya da üç Latin yelkenine sahip bir gemi türü; karavela katedral: Piskoposluk kilisesi, başkilise",POSITIVE,Positive,0.7497918009757996
Frank/Latin,"1204'te İstanbul'un Latinler tarafından işgal ve talan edilmesi üzerine Trabzon'a gelen Komnenos (Komnenos) ailesinden Alexios (Aleksios) ve David (Deyvid), Trabzon Komnenos Krallığı'nı kurdu",POSITIVE,Positive,0.636482298374176
Frank/Latin,Bu dönemde bazı aydınlar ve devlet adamları Arap harfleri -nin günün ihtiyaçlarına cevap vermediği ve Batı ile uyumu güçleştirdiği gerekçeleriyle Latin alfabesi kullanılmasına dair görüşler ortaya attı,NEGATIVE,Negative,0.9941450953483582
Frank/Latin,1926'da Bakü'de Türkiye'nin de katıldığı bir toplantıda Latin harfleri meselesi tartışıldı ve Sovyet idaresi içindeki Türk cumhuriyetleri Latin harflerini kabul etti,NEGATIVE,Negative,0.6075186133384705
Frank/Latin,Encümenin ha -zırladığı Elifba Raporu doğrultusunda Türkçenin ses yapısına uygun olan Latin harfleri esas alınarak yeni Türk alfabesi oluş -turuldu,NEGATIVE,Negative,0.7523695230484009
Frank/Latin,")
Latin alfabesi kullanımının yaygınlaştırılması sürecinde nasıl bir yol takip edilmiştir",NEGATIVE,Negative,0.7805946469306946
Frank/Latin,Latin alfabesine ve rakamlarına geçildi,NEGATIVE,Negative,0.9741067290306091
Frank/Latin,"Tevhid-i Tedrisat Kanunu'nun kabulü
A) Devletçilik B) Halkçılık C) İnkılapçılık D) Laiklik E) Milliyetçilik
Türk Dil Kurumunun kurulması
Türk Tarih Kurumunun kurulması
Tevhid-i Tedrisat Kanunu'nun kabulü
Latin harflerinin kabulü
Medeni Kanun'un kabulü
Bu durum aşağıdakilerden hangisi ile açıklanabil",NEGATIVE,Negative,0.6236909031867981
Frank/Latin,"1917'de Rusya'da Ekim Devrimi (Bolşevik İhtilali) ile hayat bulan sosyalist ideoloji, daha sonra farklı inanç, kültür ve coğrafya -lara yayıldı; Doğu Avrupa, Uzak Doğu, Latin Amerika gibi pek çok Üçüncü Dünya ülkesinde farklı uygulamalarla hayata geçirildi",POSITIVE,Positive,0.9782256484031677
Fransız,1453'ten 1789 yılındaki Fransız ihtilaline kadar olan devre Yeniçağ; Fransız ihtilalinden günümüze kadar olan devre de Yakınçağ denilmektedir,POSITIVE,Positive,0.7154836058616638
Fransız,"Aynı şekilde ilk endüstriyel buhar makinesinin 1769'da James Watt (Ceymis Vat) tarafından icat edilmesi olay, Sanayi Devrimi olgu; 1789'da Fransız İhtilali'nin başlaması olay, milliyetçilik düşüncesinin ortaya çıkması olgu; Atatürk'ün 19 Mayıs'ta Samsun'a çıkışı olay, Türk inkılabı ise olgudur",NEGATIVE,Negative,0.5596199035644531
Fransız,"Fransız sanatçı Ferdinand Victor Eugène Delacroix (Ferdinand Viktor Yuujin Delakrua) tarafından yapılan freskten bir kesit, Bourbon (Borbın) Sarayı, Paris / Fransa
Bu freskte Hun Kağanı Attila, beyaz bir at üstünde ve üzerindeki kurt postuyla resmedilmiştir",POSITIVE,Positive,0.9149497747421265
Fransız,"Bu nedenle Doğu Roma İmparatoru Manuel Comnenos (Manuel Komnen), 1176'da Fransız, Alman, İn giliz, Sırp, Macar, Gürcü, Kıpçak ve Peçeneklerden destek alarak büyük bir orduyla harekete geçti",NEGATIVE,Negative,0.903706431388855
Fransız,"1101'de üç büyük Haçlı ordusu (Lombardlar, Fransızlar ve Almanlar) Avrupa'dan Anadolu'ya gelerek Türkiye Selçuklu Sultanı I",POSITIVE,Positive,0.5876901745796204
Fransız,"Louis (Lui) kumandasında Anadolu'ya gelen Fransız Haçlıları, İznik'teki Alman Haçlılarıyla birleşe rek güneye doğru ilerledi",NEGATIVE,Negative,0.7673184275627136
Fransız,"Türkiye Selçuklu ordusu, 7 Ocak 1148'de Göller Bölgesi'ne gelerek Fransız Haç lılarını bozguna uğrattı",NEGATIVE,Negative,0.6404738426208496
Fransız,"'Selçuklu ordusu, ikinci Haçlı seferi sırasında Fransız Haçlı ordusunu, Denizli'den itibaren vurduğu darbelerle yıprata yıprata Antalya'ya kadar takip etmiştir",POSITIVE,Positive,0.6154679656028748
Fransız,"Bu durumdan son derece etkilenmiş olan üç bin Fransız genci, (",NEGATIVE,Negative,0.9987248778343201
Fransız,"Eyyubilerin hâkimiyetindeki Akka şehrine ulaşan İngiliz ve Fransız donanmaları, stratejik önem taşıyan Akka Limanı'nı kuşattı ve 12 Temmuz 1191'de ele geçirdi",POSITIVE,Positive,0.5414530038833618
Fransız,"Bu nedenle katedral, Fransız kraliyet ailesinin simgelerinden biri kabul edilmektedir",POSITIVE,Positive,0.97081458568573
Fransız,"Chartres (Şaht) Katedrali'nin Batı Kapısı, Chartres, Fransa
Chartres Katedrali'nin Batı (Kraliyet) Kapısı'ndaki detaylar
Fransız gotik mimarisinin en önemli eserlerinden biri olan bu katedral, XII-XIII",POSITIVE,Positive,0.9833659529685974
Fransız,"Fransız kraliyet yıllıklarına göre Bağdat'tan gönderilen bu hediyeler arasında değerli eşyalar, kumaşlar, baharatlar, bir fil ve ilginç bir su saati de bulunmaktaydı (Görsel 1",POSITIVE,Positive,0.5414525270462036
Fransız,"yüzyılda Doğu Romalılar tarafından inşa edilen Saint George (Sen Corc) Kilisesinin günümüzde dışarıdan görünümü, Kurbinovo / Kuzey Makedonya
'Fransız seyyah Belone, Müslümanların Balkanlar'ı fethettikten sonra nasıl özenle koruduklarını şöyle açıklamış tır: Müslüman Türkler bir kaleyi veya şatoyu al",POSITIVE,Positive,0.7250800728797913
Fransız,"Ne zaman ki İngilizler ve Fransızlar buraları işgale başladılar, hemen tarihi kervan yollarını yok ettiler ve bu bölgelerin Kuzey Afrika limanlarıyla bağlantıları kesilerek ticaret yollarının istikameti Batı Afrika'da kurulan Lagos, Porto-Nova, Saint-Louis gibi yeni limanlara çevrildi",NEGATIVE,Negative,0.9914525747299194
Fransız,Ayrıca Memlûk Devleti zamanında kapitülasyon elde etmiş olan Fransız ve Katalanların imtiyazları da devam ettirildi,POSITIVE,Positive,0.5476208925247192
Fransız,İlk gerçek Fransız-Osmanlı kapitülasyon anlaşması 18 Ekim 1569 tarihinde imzalanmıştır,POSITIVE,Positive,0.7800376415252686
Fransız,"Fransız kapitülasyonlar, daha sonra İngiltere (1580) ve Hollanda (1612) ve öteki Avrupa devletleriyle yapılacak benzeri anlaşmalara örnek oluşturmuştur",POSITIVE,Positive,0.9340261220932007
Fransız,"Osmanlı Devleti ise Venedik'in Doğu Akdeniz'deki etkisini azaltmak ve bölgedeki ticareti canlandırmak için Fransız, İngiliz ve Hollandalı tüccarlara bazı imtiyazlar vermişti",POSITIVE,Positive,0.6000587940216064
Fransız,"yüzyılda Fransız, İngiliz ve Hollandalıların Doğu Akdeniz ticaretindeki etkinliği arttı ve Venedik'in etkisi azaldı",NEGATIVE,Negative,0.8926109075546265
Fransız,"Fransızlar yeni keşiflerle Amerika, Afrika ve Asya'da büyük koloniler oluşturarak sömürge faaliyetlerine dâhil oldu",NEGATIVE,Negative,0.8003475666046143
Fransız,"Line PALACE
Batı Afrika'da kıyılarında bulunan Gine Körfezi'nde İngiliz, Fransız, Hollandalı ve Portekizli tüccarların köle satın aldığı bir toplama kampı (Temsilî)
Köle ticaretinin merkez üssü olan bu kamplarda genellikle yerel liderlerin getirttiği ya da kaçırdığı Afrikalılar köle olarak Avrupalı ",POSITIVE,Positive,0.789106547832489
Fransız,"Görselde görüldüğü üzere bu kamplarda İngiliz, Fransız, Portekizli ve Hollandalı tüccarlar için ayrı alanlar tahsis edilmişti",POSITIVE,Positive,0.5395901203155518
Fransız,"FRANSIZ IHTILALi VE SANAYi DEVRiMi'NIN ETKiLERi
Konuya hazırlık niteliğinde olup öğrencilerin hazır bulunma düzeyini ölçmeye yönelik soruları içerir",NEGATIVE,Negative,0.7599910497665405
Fransız,Osmanlı-Fransız ilişkileri XVII,POSITIVE,Positive,0.5639374852180481
Fransız,"Fransa'ya elçi olarak gönderilen Yirmisekiz Mehmet Çelebi ile beraberindeki heyet, İstanbul'a getirdikleri kitap, mobilya ve kıyafetler aracılığıyla Fransız modasını Osmanlı Devleti'ne taşımıştı",POSITIVE,Positive,0.9376763105392456
Fransız,"Montesquieu'nün kuvvetler ayrılığı, Voltaire'in din ve ifade özgürlüğü, Rousseau'nun halk egemenliği düşünceleri, Fransız İhtilali'nin ideolojik altyapısını oluşturdu",POSITIVE,Positive,0.6192223429679871
Fransız,"Bu arayış, 1789'da Fransa'da bir halk hareketine dönüştü ve Fransız İhtilali'ne yol açtı",POSITIVE,Positive,0.7629806399345398
Fransız,Fransız İhtilali sonrasında ülke genelinde yaşanan iç savaş tarihte benzerine pek rastlanmayan gelişmelere sahne olmuştu,NEGATIVE,Negative,0.5507514476776123
Fransız,Fransız İhtilali kan ve gözyaşı ihtilalidir,NEGATIVE,Negative,0.980861246585846
Fransız,Vendee Katliamı bağlamında Fransız İhtilali'ni insan hakları açısından,NEGATIVE,Negative,0.9045856595039368
Fransız,"Feodal toplum düzenini yıkarak yeni bir Fransız ulusu inşa eden devrim, üç temel prensip üzerinde kurulmuştu: eşitlik (egalite), özgürlük (liberte) ve kardeşlik (fraternite)",POSITIVE,Positive,0.979404091835022
Fransız,"Fransız İhtilali sadece Fransa'da rejim i değiştirmekle kalmamış, bütün dünyayı derinden etkilemiştir",POSITIVE,Positive,0.9709039330482483
Fransız,"Avrupa'da mutlakiyetle yönetilen çok uluslu devletler, Fransız İhtilali'nin yaydığı devrimci fikirlerden olumsuz biçimde en fazla etkilenen devletlerdir",NEGATIVE,Negative,0.8332988023757935
Fransız,"İmparatorlukların Krizi
Fransız İhtilali ile dünyaya yayılan ulusçu ve özgürlükçü söylemlerin her siyasi bünyede kendine has etkiler meydana getirmesi kaçınılmazdı",POSITIVE,Positive,0.7428220510482788
Fransız,"Fransız İhtilali'nin monarşi karşıtı devrimci etkisinin yayılmasından çekinen Avusturya, Prusya ile birlikte 1792'de Fransa'ya karşı savaş ilan etti",POSITIVE,Positive,0.5306462645530701
Fransız,Avusturya'nın Fransız Devrimi'ne ilk tepki veren monarşi olması rastlantı değildi,POSITIVE,Positive,0.8768060803413391
Fransız,"Fransız İhtilali'nin yaydığı ulusçuluk, bağımsızlık ve liberalizm fikirleri Avusturya İmparatorluğu hâkimiyetinde yaşayan Macarları etkisi altına aldı",NEGATIVE,Negative,0.5803199410438538
Fransız,Öteden beri Avusturya hâkimiyetinden çıkmak isteyen Macarlar için Fransız İhtilali'nin Avrupa'da yol açtığı kriz ortamı iyi bir fırsattı,NEGATIVE,Negative,0.6669477224349976
Fransız,"Rusya, Fransız İhtilali'nin yaydığı ulusçuluk fikrini kullanarak Balkanlarda Osmanlı Devleti aleyhine politikalar geliştirmiştir",NEGATIVE,Negative,0.9615659117698669
Fransız,"Osmanlı Topraklarında Yaşanan Kriz
Fransız İhtilali'nin Osmanlı toprakları üzerinde yaşayan halklar üzerinde başlangıçta doğrudan bir etkisi olmamıştı",NEGATIVE,Negative,0.9860995411872864
Fransız,Fransız İhtilali'nin imparatorluklar için yıkıcı olan etkisinin Osmanlı Devleti'ne daha geç ulaşmasının nedenlerini,NEGATIVE,Negative,0.9760220646858215
Fransız,"Fransiz Ihtilali'nin çok uluslu imparatorluklar üzerindeki etkisini asagidaki tabloya yaziniz
müttefikler donanması 1827'de Navarin'de Osmanlı-Mısır donanmasını imha etti (Görsel 3",NEGATIVE,Negative,0.6415186524391174
Fransız,Fransız İhtilali'nin yaydığı ulusçuluk fikri Osmanlı Devleti aleyhinde sonuçlar vermeye devam etti,NEGATIVE,Negative,0.9971479773521423
Fransız,"Fransiz Ihtilali'nin vaydiãi temel fikirlere karsi Avrupa'da ilk tepki veren imparatorluk
Konuyla ilgili etkileşimli sorular için karekodu okutunuz",NEGATIVE,Negative,0.7880933880805969
Fransız,"Mutlak Monarşiden Anayasal Monarşiye
Avrupa'da devlet-toplum ilişkilerinde değişen güçler dengesi Fransız İhtilali ile birlikte tek seferde rayına oturmuş değildi",POSITIVE,Positive,0.5849570631980896
Fransız,19) ve Fransız İhtilali sonrasında savaşlar ulusların karşı karşıya geldiği bir şekle dönüştü,POSITIVE,Positive,0.911095142364502
Fransız,Fransız İhtilali sonrasında ortaya çıkan ulusçuluk akımı Avrupa'nın monarşi devletleri tarafından tehdit olarak algılanmıştı,NEGATIVE,Negative,0.9478920698165894
Fransız,"Avusturya liderliğinde toplanan bu devletler Fransa'yı işgal etmeye kalktıklarında Fransız İhtilali'nin liderleri, çözümü zorunlu askerlik uygulamasında buldu",NEGATIVE,Negative,0.5972464680671692
Fransız,"Ulusçuluk fikrine dayalı bu uygulama, Fransız ulusuna mensup her yurttaş için askerliği vatani görev olarak gören bir sistemdi",NEGATIVE,Negative,0.9731214046478271
Fransız,"Bu sistemle güç kazanan Fransız ordusu ve toplum yapısı Avrupa'daki ekonomik, siyasi
ve sosyal dengeleri altüst ederek çok uluslu monarşileri tedirgin etti",NEGATIVE,Negative,0.9702404737472534
Fransız,"Napoleon (Napolyon), bu sistem üzerine inşa edilmiş Fransız ordusunun başında Avrupalı devletleri birçok kez mağlup etti (Görsel 3",POSITIVE,Positive,0.909281849861145
Fransız,Fransız ordusu örnek ordu hâline geldi,POSITIVE,Positive,0.9498332142829895
Fransız,Fransız askerî sistemi diğer Avrupalı devletler tarafından taklit edilmek istendi,NEGATIVE,Negative,0.9976644515991211
Fransız,"Alman, Fransız Rus ordularında isyanların yaşanması savaştan sonra yönetim biçimi ve askerlik sistemi açısından farklı arayışlara gidilmesine yol açtı",NEGATIVE,Negative,0.9256492853164673
Fransız,Nizam-ı Cedit birlikleri için Fransız kökenli subaylar eğitimci olarak görevlendirildi,NEGATIVE,Negative,0.91365647315979
Fransız,Fransız askerî okullarının programının uygulanacağı bu okulda önde gelen Osmanlı âlimleri yanında yabancı uzmanlar da görevlendirildi,NEGATIVE,Negative,0.7384694814682007
Fransız,"Yeni kurulan Nizam-ı Cedit ordusu ilk büyük sınavında, 1798'de Mısır'ı işgal eden Fransız ordusunu ancak İngiliz donanmasının Osmanlılara yardıma gelmesiyle Mısır'dan çıkarabilmişti",NEGATIVE,Negative,0.6546698808670044
Fransız,"Nizam-ı Cedit askerlerinin Fransız tarzı üniforma giymeleri, Fransız eğitmenler tarafından yetiştirilmiş olmaları, bu ordunun finansmanı için ek vergi toplanması gibi konular propaganda malzemesi yapılarak ahalinin isyana destek vermesi sağlandı",NEGATIVE,Negative,0.998083233833313
Fransız,"Bu durumu Fransız bir telgraf mühendisi 'Osmanlı Devleti, yolların ve demir yollarının gidemediği yerlere kadar telgraf hatlarını geren ilk ülke",NEGATIVE,Negative,0.9593265056610107
Fransız,yüzyıldan beri süregelen siyasi ve fikrî değişimler sonucunda ortaya çıkan ulus devlet anlayışı 1789 Fransız İhtilali ile zirveye çıkmıştı,POSITIVE,Positive,0.8328162431716919
Fransız,"yüzyıla gelindiğinde Osmanlı topraklarındaki Rum, Ermeni ve Musevi okullarının yanı sıra Fransız, İngiliz, İtalyan, Alman, Rus ve Amerikan okullarının (Görsel 3",POSITIVE,Positive,0.581298828125
Fransız,Fransız İhtilali'ni (1789) sebepleri ve küresel etkileri açısından,NEGATIVE,Negative,0.6022574305534363
Fransız,"cumhuriyet Fransız İhtilali ulus devlet vergi yurttaş askerliği
15-21",NEGATIVE,Negative,0.9269945025444031
Fransız,"I, II ve III
Fransız ordusu XIX",POSITIVE,Positive,0.6329813599586487
Fransız,"Fransız ordusuna bu niteliği kazandıran
yeni ateşli silah teknolojisi,
zorunlu askerlik sistemi,
kalabalık asker mevcudu
özelliklerinden hangileridir",NEGATIVE,Negative,0.9199306964874268
Fransız,"Öte yandan Rusya, Fransız İhtilali'nin etkisiyle ortaya çıkan ulusçu hareketleri kendi lehine çevirmek için Balkanlarda Panslavizm politikasını uygulamaya koydu",NEGATIVE,Negative,0.8846282958984375
Fransız,"Fransız İhtilali'nden sonra Napolyon yönetiminde yayılmacı bir politika izleyen Fransa, birçok yeri ele geçirdi",NEGATIVE,Negative,0.9217551350593567
Fransız,Fransız İhtilali'nin fikirlerini yaymak ve İngiltere'nin sömürgelerine giden yolları ele geçirmek için Napolyon komutasındaki ordusuyla 1798'de Mısır'ı işgal etti (Görsel 4,NEGATIVE,Negative,0.8321957588195801
Fransız,Bu çerçevede izlediği politikalarla Mısır'ın Fransız işgalinden kurtarılmasına önayak oldu,POSITIVE,Positive,0.8142880201339722
Fransız,Fransız İhtilali'nin yaydığı fikirler nedeniyle XIX,NEGATIVE,Negative,0.9834645986557007
Fransız,"linona Voncroci Toan Dobticto Tonhon 101C MATindonn
Roncol A 6 Mottorich Thomas Tanoweo
Fransız İhtilali sonrası hız kazanan milliyetçi hareketler, çok uluslu Avrupa monarşilerini korkutmuş ve onları bu tehlikeye karşı ortak hareket etmek zorunda bırakmıştı",POSITIVE,Positive,0.6235272288322449
Fransız,İngiliz ve Fransız elçilerin araya girmesi Rus elçisi Mençikof'u (Görsel 4,NEGATIVE,Negative,0.9912715554237366
Fransız,"1789 Fransız İhtilali sonrasında Napolyon önderliğindeki Fransa, hırslı bir emperyalist güç olarak ortaya çıktı",NEGATIVE,Negative,0.896496057510376
Fransız,Mısır'dan Filistin'e ilerlemek isteyen Fransız orduları Akka'da Osmanlı komutanı Cezzar Ahmet Paşa (Görsel 4,NEGATIVE,Negative,0.934532880783081
Fransız,Sonrasında İngiltere'nin de Osmanlı ordularına açık desteği gelince Fransızlar Mısır'dan çıkmak zorunda kaldılar,NEGATIVE,Negative,0.8606411218643188
Fransız,Fransız işgaliyle birlikte Mısır'daki merkezî otorite iyice sarsılmıştı,NEGATIVE,Negative,0.9484270811080933
Fransız,"Osmanlı Devleti, sadece kapitülasyonlarla imtiyazlar verdiği Fransız, İngiliz ve Hollandalı ticaret gemilerinin Türk Boğazlarından geçmelerine izin vermişti",NEGATIVE,Negative,0.8093796372413635
Fransız,"Bloklaşan Büyük Güçler: İttifak ve İtilaf Devletleri
Beyin Fırtınası
Avrupa'nın siyasi, sosyal ve ekonomik çehresini değiştiren Fransız İhtilali ve Sanayi İnkılabı, Avrupa kıtasında bulunan devletlerin kıyasıya rekabetini körükleyen önemli gelişmelerdi",POSITIVE,Positive,0.9385945200920105
Fransız,Bu yakınlaşmanın sonucunda 1904'te İngiliz-Fransız antlaşması imzalandı,POSITIVE,Positive,0.8976269960403442
Fransız,Bunun için Fransız Medeni Kanunu'nun doğrudan alınmasını isteyen devlet adamları olduğu gibi bu kanunun millî bir tarzda hazırlanmasını öneren Ahmet Cevdet Paşa (Görsel 4,NEGATIVE,Negative,0.9783178567886353
Fransız,"Üç Tarz-ı Siyaset
1789 Fransız İhtilali ile dünyaya yayılan eşitlik, özgürlük, milliyetçilik, liberalizm, meşrutiyet gibi fikirlerden ilk etkilenen Rumlar ve Sırplar, Osmanlı Devleti'ne karşı bağımsızlık hareketlerine girişmişlerdi",NEGATIVE,Negative,0.536881685256958
Fransız,yüzyılda Fransız İhtilali'yle birlikte oluşan fikirlerin tesiriyle birçok ülkede demokratik uygulamalar ön plana çıkmıştı,POSITIVE,Positive,0.8519936203956604
Fransız,"Bu rekabetler; Boğazlar üzerinde İngiliz-Rus mücadelesi, Balkanlar üzerinde Avusturya-Rusya mücadelesi, Mısır üzerinde İngiliz-Fransız mücadelesi ve Osmanlı Devleti'nin Orta Doğu topraklarında İngiliz-Alman mücadelesiydi",NEGATIVE,Negative,0.9616489410400391
Fransız,"Bunların ilki top- rağa dayalı olan ve vatandaşlık bağına öncelik veren Fransız uluslaşma anlayışı, ikincisi de kan bağına ve etnik temele dayalı kültür birliğini önceleyen Alman uluslaşma anlayışıdır",NEGATIVE,Negative,0.9545878767967224
Fransız,Fransız İhtilali (Görsel 5,NEGATIVE,Negative,0.8670413494110107
Fransız,"Fransız düşünür ve yazarlardan Jean-Jacques Rousseau (Jan Jak Ruso), Voltaire (Volter), Auguste Comte (Ogüst Komt) ve Montesquieu'nun (Monteskiyu) siyasi eserle -rini okuyup kendisi de fikirler üretmeye başladı",POSITIVE,Positive,0.7404378652572632
Fransız,")
Balkan Savaşları (1912-1913)
Osmanlı Devleti, Fransız İhtilali'nin ardından ortaya çıkan milliyetçilik hare -ketleri ve Rusya'nın izlediği Panslavizm politikası sonucunda Balkanlarda zor duruma düştü",NEGATIVE,Negative,0.9914577603340149
Fransız,"Sosyal Hayat
1789 Fransız İhtilali ile ortaya çıkan milliyetçilik akımı dünyaya hızla yayıldı",POSITIVE,Positive,0.5414026975631714
Fransız,"Fransız-Alman rekabeti, Balkan krizleri, emperyalist politikalar (Harita 1",NEGATIVE,Negative,0.993020236492157
Fransız,"Boğaz'ı geçemeyeceklerini anla -yan İngiliz ve Fransızlar, İngiliz General Hamil -ton (Hemıltın) komutasında 25 Nisan 1915'te Gelibolu'ya çıktılar",NEGATIVE,Negative,0.5689824819564819
Fransız,"Türkiye'yi işgal eden Rus, İngiliz ve Fransız kuvvetlerinin yanında önemli sayıda Ermeni'nin bulunduğu ve Müslüman halka yapılan akıl almaz işkence ve katliamlarda Ermeni grupların nasıl rol oynadığı işgalci devletlerin kendi resmî belgele -rine de yansımıştır",NEGATIVE,Negative,0.9613845348358154
Fransız,Orayı Fransızlar alsın,NEGATIVE,Negative,0.915253221988678
Fransız,Sanayi İnkılabı ve Fransız İhtilali'nin etkileri 20,NEGATIVE,Negative,0.9609288573265076
Fransız,"Osmanlı Devleti, Fransız İhtilali'nden sonra Avrupalı devletler tarafından desteklenen azınlık isyanları ile önemli toprak kayıpları yaşamıştır",NEGATIVE,Negative,0.9811373949050903
Fransız,"Mardin, Urfa, Antep Fransa'ya kalacak; Adana'dan Kayseri ve Sivas'ın kuzeyine kadar olan bölge Fransız nüfuzuna dâhil edilecek",POSITIVE,Positive,0.7074226140975952
Fransız,Fransızlar da Aralık 1918'de Dörtyol ve Mersin'e çıkarma yaptı,POSITIVE,Positive,0.7882719039916992
Fransız,"Böl -gede Fransız-Ermeni iş birliği ile yapılan baskı ve zulümlere karşı ilk silahlı direniş, 19 Aralık 1918'de Hatay'ın Dörtyol ilçesinde baş -ladı",POSITIVE,Positive,0.5602864027023315
Fransız,21 Aralık 1918'de Fransız işgaline uğrayan Adana'ya Ermeni göçü başladı ve bölgede Ermeni idaresi kurulması yönünde faaliyetler gerçekleştirildi,NEGATIVE,Negative,0.7037405371665955
Fransız,Fransızların ve Fransız himayesindeki Ermenile -rin yağmalama ve saldırılarına karşı Türk halkı bölgede büyük bir mücadele verdi,NEGATIVE,Negative,0.5642990469932556
Fransız,"Antep cephesinde 'Şahin Bey' takma adlı Teğmen Said, Fransız -lara karşı mücadele etti",NEGATIVE,Negative,0.7317894101142883
Fransız,"Gaziantep, 25 Aralık 1921'de Fransız işgalinden kurtularak hürriyetine kavuştu",POSITIVE,Positive,0.6844961047172546
Fransız,Fransızlar Urfa'da da Ermeni azınlıkla iş birliği yaptı,NEGATIVE,Negative,0.5273216366767883
Fransız,"Ali Saip Bey ve Nuri Bey komutasındaki kuv -vetler, 9 Şubat 1920'den sonra Fransız işgal güçlerini çekilmeye mecbur etti",NEGATIVE,Negative,0.8751137256622314
Fransız,Osmaniye'de Fransız Karargâhı'na saldırı için görevlen -dirilen müfreze 1 Temmuz 1920'de hare -kete geçmiştir,NEGATIVE,Negative,0.6119551658630371
Fransız,"Mermisi bitince süngüsüyle hücum eden Şahin Bey, Fransız piyade -lerinin süngü darbeleriyle şehit edildi",NEGATIVE,Negative,0.8416183590888977
Fransız,"Bu tarihte Fransız -lardan güç alan Ermeniler, Maraş sokaklarına dağılarak önlerine gelen Türklere hakaret ediyor, mukadde -sata dil uzatıyorlardı",NEGATIVE,Negative,0.9292474985122681
Fransız,Bir grup Fransız-Ermeni devriyesi akşama doğru Uzunoluk Caddesi'nden kışlaya dö -nüyordu,NEGATIVE,Negative,0.9183242321014404
Fransız,"O sırada Ermeni askerlerinden birisi Uzunoluk Hamamı'ndan çıkan bir hanımefendiye saldırarak peçesini yırttı ve ardından 'Artık burası Türklerin değildir, Fransız memleketinde peçe ile gezilmez",NEGATIVE,Negative,0.7681525349617004
Fransız,"Sütçü İmam'ın attığı ilk kurşun, Fransız ve Ermenilere karşı 'Maraş bize mezar olmadan düşmana gülzar olmaz",NEGATIVE,Negative,0.8747519850730896
Fransız,"Fransızlar TBMM ile anlaşma zemini aramaya başladı, İtalyanlar Güney Anadolu'dan çekilme kararı aldı",NEGATIVE,Negative,0.9193137288093567
Fransız,"Ankara Antlaşması (20 Ekim 1921)
TBMM ile Fransa arasındaki savaşa son veren bu antlaşmaya göre savaş esirleri karşılıklı olarak serbest bırakı -lacak, İskenderun ve Antakya bölgesi Fransız mandasındaki Suriye sınırları içinde kalacak fakat burada özel bir yönetim kurulacak ve resmî dil Türkçe olaca",POSITIVE,Positive,0.7562344670295715
Fransız,Mü -dürlüğünü Muhsin Ertuğrul'un yaptığı Darülbedayi'deki sanatçılar modern Alman ve Fransız piyeslerinden örnekler sergiledi,POSITIVE,Positive,0.5531187653541565
Fransız,"O dönemeci iki büyük olgu belirliyordu: Fransız Büyük Devriminin temel ilkeleri olan insan hakları, özgürlük, bağımsızlık ve ulusallık gibi kavramların Avrupa'dan sonra Asya'da da yayılıp etkilerinin artması ve yüzyılların gerisinden gelen Osmanlı İmpara -torluğu'nun parçalanıp çöküşünün hızlanması",POSITIVE,Positive,0.7838589549064636
Fransız,"Mustafa Kemal, yönetimin tüm yasaklarına rağmen öğrencilik yıllarında Fransız Devrimi hakkında ilk bil -gileri edinmiş, sonraları ilgi alanının genişliği, okuma zevki ve öğrendiği yabancı dil sayesinde dünyada olup bitenleri, dönemin başlıca düşün akımlarını ana çizgileriyle de olsa izleme olanağına",POSITIVE,Positive,0.9295438528060913
Fransız,Ancak Lozan Konferansı'nın ardından taraflar arasında yaşanan sorunlar nedeniyle Türk-Fransız ilişkileri ger -ginleşti,NEGATIVE,Negative,0.9887921214103699
Fransız,"Türkiye ile Fransa arasındaki diğer bir anlaşmazlık, Türkiye'deki Fransız okullar ı (Görsel 4",NEGATIVE,Negative,0.9786112904548645
Fransız,Lozan'dan önce Türkiye'deki yabancı okullar arasında Fransız okulları önemli bir yer tutuyordu,POSITIVE,Positive,0.953307032585144
Fransız,"Fransız okulları, kendi dinî kurumları tarafından yönetiliyor ve Fransız Hükûmetinden ekonomik destek alarak misyonerlik yapıyordu",POSITIVE,Positive,0.5401684045791626
Fransız,Midilli açıklarında 2 Ağustos 1926'da Bozkurt adlı Türk gemisi ile Lotus adlı Fransız gemisinin (Görsel 4,NEGATIVE,Negative,0.8638083338737488
Fransız,8) çarpışması Türk-Fransız ilişkilerini etkileyen olaylardan biri oldu,POSITIVE,Positive,0.9187003374099731
Fransız,karşılığında Fransız işgalindeki Suriye'ye bırakıldı,NEGATIVE,Negative,0.5615206360816956
Fransız,"Hastalığı ağırlaşan Atatürk, Fransız gazetelerindeki yersiz haberlere tepki vererek Mersin'e gitme kararı aldı",NEGATIVE,Negative,0.8855277299880981
Fransız,"TAYFUR SÖKMEN (1908-1985)
Antakya, İskenderun, Belen, Reyhaniye, Ordu ve Bayır-Bucak bölgelerini işgal eden Fransızlar'a karşı direniş hareketinin örgüt -lenmesine önayak oldu",NEGATIVE,Negative,0.753475546836853
Fransız,"Amerikan ve Fransız Devrimleri, temel hak ve özgürlükleri anayasal güvence al -tına alarak liberalizmin temelini teşkil eden hürriyet düzenini inşa etmeye çalıştı",POSITIVE,Positive,0.9248527884483337
Fransız,Fransız İhtilali kapitalist düzene geçişin önemli aşamalarındandır,POSITIVE,Positive,0.9395745396614075
Fransız,Siyasal bakımdan Fransız Devrimi'nin ilkelerine karşıdır,NEGATIVE,Negative,0.9961496591567993
Fransız,")
BİLGİ KUTUSU
Maginot Hattı
Fransız devlet adamı Andre Maginot (Andre Majino) tarafından tasarlanmış, Almanya-Fransa sınırı boyunca uzanan bir savunma hattıdır",POSITIVE,Positive,0.770211398601532
İngiliz,Konumuza dair İngiliz Arşivi'nde önemli sayıda belgenin bulunduğu bilinmektedir,POSITIVE,Positive,0.5052846670150757
İngiliz,"Tarihsel bilginin üretim sürecine ilişkin tespitleriniz
Anna Komnena'nın Alexiad (Aleksiyad) adlı eserini ithaf ettiği babası İmparator Aleksios Komnenos'un (1081-1118) Ayasofya Camisi'ndeki mozaiği
l'or regrettes not ben worth zan 13 at won und, tod nest in Palatine i so up a semesser Capella
1 com",NEGATIVE,Negative,0.6811714768409729
İngiliz,"Eyyubilerin hâkimiyetindeki Akka şehrine ulaşan İngiliz ve Fransız donanmaları, stratejik önem taşıyan Akka Limanı'nı kuşattı ve 12 Temmuz 1191'de ele geçirdi",POSITIVE,Positive,0.5414530038833618
İngiliz,"Ne zaman ki İngilizler ve Fransızlar buraları işgale başladılar, hemen tarihi kervan yollarını yok ettiler ve bu bölgelerin Kuzey Afrika limanlarıyla bağlantıları kesilerek ticaret yollarının istikameti Batı Afrika'da kurulan Lagos, Porto-Nova, Saint-Louis gibi yeni limanlara çevrildi",NEGATIVE,Negative,0.9914525747299194
İngiliz,"Osmanlı Devleti ise Venedik'in Doğu Akdeniz'deki etkisini azaltmak ve bölgedeki ticareti canlandırmak için Fransız, İngiliz ve Hollandalı tüccarlara bazı imtiyazlar vermişti",POSITIVE,Positive,0.6000587940216064
İngiliz,"yüzyılda Fransız, İngiliz ve Hollandalıların Doğu Akdeniz ticaretindeki etkinliği arttı ve Venedik'in etkisi azaldı",NEGATIVE,Negative,0.8926109075546265
İngiliz,"yüzyıllarda büyük ve orta çaplı toplarını tunçtan dökmeye devam etmeleri nedeniyle -esas olarak imparatorlukta zengin bakır madeni yatakları bulunduğu için- topları aynı çaptaki Avusturya, İspanyol veya İngiliz toplarından sadece daha hafif değil, fakat aynı zamanda daha emniyet liydi",NEGATIVE,Negative,0.9456768035888672
İngiliz,"Köle ticaretinde de aktif rol oynayan İngilizler, böylece Avrupa ekonomisini belirleyen en etkili güçlerden birine dönüştü",POSITIVE,Positive,0.9727699756622314
İngiliz,"Line PALACE
Batı Afrika'da kıyılarında bulunan Gine Körfezi'nde İngiliz, Fransız, Hollandalı ve Portekizli tüccarların köle satın aldığı bir toplama kampı (Temsilî)
Köle ticaretinin merkez üssü olan bu kamplarda genellikle yerel liderlerin getirttiği ya da kaçırdığı Afrikalılar köle olarak Avrupalı ",POSITIVE,Positive,0.789106547832489
İngiliz,"Görselde görüldüğü üzere bu kamplarda İngiliz, Fransız, Portekizli ve Hollandalı tüccarlar için ayrı alanlar tahsis edilmişti",POSITIVE,Positive,0.5395901203155518
İngiliz,yüzyılda kulenin üst kısmı yenilenmiş ve İngiliz yapımı bir saat takılmıştır,NEGATIVE,Negative,0.8141204118728638
İngiliz,Öte yandan İngiliz ve Hollandalı tüccarların da sömürgeleştirme sürecine katılmasıyla Avrupalı güçler arasındaki rekabet kızışmıştı,NEGATIVE,Negative,0.9336481094360352
İngiliz,"yüzyılın başında Hollandalılar ve İngilizler, Doğu Hindistan şirketlerini kurmuşlar ve kızışan rekabette yerlerini almışlardı",POSITIVE,Positive,0.7498885989189148
İngiliz,Zamanla denizaşırı ticaretteki pay dengesi İspanyollardan ve Portekizlilerden çok Hollandalılar özellikle de İngilizler lehine değişmiştir,POSITIVE,Positive,0.9346596002578735
İngiliz,"Hollandalılar sömürge arayışında daha çok Endonezya ve çevresindeki adalara, İngilizler ise Hindistan'a yönelmişlerdi",NEGATIVE,Negative,0.7784010171890259
İngiliz,Öte yandan Baltık Denizi'nden hareket eden Rus donanması İngiliz desteğiyle Akdeniz'e geçerek Çeşme'deki Osmanlı donanmasını 1770'te imha etmişti (Görsel 1,NEGATIVE,Negative,0.9517723321914673
İngiliz,"Yeni kurulan Nizam-ı Cedit ordusu ilk büyük sınavında, 1798'de Mısır'ı işgal eden Fransız ordusunu ancak İngiliz donanmasının Osmanlılara yardıma gelmesiyle Mısır'dan çıkarabilmişti",NEGATIVE,Negative,0.6546698808670044
İngiliz,"yüzyıla gelindiğinde Osmanlı topraklarındaki Rum, Ermeni ve Musevi okullarının yanı sıra Fransız, İngiliz, İtalyan, Alman, Rus ve Amerikan okullarının (Görsel 3",POSITIVE,Positive,0.581298828125
İngiliz,"İngiltere, Rusya'nın sıcak denizlere inerek güçlü bir rakip olmasını engellemek ve İngiliz sömürge yollarının güvenliğini sağlamak amacıyla başlarda Osmanlı toprak bütünlüğünün korunmasından yanaydı",NEGATIVE,Negative,0.5651523470878601
İngiliz,İngiliz ve Fransız elçilerin araya girmesi Rus elçisi Mençikof'u (Görsel 4,NEGATIVE,Negative,0.9912715554237366
İngiliz,İtalyan birliğini kurmayı düşünen Piyemonte Krallığı da İngiliz ve Fransızlardan destek alabilmek için Osmanlı Devleti'nin yanında savaşa dâhil oldu,NEGATIVE,Negative,0.7645318508148193
İngiliz,"İngiliz ve Fransızların çoğunlukta olduğu müttefik orduları, Kırım'daki Sivastopol'u kuşattı (Görsel 4",NEGATIVE,Negative,0.7464121580123901
İngiliz,Bu nedenle gözünü Hindistan'a kadar uzanan İngiliz sömürgelerine dikti,NEGATIVE,Negative,0.9862391352653503
İngiliz,İngiliz sömürgelerine giden yollar üzerinde bulunan ve Osmanlı toprağı olan Mısır'ı işgal etme planını devreye soktu,NEGATIVE,Negative,0.9744397401809692
İngiliz,"Osmanlı Devleti, sadece kapitülasyonlarla imtiyazlar verdiği Fransız, İngiliz ve Hollandalı ticaret gemilerinin Türk Boğazlarından geçmelerine izin vermişti",NEGATIVE,Negative,0.8093796372413635
İngiliz,"İngiltere, Rusya'nın Akdeniz'e inerek İngiliz sömürgelerine giden yollara hâkim olması ihtimaline karşı Osmanlı Devleti'nin toprak bütünlüğünün korunmasından yana bir politika izlemeye başladı",POSITIVE,Positive,0.6505576372146606
İngiliz,"Reval Görüşmesi ve Balkan Savaşları Sonunda Kurulan Osmanlı-Alman İttifakı
İngiliz-Rus rekabeti bağlamında uzun yıllar devam eden Boğazlar Sorunu'nun 93 Harbi'nden sonra pek gündeme gelmemesi dikkatleri başka tehditler üzerine çekmişti",NEGATIVE,Negative,0.9646703004837036
İngiliz,Bu yakınlaşmanın sonucunda 1904'te İngiliz-Fransız antlaşması imzalandı,POSITIVE,Positive,0.8976269960403442
İngiliz,İngiltere'ye birçok ticari ve siyasi taviz verilmesine rağmen bu girişimleri İngilizler tarafından reddedildi,NEGATIVE,Negative,0.9790464639663696
İngiliz,"Özellikle İngilizler, gayrimüslimlerin Müslümanlarla her alanda aynı haklara sahip olması, mahkemelerde şahitliklerinin kabulü, askere alınmaları, din ve mezhep değiştirenlerin cezalandırılmaması gibi konuları sık sık gündeme getiriyordu",POSITIVE,Positive,0.6897260546684265
İngiliz,"Bu rekabetler; Boğazlar üzerinde İngiliz-Rus mücadelesi, Balkanlar üzerinde Avusturya-Rusya mücadelesi, Mısır üzerinde İngiliz-Fransız mücadelesi ve Osmanlı Devleti'nin Orta Doğu topraklarında İngiliz-Alman mücadelesiydi",NEGATIVE,Negative,0.9616489410400391
İngiliz,"Denge politikası; 1798-1878 yılları arasında Rus tehlikesine karşı İngiltere'yle yakınlaşma, 1888-1918 yılları arasında Rus ve İngiliz tehlikelerine karşı Almanya'yla yakınlaşma şeklinde uygulanmıştı",POSITIVE,Positive,0.5221828818321228
İngiliz,"Osmanlı Devleti'nin yerli tüccarı korumak için uyguladığı bu tedbirler, İngiliz tüccarların kârlarını düşürmekteydi",NEGATIVE,Negative,0.9841111898422241
İngiliz,Yerli ve yabancı tüccarlardan alınan iç gümrük vergisi İngiliz tüccarlardan kaldırılarak onların da yerli tebaa gibi serbest dolaşım hakkı elde etmesi sağlandı,POSITIVE,Positive,0.7389997839927673
İngiliz,İngiliz tüccarlar ihraç ettikleri ürün için yalnızca %12 vergi vereceklerdi,POSITIVE,Positive,0.5510613322257996
İngiliz,Böylece artık İngiliz tüccarlar istedikleri malı yurt dışına çıkarabileceklerdi,POSITIVE,Positive,0.6365161538124084
İngiliz,İngiliz tüccarların ortağı olan farklı uyruktaki tüccarlar da bu haklardan yararlanabileceklerdi,POSITIVE,Positive,0.6142743825912476
İngiliz,İngiltere'ye verilen ayrıcalıklardan biri de İngiliz ticaret gemilerinin (Görsel 5,NEGATIVE,Negative,0.6381556391716003
İngiliz,"Başka bir devletle imtiyaz antlaşması yapıldığı takdirde bu imtiyazı
İngiliz tüccarların da kullanabileceği garanti altına alındı",POSITIVE,Positive,0.8822090029716492
İngiliz,"İtalya donanmasının Akdeniz'deki gücü yanı sıra Çanakkale Boğazı'nı ablukaya alması; Mısır'ın ise İngiliz işgali altında olma -sı nedeniyle Osmanlı Devleti, Trablusgarp'a denizden ve karadan asker gönderemedi",NEGATIVE,Negative,0.9754932522773743
İngiliz,Ancak Akdeniz'de İngiliz donanmasından kaçan Almanlara ait Goeben (Goben) ve Breslau (Bireslav) gemileri Çanakkale Boğazı'na sığınınca Osmanlı Devleti İngiltere'ye bu gemileri satın aldığını bildirdi,NEGATIVE,Negative,0.6524690389633179
İngiliz,Millî mevcudiyetimizi yak -laşan tehlikeden korumak için İngiliz ve Fransızlardan umduğu teminatı alamayınca uzatılan Alman ellerine sarılmaya mecbur oldu ve ister istemez Cihan Harbi'ne sürüklendi,NEGATIVE,Negative,0.8055263757705688
İngiliz,"Boğaz'ı geçemeyeceklerini anla -yan İngiliz ve Fransızlar, İngiliz General Hamil -ton (Hemıltın) komutasında 25 Nisan 1915'te Gelibolu'ya çıktılar",NEGATIVE,Negative,0.5689824819564819
İngiliz,Irak Cephesi: İngilizler tarafından petrol böl -gesi Abadan'ı korumak ve kuzeye çıkıp Rus -ya'yı desteklemek için açıldı,NEGATIVE,Negative,0.8956935405731201
İngiliz,"Osmanlı kuvvet -leri, Selmân-ı Pâk ve Kut'ül-Amâre'de İngiliz kuvvetlerini yenilgiye uğrattı",NEGATIVE,Negative,0.7662620544433594
İngiliz,"Hicaz ve Yemen Cephesi: İngilizler Mac Mahon (Mek Mehın) Antlaş -ması'nı imzalayarak Arapların isyan etmesi hâlinde Arap Yarımadası, Suriye ve Irak'ı içine alacak bağımsız bir Arap devletini tanımayı va -dettiler",NEGATIVE,Negative,0.7505047917366028
İngiliz,"Osmanlılar isyanları bastır -mak, İngiliz ilerleyişini durdurmak, kutsal yerleri korumak için İngiliz -ler ve Şerif Hüseyin'e bağlı Araplarla savaştı",NEGATIVE,Negative,0.9092978239059448
İngiliz,An -cak takviye edilen İngiliz kuvvetleri Kudüs ve Suriye'yi işgal etti,NEGATIVE,Negative,0.9788424968719482
İngiliz,"Necmettin Halil Onan
nut ul-amdre <dlerl (<y Nisan tato)
OSMANLI DEVLETi
Dicle Nehri
Kut'ül-Amâre Zaferi (29 Nisan 1916)
İngilizler, Bağdat'ı almak amacıyla General Townshend (Tavsınd) komutasında Dicle Nehri boyunca harekete geçti ve 26 Eylül 1915'te Bağdat ile Amâre arasındaki Kut şehrini işgal et",NEGATIVE,Negative,0.86531662940979
İngiliz,İngilizler ve işgale karşı çıkan Osmanlılar arasındaki çarpışmalar Selmân-ı Pâk bölgesinde başladı (Harita 1,NEGATIVE,Negative,0.9634597301483154
İngiliz,Mücadelelerinde başarılı olamayan İngilizler Kut'ül-Amâ -re'ye çekilirken Albay Halil (Kut) kumandasındaki Osmanlı kuvvetleri 5 Aralık 1915'te bölgeyi kuşattı,NEGATIVE,Negative,0.9135031700134277
İngiliz,"Türk kuvvetleri, halkın coşkulu gösterileri arasında Kut'ül-Amâre'ye girdi ve Nisan 1916'da İngiliz kuvvetlerini teslim aldı",POSITIVE,Positive,0.6061710119247437
İngiliz,"Osmanlı ile İngiliz kuvvetleri arasındaki bu mücadele, I",NEGATIVE,Negative,0.9263144135475159
İngiliz,"İngiliz tarihçi James Morris (Ceyms Morres), Kut'ül-Amâre'yi 'Britanya askerî tarihinin en aşağılık teslimi",NEGATIVE,Negative,0.9988825917243958
İngiliz,"İngilizler, yenilginin ardından bir yandan Hicaz'da 1916 Şerif Hüseyin Ayaklanması'nı planlarken diğer yandan da Irak'taki kayıplarını geri almak için büyük hazırlıklarla saldırılarına devam etmiştir",NEGATIVE,Negative,0.9465794563293457
İngiliz,Bu teslim aldığımız orduyu kurtarmaya gelen İngiliz kuvvetleri de 30,NEGATIVE,Negative,0.9652941823005676
İngiliz,")
İşte, Türk sebatının İngiliz inadını kırdığı birinci olayı Çanakkale'de, ikinci olayı da burada görüyoruz",NEGATIVE,Negative,0.9023513197898865
İngiliz,")
Hazar Denizi
Kafkas İslam Ordusu
Azerbaycan; İngiliz güçleri, Bolşevik birlikleri ve Ermeni çetelerin işgaline karşı Osmanlı Hükûmetinden yardım istedi",NEGATIVE,Negative,0.778716504573822
İngiliz,) İngilizler'le anlaşan Mekke Şerifi Hüseyin'in isyana hazırlandığı haberinin alınması üzerine Fahreddin Paşa Dördüncü Ordu kuman -danı Cemal Paşa tarafından Medine'ye gönderil -di,NEGATIVE,Negative,0.8673177361488342
İngiliz,) İngilizler tarafından 'Türk kaplanı' diye adlandı -rılan Fahreddin Paşa 27 Ocak'ta savaş esiri ola -rak Mısır'a gönderildi,POSITIVE,Positive,0.5780423879623413
İngiliz,") Daha sonra Millî Mücadele kadrosunun temelini teşkil edecek olan Mustafa Kemal (Atatürk), Mustafa İsmet (İnönü), Mustafa Fevzi (Çakmak), Ali Fuat (Cebesoy), Refet (Bele), Fahrettin (Altay) Paşalar ve Osmanlı birliklerinin çoğunluğu Filistin Cephesi'nde General Allenby [Alenbi] tarafından sevk ve i",NEGATIVE,Negative,0.8051822185516357
İngiliz,"Ordu Komutanı Mustafa Kemal Paşa, 26 Ekim 1918'de Halep kuzeyinde İngiliz ve Arap Ordularının taarruzunu durdurmayı başarmıştır",NEGATIVE,Negative,0.722717821598053
İngiliz,"Öte yan -dan İngilizler, soykırımla suçladıkları Osmanlı ileri gelenlerinden pek çoğunu Malta'ya göndermiş, yargılamış ancak mahkeme sonunda suçlayacak bir delil bulamamışlardır",NEGATIVE,Negative,0.9341161847114563
İngiliz,"Türkiye'yi işgal eden Rus, İngiliz ve Fransız kuvvetlerinin yanında önemli sayıda Ermeni'nin bulunduğu ve Müslüman halka yapılan akıl almaz işkence ve katliamlarda Ermeni grupların nasıl rol oynadığı işgalci devletlerin kendi resmî belgele -rine de yansımıştır",NEGATIVE,Negative,0.9613845348358154
İngiliz,"BİLGİ KUTUSU
Barış Konferansı'nda kararların nasıl alındığını İngiliz heyeti danışmanlarından Arnold Toynbee [Arnıld Tonbi] şöyle aktarmaktadır: 'Lloyd George'un [Loyd Corc] benim varlığımı unutup yüksek sesle düşün -meye başlaması beni çok sevindirdi, Mezopotamya… evet… petrol… Mezopotamya'yı almal",NEGATIVE,Negative,0.851203441619873
İngiliz,"Kafkas Cephesi'nde Rusların işgali altındaki Muş ve Bitlis'in geri alınması
Trablusgarp Savaşı'nda İtalyanlara karşı başarılı savunma savaşlarının yapılması
Hareket Ordusu tarafından 31 Mart Vakası'nın bastırılması
Çanakkale Savaşlarında düşmanın yenilgiye uğratılarak geri püskürtülmesi
Kut'ül-Amâre",POSITIVE,Positive,0.8189556002616882
İngiliz,"Diğer taraftan da halifeliği devam ettirmek, İngiliz ve Amerikan mandasına girmek gayesiyle millî varlığa düşman cemiyetler kuruldu",NEGATIVE,Negative,0.9771037697792053
İngiliz,"Teâlî-i İslam Cemiyeti: İngilizler tarafından desteklenen ve Osmanlı Devleti'nin dinî esaslara bağlı kalınarak kurtarılabile -ceği düşüncesindeki cemiyet, saltanat ve hilafetin güçlendiril -mesi gerektiğini savundu",NEGATIVE,Negative,0.9879180788993835
İngiliz,"İngiliz Muhipleri Cemiyeti: Cemiyetin temel amacı, İngiliz himayesine girmekti",NEGATIVE,Negative,0.9641281366348267
İngiliz,Mavri Mira Cemiyeti: Fener Rum Patrikhanesi ve İngiliz -lerin desteğiyle kurulan cemiyetin amacı Megali İdea'yı ger -çekleştirmekti,NEGATIVE,Negative,0.887111485004425
İngiliz,"Bu sırada İngilizler, Samsun ile çevresinde Pontus Rum çetelerinin saldırılarının artmasına sebep olarak Türkleri göstermiş ve asayişin sağlanmaması durumunda bölgenin işgal edileceğini Hükû -mete bildirmişti",NEGATIVE,Negative,0.8260964751243591
İngiliz,İngilizler ise Malta'daki Türk esirlerden bir kısmını serbest bıraktı,POSITIVE,Positive,0.6434597373008728
İngiliz,) Filistin ve Şeria'da İngilizler'e karşı giriştiği savaşlardaki başarılarından dolayı ferik rütbesine yükseltildi (1918),POSITIVE,Positive,0.7361170053482056
İngiliz,"Mudanya Ateşkes Antlaşması (11 Ekim 1922)
Batı Anadolu kurtarıldıktan sonra Misak-ı Millî doğrultusunda İstanbul, Boğazlar ve Trakya'ya doğru ilerleyen Türk kuvvetleri karşısında sadece İngilizler kaldı",NEGATIVE,Negative,0.781668484210968
İngiliz,"Türkiye-İngiltere İlişkileri ve Musul Sorunu
Cumhuriyet'in ilk yıllarında Türk-İngiliz ilişkilerini be -lirleyen temel etken Musul Sorunu oldu (Görsel 4",POSITIVE,Positive,0.5385107398033142
İngiliz,Lozan Antlaşması'nın imzalanmasından kısa süre sonra Musul'un İngilizler tarafından bombalanması Türk-İngi -liz ilişkilerinde gerginliğe sebep oldu,NEGATIVE,Negative,0.9813619256019592
İngiliz,"Süleymaniye, Musul ve Kerkük İngiliz mandası altındaki Irak'a bırakılacaktır",POSITIVE,Positive,0.8194507360458374
İngiliz,"Millet -ler Cemiyeti, Musul'u İngiliz mandası altındaki Irak'a bıraktı",NEGATIVE,Negative,0.6984660625457764
İngiliz,"Normandiya Çıkarması, 6 Haziran 1944'te, Amerikan ve İngiliz kuvvetlerinin Fransa'nın Normandiya bölgesine asker çıkarma -sı ile başladı (Görsel 5",NEGATIVE,Negative,0.7125027179718018
İngiliz,12 Mayıs 1939'da İngiltere ile Türk-İngiliz Ortak Deklarasyonu yayımlandı,POSITIVE,Positive,0.9250801205635071
İngiliz,"Dünya Savaşı sırasında Osmanlı Devleti'nin bölgedeki etkisi azalınca İngiliz Hükûmeti, Balfour (Balfur) Deklarasyonu (2 Kasım 1917) ile Filistin topraklarında bağımsız bir İsrail Devleti kurulmasını desteklediğini duyurmuştu",NEGATIVE,Negative,0.6977869868278503
İngiliz,"İngilizler, Dünya Siyonist Örgütünü ve özellikle onun yerel uzantısı Yahudi Ajansını Filistin Yahudilerinin temsilcisi kabul etti",NEGATIVE,Negative,0.6538428068161011
İngiliz,"BİLGİ KUTUSU
Balfour Deklarasyonu
İngiliz Dışişleri Bakanı Lord Balfour, 2 Kasım 1917'de Siyonizm Hareke -ti'nin liderlerinden Lord Rothschild'e (Lord Rotşaylıd) gönderdiği mek -tupla Filistin'de bir yurt kurulmasına ilişkin faaliyetlerin ülkesi tarafından destekleneceğini bildirdi",POSITIVE,Positive,0.6515559554100037
İngiliz,1923 Lozan Barış Antlaşması ile Türkiye Kıbrıs'ın İngilizler'e ilhakını tanıdı,POSITIVE,Positive,0.8377172350883484
İngiliz,"K A N I T
Kıbrıs Rumları Yunanistan'dan aldıkları yardımlar ile Kıbrıs'ta ilk önce İngiliz yönetimine ve sonradan Türk cemaati mensuplarına karşı tedhiş hareketine girişmişlerdir",NEGATIVE,Negative,0.9847089052200317
İngiliz,Hareketin amacı Kıbrıs uyuşmazlığını milletlerarası bir uyuşmazlık niteliğine büründürerek Birleşmiş Milletlerde konuşulmasını sağlamak ve İngiliz halkoyunu etkileyerek İngiliz Hükûmetini isteklerini kabule zorlamak olmuştur,NEGATIVE,Negative,0.921326220035553
İngiliz,"Kör -fez Savaşı'nda ise ABD ve İngiliz kuvvetleri, 11 Eylül Saldırılarını düzenleyen El Kaide terör örgütü liderinin Irak'ta olduğuna ve Irak'ta kitle imha silahlarının varlığına dair belgeleri gerekçe göstererek Irak'ı işgal etti",NEGATIVE,Negative,0.6964881420135498
İngiliz,"İşgalin ardından ABD ve İngiliz güçlerinin Irak'a yerleşmesiyle Irak ve Orta Doğu'da ardı arkası kesilmeyen te -rör eylemleri, zulümler, ölümler yaşandı",NEGATIVE,Negative,0.9849475026130676
İngiliz,: İngiliz Uluslar Topluluğu'na üye olmalarının ve İngiliz Krallığı'na bağlı bulunmalarının yanı sıra kendi kendilerini yöneten ülkelere verilen genel ad,POSITIVE,Positive,0.9775701761245728
Alman,"'
'Germen yayılımının temel sebebi, hızlı nüfus artışıydı",NEGATIVE,Negative,0.9529104828834534
Alman,"Germen kavimlerinin yaşadığı bölge; ormanlar ve bataklıklarla kaplı, kasvetli, soğuk ve ekseriyetle yağışlıdır",NEGATIVE,Negative,0.9766280651092529
Alman,Öte yandan Germenler savaşçı bir toplumdu,POSITIVE,Positive,0.7878938913345337
Alman,"Tüm bu demografik, coğrafi, iklimsel, sosyal ve siyasi faktörler yüzyıllar boyunca Germen kavimlerinin genişlemelerini ve göçlerini tetiklemiştir",POSITIVE,Positive,0.9460216760635376
Alman,"'
Kaynaklara göre Türk toplulukları ve Germen kavimlerinin yaşam tarzı hakkında neler söylenebilir",NEGATIVE,Negative,0.850572943687439
Alman,"Avcılık, besicilik ve çiftçilikle geçinen Germen kavimleri, ilkel ekonomik koşullar ve nüfus artışı nedeniyle zor dönemler yaşamıştır",NEGATIVE,Negative,0.94771409034729
Alman,Germen kavimlerini harekete geçiren güç ise Asya'dan Avrupa'ya göç eden Hunlar olmuştur (Görsel 3,NEGATIVE,Negative,0.6768319606781006
Alman,"'
Kavimler Göçü'nün başladığı dönemde Roma İmparatorluğu'yla etkileşim içinde bulunan Germen kabileleri, içe kapalı kabile sisteminden uzaklaşarak devletleşmeye başlamıştır",POSITIVE,Positive,0.5448398590087891
Alman,"Bu değişim sırasında Germen kabilelerindeki şeflik kurumu, yerini bir tür krallığa bırakmış ve kralın otoritesi artmıştır",NEGATIVE,Negative,0.71539306640625
Alman,"550 yılına gelindiğinde Roma İmparatorluğu yıkılmış, onun yerine çok sayıda küçük Germen Krallığı kurulmuştur",NEGATIVE,Negative,0.6543152332305908
Alman,"3: Germen kavimlerinin yeni yerleşim yerleri
Sayfa 172'de Görsel 3",POSITIVE,Positive,0.5522682070732117
Alman,Germen kavimlerinin göç etme nedenleri hakkında neler söylenebilir,NEGATIVE,Negative,0.8991742730140686
Alman,"Kavimler Göçü'nün başlamasıyla Germen halklarını imparatorluk topraklarından çıkarmayı başaramayan Romalılar, MS 382'den itibaren Germen kabileleri ile anlaşmalar yapmıştır",NEGATIVE,Negative,0.5754771828651428
Alman,Germen halkları başlangıçta imparatorluğa bağlı olsalar da zamanla bağımsız derebeylikler hâline gelmiştir,POSITIVE,Positive,0.5461567044258118
Alman,"Kavimler Göçü sonrasında sosyal bir dönüşüm yaşanmış, Romalılar ve Germenler karışıp kaynaşmıştır",POSITIVE,Positive,0.8246049284934998
Alman,"'Orta Çağ'ın Karanlık Dönemi' adı verilen yeni süreçte, Avrupa'daki idari üstünlüğü Germenler ele geçirmiş ve Romalılar ise kültürel üstünlüklerini korumaya devam etmiştir",POSITIVE,Positive,0.593671441078186
Alman,Germen kabileler Roma eyaletlerine akın ederek klasik şehirciliği sona erdirmiş ve Avrupa'da yeni kırsal yerleşim türleri görülmeye başlanmıştır,NEGATIVE,Negative,0.8727630376815796
Alman,"Bir kısım tarihçi ise Roma-Germen etkileşimini 'yorgun, bitkin ve yozlaşmış Akdeniz medeniyetinin savaşçı, kuzeyli bir medeniyetle değiştirilmesi' şeklinde nitelendirmiştir",NEGATIVE,Negative,0.9803720116615295
Alman,"Avrupa'nın o dönemki düzenini altüst eden Hunlar, Büyük Kavimler Göçü'nü baş latmış, Germen kavimlerini bir daha birleşmemek üzere dağıtmış ve en önemlisi Roma İmparatorluğu'nu temelinden sarsmıştır (Harita 3",NEGATIVE,Negative,0.9780647158622742
Alman,"Macaristan ovalarına yerleşen Hunlar, kısa zamanda Orta Avrupa'daki Germen kavimlerini egemenlikleri altına alarak V",POSITIVE,Positive,0.5020831823348999
Alman,"Macar tarihçisi Alföldi'ye göre 'Hunlar, sürekli hazırlık, hayret verici bir manevra kabiliyeti ve çok gelişmiş süvari tabyalarıyla topraklarına bağlı Germen kavimler ve yüksek kültürlü Romalılar üzerinde üstünlük temin etmişti",POSITIVE,Positive,0.8998613357543945
Alman,"'
Aydemir ve Yılmaz *
Yorumcu Kartları
Germen kavimlerinin hareketiyle Avrupa'da bü- yük bir kargaşa yaşanmıştır",NEGATIVE,Negative,0.9737824201583862
Alman,"Bu nedenle Doğu Roma İmparatoru Manuel Comnenos (Manuel Komnen), 1176'da Fransız, Alman, İn giliz, Sırp, Macar, Gürcü, Kıpçak ve Peçeneklerden destek alarak büyük bir orduyla harekete geçti",NEGATIVE,Negative,0.903706431388855
Alman,"1101'de üç büyük Haçlı ordusu (Lombardlar, Fransızlar ve Almanlar) Avrupa'dan Anadolu'ya gelerek Türkiye Selçuklu Sultanı I",POSITIVE,Positive,0.5876901745796204
Alman,"Konrad idaresinde harekete geçen Alman Haçlı ordusu, Anadolu'ya gelerek Dorileon yakınlarında Sultan Mesud komutasındaki Türkiye Selçuklu ordusuyla savaştı (Harita 1",NEGATIVE,Negative,0.8496817350387573
Alman,"Louis (Lui) kumandasında Anadolu'ya gelen Fransız Haçlıları, İznik'teki Alman Haçlılarıyla birleşe rek güneye doğru ilerledi",NEGATIVE,Negative,0.7673184275627136
Alman,Bu sırada Alman İmparatoru Friedrich (Fridrih) Barbaros sa (Barbarossa) da ordusuyla birlikte Çanakkale Boğazı'ndan Anadolu'ya geçti,POSITIVE,Positive,0.8243429660797119
Alman,"Onun ölümüyle Alman ordusunun büyük bölümü dağıldı, kalan az sayıda asker ise babasıyla aynı ismi taşıyan ve imparatorun oğlu olan Friedrich'in etrafında toplanarak önce Antakya'ya, oradan da Sûr şehrine geçti",POSITIVE,Positive,0.5305696129798889
Alman,"Kutsal Roma-Germen İmparatoru Charlemagne (Şarlman) ile Abbasi Halifesi Harun Reşid, elçileri aracılığıyla diplomatik temaslarda bulundu ve iyi niyet göstergesi olarak birbirlerine hediyeler sundu",NEGATIVE,Negative,0.6611137390136719
Alman,"KUTSAL ROMA GERMEN
iMPARATORLUGU
'Çaldıran muharebesinden sonra başta Diyarbekir olmak üzere birçok Doğu Anadolu şehri Osmanlılar'ın eline geç ti",NEGATIVE,Negative,0.8516729474067688
Alman,"Kutsal Roma Germen
Yavuz Sultan Selim'in vefatından (1520) sonra Osmanlı tahtına çıkan Kanuni Sultan Süleyman Han (I",NEGATIVE,Negative,0.9650919437408447
Alman,"KIRIM ARAL
NT OKYANUSU
1519'da Habsburg (Habsburg) Hanedanı'ndan Şarlken, Kutsal Roma-Germen imparatoru olarak tahta geçti",POSITIVE,Positive,0.8913008570671082
Alman,"O dönemde Kutsal Roma-Germen İmparatorluğu, Habsburg Hanedanı'na mensup hükümdarlar tarafından yönetiliyordu",POSITIVE,Positive,0.7643405199050903
Alman,"Kutsal Roma-Germen imparatorları, 1438'den sonra genellikle Avusturyalı Habsburg Hanedanı içinden ve elektör prensler (oy kullanma hakkı olan Alman prensler) tarafından seçildi Geniş topraklara sahip olan imparatorluk, XVI-XVII",POSITIVE,Positive,0.9536279439926147
Alman,"Ancak Jan Zapolya'nın krallığı, Kutsal Roma-Germen İmparatoru Şarlken ile Şarlken'in kardeşi Avusturya Arşidükü Ferdinand tarafından kabul edilmedi",NEGATIVE,Negative,0.9057321548461914
Alman,"Ancak Şarlken'in komuta ettiği Kutsal Roma-Germen ordusu, Ferdinand'ın hâkim olduğu topraklarda ilerleyen Osmanlı ordusunun karşısına çıkamadı",NEGATIVE,Negative,0.9314759373664856
Alman,"Cihan Devleti Osmanli (1453-1683)
'Ferdinand'ın aslında 1532'de gerçekleştirmek istediği ama çıkan anlaşmazlık neticesinde Alman seferine neden olan barış teşebbüsü 1533'te bu kez başarıya ulaştı",POSITIVE,Positive,0.6929948329925537
Alman,"1517'de Alman bir keşiş ve ilahiyatçı olan Martin Luther (Martin Luter), Wittenberg (Vitınberg) Şatosu'ndaki kilisenin kapısına doksan beş maddelik bir bildiri asarak Reform hareketini başlattı (Görsel 3",POSITIVE,Positive,0.9611544609069824
Alman,"Başta Saksonya Prensi Frederick (Frederik) olmak üzere birçok Alman prensi, siyasi amaçlarla Martin Luther'e askerî ve ekonomik destek verdi",POSITIVE,Positive,0.646554708480835
Alman,"Kutsal Roma-Germen İmparatoru ile Alman prenslikleri arasında başlayan dinî mücadele, 1555'te imzalanan Augsburg (Oksburg) Barışı ile sona erdi",POSITIVE,Positive,0.886928141117096
Alman,"Bu değişimler, Katolik Habsburg Hanedanı tarafından yönetilen Kutsal Roma Germen İmparatorluğu'nun Orta ve Doğu Avrupa'daki topraklarında büyük çalkantılara sebep oldu",NEGATIVE,Negative,0.7340319156646729
Alman,Bohemya'daki Protestan soyluların Kutsal Roma Germen'e isyan etmesiyle başlayan Otuz Yıl Savaşı (1618-1648) bütün Avrupa'yı etkisi altına aldı,POSITIVE,Positive,0.9851974844932556
Alman,"T arihte 'Kepçe Kazan Savaşı' olarak da anılan Haçova Muharebesi'nde (1596) Osmanlı'ya karşı Haçlı ittifakı kuran Avusturya'nın ordusunda Alman, Çek, İspanyol, Leh, Macar ve Papalık askerleri bulunmaktaydı",NEGATIVE,Negative,0.6266262531280518
Alman,"Avusturya; Osmanlılara karşı Lehistan, Papalık, Venedik, Malta ve Alman prensliklerinden oluşan bir Haçlı ittifakı oluşturmuştu",POSITIVE,Positive,0.6977522969245911
Alman,"1683'te Viyana'yı kuşatma altına alan Osmanlı ordusu, Kırım hanının gerekli tedbirleri uygulamaması nedeniyle Tuna Nehri'ni geçerek yardıma gelen Alman-Leh kuvvetleri tarafından bozguna uğratıldı",NEGATIVE,Negative,0.7704107165336609
Alman,"Alman, Fransız Rus ordularında isyanların yaşanması savaştan sonra yönetim biçimi ve askerlik sistemi açısından farklı arayışlara gidilmesine yol açtı",NEGATIVE,Negative,0.9256492853164673
Alman,"yüzyıla gelindiğinde Osmanlı topraklarındaki Rum, Ermeni ve Musevi okullarının yanı sıra Fransız, İngiliz, İtalyan, Alman, Rus ve Amerikan okullarının (Görsel 3",POSITIVE,Positive,0.581298828125
Alman,Bu zaferler sonucunda 1871'de Alman siyasi birliği sağlandı ve Prusya kralı I,POSITIVE,Positive,0.7322179675102234
Alman,Wilhelm (Vilhelm) Alman imparatoru ilan edildi,POSITIVE,Positive,0.8932948112487793
Alman,"Reval Görüşmesi ve Balkan Savaşları Sonunda Kurulan Osmanlı-Alman İttifakı
İngiliz-Rus rekabeti bağlamında uzun yıllar devam eden Boğazlar Sorunu'nun 93 Harbi'nden sonra pek gündeme gelmemesi dikkatleri başka tehditler üzerine çekmişti",NEGATIVE,Negative,0.9646703004837036
Alman,Ancak Alman imparatoru II,NEGATIVE,Negative,0.9897038340568542
Alman,Wilhelm ile bazı Alman üst düzey yöneticilerinin etkisiyle Osman lı-Alman ittifak görüşmeleri başladı,NEGATIVE,Negative,0.9416662454605103
Alman,38) öncülüğündeki bir heyetle Alman büyükelçi Hans von Wangenheim (Hans fon Vangenhaym) arasında yapıldı,POSITIVE,Positive,0.5953541398048401
Alman,Görüşmeler sonucunda 2 Ağustos 1914'te Osmanlı-Alman ittifakı imzalanarak Osmanlı Devleti İttifak Devletleri arasında yerini aldı,POSITIVE,Positive,0.95620197057724
Alman,"Toplumsal alanda ıslahatlar yapması
Askerî ve idari alanda yenilikler yapması
İtalyan ve Alman siyasi birliğini desteklemesi
Büyük güçlere bazı konularda tavizler vermesi
Bir büyük güce karşı diğer büyük gücün desteğini istemesi
10",NEGATIVE,Negative,0.5372917652130127
Alman,"Bu rekabetler; Boğazlar üzerinde İngiliz-Rus mücadelesi, Balkanlar üzerinde Avusturya-Rusya mücadelesi, Mısır üzerinde İngiliz-Fransız mücadelesi ve Osmanlı Devleti'nin Orta Doğu topraklarında İngiliz-Alman mücadelesiydi",NEGATIVE,Negative,0.9616489410400391
Alman,"Bunların ilki top- rağa dayalı olan ve vatandaşlık bağına öncelik veren Fransız uluslaşma anlayışı, ikincisi de kan bağına ve etnik temele dayalı kültür birliğini önceleyen Alman uluslaşma anlayışıdır",NEGATIVE,Negative,0.9545878767967224
Alman,"Manastır'da Mehmet Emin (Yurdakul), Namık Kemal gibi dönemin güçlü Türk şairlerinin şiirleriyle tanışan genç Mustafa, Harp Akademisi yıllarında özellikle ünlü Alman ve Japon komutanların hayatlarıyla ilgili kitaplar okumaya başladı",NEGATIVE,Negative,0.659295916557312
Alman,Her iki hükümdar özellikle Uzak ve Yakın Doğu'da tampon bölgeler kurma ve Alman -ya'ya karşı bir denge politikası uygulama konusunda anlaştılar,POSITIVE,Positive,0.7799186706542969
Alman,"K A N I T
İlber Ortaylı, İkinci Abdülhamit Dönemi'nde Osmanlı İmparatorluğu'nda Alman Nüfuzu, s",NEGATIVE,Negative,0.980705976486206
Alman,"Bu nedenle ilk anlarda yolsuz, güvenliksiz ve hizmet götürecek örgütlerin olmadığı Anadolu'da, Alman demiryolları bazı yararlı sonuçlar sağladı",NEGATIVE,Negative,0.8207247257232666
Alman,"İlber Ortaylı, İkinci Abdülhamit Dönemi'nde Osmanlı İmparatorluğu'nda Alman Nüfuzu, s",NEGATIVE,Negative,0.943511962890625
Alman,"Fransız-Alman rekabeti, Balkan krizleri, emperyalist politikalar (Harita 1",NEGATIVE,Negative,0.993020236492157
Alman,Millî mevcudiyetimizi yak -laşan tehlikeden korumak için İngiliz ve Fransızlardan umduğu teminatı alamayınca uzatılan Alman ellerine sarılmaya mecbur oldu ve ister istemez Cihan Harbi'ne sürüklendi,NEGATIVE,Negative,0.8055263757705688
Alman,Alman müdahalelerine bir an evvel son verilmelidir(,NEGATIVE,Negative,0.7757965326309204
Alman,"Otto Liman von Sanders, 1913'te Osmanlı İmparatorluğu'ndaki Alman Askerî Misyon Başkanlığı görevine getirilmiştir",POSITIVE,Positive,0.885007381439209
Alman,Aynı yıl Alman ordusu -nun Osmanlı birliklerine eğitim hizmeti ve lojistik destek vermek amacıy -la oluşturduğu komisyona başkan olarak atanmıştır,NEGATIVE,Negative,0.612898051738739
Alman,"Alman denizaltılarının ticari taşımacılığa karşı sınırsız savaş açtıklarını duyurması ve Al -manların Meksika'ya gizli ittifak önerilerinin açığa çıkması, ABD'nin İtilaf Devletleri yanında savaşa girmesine sebep oldu (Görsel 1",NEGATIVE,Negative,0.983627200126648
Alman,Baltık ülkeleri ve Polonya'nın Rus yönetimi altındaki kesimi Rusya'dan ayrılmış ve Alman himayesi altına bırakılmıştır,NEGATIVE,Negative,0.6255154609680176
Alman,"Türk Medeni Kanunu haricinde İtalyan Ceza Kanunu'ndan yararlanılarak Türk Ceza Kanunu (1926); Alman ve İsviçre Kanunlarından yararlanılarak Türk Ticaret Kanunu (1926), Hukuk Muhakemeleri Usulü Kanunu (1927), Ceza Muhakemeleri Usulü Kanunu (1929), İcra ve İflas Kanunları (1932) hazırlandı ve yürürlüğ",NEGATIVE,Negative,0.6089498996734619
Alman,1933'te Almanya'da Nazilerin iktidara gelmesiyle özellikle Yahudi kökenli ve muhalif bazı Alman bilim insanları ülke dışına çıkmak zorunda kaldı,NEGATIVE,Negative,0.9432094693183899
Alman,Mü -dürlüğünü Muhsin Ertuğrul'un yaptığı Darülbedayi'deki sanatçılar modern Alman ve Fransız piyeslerinden örnekler sergiledi,POSITIVE,Positive,0.5531187653541565
Alman,"N A Z İ Z M
ÖZELLİKLERİ
Nasyonal-Sosyalist Alman İşçi Partisinin (Nazi) lideri Adolf Hit -ler (Adolf Hitler) önderliğindeki partinin ideolojisidir",POSITIVE,Positive,0.9737334847450256
Alman,"Nazi ideolojisi, Alman ırkının üstünlüğünü ve Versay'ın yok edilmesini savunur",NEGATIVE,Negative,0.9284147620201111
Alman,"Tek partili totaliter ideoloji, herkesin üstün Alman ırkına hizmet etmesi ge -rektiğini ileri sürer",NEGATIVE,Negative,0.7932589054107666
Alman,"Dünya Savaşı'ndan önce Batı sınırının güven
liğini sağlamak için imzaladığı antlaşma
Almanya'nın yeniden Avrupa'nın büyük devletleri arasında yer almasını sağlayan antlaşma
Şeyh Said İsyanı'nı bastırmak için çıkarılan kanun
Alman ırkının üstünlüğünü savunan ideoloji
Mal ve fiyatların sürekli artış g",POSITIVE,Positive,0.661990225315094
Alman,"Buna göre Almanya Versay Antlaşması'nın ağır kısıtlamalarından kurtarılacak, Almanya sınırları dışında yaşayan bütün Almanlar sınırlar içine alınacak (Harita 5",POSITIVE,Positive,0.897254467010498
Alman,Savaş öncesi Alman yayılmacılığına karşı yatıştırma politikası takip etti,NEGATIVE,Negative,0.7087306976318359
Alman,"Yatıştırma Politikası
1930'larda Hitler'in Alman topraklarını kont -rolsüz biçimde genişletmesine Britanya'nın izin verme politikası",NEGATIVE,Negative,0.7556903958320618
Alman,1938'deki Münih Antlaşması'na davet edilmediği için Müt -tefik Devletler'den uzaklaşarak 23 Ağustos 1939'da Alman -ya ile Saldırmazlık Paktı'nı imzaladı,POSITIVE,Positive,0.5420873165130615
Alman,"Almanlar, kısa sürede Balkanlarda Yugoslavya ve Yunanistan'ı işgal etti",NEGATIVE,Negative,0.564926266670227
Alman,Bu sırada Alman-Sovyet antlaşmasının bozulma -sıyla savaşın seyri tümüyle değişti,NEGATIVE,Negative,0.9214687347412109
Alman,"Ayrıca Sovyet lideri Stalin'in adını taşıyan şehri ele geçirmek, büyük bir kişisel zafer sayılacak ve Alman propagandasına hizmet edecekti",NEGATIVE,Negative,0.8855015635490417
Alman,Leningrad ve Moskova üzerindeki Alman tehdidini ortadan kal -dırdı,POSITIVE,Positive,0.5529144406318665
Alman,"Normandiya Çıkarması (6 Haziran 1944)
Almanlar karşısında yalnız kalan SSCB, savaşın ağır yükü altın -da ezildiği için müttefiklerden Avrupa kıtasında yeni bir cephe açmalarını talep ediyordu",NEGATIVE,Negative,0.8310948610305786
Alman,Normandiya'da yaklaşık bir milyon askeri olan Müttefik orduları üç yüz bin civarında askeri olan Alman ordusuna büyük bir darbe vurdu,NEGATIVE,Negative,0.9727500081062317
Alman,"Fransa ve bütün Avrupa kısa sürede Alman işgalinden kurtarıldı, Almanya teslim olmak zorunda bırakıldı",NEGATIVE,Negative,0.7191228270530701
Alman,18 Haziran 1941'de Türk-Alman Saldırmazlık Paktı imzalandı,POSITIVE,Positive,0.6499975919723511
Alman,Böylece Türk-Alman ticari ilişkilerinde önemli bir adım atıldı,POSITIVE,Positive,0.8515098094940186
Alman,"Almanya'nın yayılmacı bir politika izlediği
İngiltere ve Fransa'nın Almanya ile anlaşmaya varmak istediği
Alman ordularının savunmaya dayalı bir mücadeleye başvur -duğu
Hitler iktidarının anlaşma tekliflerine olumlu karşılık verdiği
Leh (Polonya) ordularının saldırılar karşısında teslim olduğu
II",NEGATIVE,Negative,0.9780690670013428
Alman,Dünya Savaşı başladığında birbirlerini müttefik ilan eden Hitler ile Stalin'in dostluğu 1941'de Alman ordularının Sovyetler Birliği topraklarına girmesiyle sona erdi,POSITIVE,Positive,0.8639988303184509
Alman,"Kafkasya, Alman egemenliğine girmiştir",NEGATIVE,Negative,0.9384948015213013
İtalyan,"Bunun yanısıra, yabancı altın, halife altınları, (halifeti altunlar) İtalyan 'florinleri', Mısır ya da Halep 'yusufları', Selçuklularla ticari temasa sahip ülkelerin sikkeleri geçerlik taşımaktaydı",NEGATIVE,Negative,0.9286627769470215
İtalyan,"Bizans İm paratorluğu'nun özellikle çöküş yıllarında Karadeniz'de ticareti ellerinde bulunduran İtalyan devletleri, Boğazlar üzerinde hissedilir bir hâkimiyet tesis etmiş bulunuyorlardı",NEGATIVE,Negative,0.5353873372077942
İtalyan,"Mohaç sonrasında Osmanlı'nın asıl düşmanı olarak Macarların yerini alan Habsburglar, eski kaleleri en son İtalyan kale mimari planlarına göre tadil ettiler ve yepyeni kaleler inşa ettiler",NEGATIVE,Negative,0.7920717000961304
İtalyan,Fatih Sultan Mehmet Dönemi'nde diğer İtalyan şehir devletlerinden Floransa ve Napoli'ye de kapitülasyon verildi,POSITIVE,Positive,0.748484194278717
İtalyan,"Baharat ticaretinden kaynaklanan zenginlik, özellikle Cenova ve Venedik olmak üzere İtalyan şehir devletlerinin yükselişinin ekonomik temellerinden birini oluşturuyordu",POSITIVE,Positive,0.947482705116272
İtalyan,"Doğu ile Batı arasındaki ticari hareketlilik; başta Venedik, Cenova ve Floransa olmak üzere büyük İtalyan şehir devletlerinin zenginleşmesi ve gelişmesini sağladı",POSITIVE,Positive,0.9401284456253052
İtalyan,"İtalyan ressam Raffaello Sanzio [bilinen adıyla Raphael (Rafael)] tarafından çizilen ve Apostolik Sarayı'ndaki Stanza della Segnatura'da [Stanza della Segnatura (imza odası)] bulunan 'Atina Okulu' adlı fresk, 1509-1511, Vatikan
Rönesans sanatının zirve eserlerinden olan bu freskte Antik Yunan felsef",POSITIVE,Positive,0.9897378087043762
İtalyan,1) gibi İtalyan şehir devletlerinin deniz ticaretiyle zenginleşmesi edebiyat ve sanatta gelişmeyi beraberinde getirdi,POSITIVE,Positive,0.6804084181785583
İtalyan,Almanya'daki toprakların üçte birinin Kiliseye ait olması ve bu topraklara İtalyan rahiplerin atanması Katolik Kilisesine olan olumsuz hisleri artırıyordu,NEGATIVE,Negative,0.8879588842391968
İtalyan,"yüzyıla gelindiğinde Osmanlı topraklarındaki Rum, Ermeni ve Musevi okullarının yanı sıra Fransız, İngiliz, İtalyan, Alman, Rus ve Amerikan okullarının (Görsel 3",POSITIVE,Positive,0.581298828125
İtalyan,İtalyan birliğini kurmayı düşünen Piyemonte Krallığı da İngiliz ve Fransızlardan destek alabilmek için Osmanlı Devleti'nin yanında savaşa dâhil oldu,NEGATIVE,Negative,0.7645318508148193
İtalyan,"Toplumsal alanda ıslahatlar yapması
Askerî ve idari alanda yenilikler yapması
İtalyan ve Alman siyasi birliğini desteklemesi
Büyük güçlere bazı konularda tavizler vermesi
Bir büyük güce karşı diğer büyük gücün desteğini istemesi
10",NEGATIVE,Negative,0.5372917652130127
İtalyan,") 1909 yılında başlayan askerlik hayatı 1911-1912 Osmanlı-İtalyan Savaşı, Balkan Savaşı, Birinci Dünya Savaşı ve Türk Kurtuluş Savaşı'nda çeşitli muharebelerde başarılarla geçmiştir",POSITIVE,Positive,0.8957015872001648
İtalyan,"İç çekişmelerin devletin savunmasını zayıflattığı
Osmanlı Devleti'nin Balkanlardaki egemenliğini devam ettirdiği
C) Osmanlı ordusunun yenilik karşıtı olduğu
Osmanlı Devleti'nin Doğu Trakya'yı kaybettiği
Osmanlı ordusunun eski gücünü koruduğu
Mustafa Kemal, Trablusgarp Savaşı'nda Derne ve Tobruk bölg",NEGATIVE,Negative,0.8488457798957825
İtalyan,"Antalya, Muğla, Aydın ve Afyon İtalyan nüfuz bölgesi olacak",POSITIVE,Positive,0.5272715091705322
İtalyan,"Fransızlar TBMM ile anlaşma zemini aramaya başladı, İtalyanlar Güney Anadolu'dan çekilme kararı aldı",NEGATIVE,Negative,0.9193137288093567
İtalyan,"Türk Medeni Kanunu haricinde İtalyan Ceza Kanunu'ndan yararlanılarak Türk Ceza Kanunu (1926); Alman ve İsviçre Kanunlarından yararlanılarak Türk Ticaret Kanunu (1926), Hukuk Muhakemeleri Usulü Kanunu (1927), Ceza Muhakemeleri Usulü Kanunu (1929), İcra ve İflas Kanunları (1932) hazırlandı ve yürürlüğ",NEGATIVE,Negative,0.6089498996734619
İtalyan,"Bunun bir sonucu olarak Mussolini, 1943'te iktidardan düşürüldü ve İtalyan Hükûmeti savaştan resmen çekildi",NEGATIVE,Negative,0.7668836116790771
Venedikli,Venedikliler de İstan bul'daki sanat eserlerinin birçoğunu toplayarak kendi ülkelerine götürdü,POSITIVE,Positive,0.8970518112182617
Venedikli,"Bölgedeki önemli kara ve deniz ticaret yolları üzerinde bulunan İstanbul'un fethedilmesi, Osmanlı Devleti'nin ekonomisine çok önemli katkılar sağlayacak, böylece Venedikliler ve Cenevizlilere karşı ticari üstünlük kurulabilecekti",NEGATIVE,Negative,0.5200273990631104
Venedikli,Ünlü Venedikli ressam Bellini'yi de İstanbul'a davet ederek resmini yaptırmıştır,POSITIVE,Positive,0.9807698726654053
Venedikli,Girit'in Fethi'nden sonra Osmanlılar ile Venedikliler arasında kısa bir barış dönemi yaşandı,POSITIVE,Positive,0.8210132122039795
Venedikli,"Padişah'ın seçkin piyade birlikleri Yeniçeriler tarafından kullanılan Osmanlı ateşli el silahlarının karşılaştırması, bunların İspanyol veya Venedikli hasımlarının kullandıklarıyla aynı vasıfta olduğunu gösterir",NEGATIVE,Negative,0.9046619534492493
Haçlı,"'
'7 Haziran 1099'da Kudüs önlerine gelen Haçlılar şehri kuşattılar, kısa bir süre sonra da Yafa'ya gelen gemilerden yiyecek ve malzeme yardımı almaya başladılar",NEGATIVE,Negative,0.538800060749054
Haçlı,Haçlılar şehre girerken müslüman halkın bir kısmı Kubbetü's-sahre'ye ve Mescid-i Aksâ'ya sığınmaya çalıştı; bir kısmı da şehrin güney mahallelerine doğru kaçtı,NEGATIVE,Negative,0.8731669187545776
Haçlı,(…) Haçlılar Kudüs'ü zaptettikten sonra görülmemiş bir vahşet sergilediler: Şehirdeki bütün müslümanlar öldürüldü,NEGATIVE,Negative,0.9605445861816406
Haçlı,Haçlılar'ın yaptığı katliam öylesine kanlı bir boyuta ulaştı ki Haçlı ordusunda bulunan ve Kudüs'ün zaptını anlatan tarihçiler bile bu katliam karşısında duydukları dehşeti ifade etmişlerdir,NEGATIVE,Negative,0.9848987460136414
Haçlı,Kaynaklardan hareketle Kudüs'ün Müslümanlar tarafından fethi ve yönetimi ile Haçlılar tarafından iş- gali sırasında izlenen politikalar arasındaki farklılıkları,NEGATIVE,Negative,0.9728851914405823
Haçlı,"Haçlı Seferi sırasında Türk nüfusunun çok olduğuna ve Türkler tarafından büyük bir gayretle savunulduğuna şahit oldukları Anadolu için Türkiye (Turkhia, Turquia) ismini kullanmaya başlamıştır",NEGATIVE,Negative,0.8027048707008362
Haçlı,") Zaferden birkaç yıl gibi çok kısa süre sonra Anadolu ve Suriye'de hâkimiyetin Türklerin eline geçmesi sonucunda, bütün Avrupa, Bizans'ı kurtarmak amacıyla harekete geçecek ve Haçlı Seferlerinin hazırlıklarına başlayacaklardır",POSITIVE,Positive,0.8808211088180542
Haçlı,"Bu beylikler zaman içinde hem birbirleriyle mücadele etti hem de Gürcüler, Haçlılar, Doğu Romalılar ve Ermenilerle savaştı",NEGATIVE,Negative,0.9711797833442688
Haçlı,"Bu savaşlardan en önemlisi olan Haçlı Savaşları, Danişmend Gazi Destanı 'na da konu oldu",POSITIVE,Positive,0.5444753766059875
Haçlı,"Haçlı Seferleri, Hıttin Muharebesi ve Kudüs'ün yeniden fethi ile ilgili verilenlerden yararlanarak soruları",NEGATIVE,Negative,0.8290758728981018
Haçlı,"Sefere çıkarken göğüslerine ve kalkanlarına, seferden dönerken de sırtlarına kırmızı haç işareti çizen Hristiyan askerleri bu nedenle Haçlı ismiyle anılmıştır",NEGATIVE,Negative,0.5117877721786499
Haçlı,"Urbanus (Urban), 1095'te birçok dünyevi ve uhrevi vaatte bulunarak Avrupalıların büyük kısmını Haçlı Seferleri'ne ikna etti",NEGATIVE,Negative,0.8785743117332458
Haçlı,Birinci Haçlı Seferi kuruldu,NEGATIVE,Negative,0.857535183429718
Haçlı,Haçlı Seferi'ni (1095-1096) başlattı,POSITIVE,Positive,0.6377519965171814
Haçlı,"L'Ermite, Haçlılar adı verilen bu öncü birlikle 1 Ağustos 1096'da Konstantinopolis'e (İstanbul) geldi",POSITIVE,Positive,0.713479220867157
Haçlı,"Düzenli ordu özelliği taşımayan bu Haçlı grubu, Drakon Çayı yakınlarında Sultan I",NEGATIVE,Negative,0.9949460625648499
Haçlı,"Asillerin kumandasındaki beş büyük Haçlı ordusu, 1096 yılı sonbaharında İstanbul önlerine geldi ve ilk seferi Türkiye Selçuklu Devleti'nin başkenti İznik üzerine yaptı (Harita 1",NEGATIVE,Negative,0.8262986540794373
Haçlı,"Selçuklular, 1 Temmuz 1097'de Eskişehir yakınlarında yapılan Dorileon (Dorilyon) Sa vaşı'nda da kalabalık Haçlı ordusu karşısında başarısız oldu ve Haçlıların Anadolu'dan geçişini engelleye medi",NEGATIVE,Negative,0.9716137647628784
Haçlı,"Haçlı Seferi adı verilen bu mücadeleden sonra sırasıyla Urfa, Antakya ve Kudüs ve Trablus'ta Haçlı kontlukları kuruldu",POSITIVE,Positive,0.8132973909378052
Haçlı,Haçlı Seferi sonucunda ele geçirdikleri Kudüs'ü ve diğer topraklarını koruyabilmek ve bölgedeki hâkimiyetlerini güçlendirmek amacıyla Avrupalı devletlerden yardım istedi,NEGATIVE,Negative,0.8663403987884521
Haçlı,"1101'de üç büyük Haçlı ordusu (Lombardlar, Fransızlar ve Almanlar) Avrupa'dan Anadolu'ya gelerek Türkiye Selçuklu Sultanı I",POSITIVE,Positive,0.5876901745796204
Haçlı,Haçlı Seferi'nin sonuçları Türk tarihinin seyrini siyasi ve askerî açıdan nasıl etkilemiş olabilir,NEGATIVE,Negative,0.911425769329071
Haçlı,Haçlı Seferi sırasında kurulan Urfa Kontluğu'na 1144'te Musul Atabeyi İmadeddin Zengi son verince Avrupalılar II,NEGATIVE,Negative,0.7300826907157898
Haçlı,Haçlı Seferi (1147-1148) için hazırlıklara başladı,NEGATIVE,Negative,0.5086405873298645
Haçlı,"Konrad idaresinde harekete geçen Alman Haçlı ordusu, Anadolu'ya gelerek Dorileon yakınlarında Sultan Mesud komutasındaki Türkiye Selçuklu ordusuyla savaştı (Harita 1",NEGATIVE,Negative,0.8496817350387573
Haçlı,"Anadolu'yu geçmeyi başaramayan Haçlılar, Adalar (Ege) ve Akdeniz sahillerinden Suriye'ye ulaşarak 1148'deki Dımaşk (Şam) Kuşatması'na katıldılar ancak başarılı olamadılar",NEGATIVE,Negative,0.9874769449234009
Haçlı,"'Selçuklu ordusu, ikinci Haçlı seferi sırasında Fransız Haçlı ordusunu, Denizli'den itibaren vurduğu darbelerle yıprata yıprata Antalya'ya kadar takip etmiştir",POSITIVE,Positive,0.6154679656028748
Haçlı,"Burada son darbeyi vurmak üzere harekete geçtiğinde korkunç bir manzara ile karşılaşmıştır: Haçlı askerleri, artık savaşamayacak kadar aç, hasta, yorgun, bitkin ve perişan bir vaziyetteydi",NEGATIVE,Negative,0.9144556522369385
Haçlı,"Haçlı ordusunun bu durumunu gören Türkler, merhamete gelerek, çarpışmaya birden son verdiler",NEGATIVE,Negative,0.8154239654541016
Haçlı,"(…)
Haçlı seferleri, Batı insanının dış dünyaya açılmasında ve bunun doğal (tabiî) sonucu olarak da dış dünyayı tanımasında başlıca rol oynamıştır",POSITIVE,Positive,0.9862070083618164
Haçlı,"(…) İslâm dünyasının ilim, kültür, teknik ve ekonomi gibi alanlardaki buluş ve birikimlerinin Batıya taşınmasında, Haçlı seferleri başlıca vasıta olmuştur",POSITIVE,Positive,0.8698410391807556
Haçlı,"Batı insanı, şekeri, portakalı, Doğunun şifalı bitkilerini, egzotik kokularını, ipekli ve pamuklu kumaşlarını, ipek halılarını, porselen ve cam eşyalarını hep Haçlı seferleri sırasında tanımıştır",POSITIVE,Positive,0.9847737550735474
Haçlı,Haçlı Seferi'nin sonuçları Türk tarihinin seyrini siyasi ve askerî açıdan nasıl etkilemiş olabilir,NEGATIVE,Negative,0.911425769329071
Haçlı,Selçukluların Haçlı askerlerine merhametli davrandıklarını gösteren tutum ve davranışlara örnekler ve- riniz,POSITIVE,Positive,0.8025434017181396
Haçlı,"Haçlılar, 1099 yılında Kudüs'te büyük bir katliam yap- mış ve Fatımilerin himayesindeki bu şehri işgal et- mişti",NEGATIVE,Negative,0.7162443399429321
Haçlı,Bu zaferden üç ay sonra Kudüs'ün de kuşatılması üzerine Haçlılar daha fazla direnemeyerek şehri Müslümanlara teslim etti (Görsel 1,NEGATIVE,Negative,0.9090040922164917
Haçlı,Haçlı Seferi için Messina'da bir araya geldi (Harita 1,NEGATIVE,Negative,0.7996490597724915
Haçlı,"Kılıçarslan, Miryokefalon Zaferi'nin kazanıldığı mevkide ani baskınlar ya parak Haçlı ordularına büyük kayıplar verdirdi",NEGATIVE,Negative,0.9238972067832947
Haçlı,Haçlı Seferi'yle bu hedefe ulaşılamadı,NEGATIVE,Negative,0.9923387765884399
Haçlı,Haçlı Seferi'nin sonuçları Türk tarihinin seyrini siyasi ve askerî açıdan nasıl etkilemiş olabilir,NEGATIVE,Negative,0.911425769329071
Haçlı,Haçlı Seferi'ni (1202-1204) resmen başlattı,POSITIVE,Positive,0.6755233407020569
Haçlı,24 Haziran 1203'te Konstantinopolis'e gelen Haçlılar (Harita 1,NEGATIVE,Negative,0.9808175563812256
Haçlı,Doğu Roma imparatorunun bu talepleri geri çevirmesi üzerine Haçlı ordusu üç gün boyunca İstanbul'u yağmaladı ve yakıp yıktı,NEGATIVE,Negative,0.9788832068443298
Haçlı,"Atlarıy -la Ayasofya'ya giren Haçlılar, buradaki aziz tasvirlerini ve kutsal kitapları tahrip etti",NEGATIVE,Negative,0.9892376661300659
Haçlı,Haçlı Seferi'nden ve Konstantiniye'nin yağmalanmasından sonra Doğu Roma toprakları Haçlılar ile Vene dikliler arasında paylaşıldı ve Konstantinopolis'te Latin İmparatorluğu adıyla yeni bir devlet kuruldu (1204),NEGATIVE,Negative,0.7936094999313354
Haçlı,"Konstantiniye
Eregli paflagony
'Haçlı Seferleri başlangıçta Anadolu Türkleri üzerinde de olumsuz etki yaptı ve baskın niteliğinde gelişen saldırılarıyla Türkiye Selçuklu Devleti'ne gerçekten bir darbe vurdu",NEGATIVE,Negative,0.9901570081710815
Haçlı,Birinci Haçlı Seferi orduları 1097'de Anadolu 'dan geçip Suriye'ye indiler,NEGATIVE,Negative,0.7853930592536926
Haçlı,Kılıç Arslan dört yıl sonra 1101 'de gelen üç Haçlı ordusunu arka arkaya imha ederek Anadolu topraklarını Haçlılara tamamiyle kapattı,NEGATIVE,Negative,0.7888646125793457
Haçlı,İkinci ve Üçüncü Haçlı Seferleri sırasında Haçlıların Suriye'ye doğru Anadolu'yu geçmek teşebbüsleri sonuçsuz kaldı,NEGATIVE,Negative,0.978861927986145
Haçlı,"Bununla beraber Urfa ancak elli yıl sonra 1144'te geri alınabildiği gibi, Antakya ve Suriye-Filistin kıyı bölgelerine yerleşen Haçlılar da, iki yüzyıl süren bir mücadeleden sonra bu topraklardan çıkarılabildiler",NEGATIVE,Negative,0.8403471112251282
Haçlı,Haçlı Seferi'nin Türk tarihinin seyrine etkileri nelerdir,NEGATIVE,Negative,0.5497717261314392
Haçlı,Haçlı Seferleri ile sömürgecilik arasında nasıl bağlantı kurulabilir,NEGATIVE,Negative,0.7635467648506165
Haçlı,Yandaki karekod üzerinden Haçlı Seferleri ile ilgili etkinliği yapınız,POSITIVE,Positive,0.8569398522377014
Haçlı,Haçlı seferinde (1097) devletin merkezi İznik'i kaybettikleri halde Konya'da devletlerini tekrar ihya etmişler ancak Kösedağ bozgunundan sonra bunu başaramamışlardır,NEGATIVE,Negative,0.9638569355010986
Haçlı,yüzyıllarda gerçekleşen Haçlı Seferleri sonrasında bilimsel faaliyetlere ilgi duymaya başladı,NEGATIVE,Negative,0.8256622552871704
Haçlı,"Haçlılar, 711 yılından beri Müslümanların elinde olan ve bu süreçte önemli bir bilim merkezine dönüşen Tuleytula'yı [Toledo (İspanya)] 1085'te geri aldı",POSITIVE,Positive,0.5976901650428772
Haçlı,"Ayrıca 1091'de Sicilya, 1492'de de Gırnata [Granada (İspanya)] ve çevresi Haçlı hâkimiyetine girince bu şehirlerdeki kültürel birikim Avrupa'nın diğer şehirlerine aktarıldı ve çok sayıda üni-
Sultan Sencer'in komutanlarından Şerefeddin bin Tahir tarafından XII",POSITIVE,Positive,0.8732844591140747
Haçlı,"'Batı'nın eğitim açığı, Haçlı Seferleri sırasında apaçık ortadaydı",NEGATIVE,Negative,0.997331976890564
Haçlı,"Anadolu halkı, tasavvuf düşüncesi sayesinde Moğol istilası ve Haçlı Seferleri'nin neden olduğu yoksulluğa, adaletsizliğe ve tehlikelere karşı direnme gücü bulmuştur",POSITIVE,Positive,0.7512192130088806
Haçlı,Türklerin hızlı ilerleyişi karşısında endişeye kapılan Avrupa devletleri ise bu gelişmeler üzerine Haçlı Seferleri'nin hazırlıklarına başladı,NEGATIVE,Negative,0.9245888590812683
Haçlı,Haçlı Seferleri'nin güzergâhı Anadolu'dan geçtiği için buraya henüz yerleşmeye başlayan Türkler sosyoekonomik açıdan büyük sıkıntılar yaşadı,NEGATIVE,Negative,0.9954133629798889
Haçlı,"Haçlı Seferi'nde İstanbul'a giren Haçlılar, şehri talan ederek yağmaladı ve burada bir Latin İmparatorluğu kurdu",NEGATIVE,Negative,0.9654244780540466
Haçlı,"1040-1299 yılları arasında gerçekleşen
Selçukluların Anadolu akınları
Haçlı Seferleri
Miryokefalon Savaşı
olaylarından hangileri Türklerin Anadolu'yu yurt edinmesini kolaylaştırmıştır",NEGATIVE,Negative,0.5502129793167114
Haçlı,Lakin Macaristan Osmanlıları durdurmaya kadir olamadı; 1396 senesinde Macar Kralı Sigismund'un emrindeki Haçlı ordusu Tuna kıyısındaki Niğbolu'da hezimete uğradı,NEGATIVE,Negative,0.8961081504821777
Haçlı,Manuel'in teşvikiyle Macarların ve Venediklilerin öncülüğünde Osmanlı Devleti üzerine bir Haçlı seferi düzenlendi,POSITIVE,Positive,0.5264601707458496
Haçlı,1396'da Niğbolu önlerine gelen Haçlı kuvvetleri Osmanlı ordusu tarafından büyük bir bozguna uğratıldı (Görsel 2,NEGATIVE,Negative,0.934404194355011
Haçlı,Burası Türkiye Selçukluları'nın ilk başkentiydi ve Birinci Haçlı Seferi sırasında kaybedilmişti,NEGATIVE,Negative,0.9541153311729431
Haçlı,Doğu Romalıların Avrupa devletlerini kışkırtmasıyla başlayan Haçlı Seferleri de Osmanlılar için büyük bir tehdit oluşturuyordu,NEGATIVE,Negative,0.9076608419418335
Haçlı,"Osmanlı donanması, manevra kabiliyeti yüksek bir gemi türü olan kadırgalardan oluşuyordu ve müttefik Haçlı donanmasının kalyonlarından daha avantajlı durumdaydı",POSITIVE,Positive,0.5188455581665039
Haçlı,"Ayrıca Osmanlı donanmasının sahip olduğu topların menzili, müttefik Haçlı donanmasının toplarından daha yüksekti",NEGATIVE,Negative,0.9134767651557922
Haçlı,"'
Kıbrıs'ın Fethi'nden sonra adayı geri almak isteyen Avrupalı devletler, papa öncülüğünde bir Haçlı ittifakı kurdu",NEGATIVE,Negative,0.6811403036117554
Haçlı,Burada gerçekleşen deniz savaşında Haçlılar Osmanlı donanmasının büyük bir kısmını tahrip ederek mağlup ettiler,NEGATIVE,Negative,0.8874914050102234
Haçlı,"'Kıbrıs fethinde ordu ve donanmanın işbirliği halinde yaptığı büyük ölçüdeki harekât, Osmanlı askeri kudretinin ve dehasının eriştiği en yüksek noktayı temsil eder; bununla beraber Lepanto'da Osmanlıların daima korktukları şey gerçekleşmiş, Akdeniz'in Hıristiyan devletleri büyük bir Haçlı seferinde ",POSITIVE,Positive,0.792843222618103
Haçlı,"Haçlı askerlerinin baharatlı doğu yiyeceği deneyimi de, daha egzotik tatlar için bir Avrupalı damak zevkini cesaretlendirmiş olabilir",NEGATIVE,Negative,0.9094969034194946
Haçlı,"Ayrıca Avrupa'da Haçlı Seferleri'yle başlayan siyasi, kültürel ve ekonomik dönüşüm de Rönesans sürecini hızlandırdı",POSITIVE,Positive,0.9816602468490601
Haçlı,"Müslümanların Sicilya ve Endülüs'ü alarak Avrupa topraklarına girmesi ve Haçlı Seferleri sürecinde İslam dünyasıyla doğrudan ilişki kurulması, Rönesans kültürünün şekillenmesine ve gelişmesine büyük katkı sağladı",POSITIVE,Positive,0.9816654324531555
Haçlı,"T arihte 'Kepçe Kazan Savaşı' olarak da anılan Haçova Muharebesi'nde (1596) Osmanlı'ya karşı Haçlı ittifakı kuran Avusturya'nın ordusunda Alman, Çek, İspanyol, Leh, Macar ve Papalık askerleri bulunmaktaydı",NEGATIVE,Negative,0.6266262531280518
Haçlı,"Kutsal İttifak: Papalık tarafından Osmanlı Devleti'ne karşı oluşturulmuş, Kutsal Roma İmparatorluğu, Venedik, Avusturya, Malta, Lehistan ve Rusya'yı kapsayan Haçlı ittifakı",POSITIVE,Positive,0.9341807961463928
Haçlı,"Avusturya; Osmanlılara karşı Lehistan, Papalık, Venedik, Malta ve Alman prensliklerinden oluşan bir Haçlı ittifakı oluşturmuştu",POSITIVE,Positive,0.6977522969245911
